2026-06-18 09:40:28.327 INFO  c.k.katalon.core.main.TestSuiteExecutor  - START Test Suites/API/Pembukuan/pembukuanAPI
2026-06-18 09:40:28.535 INFO  c.k.katalon.core.main.TestSuiteExecutor  - userFullName = Quality Assurance
2026-06-18 09:40:28.539 INFO  c.k.katalon.core.main.TestSuiteExecutor  - projectName = AutoAPI
2026-06-18 09:40:28.542 INFO  c.k.katalon.core.main.TestSuiteExecutor  - hostName = ACER - DESKTOP-RC89JE8
2026-06-18 09:40:28.544 INFO  c.k.katalon.core.main.TestSuiteExecutor  - os = Windows 10 64bit
2026-06-18 09:40:28.547 INFO  c.k.katalon.core.main.TestSuiteExecutor  - hostAddress = 10.1.48.125
2026-06-18 09:40:28.549 INFO  c.k.katalon.core.main.TestSuiteExecutor  - katalonVersion = 10.3.1.0
2026-06-18 09:40:30.056 INFO  c.k.katalon.core.main.TestCaseExecutor   - --------------------
2026-06-18 09:40:30.058 INFO  c.k.katalon.core.main.TestCaseExecutor   - START Test Cases/API/CoveringValidation/CovVal_26689
2026-06-18 09:40:31.104 DEBUG testcase.CovVal_26689                    - 1: data = findTestData("Data Files/CoveringValidation/CoveringVal")
2026-06-18 09:40:32.240 DEBUG testcase.CovVal_26689                    - 2: totalRow = data.getRowNumbers()
2026-06-18 09:40:32.304 DEBUG testcase.CovVal_26689                    - 3: println("Total Data : " + totalRow)
Total Data : 100
2026-06-18 09:40:32.347 DEBUG testcase.CovVal_26689                    - 4: for ([row = 1, row <= totalRow, (row++)])
2026-06-18 09:40:32.364 DEBUG testcase.CovVal_26689                    - 1: norekSave = data.getValue("NomorRekeningSimpanan", row)
2026-06-18 09:40:32.449 DEBUG testcase.CovVal_26689                    - 2: cif = data.getValue("CIFRekeningSimpanan", row)
2026-06-18 09:40:32.514 DEBUG testcase.CovVal_26689                    - 3: response = sendRequest(findTestObject("API/Posts/CoveringValidation/CovVal_26689", ["NomorRekeningSimpanan":norekSave, "CIFRekeningSimpanan":cif]))
2026-06-18 09:40:39.396 INFO  c.k.k.core.webservice.common.HarLogger   - HAR: C:\Users\ACER\git\AutoAPI\Reports\20260618_094020\API\Pembukuan\pembukuanAPI\20260618_094020\requests\main\CovVal_26689_0.har
2026-06-18 09:40:39.593 DEBUG testcase.CovVal_26689                    - 1: norekSave = data.getValue("NomorRekeningSimpanan", row)
2026-06-18 09:40:39.599 DEBUG testcase.CovVal_26689                    - 2: cif = data.getValue("CIFRekeningSimpanan", row)
2026-06-18 09:40:39.604 DEBUG testcase.CovVal_26689                    - 3: response = sendRequest(findTestObject("API/Posts/CoveringValidation/CovVal_26689", ["NomorRekeningSimpanan":norekSave, "CIFRekeningSimpanan":cif]))
2026-06-18 09:40:42.857 INFO  c.k.k.core.webservice.common.HarLogger   - HAR: C:\Users\ACER\git\AutoAPI\Reports\20260618_094020\API\Pembukuan\pembukuanAPI\20260618_094020\requests\main\CovVal_26689_1.har
2026-06-18 09:40:42.869 DEBUG testcase.CovVal_26689                    - 1: norekSave = data.getValue("NomorRekeningSimpanan", row)
2026-06-18 09:40:42.876 DEBUG testcase.CovVal_26689                    - 2: cif = data.getValue("CIFRekeningSimpanan", row)
2026-06-18 09:40:42.882 DEBUG testcase.CovVal_26689                    - 3: response = sendRequest(findTestObject("API/Posts/CoveringValidation/CovVal_26689", ["NomorRekeningSimpanan":norekSave, "CIFRekeningSimpanan":cif]))
2026-06-18 09:40:46.193 INFO  c.k.k.core.webservice.common.HarLogger   - HAR: C:\Users\ACER\git\AutoAPI\Reports\20260618_094020\API\Pembukuan\pembukuanAPI\20260618_094020\requests\main\CovVal_26689_2.har
2026-06-18 09:40:46.204 DEBUG testcase.CovVal_26689                    - 1: norekSave = data.getValue("NomorRekeningSimpanan", row)
2026-06-18 09:40:46.210 DEBUG testcase.CovVal_26689                    - 2: cif = data.getValue("CIFRekeningSimpanan", row)
2026-06-18 09:40:46.213 DEBUG testcase.CovVal_26689                    - 3: response = sendRequest(findTestObject("API/Posts/CoveringValidation/CovVal_26689", ["NomorRekeningSimpanan":norekSave, "CIFRekeningSimpanan":cif]))
2026-06-18 09:40:49.639 INFO  c.k.k.core.webservice.common.HarLogger   - HAR: C:\Users\ACER\git\AutoAPI\Reports\20260618_094020\API\Pembukuan\pembukuanAPI\20260618_094020\requests\main\CovVal_26689_3.har
2026-06-18 09:40:49.648 DEBUG testcase.CovVal_26689                    - 1: norekSave = data.getValue("NomorRekeningSimpanan", row)
2026-06-18 09:40:49.650 DEBUG testcase.CovVal_26689                    - 2: cif = data.getValue("CIFRekeningSimpanan", row)
2026-06-18 09:40:49.655 DEBUG testcase.CovVal_26689                    - 3: response = sendRequest(findTestObject("API/Posts/CoveringValidation/CovVal_26689", ["NomorRekeningSimpanan":norekSave, "CIFRekeningSimpanan":cif]))
2026-06-18 09:40:52.892 INFO  c.k.k.core.webservice.common.HarLogger   - HAR: C:\Users\ACER\git\AutoAPI\Reports\20260618_094020\API\Pembukuan\pembukuanAPI\20260618_094020\requests\main\CovVal_26689_4.har
2026-06-18 09:40:52.899 DEBUG testcase.CovVal_26689                    - 1: norekSave = data.getValue("NomorRekeningSimpanan", row)
2026-06-18 09:40:52.905 DEBUG testcase.CovVal_26689                    - 2: cif = data.getValue("CIFRekeningSimpanan", row)
2026-06-18 09:40:52.908 DEBUG testcase.CovVal_26689                    - 3: response = sendRequest(findTestObject("API/Posts/CoveringValidation/CovVal_26689", ["NomorRekeningSimpanan":norekSave, "CIFRekeningSimpanan":cif]))
2026-06-18 09:40:56.108 INFO  c.k.k.core.webservice.common.HarLogger   - HAR: C:\Users\ACER\git\AutoAPI\Reports\20260618_094020\API\Pembukuan\pembukuanAPI\20260618_094020\requests\main\CovVal_26689_5.har
2026-06-18 09:40:56.115 DEBUG testcase.CovVal_26689                    - 1: norekSave = data.getValue("NomorRekeningSimpanan", row)
2026-06-18 09:40:56.122 DEBUG testcase.CovVal_26689                    - 2: cif = data.getValue("CIFRekeningSimpanan", row)
2026-06-18 09:40:56.126 DEBUG testcase.CovVal_26689                    - 3: response = sendRequest(findTestObject("API/Posts/CoveringValidation/CovVal_26689", ["NomorRekeningSimpanan":norekSave, "CIFRekeningSimpanan":cif]))
2026-06-18 09:40:59.315 INFO  c.k.k.core.webservice.common.HarLogger   - HAR: C:\Users\ACER\git\AutoAPI\Reports\20260618_094020\API\Pembukuan\pembukuanAPI\20260618_094020\requests\main\CovVal_26689_6.har
2026-06-18 09:40:59.323 DEBUG testcase.CovVal_26689                    - 1: norekSave = data.getValue("NomorRekeningSimpanan", row)
2026-06-18 09:40:59.325 DEBUG testcase.CovVal_26689                    - 2: cif = data.getValue("CIFRekeningSimpanan", row)
2026-06-18 09:40:59.330 DEBUG testcase.CovVal_26689                    - 3: response = sendRequest(findTestObject("API/Posts/CoveringValidation/CovVal_26689", ["NomorRekeningSimpanan":norekSave, "CIFRekeningSimpanan":cif]))
2026-06-18 09:41:02.868 INFO  c.k.k.core.webservice.common.HarLogger   - HAR: C:\Users\ACER\git\AutoAPI\Reports\20260618_094020\API\Pembukuan\pembukuanAPI\20260618_094020\requests\main\CovVal_26689_7.har
2026-06-18 09:41:02.874 DEBUG testcase.CovVal_26689                    - 1: norekSave = data.getValue("NomorRekeningSimpanan", row)
2026-06-18 09:41:02.876 DEBUG testcase.CovVal_26689                    - 2: cif = data.getValue("CIFRekeningSimpanan", row)
2026-06-18 09:41:02.879 DEBUG testcase.CovVal_26689                    - 3: response = sendRequest(findTestObject("API/Posts/CoveringValidation/CovVal_26689", ["NomorRekeningSimpanan":norekSave, "CIFRekeningSimpanan":cif]))
2026-06-18 09:41:06.237 INFO  c.k.k.core.webservice.common.HarLogger   - HAR: C:\Users\ACER\git\AutoAPI\Reports\20260618_094020\API\Pembukuan\pembukuanAPI\20260618_094020\requests\main\CovVal_26689_8.har
2026-06-18 09:41:06.243 DEBUG testcase.CovVal_26689                    - 1: norekSave = data.getValue("NomorRekeningSimpanan", row)
2026-06-18 09:41:06.246 DEBUG testcase.CovVal_26689                    - 2: cif = data.getValue("CIFRekeningSimpanan", row)
2026-06-18 09:41:06.252 DEBUG testcase.CovVal_26689                    - 3: response = sendRequest(findTestObject("API/Posts/CoveringValidation/CovVal_26689", ["NomorRekeningSimpanan":norekSave, "CIFRekeningSimpanan":cif]))
2026-06-18 09:41:09.465 INFO  c.k.k.core.webservice.common.HarLogger   - HAR: C:\Users\ACER\git\AutoAPI\Reports\20260618_094020\API\Pembukuan\pembukuanAPI\20260618_094020\requests\main\CovVal_26689_9.har
2026-06-18 09:41:09.472 DEBUG testcase.CovVal_26689                    - 1: norekSave = data.getValue("NomorRekeningSimpanan", row)
2026-06-18 09:41:09.475 DEBUG testcase.CovVal_26689                    - 2: cif = data.getValue("CIFRekeningSimpanan", row)
2026-06-18 09:41:09.481 DEBUG testcase.CovVal_26689                    - 3: response = sendRequest(findTestObject("API/Posts/CoveringValidation/CovVal_26689", ["NomorRekeningSimpanan":norekSave, "CIFRekeningSimpanan":cif]))
2026-06-18 09:41:12.657 INFO  c.k.k.core.webservice.common.HarLogger   - HAR: C:\Users\ACER\git\AutoAPI\Reports\20260618_094020\API\Pembukuan\pembukuanAPI\20260618_094020\requests\main\CovVal_26689_10.har
2026-06-18 09:41:12.667 DEBUG testcase.CovVal_26689                    - 1: norekSave = data.getValue("NomorRekeningSimpanan", row)
2026-06-18 09:41:12.670 DEBUG testcase.CovVal_26689                    - 2: cif = data.getValue("CIFRekeningSimpanan", row)
2026-06-18 09:41:12.674 DEBUG testcase.CovVal_26689                    - 3: response = sendRequest(findTestObject("API/Posts/CoveringValidation/CovVal_26689", ["NomorRekeningSimpanan":norekSave, "CIFRekeningSimpanan":cif]))
2026-06-18 09:41:15.931 INFO  c.k.k.core.webservice.common.HarLogger   - HAR: C:\Users\ACER\git\AutoAPI\Reports\20260618_094020\API\Pembukuan\pembukuanAPI\20260618_094020\requests\main\CovVal_26689_11.har
2026-06-18 09:41:15.937 DEBUG testcase.CovVal_26689                    - 1: norekSave = data.getValue("NomorRekeningSimpanan", row)
2026-06-18 09:41:15.940 DEBUG testcase.CovVal_26689                    - 2: cif = data.getValue("CIFRekeningSimpanan", row)
2026-06-18 09:41:15.943 DEBUG testcase.CovVal_26689                    - 3: response = sendRequest(findTestObject("API/Posts/CoveringValidation/CovVal_26689", ["NomorRekeningSimpanan":norekSave, "CIFRekeningSimpanan":cif]))
2026-06-18 09:41:19.115 INFO  c.k.k.core.webservice.common.HarLogger   - HAR: C:\Users\ACER\git\AutoAPI\Reports\20260618_094020\API\Pembukuan\pembukuanAPI\20260618_094020\requests\main\CovVal_26689_12.har
2026-06-18 09:41:19.122 DEBUG testcase.CovVal_26689                    - 1: norekSave = data.getValue("NomorRekeningSimpanan", row)
2026-06-18 09:41:19.126 DEBUG testcase.CovVal_26689                    - 2: cif = data.getValue("CIFRekeningSimpanan", row)
2026-06-18 09:41:19.131 DEBUG testcase.CovVal_26689                    - 3: response = sendRequest(findTestObject("API/Posts/CoveringValidation/CovVal_26689", ["NomorRekeningSimpanan":norekSave, "CIFRekeningSimpanan":cif]))
2026-06-18 09:41:22.295 INFO  c.k.k.core.webservice.common.HarLogger   - HAR: C:\Users\ACER\git\AutoAPI\Reports\20260618_094020\API\Pembukuan\pembukuanAPI\20260618_094020\requests\main\CovVal_26689_13.har
2026-06-18 09:41:22.300 DEBUG testcase.CovVal_26689                    - 1: norekSave = data.getValue("NomorRekeningSimpanan", row)
2026-06-18 09:41:22.303 DEBUG testcase.CovVal_26689                    - 2: cif = data.getValue("CIFRekeningSimpanan", row)
2026-06-18 09:41:22.306 DEBUG testcase.CovVal_26689                    - 3: response = sendRequest(findTestObject("API/Posts/CoveringValidation/CovVal_26689", ["NomorRekeningSimpanan":norekSave, "CIFRekeningSimpanan":cif]))
2026-06-18 09:41:25.695 INFO  c.k.k.core.webservice.common.HarLogger   - HAR: C:\Users\ACER\git\AutoAPI\Reports\20260618_094020\API\Pembukuan\pembukuanAPI\20260618_094020\requests\main\CovVal_26689_14.har
2026-06-18 09:41:25.700 DEBUG testcase.CovVal_26689                    - 1: norekSave = data.getValue("NomorRekeningSimpanan", row)
2026-06-18 09:41:25.702 DEBUG testcase.CovVal_26689                    - 2: cif = data.getValue("CIFRekeningSimpanan", row)
2026-06-18 09:41:25.705 DEBUG testcase.CovVal_26689                    - 3: response = sendRequest(findTestObject("API/Posts/CoveringValidation/CovVal_26689", ["NomorRekeningSimpanan":norekSave, "CIFRekeningSimpanan":cif]))
2026-06-18 09:41:28.849 INFO  c.k.k.core.webservice.common.HarLogger   - HAR: C:\Users\ACER\git\AutoAPI\Reports\20260618_094020\API\Pembukuan\pembukuanAPI\20260618_094020\requests\main\CovVal_26689_15.har
2026-06-18 09:41:28.885 DEBUG testcase.CovVal_26689                    - 1: norekSave = data.getValue("NomorRekeningSimpanan", row)
2026-06-18 09:41:28.893 DEBUG testcase.CovVal_26689                    - 2: cif = data.getValue("CIFRekeningSimpanan", row)
2026-06-18 09:41:28.898 DEBUG testcase.CovVal_26689                    - 3: response = sendRequest(findTestObject("API/Posts/CoveringValidation/CovVal_26689", ["NomorRekeningSimpanan":norekSave, "CIFRekeningSimpanan":cif]))
2026-06-18 09:41:32.120 INFO  c.k.k.core.webservice.common.HarLogger   - HAR: C:\Users\ACER\git\AutoAPI\Reports\20260618_094020\API\Pembukuan\pembukuanAPI\20260618_094020\requests\main\CovVal_26689_16.har
2026-06-18 09:41:32.127 DEBUG testcase.CovVal_26689                    - 1: norekSave = data.getValue("NomorRekeningSimpanan", row)
2026-06-18 09:41:32.129 DEBUG testcase.CovVal_26689                    - 2: cif = data.getValue("CIFRekeningSimpanan", row)
2026-06-18 09:41:32.132 DEBUG testcase.CovVal_26689                    - 3: response = sendRequest(findTestObject("API/Posts/CoveringValidation/CovVal_26689", ["NomorRekeningSimpanan":norekSave, "CIFRekeningSimpanan":cif]))
2026-06-18 09:41:35.285 INFO  c.k.k.core.webservice.common.HarLogger   - HAR: C:\Users\ACER\git\AutoAPI\Reports\20260618_094020\API\Pembukuan\pembukuanAPI\20260618_094020\requests\main\CovVal_26689_17.har
2026-06-18 09:41:35.293 DEBUG testcase.CovVal_26689                    - 1: norekSave = data.getValue("NomorRekeningSimpanan", row)
2026-06-18 09:41:35.295 DEBUG testcase.CovVal_26689                    - 2: cif = data.getValue("CIFRekeningSimpanan", row)
2026-06-18 09:41:35.300 DEBUG testcase.CovVal_26689                    - 3: response = sendRequest(findTestObject("API/Posts/CoveringValidation/CovVal_26689", ["NomorRekeningSimpanan":norekSave, "CIFRekeningSimpanan":cif]))
2026-06-18 09:41:38.425 INFO  c.k.k.core.webservice.common.HarLogger   - HAR: C:\Users\ACER\git\AutoAPI\Reports\20260618_094020\API\Pembukuan\pembukuanAPI\20260618_094020\requests\main\CovVal_26689_18.har
2026-06-18 09:41:38.430 DEBUG testcase.CovVal_26689                    - 1: norekSave = data.getValue("NomorRekeningSimpanan", row)
2026-06-18 09:41:38.432 DEBUG testcase.CovVal_26689                    - 2: cif = data.getValue("CIFRekeningSimpanan", row)
2026-06-18 09:41:38.434 DEBUG testcase.CovVal_26689                    - 3: response = sendRequest(findTestObject("API/Posts/CoveringValidation/CovVal_26689", ["NomorRekeningSimpanan":norekSave, "CIFRekeningSimpanan":cif]))
2026-06-18 09:41:41.613 INFO  c.k.k.core.webservice.common.HarLogger   - HAR: C:\Users\ACER\git\AutoAPI\Reports\20260618_094020\API\Pembukuan\pembukuanAPI\20260618_094020\requests\main\CovVal_26689_19.har
2026-06-18 09:41:41.618 DEBUG testcase.CovVal_26689                    - 1: norekSave = data.getValue("NomorRekeningSimpanan", row)
2026-06-18 09:41:41.623 DEBUG testcase.CovVal_26689                    - 2: cif = data.getValue("CIFRekeningSimpanan", row)
2026-06-18 09:41:41.629 DEBUG testcase.CovVal_26689                    - 3: response = sendRequest(findTestObject("API/Posts/CoveringValidation/CovVal_26689", ["NomorRekeningSimpanan":norekSave, "CIFRekeningSimpanan":cif]))
2026-06-18 09:41:44.873 INFO  c.k.k.core.webservice.common.HarLogger   - HAR: C:\Users\ACER\git\AutoAPI\Reports\20260618_094020\API\Pembukuan\pembukuanAPI\20260618_094020\requests\main\CovVal_26689_20.har
2026-06-18 09:41:44.880 DEBUG testcase.CovVal_26689                    - 1: norekSave = data.getValue("NomorRekeningSimpanan", row)
2026-06-18 09:41:44.882 DEBUG testcase.CovVal_26689                    - 2: cif = data.getValue("CIFRekeningSimpanan", row)
2026-06-18 09:41:44.888 DEBUG testcase.CovVal_26689                    - 3: response = sendRequest(findTestObject("API/Posts/CoveringValidation/CovVal_26689", ["NomorRekeningSimpanan":norekSave, "CIFRekeningSimpanan":cif]))
2026-06-18 09:41:48.075 INFO  c.k.k.core.webservice.common.HarLogger   - HAR: C:\Users\ACER\git\AutoAPI\Reports\20260618_094020\API\Pembukuan\pembukuanAPI\20260618_094020\requests\main\CovVal_26689_21.har
2026-06-18 09:41:48.080 DEBUG testcase.CovVal_26689                    - 1: norekSave = data.getValue("NomorRekeningSimpanan", row)
2026-06-18 09:41:48.082 DEBUG testcase.CovVal_26689                    - 2: cif = data.getValue("CIFRekeningSimpanan", row)
2026-06-18 09:41:48.085 DEBUG testcase.CovVal_26689                    - 3: response = sendRequest(findTestObject("API/Posts/CoveringValidation/CovVal_26689", ["NomorRekeningSimpanan":norekSave, "CIFRekeningSimpanan":cif]))
2026-06-18 09:41:51.276 INFO  c.k.k.core.webservice.common.HarLogger   - HAR: C:\Users\ACER\git\AutoAPI\Reports\20260618_094020\API\Pembukuan\pembukuanAPI\20260618_094020\requests\main\CovVal_26689_22.har
2026-06-18 09:41:51.281 DEBUG testcase.CovVal_26689                    - 1: norekSave = data.getValue("NomorRekeningSimpanan", row)
2026-06-18 09:41:51.283 DEBUG testcase.CovVal_26689                    - 2: cif = data.getValue("CIFRekeningSimpanan", row)
2026-06-18 09:41:51.288 DEBUG testcase.CovVal_26689                    - 3: response = sendRequest(findTestObject("API/Posts/CoveringValidation/CovVal_26689", ["NomorRekeningSimpanan":norekSave, "CIFRekeningSimpanan":cif]))
2026-06-18 09:41:54.444 INFO  c.k.k.core.webservice.common.HarLogger   - HAR: C:\Users\ACER\git\AutoAPI\Reports\20260618_094020\API\Pembukuan\pembukuanAPI\20260618_094020\requests\main\CovVal_26689_23.har
2026-06-18 09:41:54.451 DEBUG testcase.CovVal_26689                    - 1: norekSave = data.getValue("NomorRekeningSimpanan", row)
2026-06-18 09:41:54.453 DEBUG testcase.CovVal_26689                    - 2: cif = data.getValue("CIFRekeningSimpanan", row)
2026-06-18 09:41:54.456 DEBUG testcase.CovVal_26689                    - 3: response = sendRequest(findTestObject("API/Posts/CoveringValidation/CovVal_26689", ["NomorRekeningSimpanan":norekSave, "CIFRekeningSimpanan":cif]))
2026-06-18 09:41:57.770 INFO  c.k.k.core.webservice.common.HarLogger   - HAR: C:\Users\ACER\git\AutoAPI\Reports\20260618_094020\API\Pembukuan\pembukuanAPI\20260618_094020\requests\main\CovVal_26689_24.har
2026-06-18 09:41:57.774 DEBUG testcase.CovVal_26689                    - 1: norekSave = data.getValue("NomorRekeningSimpanan", row)
2026-06-18 09:41:57.776 DEBUG testcase.CovVal_26689                    - 2: cif = data.getValue("CIFRekeningSimpanan", row)
2026-06-18 09:41:57.778 DEBUG testcase.CovVal_26689                    - 3: response = sendRequest(findTestObject("API/Posts/CoveringValidation/CovVal_26689", ["NomorRekeningSimpanan":norekSave, "CIFRekeningSimpanan":cif]))
2026-06-18 09:42:00.935 INFO  c.k.k.core.webservice.common.HarLogger   - HAR: C:\Users\ACER\git\AutoAPI\Reports\20260618_094020\API\Pembukuan\pembukuanAPI\20260618_094020\requests\main\CovVal_26689_25.har
2026-06-18 09:42:00.939 DEBUG testcase.CovVal_26689                    - 1: norekSave = data.getValue("NomorRekeningSimpanan", row)
2026-06-18 09:42:00.941 DEBUG testcase.CovVal_26689                    - 2: cif = data.getValue("CIFRekeningSimpanan", row)
2026-06-18 09:42:00.943 DEBUG testcase.CovVal_26689                    - 3: response = sendRequest(findTestObject("API/Posts/CoveringValidation/CovVal_26689", ["NomorRekeningSimpanan":norekSave, "CIFRekeningSimpanan":cif]))
2026-06-18 09:42:04.132 INFO  c.k.k.core.webservice.common.HarLogger   - HAR: C:\Users\ACER\git\AutoAPI\Reports\20260618_094020\API\Pembukuan\pembukuanAPI\20260618_094020\requests\main\CovVal_26689_26.har
2026-06-18 09:42:04.137 DEBUG testcase.CovVal_26689                    - 1: norekSave = data.getValue("NomorRekeningSimpanan", row)
2026-06-18 09:42:04.139 DEBUG testcase.CovVal_26689                    - 2: cif = data.getValue("CIFRekeningSimpanan", row)
2026-06-18 09:42:04.142 DEBUG testcase.CovVal_26689                    - 3: response = sendRequest(findTestObject("API/Posts/CoveringValidation/CovVal_26689", ["NomorRekeningSimpanan":norekSave, "CIFRekeningSimpanan":cif]))
2026-06-18 09:42:07.303 INFO  c.k.k.core.webservice.common.HarLogger   - HAR: C:\Users\ACER\git\AutoAPI\Reports\20260618_094020\API\Pembukuan\pembukuanAPI\20260618_094020\requests\main\CovVal_26689_27.har
2026-06-18 09:42:07.310 DEBUG testcase.CovVal_26689                    - 1: norekSave = data.getValue("NomorRekeningSimpanan", row)
2026-06-18 09:42:07.312 DEBUG testcase.CovVal_26689                    - 2: cif = data.getValue("CIFRekeningSimpanan", row)
2026-06-18 09:42:07.316 DEBUG testcase.CovVal_26689                    - 3: response = sendRequest(findTestObject("API/Posts/CoveringValidation/CovVal_26689", ["NomorRekeningSimpanan":norekSave, "CIFRekeningSimpanan":cif]))
2026-06-18 09:42:10.453 INFO  c.k.k.core.webservice.common.HarLogger   - HAR: C:\Users\ACER\git\AutoAPI\Reports\20260618_094020\API\Pembukuan\pembukuanAPI\20260618_094020\requests\main\CovVal_26689_28.har
2026-06-18 09:42:10.458 DEBUG testcase.CovVal_26689                    - 1: norekSave = data.getValue("NomorRekeningSimpanan", row)
2026-06-18 09:42:10.460 DEBUG testcase.CovVal_26689                    - 2: cif = data.getValue("CIFRekeningSimpanan", row)
2026-06-18 09:42:10.466 DEBUG testcase.CovVal_26689                    - 3: response = sendRequest(findTestObject("API/Posts/CoveringValidation/CovVal_26689", ["NomorRekeningSimpanan":norekSave, "CIFRekeningSimpanan":cif]))
2026-06-18 09:42:13.617 INFO  c.k.k.core.webservice.common.HarLogger   - HAR: C:\Users\ACER\git\AutoAPI\Reports\20260618_094020\API\Pembukuan\pembukuanAPI\20260618_094020\requests\main\CovVal_26689_29.har
2026-06-18 09:42:13.622 DEBUG testcase.CovVal_26689                    - 1: norekSave = data.getValue("NomorRekeningSimpanan", row)
2026-06-18 09:42:13.624 DEBUG testcase.CovVal_26689                    - 2: cif = data.getValue("CIFRekeningSimpanan", row)
2026-06-18 09:42:13.635 DEBUG testcase.CovVal_26689                    - 3: response = sendRequest(findTestObject("API/Posts/CoveringValidation/CovVal_26689", ["NomorRekeningSimpanan":norekSave, "CIFRekeningSimpanan":cif]))
2026-06-18 09:42:16.787 INFO  c.k.k.core.webservice.common.HarLogger   - HAR: C:\Users\ACER\git\AutoAPI\Reports\20260618_094020\API\Pembukuan\pembukuanAPI\20260618_094020\requests\main\CovVal_26689_30.har
2026-06-18 09:42:16.791 DEBUG testcase.CovVal_26689                    - 1: norekSave = data.getValue("NomorRekeningSimpanan", row)
2026-06-18 09:42:16.792 DEBUG testcase.CovVal_26689                    - 2: cif = data.getValue("CIFRekeningSimpanan", row)
2026-06-18 09:42:16.797 DEBUG testcase.CovVal_26689                    - 3: response = sendRequest(findTestObject("API/Posts/CoveringValidation/CovVal_26689", ["NomorRekeningSimpanan":norekSave, "CIFRekeningSimpanan":cif]))
2026-06-18 09:42:20.058 INFO  c.k.k.core.webservice.common.HarLogger   - HAR: C:\Users\ACER\git\AutoAPI\Reports\20260618_094020\API\Pembukuan\pembukuanAPI\20260618_094020\requests\main\CovVal_26689_31.har
2026-06-18 09:42:20.064 DEBUG testcase.CovVal_26689                    - 1: norekSave = data.getValue("NomorRekeningSimpanan", row)
2026-06-18 09:42:20.065 DEBUG testcase.CovVal_26689                    - 2: cif = data.getValue("CIFRekeningSimpanan", row)
2026-06-18 09:42:20.068 DEBUG testcase.CovVal_26689                    - 3: response = sendRequest(findTestObject("API/Posts/CoveringValidation/CovVal_26689", ["NomorRekeningSimpanan":norekSave, "CIFRekeningSimpanan":cif]))
2026-06-18 09:42:23.249 INFO  c.k.k.core.webservice.common.HarLogger   - HAR: C:\Users\ACER\git\AutoAPI\Reports\20260618_094020\API\Pembukuan\pembukuanAPI\20260618_094020\requests\main\CovVal_26689_32.har
2026-06-18 09:42:23.253 DEBUG testcase.CovVal_26689                    - 1: norekSave = data.getValue("NomorRekeningSimpanan", row)
2026-06-18 09:42:23.255 DEBUG testcase.CovVal_26689                    - 2: cif = data.getValue("CIFRekeningSimpanan", row)
2026-06-18 09:42:23.258 DEBUG testcase.CovVal_26689                    - 3: response = sendRequest(findTestObject("API/Posts/CoveringValidation/CovVal_26689", ["NomorRekeningSimpanan":norekSave, "CIFRekeningSimpanan":cif]))
2026-06-18 09:42:26.438 INFO  c.k.k.core.webservice.common.HarLogger   - HAR: C:\Users\ACER\git\AutoAPI\Reports\20260618_094020\API\Pembukuan\pembukuanAPI\20260618_094020\requests\main\CovVal_26689_33.har
2026-06-18 09:42:26.444 DEBUG testcase.CovVal_26689                    - 1: norekSave = data.getValue("NomorRekeningSimpanan", row)
2026-06-18 09:42:26.445 DEBUG testcase.CovVal_26689                    - 2: cif = data.getValue("CIFRekeningSimpanan", row)
2026-06-18 09:42:26.447 DEBUG testcase.CovVal_26689                    - 3: response = sendRequest(findTestObject("API/Posts/CoveringValidation/CovVal_26689", ["NomorRekeningSimpanan":norekSave, "CIFRekeningSimpanan":cif]))
2026-06-18 09:42:29.578 INFO  c.k.k.core.webservice.common.HarLogger   - HAR: C:\Users\ACER\git\AutoAPI\Reports\20260618_094020\API\Pembukuan\pembukuanAPI\20260618_094020\requests\main\CovVal_26689_34.har
2026-06-18 09:42:29.582 DEBUG testcase.CovVal_26689                    - 1: norekSave = data.getValue("NomorRekeningSimpanan", row)
2026-06-18 09:42:29.618 DEBUG testcase.CovVal_26689                    - 2: cif = data.getValue("CIFRekeningSimpanan", row)
2026-06-18 09:42:29.621 DEBUG testcase.CovVal_26689                    - 3: response = sendRequest(findTestObject("API/Posts/CoveringValidation/CovVal_26689", ["NomorRekeningSimpanan":norekSave, "CIFRekeningSimpanan":cif]))
2026-06-18 09:42:32.828 INFO  c.k.k.core.webservice.common.HarLogger   - HAR: C:\Users\ACER\git\AutoAPI\Reports\20260618_094020\API\Pembukuan\pembukuanAPI\20260618_094020\requests\main\CovVal_26689_35.har
2026-06-18 09:42:32.832 DEBUG testcase.CovVal_26689                    - 1: norekSave = data.getValue("NomorRekeningSimpanan", row)
2026-06-18 09:42:32.834 DEBUG testcase.CovVal_26689                    - 2: cif = data.getValue("CIFRekeningSimpanan", row)
2026-06-18 09:42:32.836 DEBUG testcase.CovVal_26689                    - 3: response = sendRequest(findTestObject("API/Posts/CoveringValidation/CovVal_26689", ["NomorRekeningSimpanan":norekSave, "CIFRekeningSimpanan":cif]))
2026-06-18 09:42:36.003 INFO  c.k.k.core.webservice.common.HarLogger   - HAR: C:\Users\ACER\git\AutoAPI\Reports\20260618_094020\API\Pembukuan\pembukuanAPI\20260618_094020\requests\main\CovVal_26689_36.har
2026-06-18 09:42:36.009 DEBUG testcase.CovVal_26689                    - 1: norekSave = data.getValue("NomorRekeningSimpanan", row)
2026-06-18 09:42:36.011 DEBUG testcase.CovVal_26689                    - 2: cif = data.getValue("CIFRekeningSimpanan", row)
2026-06-18 09:42:36.015 DEBUG testcase.CovVal_26689                    - 3: response = sendRequest(findTestObject("API/Posts/CoveringValidation/CovVal_26689", ["NomorRekeningSimpanan":norekSave, "CIFRekeningSimpanan":cif]))
2026-06-18 09:42:39.158 INFO  c.k.k.core.webservice.common.HarLogger   - HAR: C:\Users\ACER\git\AutoAPI\Reports\20260618_094020\API\Pembukuan\pembukuanAPI\20260618_094020\requests\main\CovVal_26689_37.har
2026-06-18 09:42:39.164 DEBUG testcase.CovVal_26689                    - 1: norekSave = data.getValue("NomorRekeningSimpanan", row)
2026-06-18 09:42:39.167 DEBUG testcase.CovVal_26689                    - 2: cif = data.getValue("CIFRekeningSimpanan", row)
2026-06-18 09:42:39.169 DEBUG testcase.CovVal_26689                    - 3: response = sendRequest(findTestObject("API/Posts/CoveringValidation/CovVal_26689", ["NomorRekeningSimpanan":norekSave, "CIFRekeningSimpanan":cif]))
2026-06-18 09:42:42.370 INFO  c.k.k.core.webservice.common.HarLogger   - HAR: C:\Users\ACER\git\AutoAPI\Reports\20260618_094020\API\Pembukuan\pembukuanAPI\20260618_094020\requests\main\CovVal_26689_38.har
2026-06-18 09:42:42.375 DEBUG testcase.CovVal_26689                    - 1: norekSave = data.getValue("NomorRekeningSimpanan", row)
2026-06-18 09:42:42.378 DEBUG testcase.CovVal_26689                    - 2: cif = data.getValue("CIFRekeningSimpanan", row)
2026-06-18 09:42:42.381 DEBUG testcase.CovVal_26689                    - 3: response = sendRequest(findTestObject("API/Posts/CoveringValidation/CovVal_26689", ["NomorRekeningSimpanan":norekSave, "CIFRekeningSimpanan":cif]))
2026-06-18 09:42:45.562 INFO  c.k.k.core.webservice.common.HarLogger   - HAR: C:\Users\ACER\git\AutoAPI\Reports\20260618_094020\API\Pembukuan\pembukuanAPI\20260618_094020\requests\main\CovVal_26689_39.har
2026-06-18 09:42:45.565 DEBUG testcase.CovVal_26689                    - 1: norekSave = data.getValue("NomorRekeningSimpanan", row)
2026-06-18 09:42:45.567 DEBUG testcase.CovVal_26689                    - 2: cif = data.getValue("CIFRekeningSimpanan", row)
2026-06-18 09:42:45.569 DEBUG testcase.CovVal_26689                    - 3: response = sendRequest(findTestObject("API/Posts/CoveringValidation/CovVal_26689", ["NomorRekeningSimpanan":norekSave, "CIFRekeningSimpanan":cif]))
2026-06-18 09:42:48.810 INFO  c.k.k.core.webservice.common.HarLogger   - HAR: C:\Users\ACER\git\AutoAPI\Reports\20260618_094020\API\Pembukuan\pembukuanAPI\20260618_094020\requests\main\CovVal_26689_40.har
2026-06-18 09:42:48.815 DEBUG testcase.CovVal_26689                    - 1: norekSave = data.getValue("NomorRekeningSimpanan", row)
2026-06-18 09:42:48.817 DEBUG testcase.CovVal_26689                    - 2: cif = data.getValue("CIFRekeningSimpanan", row)
2026-06-18 09:42:48.821 DEBUG testcase.CovVal_26689                    - 3: response = sendRequest(findTestObject("API/Posts/CoveringValidation/CovVal_26689", ["NomorRekeningSimpanan":norekSave, "CIFRekeningSimpanan":cif]))
2026-06-18 09:42:51.974 INFO  c.k.k.core.webservice.common.HarLogger   - HAR: C:\Users\ACER\git\AutoAPI\Reports\20260618_094020\API\Pembukuan\pembukuanAPI\20260618_094020\requests\main\CovVal_26689_41.har
2026-06-18 09:42:51.977 DEBUG testcase.CovVal_26689                    - 1: norekSave = data.getValue("NomorRekeningSimpanan", row)
2026-06-18 09:42:51.980 DEBUG testcase.CovVal_26689                    - 2: cif = data.getValue("CIFRekeningSimpanan", row)
2026-06-18 09:42:51.982 DEBUG testcase.CovVal_26689                    - 3: response = sendRequest(findTestObject("API/Posts/CoveringValidation/CovVal_26689", ["NomorRekeningSimpanan":norekSave, "CIFRekeningSimpanan":cif]))
2026-06-18 09:42:55.238 INFO  c.k.k.core.webservice.common.HarLogger   - HAR: C:\Users\ACER\git\AutoAPI\Reports\20260618_094020\API\Pembukuan\pembukuanAPI\20260618_094020\requests\main\CovVal_26689_42.har
2026-06-18 09:42:55.242 DEBUG testcase.CovVal_26689                    - 1: norekSave = data.getValue("NomorRekeningSimpanan", row)
2026-06-18 09:42:55.244 DEBUG testcase.CovVal_26689                    - 2: cif = data.getValue("CIFRekeningSimpanan", row)
2026-06-18 09:42:55.247 DEBUG testcase.CovVal_26689                    - 3: response = sendRequest(findTestObject("API/Posts/CoveringValidation/CovVal_26689", ["NomorRekeningSimpanan":norekSave, "CIFRekeningSimpanan":cif]))
2026-06-18 09:42:58.371 INFO  c.k.k.core.webservice.common.HarLogger   - HAR: C:\Users\ACER\git\AutoAPI\Reports\20260618_094020\API\Pembukuan\pembukuanAPI\20260618_094020\requests\main\CovVal_26689_43.har
2026-06-18 09:42:58.375 DEBUG testcase.CovVal_26689                    - 1: norekSave = data.getValue("NomorRekeningSimpanan", row)
2026-06-18 09:42:58.377 DEBUG testcase.CovVal_26689                    - 2: cif = data.getValue("CIFRekeningSimpanan", row)
2026-06-18 09:42:58.379 DEBUG testcase.CovVal_26689                    - 3: response = sendRequest(findTestObject("API/Posts/CoveringValidation/CovVal_26689", ["NomorRekeningSimpanan":norekSave, "CIFRekeningSimpanan":cif]))
2026-06-18 09:43:01.591 INFO  c.k.k.core.webservice.common.HarLogger   - HAR: C:\Users\ACER\git\AutoAPI\Reports\20260618_094020\API\Pembukuan\pembukuanAPI\20260618_094020\requests\main\CovVal_26689_44.har
2026-06-18 09:43:01.596 DEBUG testcase.CovVal_26689                    - 1: norekSave = data.getValue("NomorRekeningSimpanan", row)
2026-06-18 09:43:01.597 DEBUG testcase.CovVal_26689                    - 2: cif = data.getValue("CIFRekeningSimpanan", row)
2026-06-18 09:43:01.602 DEBUG testcase.CovVal_26689                    - 3: response = sendRequest(findTestObject("API/Posts/CoveringValidation/CovVal_26689", ["NomorRekeningSimpanan":norekSave, "CIFRekeningSimpanan":cif]))
2026-06-18 09:43:04.761 INFO  c.k.k.core.webservice.common.HarLogger   - HAR: C:\Users\ACER\git\AutoAPI\Reports\20260618_094020\API\Pembukuan\pembukuanAPI\20260618_094020\requests\main\CovVal_26689_45.har
2026-06-18 09:43:04.767 DEBUG testcase.CovVal_26689                    - 1: norekSave = data.getValue("NomorRekeningSimpanan", row)
2026-06-18 09:43:04.770 DEBUG testcase.CovVal_26689                    - 2: cif = data.getValue("CIFRekeningSimpanan", row)
2026-06-18 09:43:04.772 DEBUG testcase.CovVal_26689                    - 3: response = sendRequest(findTestObject("API/Posts/CoveringValidation/CovVal_26689", ["NomorRekeningSimpanan":norekSave, "CIFRekeningSimpanan":cif]))
2026-06-18 09:43:07.940 INFO  c.k.k.core.webservice.common.HarLogger   - HAR: C:\Users\ACER\git\AutoAPI\Reports\20260618_094020\API\Pembukuan\pembukuanAPI\20260618_094020\requests\main\CovVal_26689_46.har
2026-06-18 09:43:07.947 DEBUG testcase.CovVal_26689                    - 1: norekSave = data.getValue("NomorRekeningSimpanan", row)
2026-06-18 09:43:07.950 DEBUG testcase.CovVal_26689                    - 2: cif = data.getValue("CIFRekeningSimpanan", row)
2026-06-18 09:43:07.952 DEBUG testcase.CovVal_26689                    - 3: response = sendRequest(findTestObject("API/Posts/CoveringValidation/CovVal_26689", ["NomorRekeningSimpanan":norekSave, "CIFRekeningSimpanan":cif]))
2026-06-18 09:43:11.351 INFO  c.k.k.core.webservice.common.HarLogger   - HAR: C:\Users\ACER\git\AutoAPI\Reports\20260618_094020\API\Pembukuan\pembukuanAPI\20260618_094020\requests\main\CovVal_26689_47.har
2026-06-18 09:43:11.355 DEBUG testcase.CovVal_26689                    - 1: norekSave = data.getValue("NomorRekeningSimpanan", row)
2026-06-18 09:43:11.357 DEBUG testcase.CovVal_26689                    - 2: cif = data.getValue("CIFRekeningSimpanan", row)
2026-06-18 09:43:11.359 DEBUG testcase.CovVal_26689                    - 3: response = sendRequest(findTestObject("API/Posts/CoveringValidation/CovVal_26689", ["NomorRekeningSimpanan":norekSave, "CIFRekeningSimpanan":cif]))
2026-06-18 09:43:14.569 INFO  c.k.k.core.webservice.common.HarLogger   - HAR: C:\Users\ACER\git\AutoAPI\Reports\20260618_094020\API\Pembukuan\pembukuanAPI\20260618_094020\requests\main\CovVal_26689_48.har
2026-06-18 09:43:14.574 DEBUG testcase.CovVal_26689                    - 1: norekSave = data.getValue("NomorRekeningSimpanan", row)
2026-06-18 09:43:14.575 DEBUG testcase.CovVal_26689                    - 2: cif = data.getValue("CIFRekeningSimpanan", row)
2026-06-18 09:43:14.578 DEBUG testcase.CovVal_26689                    - 3: response = sendRequest(findTestObject("API/Posts/CoveringValidation/CovVal_26689", ["NomorRekeningSimpanan":norekSave, "CIFRekeningSimpanan":cif]))
2026-06-18 09:43:17.732 INFO  c.k.k.core.webservice.common.HarLogger   - HAR: C:\Users\ACER\git\AutoAPI\Reports\20260618_094020\API\Pembukuan\pembukuanAPI\20260618_094020\requests\main\CovVal_26689_49.har
2026-06-18 09:43:17.737 DEBUG testcase.CovVal_26689                    - 1: norekSave = data.getValue("NomorRekeningSimpanan", row)
2026-06-18 09:43:17.739 DEBUG testcase.CovVal_26689                    - 2: cif = data.getValue("CIFRekeningSimpanan", row)
2026-06-18 09:43:17.741 DEBUG testcase.CovVal_26689                    - 3: response = sendRequest(findTestObject("API/Posts/CoveringValidation/CovVal_26689", ["NomorRekeningSimpanan":norekSave, "CIFRekeningSimpanan":cif]))
2026-06-18 09:43:20.901 INFO  c.k.k.core.webservice.common.HarLogger   - HAR: C:\Users\ACER\git\AutoAPI\Reports\20260618_094020\API\Pembukuan\pembukuanAPI\20260618_094020\requests\main\CovVal_26689_50.har
2026-06-18 09:43:20.905 DEBUG testcase.CovVal_26689                    - 1: norekSave = data.getValue("NomorRekeningSimpanan", row)
2026-06-18 09:43:20.907 DEBUG testcase.CovVal_26689                    - 2: cif = data.getValue("CIFRekeningSimpanan", row)
2026-06-18 09:43:20.909 DEBUG testcase.CovVal_26689                    - 3: response = sendRequest(findTestObject("API/Posts/CoveringValidation/CovVal_26689", ["NomorRekeningSimpanan":norekSave, "CIFRekeningSimpanan":cif]))
2026-06-18 09:43:24.091 INFO  c.k.k.core.webservice.common.HarLogger   - HAR: C:\Users\ACER\git\AutoAPI\Reports\20260618_094020\API\Pembukuan\pembukuanAPI\20260618_094020\requests\main\CovVal_26689_51.har
2026-06-18 09:43:24.096 DEBUG testcase.CovVal_26689                    - 1: norekSave = data.getValue("NomorRekeningSimpanan", row)
2026-06-18 09:43:24.098 DEBUG testcase.CovVal_26689                    - 2: cif = data.getValue("CIFRekeningSimpanan", row)
2026-06-18 09:43:24.099 DEBUG testcase.CovVal_26689                    - 3: response = sendRequest(findTestObject("API/Posts/CoveringValidation/CovVal_26689", ["NomorRekeningSimpanan":norekSave, "CIFRekeningSimpanan":cif]))
2026-06-18 09:43:27.300 INFO  c.k.k.core.webservice.common.HarLogger   - HAR: C:\Users\ACER\git\AutoAPI\Reports\20260618_094020\API\Pembukuan\pembukuanAPI\20260618_094020\requests\main\CovVal_26689_52.har
2026-06-18 09:43:27.305 DEBUG testcase.CovVal_26689                    - 1: norekSave = data.getValue("NomorRekeningSimpanan", row)
2026-06-18 09:43:27.307 DEBUG testcase.CovVal_26689                    - 2: cif = data.getValue("CIFRekeningSimpanan", row)
2026-06-18 09:43:27.313 DEBUG testcase.CovVal_26689                    - 3: response = sendRequest(findTestObject("API/Posts/CoveringValidation/CovVal_26689", ["NomorRekeningSimpanan":norekSave, "CIFRekeningSimpanan":cif]))
2026-06-18 09:43:30.493 INFO  c.k.k.core.webservice.common.HarLogger   - HAR: C:\Users\ACER\git\AutoAPI\Reports\20260618_094020\API\Pembukuan\pembukuanAPI\20260618_094020\requests\main\CovVal_26689_53.har
2026-06-18 09:43:30.497 DEBUG testcase.CovVal_26689                    - 1: norekSave = data.getValue("NomorRekeningSimpanan", row)
2026-06-18 09:43:30.499 DEBUG testcase.CovVal_26689                    - 2: cif = data.getValue("CIFRekeningSimpanan", row)
2026-06-18 09:43:30.501 DEBUG testcase.CovVal_26689                    - 3: response = sendRequest(findTestObject("API/Posts/CoveringValidation/CovVal_26689", ["NomorRekeningSimpanan":norekSave, "CIFRekeningSimpanan":cif]))
2026-06-18 09:43:33.653 INFO  c.k.k.core.webservice.common.HarLogger   - HAR: C:\Users\ACER\git\AutoAPI\Reports\20260618_094020\API\Pembukuan\pembukuanAPI\20260618_094020\requests\main\CovVal_26689_54.har
2026-06-18 09:43:33.660 DEBUG testcase.CovVal_26689                    - 1: norekSave = data.getValue("NomorRekeningSimpanan", row)
2026-06-18 09:43:33.662 DEBUG testcase.CovVal_26689                    - 2: cif = data.getValue("CIFRekeningSimpanan", row)
2026-06-18 09:43:33.665 DEBUG testcase.CovVal_26689                    - 3: response = sendRequest(findTestObject("API/Posts/CoveringValidation/CovVal_26689", ["NomorRekeningSimpanan":norekSave, "CIFRekeningSimpanan":cif]))
2026-06-18 09:43:36.836 INFO  c.k.k.core.webservice.common.HarLogger   - HAR: C:\Users\ACER\git\AutoAPI\Reports\20260618_094020\API\Pembukuan\pembukuanAPI\20260618_094020\requests\main\CovVal_26689_55.har
2026-06-18 09:43:36.842 DEBUG testcase.CovVal_26689                    - 1: norekSave = data.getValue("NomorRekeningSimpanan", row)
2026-06-18 09:43:36.844 DEBUG testcase.CovVal_26689                    - 2: cif = data.getValue("CIFRekeningSimpanan", row)
2026-06-18 09:43:36.846 DEBUG testcase.CovVal_26689                    - 3: response = sendRequest(findTestObject("API/Posts/CoveringValidation/CovVal_26689", ["NomorRekeningSimpanan":norekSave, "CIFRekeningSimpanan":cif]))
2026-06-18 09:43:40.028 INFO  c.k.k.core.webservice.common.HarLogger   - HAR: C:\Users\ACER\git\AutoAPI\Reports\20260618_094020\API\Pembukuan\pembukuanAPI\20260618_094020\requests\main\CovVal_26689_56.har
2026-06-18 09:43:40.032 DEBUG testcase.CovVal_26689                    - 1: norekSave = data.getValue("NomorRekeningSimpanan", row)
2026-06-18 09:43:40.034 DEBUG testcase.CovVal_26689                    - 2: cif = data.getValue("CIFRekeningSimpanan", row)
2026-06-18 09:43:40.036 DEBUG testcase.CovVal_26689                    - 3: response = sendRequest(findTestObject("API/Posts/CoveringValidation/CovVal_26689", ["NomorRekeningSimpanan":norekSave, "CIFRekeningSimpanan":cif]))
2026-06-18 09:43:43.195 INFO  c.k.k.core.webservice.common.HarLogger   - HAR: C:\Users\ACER\git\AutoAPI\Reports\20260618_094020\API\Pembukuan\pembukuanAPI\20260618_094020\requests\main\CovVal_26689_57.har
2026-06-18 09:43:43.199 DEBUG testcase.CovVal_26689                    - 1: norekSave = data.getValue("NomorRekeningSimpanan", row)
2026-06-18 09:43:43.200 DEBUG testcase.CovVal_26689                    - 2: cif = data.getValue("CIFRekeningSimpanan", row)
2026-06-18 09:43:43.203 DEBUG testcase.CovVal_26689                    - 3: response = sendRequest(findTestObject("API/Posts/CoveringValidation/CovVal_26689", ["NomorRekeningSimpanan":norekSave, "CIFRekeningSimpanan":cif]))
2026-06-18 09:43:46.387 INFO  c.k.k.core.webservice.common.HarLogger   - HAR: C:\Users\ACER\git\AutoAPI\Reports\20260618_094020\API\Pembukuan\pembukuanAPI\20260618_094020\requests\main\CovVal_26689_58.har
2026-06-18 09:43:46.392 DEBUG testcase.CovVal_26689                    - 1: norekSave = data.getValue("NomorRekeningSimpanan", row)
2026-06-18 09:43:46.393 DEBUG testcase.CovVal_26689                    - 2: cif = data.getValue("CIFRekeningSimpanan", row)
2026-06-18 09:43:46.395 DEBUG testcase.CovVal_26689                    - 3: response = sendRequest(findTestObject("API/Posts/CoveringValidation/CovVal_26689", ["NomorRekeningSimpanan":norekSave, "CIFRekeningSimpanan":cif]))
2026-06-18 09:43:49.684 INFO  c.k.k.core.webservice.common.HarLogger   - HAR: C:\Users\ACER\git\AutoAPI\Reports\20260618_094020\API\Pembukuan\pembukuanAPI\20260618_094020\requests\main\CovVal_26689_59.har
2026-06-18 09:43:49.690 DEBUG testcase.CovVal_26689                    - 1: norekSave = data.getValue("NomorRekeningSimpanan", row)
2026-06-18 09:43:49.692 DEBUG testcase.CovVal_26689                    - 2: cif = data.getValue("CIFRekeningSimpanan", row)
2026-06-18 09:43:49.694 DEBUG testcase.CovVal_26689                    - 3: response = sendRequest(findTestObject("API/Posts/CoveringValidation/CovVal_26689", ["NomorRekeningSimpanan":norekSave, "CIFRekeningSimpanan":cif]))
2026-06-18 09:43:52.859 INFO  c.k.k.core.webservice.common.HarLogger   - HAR: C:\Users\ACER\git\AutoAPI\Reports\20260618_094020\API\Pembukuan\pembukuanAPI\20260618_094020\requests\main\CovVal_26689_60.har
2026-06-18 09:43:52.862 DEBUG testcase.CovVal_26689                    - 1: norekSave = data.getValue("NomorRekeningSimpanan", row)
2026-06-18 09:43:52.864 DEBUG testcase.CovVal_26689                    - 2: cif = data.getValue("CIFRekeningSimpanan", row)
2026-06-18 09:43:52.866 DEBUG testcase.CovVal_26689                    - 3: response = sendRequest(findTestObject("API/Posts/CoveringValidation/CovVal_26689", ["NomorRekeningSimpanan":norekSave, "CIFRekeningSimpanan":cif]))
2026-06-18 09:43:56.541 INFO  c.k.k.core.webservice.common.HarLogger   - HAR: C:\Users\ACER\git\AutoAPI\Reports\20260618_094020\API\Pembukuan\pembukuanAPI\20260618_094020\requests\main\CovVal_26689_61.har
2026-06-18 09:43:56.548 DEBUG testcase.CovVal_26689                    - 1: norekSave = data.getValue("NomorRekeningSimpanan", row)
2026-06-18 09:43:56.553 DEBUG testcase.CovVal_26689                    - 2: cif = data.getValue("CIFRekeningSimpanan", row)
2026-06-18 09:43:56.555 DEBUG testcase.CovVal_26689                    - 3: response = sendRequest(findTestObject("API/Posts/CoveringValidation/CovVal_26689", ["NomorRekeningSimpanan":norekSave, "CIFRekeningSimpanan":cif]))
2026-06-18 09:43:59.707 INFO  c.k.k.core.webservice.common.HarLogger   - HAR: C:\Users\ACER\git\AutoAPI\Reports\20260618_094020\API\Pembukuan\pembukuanAPI\20260618_094020\requests\main\CovVal_26689_62.har
2026-06-18 09:43:59.711 DEBUG testcase.CovVal_26689                    - 1: norekSave = data.getValue("NomorRekeningSimpanan", row)
2026-06-18 09:43:59.712 DEBUG testcase.CovVal_26689                    - 2: cif = data.getValue("CIFRekeningSimpanan", row)
2026-06-18 09:43:59.715 DEBUG testcase.CovVal_26689                    - 3: response = sendRequest(findTestObject("API/Posts/CoveringValidation/CovVal_26689", ["NomorRekeningSimpanan":norekSave, "CIFRekeningSimpanan":cif]))
2026-06-18 09:44:03.052 INFO  c.k.k.core.webservice.common.HarLogger   - HAR: C:\Users\ACER\git\AutoAPI\Reports\20260618_094020\API\Pembukuan\pembukuanAPI\20260618_094020\requests\main\CovVal_26689_63.har
2026-06-18 09:44:03.057 DEBUG testcase.CovVal_26689                    - 1: norekSave = data.getValue("NomorRekeningSimpanan", row)
2026-06-18 09:44:03.059 DEBUG testcase.CovVal_26689                    - 2: cif = data.getValue("CIFRekeningSimpanan", row)
2026-06-18 09:44:03.061 DEBUG testcase.CovVal_26689                    - 3: response = sendRequest(findTestObject("API/Posts/CoveringValidation/CovVal_26689", ["NomorRekeningSimpanan":norekSave, "CIFRekeningSimpanan":cif]))
2026-06-18 09:44:06.214 INFO  c.k.k.core.webservice.common.HarLogger   - HAR: C:\Users\ACER\git\AutoAPI\Reports\20260618_094020\API\Pembukuan\pembukuanAPI\20260618_094020\requests\main\CovVal_26689_64.har
2026-06-18 09:44:06.219 DEBUG testcase.CovVal_26689                    - 1: norekSave = data.getValue("NomorRekeningSimpanan", row)
2026-06-18 09:44:06.220 DEBUG testcase.CovVal_26689                    - 2: cif = data.getValue("CIFRekeningSimpanan", row)
2026-06-18 09:44:06.222 DEBUG testcase.CovVal_26689                    - 3: response = sendRequest(findTestObject("API/Posts/CoveringValidation/CovVal_26689", ["NomorRekeningSimpanan":norekSave, "CIFRekeningSimpanan":cif]))
2026-06-18 09:44:09.656 INFO  c.k.k.core.webservice.common.HarLogger   - HAR: C:\Users\ACER\git\AutoAPI\Reports\20260618_094020\API\Pembukuan\pembukuanAPI\20260618_094020\requests\main\CovVal_26689_65.har
2026-06-18 09:44:09.660 DEBUG testcase.CovVal_26689                    - 1: norekSave = data.getValue("NomorRekeningSimpanan", row)
2026-06-18 09:44:09.661 DEBUG testcase.CovVal_26689                    - 2: cif = data.getValue("CIFRekeningSimpanan", row)
2026-06-18 09:44:09.663 DEBUG testcase.CovVal_26689                    - 3: response = sendRequest(findTestObject("API/Posts/CoveringValidation/CovVal_26689", ["NomorRekeningSimpanan":norekSave, "CIFRekeningSimpanan":cif]))
2026-06-18 09:44:12.975 INFO  c.k.k.core.webservice.common.HarLogger   - HAR: C:\Users\ACER\git\AutoAPI\Reports\20260618_094020\API\Pembukuan\pembukuanAPI\20260618_094020\requests\main\CovVal_26689_66.har
2026-06-18 09:44:12.978 DEBUG testcase.CovVal_26689                    - 1: norekSave = data.getValue("NomorRekeningSimpanan", row)
2026-06-18 09:44:12.981 DEBUG testcase.CovVal_26689                    - 2: cif = data.getValue("CIFRekeningSimpanan", row)
2026-06-18 09:44:12.983 DEBUG testcase.CovVal_26689                    - 3: response = sendRequest(findTestObject("API/Posts/CoveringValidation/CovVal_26689", ["NomorRekeningSimpanan":norekSave, "CIFRekeningSimpanan":cif]))
2026-06-18 09:44:16.300 INFO  c.k.k.core.webservice.common.HarLogger   - HAR: C:\Users\ACER\git\AutoAPI\Reports\20260618_094020\API\Pembukuan\pembukuanAPI\20260618_094020\requests\main\CovVal_26689_67.har
2026-06-18 09:44:16.304 DEBUG testcase.CovVal_26689                    - 1: norekSave = data.getValue("NomorRekeningSimpanan", row)
2026-06-18 09:44:16.305 DEBUG testcase.CovVal_26689                    - 2: cif = data.getValue("CIFRekeningSimpanan", row)
2026-06-18 09:44:16.307 DEBUG testcase.CovVal_26689                    - 3: response = sendRequest(findTestObject("API/Posts/CoveringValidation/CovVal_26689", ["NomorRekeningSimpanan":norekSave, "CIFRekeningSimpanan":cif]))
2026-06-18 09:44:19.506 INFO  c.k.k.core.webservice.common.HarLogger   - HAR: C:\Users\ACER\git\AutoAPI\Reports\20260618_094020\API\Pembukuan\pembukuanAPI\20260618_094020\requests\main\CovVal_26689_68.har
2026-06-18 09:44:19.510 DEBUG testcase.CovVal_26689                    - 1: norekSave = data.getValue("NomorRekeningSimpanan", row)
2026-06-18 09:44:19.513 DEBUG testcase.CovVal_26689                    - 2: cif = data.getValue("CIFRekeningSimpanan", row)
2026-06-18 09:44:19.515 DEBUG testcase.CovVal_26689                    - 3: response = sendRequest(findTestObject("API/Posts/CoveringValidation/CovVal_26689", ["NomorRekeningSimpanan":norekSave, "CIFRekeningSimpanan":cif]))
2026-06-18 09:44:22.688 INFO  c.k.k.core.webservice.common.HarLogger   - HAR: C:\Users\ACER\git\AutoAPI\Reports\20260618_094020\API\Pembukuan\pembukuanAPI\20260618_094020\requests\main\CovVal_26689_69.har
2026-06-18 09:44:22.692 DEBUG testcase.CovVal_26689                    - 1: norekSave = data.getValue("NomorRekeningSimpanan", row)
2026-06-18 09:44:22.695 DEBUG testcase.CovVal_26689                    - 2: cif = data.getValue("CIFRekeningSimpanan", row)
2026-06-18 09:44:22.697 DEBUG testcase.CovVal_26689                    - 3: response = sendRequest(findTestObject("API/Posts/CoveringValidation/CovVal_26689", ["NomorRekeningSimpanan":norekSave, "CIFRekeningSimpanan":cif]))
2026-06-18 09:44:25.898 INFO  c.k.k.core.webservice.common.HarLogger   - HAR: C:\Users\ACER\git\AutoAPI\Reports\20260618_094020\API\Pembukuan\pembukuanAPI\20260618_094020\requests\main\CovVal_26689_70.har
2026-06-18 09:44:25.902 DEBUG testcase.CovVal_26689                    - 1: norekSave = data.getValue("NomorRekeningSimpanan", row)
2026-06-18 09:44:25.904 DEBUG testcase.CovVal_26689                    - 2: cif = data.getValue("CIFRekeningSimpanan", row)
2026-06-18 09:44:25.913 DEBUG testcase.CovVal_26689                    - 3: response = sendRequest(findTestObject("API/Posts/CoveringValidation/CovVal_26689", ["NomorRekeningSimpanan":norekSave, "CIFRekeningSimpanan":cif]))
2026-06-18 09:44:29.057 INFO  c.k.k.core.webservice.common.HarLogger   - HAR: C:\Users\ACER\git\AutoAPI\Reports\20260618_094020\API\Pembukuan\pembukuanAPI\20260618_094020\requests\main\CovVal_26689_71.har
2026-06-18 09:44:29.063 DEBUG testcase.CovVal_26689                    - 1: norekSave = data.getValue("NomorRekeningSimpanan", row)
2026-06-18 09:44:29.064 DEBUG testcase.CovVal_26689                    - 2: cif = data.getValue("CIFRekeningSimpanan", row)
2026-06-18 09:44:29.066 DEBUG testcase.CovVal_26689                    - 3: response = sendRequest(findTestObject("API/Posts/CoveringValidation/CovVal_26689", ["NomorRekeningSimpanan":norekSave, "CIFRekeningSimpanan":cif]))
2026-06-18 09:44:32.288 INFO  c.k.k.core.webservice.common.HarLogger   - HAR: C:\Users\ACER\git\AutoAPI\Reports\20260618_094020\API\Pembukuan\pembukuanAPI\20260618_094020\requests\main\CovVal_26689_72.har
2026-06-18 09:44:32.294 DEBUG testcase.CovVal_26689                    - 1: norekSave = data.getValue("NomorRekeningSimpanan", row)
2026-06-18 09:44:32.295 DEBUG testcase.CovVal_26689                    - 2: cif = data.getValue("CIFRekeningSimpanan", row)
2026-06-18 09:44:32.297 DEBUG testcase.CovVal_26689                    - 3: response = sendRequest(findTestObject("API/Posts/CoveringValidation/CovVal_26689", ["NomorRekeningSimpanan":norekSave, "CIFRekeningSimpanan":cif]))
2026-06-18 09:44:35.533 INFO  c.k.k.core.webservice.common.HarLogger   - HAR: C:\Users\ACER\git\AutoAPI\Reports\20260618_094020\API\Pembukuan\pembukuanAPI\20260618_094020\requests\main\CovVal_26689_73.har
2026-06-18 09:44:35.538 DEBUG testcase.CovVal_26689                    - 1: norekSave = data.getValue("NomorRekeningSimpanan", row)
2026-06-18 09:44:35.542 DEBUG testcase.CovVal_26689                    - 2: cif = data.getValue("CIFRekeningSimpanan", row)
2026-06-18 09:44:35.544 DEBUG testcase.CovVal_26689                    - 3: response = sendRequest(findTestObject("API/Posts/CoveringValidation/CovVal_26689", ["NomorRekeningSimpanan":norekSave, "CIFRekeningSimpanan":cif]))
2026-06-18 09:44:38.677 INFO  c.k.k.core.webservice.common.HarLogger   - HAR: C:\Users\ACER\git\AutoAPI\Reports\20260618_094020\API\Pembukuan\pembukuanAPI\20260618_094020\requests\main\CovVal_26689_74.har
2026-06-18 09:44:38.681 DEBUG testcase.CovVal_26689                    - 1: norekSave = data.getValue("NomorRekeningSimpanan", row)
2026-06-18 09:44:38.683 DEBUG testcase.CovVal_26689                    - 2: cif = data.getValue("CIFRekeningSimpanan", row)
2026-06-18 09:44:38.684 DEBUG testcase.CovVal_26689                    - 3: response = sendRequest(findTestObject("API/Posts/CoveringValidation/CovVal_26689", ["NomorRekeningSimpanan":norekSave, "CIFRekeningSimpanan":cif]))
2026-06-18 09:44:41.898 INFO  c.k.k.core.webservice.common.HarLogger   - HAR: C:\Users\ACER\git\AutoAPI\Reports\20260618_094020\API\Pembukuan\pembukuanAPI\20260618_094020\requests\main\CovVal_26689_75.har
2026-06-18 09:44:41.902 DEBUG testcase.CovVal_26689                    - 1: norekSave = data.getValue("NomorRekeningSimpanan", row)
2026-06-18 09:44:41.903 DEBUG testcase.CovVal_26689                    - 2: cif = data.getValue("CIFRekeningSimpanan", row)
2026-06-18 09:44:41.906 DEBUG testcase.CovVal_26689                    - 3: response = sendRequest(findTestObject("API/Posts/CoveringValidation/CovVal_26689", ["NomorRekeningSimpanan":norekSave, "CIFRekeningSimpanan":cif]))
2026-06-18 09:44:45.078 INFO  c.k.k.core.webservice.common.HarLogger   - HAR: C:\Users\ACER\git\AutoAPI\Reports\20260618_094020\API\Pembukuan\pembukuanAPI\20260618_094020\requests\main\CovVal_26689_76.har
2026-06-18 09:44:45.083 DEBUG testcase.CovVal_26689                    - 1: norekSave = data.getValue("NomorRekeningSimpanan", row)
2026-06-18 09:44:45.084 DEBUG testcase.CovVal_26689                    - 2: cif = data.getValue("CIFRekeningSimpanan", row)
2026-06-18 09:44:45.088 DEBUG testcase.CovVal_26689                    - 3: response = sendRequest(findTestObject("API/Posts/CoveringValidation/CovVal_26689", ["NomorRekeningSimpanan":norekSave, "CIFRekeningSimpanan":cif]))
2026-06-18 09:44:48.234 INFO  c.k.k.core.webservice.common.HarLogger   - HAR: C:\Users\ACER\git\AutoAPI\Reports\20260618_094020\API\Pembukuan\pembukuanAPI\20260618_094020\requests\main\CovVal_26689_77.har
2026-06-18 09:44:48.239 DEBUG testcase.CovVal_26689                    - 1: norekSave = data.getValue("NomorRekeningSimpanan", row)
2026-06-18 09:44:48.241 DEBUG testcase.CovVal_26689                    - 2: cif = data.getValue("CIFRekeningSimpanan", row)
2026-06-18 09:44:48.243 DEBUG testcase.CovVal_26689                    - 3: response = sendRequest(findTestObject("API/Posts/CoveringValidation/CovVal_26689", ["NomorRekeningSimpanan":norekSave, "CIFRekeningSimpanan":cif]))
2026-06-18 09:44:51.626 INFO  c.k.k.core.webservice.common.HarLogger   - HAR: C:\Users\ACER\git\AutoAPI\Reports\20260618_094020\API\Pembukuan\pembukuanAPI\20260618_094020\requests\main\CovVal_26689_78.har
2026-06-18 09:44:51.630 DEBUG testcase.CovVal_26689                    - 1: norekSave = data.getValue("NomorRekeningSimpanan", row)
2026-06-18 09:44:51.632 DEBUG testcase.CovVal_26689                    - 2: cif = data.getValue("CIFRekeningSimpanan", row)
2026-06-18 09:44:51.634 DEBUG testcase.CovVal_26689                    - 3: response = sendRequest(findTestObject("API/Posts/CoveringValidation/CovVal_26689", ["NomorRekeningSimpanan":norekSave, "CIFRekeningSimpanan":cif]))
2026-06-18 09:44:54.788 INFO  c.k.k.core.webservice.common.HarLogger   - HAR: C:\Users\ACER\git\AutoAPI\Reports\20260618_094020\API\Pembukuan\pembukuanAPI\20260618_094020\requests\main\CovVal_26689_79.har
2026-06-18 09:44:54.792 DEBUG testcase.CovVal_26689                    - 1: norekSave = data.getValue("NomorRekeningSimpanan", row)
2026-06-18 09:44:54.794 DEBUG testcase.CovVal_26689                    - 2: cif = data.getValue("CIFRekeningSimpanan", row)
2026-06-18 09:44:54.797 DEBUG testcase.CovVal_26689                    - 3: response = sendRequest(findTestObject("API/Posts/CoveringValidation/CovVal_26689", ["NomorRekeningSimpanan":norekSave, "CIFRekeningSimpanan":cif]))
2026-06-18 09:44:57.937 INFO  c.k.k.core.webservice.common.HarLogger   - HAR: C:\Users\ACER\git\AutoAPI\Reports\20260618_094020\API\Pembukuan\pembukuanAPI\20260618_094020\requests\main\CovVal_26689_80.har
2026-06-18 09:44:57.940 DEBUG testcase.CovVal_26689                    - 1: norekSave = data.getValue("NomorRekeningSimpanan", row)
2026-06-18 09:44:57.942 DEBUG testcase.CovVal_26689                    - 2: cif = data.getValue("CIFRekeningSimpanan", row)
2026-06-18 09:44:57.944 DEBUG testcase.CovVal_26689                    - 3: response = sendRequest(findTestObject("API/Posts/CoveringValidation/CovVal_26689", ["NomorRekeningSimpanan":norekSave, "CIFRekeningSimpanan":cif]))
2026-06-18 09:45:01.085 INFO  c.k.k.core.webservice.common.HarLogger   - HAR: C:\Users\ACER\git\AutoAPI\Reports\20260618_094020\API\Pembukuan\pembukuanAPI\20260618_094020\requests\main\CovVal_26689_81.har
2026-06-18 09:45:01.089 DEBUG testcase.CovVal_26689                    - 1: norekSave = data.getValue("NomorRekeningSimpanan", row)
2026-06-18 09:45:01.091 DEBUG testcase.CovVal_26689                    - 2: cif = data.getValue("CIFRekeningSimpanan", row)
2026-06-18 09:45:01.093 DEBUG testcase.CovVal_26689                    - 3: response = sendRequest(findTestObject("API/Posts/CoveringValidation/CovVal_26689", ["NomorRekeningSimpanan":norekSave, "CIFRekeningSimpanan":cif]))
2026-06-18 09:45:04.274 INFO  c.k.k.core.webservice.common.HarLogger   - HAR: C:\Users\ACER\git\AutoAPI\Reports\20260618_094020\API\Pembukuan\pembukuanAPI\20260618_094020\requests\main\CovVal_26689_82.har
2026-06-18 09:45:04.278 DEBUG testcase.CovVal_26689                    - 1: norekSave = data.getValue("NomorRekeningSimpanan", row)
2026-06-18 09:45:04.279 DEBUG testcase.CovVal_26689                    - 2: cif = data.getValue("CIFRekeningSimpanan", row)
2026-06-18 09:45:04.284 DEBUG testcase.CovVal_26689                    - 3: response = sendRequest(findTestObject("API/Posts/CoveringValidation/CovVal_26689", ["NomorRekeningSimpanan":norekSave, "CIFRekeningSimpanan":cif]))
2026-06-18 09:45:07.487 INFO  c.k.k.core.webservice.common.HarLogger   - HAR: C:\Users\ACER\git\AutoAPI\Reports\20260618_094020\API\Pembukuan\pembukuanAPI\20260618_094020\requests\main\CovVal_26689_83.har
2026-06-18 09:45:07.492 DEBUG testcase.CovVal_26689                    - 1: norekSave = data.getValue("NomorRekeningSimpanan", row)
2026-06-18 09:45:07.493 DEBUG testcase.CovVal_26689                    - 2: cif = data.getValue("CIFRekeningSimpanan", row)
2026-06-18 09:45:07.495 DEBUG testcase.CovVal_26689                    - 3: response = sendRequest(findTestObject("API/Posts/CoveringValidation/CovVal_26689", ["NomorRekeningSimpanan":norekSave, "CIFRekeningSimpanan":cif]))
2026-06-18 09:45:10.723 INFO  c.k.k.core.webservice.common.HarLogger   - HAR: C:\Users\ACER\git\AutoAPI\Reports\20260618_094020\API\Pembukuan\pembukuanAPI\20260618_094020\requests\main\CovVal_26689_84.har
2026-06-18 09:45:10.727 DEBUG testcase.CovVal_26689                    - 1: norekSave = data.getValue("NomorRekeningSimpanan", row)
2026-06-18 09:45:10.729 DEBUG testcase.CovVal_26689                    - 2: cif = data.getValue("CIFRekeningSimpanan", row)
2026-06-18 09:45:10.732 DEBUG testcase.CovVal_26689                    - 3: response = sendRequest(findTestObject("API/Posts/CoveringValidation/CovVal_26689", ["NomorRekeningSimpanan":norekSave, "CIFRekeningSimpanan":cif]))
2026-06-18 09:45:14.073 INFO  c.k.k.core.webservice.common.HarLogger   - HAR: C:\Users\ACER\git\AutoAPI\Reports\20260618_094020\API\Pembukuan\pembukuanAPI\20260618_094020\requests\main\CovVal_26689_85.har
2026-06-18 09:45:14.081 DEBUG testcase.CovVal_26689                    - 1: norekSave = data.getValue("NomorRekeningSimpanan", row)
2026-06-18 09:45:14.082 DEBUG testcase.CovVal_26689                    - 2: cif = data.getValue("CIFRekeningSimpanan", row)
2026-06-18 09:45:14.084 DEBUG testcase.CovVal_26689                    - 3: response = sendRequest(findTestObject("API/Posts/CoveringValidation/CovVal_26689", ["NomorRekeningSimpanan":norekSave, "CIFRekeningSimpanan":cif]))
2026-06-18 09:45:17.213 INFO  c.k.k.core.webservice.common.HarLogger   - HAR: C:\Users\ACER\git\AutoAPI\Reports\20260618_094020\API\Pembukuan\pembukuanAPI\20260618_094020\requests\main\CovVal_26689_86.har
2026-06-18 09:45:17.217 DEBUG testcase.CovVal_26689                    - 1: norekSave = data.getValue("NomorRekeningSimpanan", row)
2026-06-18 09:45:17.219 DEBUG testcase.CovVal_26689                    - 2: cif = data.getValue("CIFRekeningSimpanan", row)
2026-06-18 09:45:17.221 DEBUG testcase.CovVal_26689                    - 3: response = sendRequest(findTestObject("API/Posts/CoveringValidation/CovVal_26689", ["NomorRekeningSimpanan":norekSave, "CIFRekeningSimpanan":cif]))
2026-06-18 09:45:20.407 INFO  c.k.k.core.webservice.common.HarLogger   - HAR: C:\Users\ACER\git\AutoAPI\Reports\20260618_094020\API\Pembukuan\pembukuanAPI\20260618_094020\requests\main\CovVal_26689_87.har
2026-06-18 09:45:20.412 DEBUG testcase.CovVal_26689                    - 1: norekSave = data.getValue("NomorRekeningSimpanan", row)
2026-06-18 09:45:20.413 DEBUG testcase.CovVal_26689                    - 2: cif = data.getValue("CIFRekeningSimpanan", row)
2026-06-18 09:45:20.415 DEBUG testcase.CovVal_26689                    - 3: response = sendRequest(findTestObject("API/Posts/CoveringValidation/CovVal_26689", ["NomorRekeningSimpanan":norekSave, "CIFRekeningSimpanan":cif]))
2026-06-18 09:45:23.570 INFO  c.k.k.core.webservice.common.HarLogger   - HAR: C:\Users\ACER\git\AutoAPI\Reports\20260618_094020\API\Pembukuan\pembukuanAPI\20260618_094020\requests\main\CovVal_26689_88.har
2026-06-18 09:45:23.574 DEBUG testcase.CovVal_26689                    - 1: norekSave = data.getValue("NomorRekeningSimpanan", row)
2026-06-18 09:45:23.575 DEBUG testcase.CovVal_26689                    - 2: cif = data.getValue("CIFRekeningSimpanan", row)
2026-06-18 09:45:23.580 DEBUG testcase.CovVal_26689                    - 3: response = sendRequest(findTestObject("API/Posts/CoveringValidation/CovVal_26689", ["NomorRekeningSimpanan":norekSave, "CIFRekeningSimpanan":cif]))
2026-06-18 09:45:26.799 INFO  c.k.k.core.webservice.common.HarLogger   - HAR: C:\Users\ACER\git\AutoAPI\Reports\20260618_094020\API\Pembukuan\pembukuanAPI\20260618_094020\requests\main\CovVal_26689_89.har
2026-06-18 09:45:26.802 DEBUG testcase.CovVal_26689                    - 1: norekSave = data.getValue("NomorRekeningSimpanan", row)
2026-06-18 09:45:26.803 DEBUG testcase.CovVal_26689                    - 2: cif = data.getValue("CIFRekeningSimpanan", row)
2026-06-18 09:45:26.805 DEBUG testcase.CovVal_26689                    - 3: response = sendRequest(findTestObject("API/Posts/CoveringValidation/CovVal_26689", ["NomorRekeningSimpanan":norekSave, "CIFRekeningSimpanan":cif]))
2026-06-18 09:45:29.911 INFO  c.k.k.core.webservice.common.HarLogger   - HAR: C:\Users\ACER\git\AutoAPI\Reports\20260618_094020\API\Pembukuan\pembukuanAPI\20260618_094020\requests\main\CovVal_26689_90.har
2026-06-18 09:45:29.915 DEBUG testcase.CovVal_26689                    - 1: norekSave = data.getValue("NomorRekeningSimpanan", row)
2026-06-18 09:45:29.916 DEBUG testcase.CovVal_26689                    - 2: cif = data.getValue("CIFRekeningSimpanan", row)
2026-06-18 09:45:29.918 DEBUG testcase.CovVal_26689                    - 3: response = sendRequest(findTestObject("API/Posts/CoveringValidation/CovVal_26689", ["NomorRekeningSimpanan":norekSave, "CIFRekeningSimpanan":cif]))
2026-06-18 09:45:33.062 INFO  c.k.k.core.webservice.common.HarLogger   - HAR: C:\Users\ACER\git\AutoAPI\Reports\20260618_094020\API\Pembukuan\pembukuanAPI\20260618_094020\requests\main\CovVal_26689_91.har
2026-06-18 09:45:33.065 DEBUG testcase.CovVal_26689                    - 1: norekSave = data.getValue("NomorRekeningSimpanan", row)
2026-06-18 09:45:33.067 DEBUG testcase.CovVal_26689                    - 2: cif = data.getValue("CIFRekeningSimpanan", row)
2026-06-18 09:45:33.068 DEBUG testcase.CovVal_26689                    - 3: response = sendRequest(findTestObject("API/Posts/CoveringValidation/CovVal_26689", ["NomorRekeningSimpanan":norekSave, "CIFRekeningSimpanan":cif]))
2026-06-18 09:45:36.208 INFO  c.k.k.core.webservice.common.HarLogger   - HAR: C:\Users\ACER\git\AutoAPI\Reports\20260618_094020\API\Pembukuan\pembukuanAPI\20260618_094020\requests\main\CovVal_26689_92.har
2026-06-18 09:45:36.212 DEBUG testcase.CovVal_26689                    - 1: norekSave = data.getValue("NomorRekeningSimpanan", row)
2026-06-18 09:45:36.213 DEBUG testcase.CovVal_26689                    - 2: cif = data.getValue("CIFRekeningSimpanan", row)
2026-06-18 09:45:36.215 DEBUG testcase.CovVal_26689                    - 3: response = sendRequest(findTestObject("API/Posts/CoveringValidation/CovVal_26689", ["NomorRekeningSimpanan":norekSave, "CIFRekeningSimpanan":cif]))
2026-06-18 09:45:39.448 INFO  c.k.k.core.webservice.common.HarLogger   - HAR: C:\Users\ACER\git\AutoAPI\Reports\20260618_094020\API\Pembukuan\pembukuanAPI\20260618_094020\requests\main\CovVal_26689_93.har
2026-06-18 09:45:39.451 DEBUG testcase.CovVal_26689                    - 1: norekSave = data.getValue("NomorRekeningSimpanan", row)
2026-06-18 09:45:39.453 DEBUG testcase.CovVal_26689                    - 2: cif = data.getValue("CIFRekeningSimpanan", row)
2026-06-18 09:45:39.457 DEBUG testcase.CovVal_26689                    - 3: response = sendRequest(findTestObject("API/Posts/CoveringValidation/CovVal_26689", ["NomorRekeningSimpanan":norekSave, "CIFRekeningSimpanan":cif]))
2026-06-18 09:45:42.725 INFO  c.k.k.core.webservice.common.HarLogger   - HAR: C:\Users\ACER\git\AutoAPI\Reports\20260618_094020\API\Pembukuan\pembukuanAPI\20260618_094020\requests\main\CovVal_26689_94.har
2026-06-18 09:45:42.728 DEBUG testcase.CovVal_26689                    - 1: norekSave = data.getValue("NomorRekeningSimpanan", row)
2026-06-18 09:45:42.729 DEBUG testcase.CovVal_26689                    - 2: cif = data.getValue("CIFRekeningSimpanan", row)
2026-06-18 09:45:42.731 DEBUG testcase.CovVal_26689                    - 3: response = sendRequest(findTestObject("API/Posts/CoveringValidation/CovVal_26689", ["NomorRekeningSimpanan":norekSave, "CIFRekeningSimpanan":cif]))
2026-06-18 09:45:45.909 INFO  c.k.k.core.webservice.common.HarLogger   - HAR: C:\Users\ACER\git\AutoAPI\Reports\20260618_094020\API\Pembukuan\pembukuanAPI\20260618_094020\requests\main\CovVal_26689_95.har
2026-06-18 09:45:45.913 DEBUG testcase.CovVal_26689                    - 1: norekSave = data.getValue("NomorRekeningSimpanan", row)
2026-06-18 09:45:45.914 DEBUG testcase.CovVal_26689                    - 2: cif = data.getValue("CIFRekeningSimpanan", row)
2026-06-18 09:45:45.916 DEBUG testcase.CovVal_26689                    - 3: response = sendRequest(findTestObject("API/Posts/CoveringValidation/CovVal_26689", ["NomorRekeningSimpanan":norekSave, "CIFRekeningSimpanan":cif]))
2026-06-18 09:45:49.270 INFO  c.k.k.core.webservice.common.HarLogger   - HAR: C:\Users\ACER\git\AutoAPI\Reports\20260618_094020\API\Pembukuan\pembukuanAPI\20260618_094020\requests\main\CovVal_26689_96.har
2026-06-18 09:45:49.274 DEBUG testcase.CovVal_26689                    - 1: norekSave = data.getValue("NomorRekeningSimpanan", row)
2026-06-18 09:45:49.275 DEBUG testcase.CovVal_26689                    - 2: cif = data.getValue("CIFRekeningSimpanan", row)
2026-06-18 09:45:49.278 DEBUG testcase.CovVal_26689                    - 3: response = sendRequest(findTestObject("API/Posts/CoveringValidation/CovVal_26689", ["NomorRekeningSimpanan":norekSave, "CIFRekeningSimpanan":cif]))
2026-06-18 09:45:52.538 INFO  c.k.k.core.webservice.common.HarLogger   - HAR: C:\Users\ACER\git\AutoAPI\Reports\20260618_094020\API\Pembukuan\pembukuanAPI\20260618_094020\requests\main\CovVal_26689_97.har
2026-06-18 09:45:52.541 DEBUG testcase.CovVal_26689                    - 1: norekSave = data.getValue("NomorRekeningSimpanan", row)
2026-06-18 09:45:52.542 DEBUG testcase.CovVal_26689                    - 2: cif = data.getValue("CIFRekeningSimpanan", row)
2026-06-18 09:45:52.544 DEBUG testcase.CovVal_26689                    - 3: response = sendRequest(findTestObject("API/Posts/CoveringValidation/CovVal_26689", ["NomorRekeningSimpanan":norekSave, "CIFRekeningSimpanan":cif]))
2026-06-18 09:45:56.037 INFO  c.k.k.core.webservice.common.HarLogger   - HAR: C:\Users\ACER\git\AutoAPI\Reports\20260618_094020\API\Pembukuan\pembukuanAPI\20260618_094020\requests\main\CovVal_26689_98.har
2026-06-18 09:45:56.041 DEBUG testcase.CovVal_26689                    - 1: norekSave = data.getValue("NomorRekeningSimpanan", row)
2026-06-18 09:45:56.042 DEBUG testcase.CovVal_26689                    - 2: cif = data.getValue("CIFRekeningSimpanan", row)
2026-06-18 09:45:56.043 DEBUG testcase.CovVal_26689                    - 3: response = sendRequest(findTestObject("API/Posts/CoveringValidation/CovVal_26689", ["NomorRekeningSimpanan":norekSave, "CIFRekeningSimpanan":cif]))
2026-06-18 09:45:59.221 INFO  c.k.k.core.webservice.common.HarLogger   - HAR: C:\Users\ACER\git\AutoAPI\Reports\20260618_094020\API\Pembukuan\pembukuanAPI\20260618_094020\requests\main\CovVal_26689_99.har
2026-06-18 09:45:59.227 INFO  c.k.katalon.core.main.TestCaseExecutor   - END Test Cases/API/CoveringValidation/CovVal_26689
2026-06-18 09:45:59.240 INFO  c.k.katalon.core.main.TestCaseExecutor   - --------------------
2026-06-18 09:45:59.240 INFO  c.k.katalon.core.main.TestCaseExecutor   - START Test Cases/API/CoveringFlag/CovFlag_26689
2026-06-18 09:45:59.725 DEBUG testcase.CovVal_26689                    - 1: data = findTestData("Data Files/CoveringFlag/CoveringFlag")
2026-06-18 09:45:59.989 DEBUG testcase.CovVal_26689                    - 2: totalRow = data.getRowNumbers()
2026-06-18 09:46:00.013 DEBUG testcase.CovVal_26689                    - 3: println("Total Data : " + totalRow)
Total Data : 101
2026-06-18 09:46:00.082 DEBUG testcase.CovVal_26689                    - 4: for ([row = 1, row <= totalRow, (row++)])
2026-06-18 09:46:00.110 DEBUG testcase.CovVal_26689                    - 1: norekSave = data.getValue("NomorRekeningSimpanan", row)
2026-06-18 09:46:00.131 DEBUG testcase.CovVal_26689                    - 2: response = sendRequest(findTestObject("API/Posts/CoveringFlag/CovFlag_26689", ["NomorRekeningSimpanan":norekSave]))
2026-06-18 09:46:01.010 INFO  c.k.k.core.webservice.common.HarLogger   - HAR: C:\Users\ACER\git\AutoAPI\Reports\20260618_094020\API\Pembukuan\pembukuanAPI\20260618_094020\requests\main\CovFlag_26689_100.har
2026-06-18 09:46:01.018 DEBUG testcase.CovVal_26689                    - 3: println("==============================")
==============================
2026-06-18 09:46:01.024 DEBUG testcase.CovVal_26689                    - 4: println("Row                : " + row)
Row                : 1
2026-06-18 09:46:01.030 DEBUG testcase.CovVal_26689                    - 5: println("Nomor Rekening Simpanan   : " + norekSave)
Nomor Rekening Simpanan   : 202605252668910
2026-06-18 09:46:01.041 DEBUG testcase.CovVal_26689                    - 6: println("HTTP Status        : " + response.getStatusCode())
HTTP Status        : 200
2026-06-18 09:46:01.076 DEBUG testcase.CovVal_26689                    - 7: println("Response Body      : " + response.getResponseBodyContent())
Response Body      : {"ResponseCode":"00","ResponseDescription":"Success - Berhasil melakukan flagging data","ResponseException":"","TanggalMulaiCovering":"25\/05\/2026","TanggalAkhirCovering":"25\/05\/2027","NomorPeserta":"FRB12715610626000002","URLDokumenKepesertaan":"https:\/\/dev-brisurf.brins.co.id\/\/CovPr\/cd6b219839553393","OriginalCoveringFlagSuccessDate":"18\/06\/2026 09:46:00"}
2026-06-18 09:46:01.081 DEBUG testcase.CovVal_26689                    - 1: norekSave = data.getValue("NomorRekeningSimpanan", row)
2026-06-18 09:46:01.084 DEBUG testcase.CovVal_26689                    - 2: response = sendRequest(findTestObject("API/Posts/CoveringFlag/CovFlag_26689", ["NomorRekeningSimpanan":norekSave]))
2026-06-18 09:46:01.811 INFO  c.k.k.core.webservice.common.HarLogger   - HAR: C:\Users\ACER\git\AutoAPI\Reports\20260618_094020\API\Pembukuan\pembukuanAPI\20260618_094020\requests\main\CovFlag_26689_101.har
2026-06-18 09:46:01.817 DEBUG testcase.CovVal_26689                    - 3: println("==============================")
==============================
2026-06-18 09:46:01.819 DEBUG testcase.CovVal_26689                    - 4: println("Row                : " + row)
Row                : 2
2026-06-18 09:46:01.820 DEBUG testcase.CovVal_26689                    - 5: println("Nomor Rekening Simpanan   : " + norekSave)
Nomor Rekening Simpanan   : 202605252668911
2026-06-18 09:46:01.822 DEBUG testcase.CovVal_26689                    - 6: println("HTTP Status        : " + response.getStatusCode())
HTTP Status        : 200
2026-06-18 09:46:01.824 DEBUG testcase.CovVal_26689                    - 7: println("Response Body      : " + response.getResponseBodyContent())
Response Body      : {"ResponseCode":"00","ResponseDescription":"Success - Berhasil melakukan flagging data","ResponseException":"","TanggalMulaiCovering":"25\/05\/2026","TanggalAkhirCovering":"25\/05\/2027","NomorPeserta":"FRB12715610626000003","URLDokumenKepesertaan":"https:\/\/dev-brisurf.brins.co.id\/\/CovPr\/29c8a0e5223e13d9","OriginalCoveringFlagSuccessDate":"18\/06\/2026 09:46:01"}
2026-06-18 09:46:01.825 DEBUG testcase.CovVal_26689                    - 1: norekSave = data.getValue("NomorRekeningSimpanan", row)
2026-06-18 09:46:01.827 DEBUG testcase.CovVal_26689                    - 2: response = sendRequest(findTestObject("API/Posts/CoveringFlag/CovFlag_26689", ["NomorRekeningSimpanan":norekSave]))
2026-06-18 09:46:02.693 INFO  c.k.k.core.webservice.common.HarLogger   - HAR: C:\Users\ACER\git\AutoAPI\Reports\20260618_094020\API\Pembukuan\pembukuanAPI\20260618_094020\requests\main\CovFlag_26689_102.har
2026-06-18 09:46:02.697 DEBUG testcase.CovVal_26689                    - 3: println("==============================")
==============================
2026-06-18 09:46:02.700 DEBUG testcase.CovVal_26689                    - 4: println("Row                : " + row)
Row                : 3
2026-06-18 09:46:02.702 DEBUG testcase.CovVal_26689                    - 5: println("Nomor Rekening Simpanan   : " + norekSave)
Nomor Rekening Simpanan   : 202605252668912
2026-06-18 09:46:02.704 DEBUG testcase.CovVal_26689                    - 6: println("HTTP Status        : " + response.getStatusCode())
HTTP Status        : 200
2026-06-18 09:46:02.705 DEBUG testcase.CovVal_26689                    - 7: println("Response Body      : " + response.getResponseBodyContent())
Response Body      : {"ResponseCode":"00","ResponseDescription":"Success - Berhasil melakukan flagging data","ResponseException":"","TanggalMulaiCovering":"25\/05\/2026","TanggalAkhirCovering":"25\/05\/2027","NomorPeserta":"FRB12715610626000004","URLDokumenKepesertaan":"https:\/\/dev-brisurf.brins.co.id\/\/CovPr\/463bbbe3e2f5e017","OriginalCoveringFlagSuccessDate":"18\/06\/2026 09:46:02"}
2026-06-18 09:46:02.707 DEBUG testcase.CovVal_26689                    - 1: norekSave = data.getValue("NomorRekeningSimpanan", row)
2026-06-18 09:46:02.708 DEBUG testcase.CovVal_26689                    - 2: response = sendRequest(findTestObject("API/Posts/CoveringFlag/CovFlag_26689", ["NomorRekeningSimpanan":norekSave]))
2026-06-18 09:46:03.956 INFO  c.k.k.core.webservice.common.HarLogger   - HAR: C:\Users\ACER\git\AutoAPI\Reports\20260618_094020\API\Pembukuan\pembukuanAPI\20260618_094020\requests\main\CovFlag_26689_103.har
2026-06-18 09:46:03.959 DEBUG testcase.CovVal_26689                    - 3: println("==============================")
==============================
2026-06-18 09:46:03.961 DEBUG testcase.CovVal_26689                    - 4: println("Row                : " + row)
Row                : 4
2026-06-18 09:46:03.962 DEBUG testcase.CovVal_26689                    - 5: println("Nomor Rekening Simpanan   : " + norekSave)
Nomor Rekening Simpanan   : 202605252668913
2026-06-18 09:46:03.964 DEBUG testcase.CovVal_26689                    - 6: println("HTTP Status        : " + response.getStatusCode())
HTTP Status        : 200
2026-06-18 09:46:03.967 DEBUG testcase.CovVal_26689                    - 7: println("Response Body      : " + response.getResponseBodyContent())
Response Body      : {"ResponseCode":"00","ResponseDescription":"Success - Berhasil melakukan flagging data","ResponseException":"","TanggalMulaiCovering":"25\/05\/2026","TanggalAkhirCovering":"25\/05\/2027","NomorPeserta":"FRB12715610626000005","URLDokumenKepesertaan":"https:\/\/dev-brisurf.brins.co.id\/\/CovPr\/f8b9f726208b4534","OriginalCoveringFlagSuccessDate":"18\/06\/2026 09:46:03"}
2026-06-18 09:46:03.969 DEBUG testcase.CovVal_26689                    - 1: norekSave = data.getValue("NomorRekeningSimpanan", row)
2026-06-18 09:46:03.970 DEBUG testcase.CovVal_26689                    - 2: response = sendRequest(findTestObject("API/Posts/CoveringFlag/CovFlag_26689", ["NomorRekeningSimpanan":norekSave]))
2026-06-18 09:46:04.739 INFO  c.k.k.core.webservice.common.HarLogger   - HAR: C:\Users\ACER\git\AutoAPI\Reports\20260618_094020\API\Pembukuan\pembukuanAPI\20260618_094020\requests\main\CovFlag_26689_104.har
2026-06-18 09:46:04.742 DEBUG testcase.CovVal_26689                    - 3: println("==============================")
==============================
2026-06-18 09:46:04.743 DEBUG testcase.CovVal_26689                    - 4: println("Row                : " + row)
Row                : 5
2026-06-18 09:46:04.746 DEBUG testcase.CovVal_26689                    - 5: println("Nomor Rekening Simpanan   : " + norekSave)
Nomor Rekening Simpanan   : 202605252668914
2026-06-18 09:46:04.747 DEBUG testcase.CovVal_26689                    - 6: println("HTTP Status        : " + response.getStatusCode())
HTTP Status        : 200
2026-06-18 09:46:04.749 DEBUG testcase.CovVal_26689                    - 7: println("Response Body      : " + response.getResponseBodyContent())
Response Body      : {"ResponseCode":"00","ResponseDescription":"Success - Berhasil melakukan flagging data","ResponseException":"","TanggalMulaiCovering":"25\/05\/2026","TanggalAkhirCovering":"25\/05\/2027","NomorPeserta":"FRB12715610626000006","URLDokumenKepesertaan":"https:\/\/dev-brisurf.brins.co.id\/\/CovPr\/a90686148039c33b","OriginalCoveringFlagSuccessDate":"18\/06\/2026 09:46:04"}
2026-06-18 09:46:04.752 DEBUG testcase.CovVal_26689                    - 1: norekSave = data.getValue("NomorRekeningSimpanan", row)
2026-06-18 09:46:04.753 DEBUG testcase.CovVal_26689                    - 2: response = sendRequest(findTestObject("API/Posts/CoveringFlag/CovFlag_26689", ["NomorRekeningSimpanan":norekSave]))
2026-06-18 09:46:05.469 INFO  c.k.k.core.webservice.common.HarLogger   - HAR: C:\Users\ACER\git\AutoAPI\Reports\20260618_094020\API\Pembukuan\pembukuanAPI\20260618_094020\requests\main\CovFlag_26689_105.har
2026-06-18 09:46:05.472 DEBUG testcase.CovVal_26689                    - 3: println("==============================")
==============================
2026-06-18 09:46:05.473 DEBUG testcase.CovVal_26689                    - 4: println("Row                : " + row)
Row                : 6
2026-06-18 09:46:05.474 DEBUG testcase.CovVal_26689                    - 5: println("Nomor Rekening Simpanan   : " + norekSave)
Nomor Rekening Simpanan   : 202605252668915
2026-06-18 09:46:05.475 DEBUG testcase.CovVal_26689                    - 6: println("HTTP Status        : " + response.getStatusCode())
HTTP Status        : 200
2026-06-18 09:46:05.477 DEBUG testcase.CovVal_26689                    - 7: println("Response Body      : " + response.getResponseBodyContent())
Response Body      : {"ResponseCode":"00","ResponseDescription":"Success - Berhasil melakukan flagging data","ResponseException":"","TanggalMulaiCovering":"25\/05\/2026","TanggalAkhirCovering":"25\/05\/2027","NomorPeserta":"FRB12715610626000007","URLDokumenKepesertaan":"https:\/\/dev-brisurf.brins.co.id\/\/CovPr\/9785230c2f166d51","OriginalCoveringFlagSuccessDate":"18\/06\/2026 09:46:05"}
2026-06-18 09:46:05.478 DEBUG testcase.CovVal_26689                    - 1: norekSave = data.getValue("NomorRekeningSimpanan", row)
2026-06-18 09:46:05.480 DEBUG testcase.CovVal_26689                    - 2: response = sendRequest(findTestObject("API/Posts/CoveringFlag/CovFlag_26689", ["NomorRekeningSimpanan":norekSave]))
2026-06-18 09:46:06.199 INFO  c.k.k.core.webservice.common.HarLogger   - HAR: C:\Users\ACER\git\AutoAPI\Reports\20260618_094020\API\Pembukuan\pembukuanAPI\20260618_094020\requests\main\CovFlag_26689_106.har
2026-06-18 09:46:06.203 DEBUG testcase.CovVal_26689                    - 3: println("==============================")
==============================
2026-06-18 09:46:06.204 DEBUG testcase.CovVal_26689                    - 4: println("Row                : " + row)
Row                : 7
2026-06-18 09:46:06.205 DEBUG testcase.CovVal_26689                    - 5: println("Nomor Rekening Simpanan   : " + norekSave)
Nomor Rekening Simpanan   : 202605252668916
2026-06-18 09:46:06.207 DEBUG testcase.CovVal_26689                    - 6: println("HTTP Status        : " + response.getStatusCode())
HTTP Status        : 200
2026-06-18 09:46:06.208 DEBUG testcase.CovVal_26689                    - 7: println("Response Body      : " + response.getResponseBodyContent())
Response Body      : {"ResponseCode":"00","ResponseDescription":"Success - Berhasil melakukan flagging data","ResponseException":"","TanggalMulaiCovering":"25\/05\/2026","TanggalAkhirCovering":"25\/05\/2027","NomorPeserta":"FRB12715610626000008","URLDokumenKepesertaan":"https:\/\/dev-brisurf.brins.co.id\/\/CovPr\/517dc7778222c204","OriginalCoveringFlagSuccessDate":"18\/06\/2026 09:46:06"}
2026-06-18 09:46:06.210 DEBUG testcase.CovVal_26689                    - 1: norekSave = data.getValue("NomorRekeningSimpanan", row)
2026-06-18 09:46:06.211 DEBUG testcase.CovVal_26689                    - 2: response = sendRequest(findTestObject("API/Posts/CoveringFlag/CovFlag_26689", ["NomorRekeningSimpanan":norekSave]))
2026-06-18 09:46:06.969 INFO  c.k.k.core.webservice.common.HarLogger   - HAR: C:\Users\ACER\git\AutoAPI\Reports\20260618_094020\API\Pembukuan\pembukuanAPI\20260618_094020\requests\main\CovFlag_26689_107.har
2026-06-18 09:46:06.973 DEBUG testcase.CovVal_26689                    - 3: println("==============================")
==============================
2026-06-18 09:46:06.974 DEBUG testcase.CovVal_26689                    - 4: println("Row                : " + row)
Row                : 8
2026-06-18 09:46:06.975 DEBUG testcase.CovVal_26689                    - 5: println("Nomor Rekening Simpanan   : " + norekSave)
Nomor Rekening Simpanan   : 202605252668917
2026-06-18 09:46:06.978 DEBUG testcase.CovVal_26689                    - 6: println("HTTP Status        : " + response.getStatusCode())
HTTP Status        : 200
2026-06-18 09:46:06.980 DEBUG testcase.CovVal_26689                    - 7: println("Response Body      : " + response.getResponseBodyContent())
Response Body      : {"ResponseCode":"00","ResponseDescription":"Success - Berhasil melakukan flagging data","ResponseException":"","TanggalMulaiCovering":"25\/05\/2026","TanggalAkhirCovering":"25\/05\/2027","NomorPeserta":"FRB12715610626000009","URLDokumenKepesertaan":"https:\/\/dev-brisurf.brins.co.id\/\/CovPr\/c66ea1679ad09b34","OriginalCoveringFlagSuccessDate":"18\/06\/2026 09:46:06"}
2026-06-18 09:46:06.983 DEBUG testcase.CovVal_26689                    - 1: norekSave = data.getValue("NomorRekeningSimpanan", row)
2026-06-18 09:46:06.985 DEBUG testcase.CovVal_26689                    - 2: response = sendRequest(findTestObject("API/Posts/CoveringFlag/CovFlag_26689", ["NomorRekeningSimpanan":norekSave]))
2026-06-18 09:46:07.754 INFO  c.k.k.core.webservice.common.HarLogger   - HAR: C:\Users\ACER\git\AutoAPI\Reports\20260618_094020\API\Pembukuan\pembukuanAPI\20260618_094020\requests\main\CovFlag_26689_108.har
2026-06-18 09:46:07.757 DEBUG testcase.CovVal_26689                    - 3: println("==============================")
==============================
2026-06-18 09:46:07.758 DEBUG testcase.CovVal_26689                    - 4: println("Row                : " + row)
Row                : 9
2026-06-18 09:46:07.760 DEBUG testcase.CovVal_26689                    - 5: println("Nomor Rekening Simpanan   : " + norekSave)
Nomor Rekening Simpanan   : 202605252668918
2026-06-18 09:46:07.761 DEBUG testcase.CovVal_26689                    - 6: println("HTTP Status        : " + response.getStatusCode())
HTTP Status        : 200
2026-06-18 09:46:07.762 DEBUG testcase.CovVal_26689                    - 7: println("Response Body      : " + response.getResponseBodyContent())
Response Body      : {"ResponseCode":"00","ResponseDescription":"Success - Berhasil melakukan flagging data","ResponseException":"","TanggalMulaiCovering":"25\/05\/2026","TanggalAkhirCovering":"25\/05\/2027","NomorPeserta":"FRB12715610626000010","URLDokumenKepesertaan":"https:\/\/dev-brisurf.brins.co.id\/\/CovPr\/5da480e492d0900f","OriginalCoveringFlagSuccessDate":"18\/06\/2026 09:46:07"}
2026-06-18 09:46:07.764 DEBUG testcase.CovVal_26689                    - 1: norekSave = data.getValue("NomorRekeningSimpanan", row)
2026-06-18 09:46:07.766 DEBUG testcase.CovVal_26689                    - 2: response = sendRequest(findTestObject("API/Posts/CoveringFlag/CovFlag_26689", ["NomorRekeningSimpanan":norekSave]))
2026-06-18 09:46:08.517 INFO  c.k.k.core.webservice.common.HarLogger   - HAR: C:\Users\ACER\git\AutoAPI\Reports\20260618_094020\API\Pembukuan\pembukuanAPI\20260618_094020\requests\main\CovFlag_26689_109.har
2026-06-18 09:46:08.520 DEBUG testcase.CovVal_26689                    - 3: println("==============================")
==============================
2026-06-18 09:46:08.522 DEBUG testcase.CovVal_26689                    - 4: println("Row                : " + row)
Row                : 10
2026-06-18 09:46:08.523 DEBUG testcase.CovVal_26689                    - 5: println("Nomor Rekening Simpanan   : " + norekSave)
Nomor Rekening Simpanan   : 202605252668919
2026-06-18 09:46:08.524 DEBUG testcase.CovVal_26689                    - 6: println("HTTP Status        : " + response.getStatusCode())
HTTP Status        : 200
2026-06-18 09:46:08.526 DEBUG testcase.CovVal_26689                    - 7: println("Response Body      : " + response.getResponseBodyContent())
Response Body      : {"ResponseCode":"00","ResponseDescription":"Success - Berhasil melakukan flagging data","ResponseException":"","TanggalMulaiCovering":"25\/05\/2026","TanggalAkhirCovering":"25\/05\/2027","NomorPeserta":"FRB12715610626000011","URLDokumenKepesertaan":"https:\/\/dev-brisurf.brins.co.id\/\/CovPr\/0d4f244d6190d25f","OriginalCoveringFlagSuccessDate":"18\/06\/2026 09:46:08"}
2026-06-18 09:46:08.527 DEBUG testcase.CovVal_26689                    - 1: norekSave = data.getValue("NomorRekeningSimpanan", row)
2026-06-18 09:46:08.529 DEBUG testcase.CovVal_26689                    - 2: response = sendRequest(findTestObject("API/Posts/CoveringFlag/CovFlag_26689", ["NomorRekeningSimpanan":norekSave]))
2026-06-18 09:46:09.250 INFO  c.k.k.core.webservice.common.HarLogger   - HAR: C:\Users\ACER\git\AutoAPI\Reports\20260618_094020\API\Pembukuan\pembukuanAPI\20260618_094020\requests\main\CovFlag_26689_110.har
2026-06-18 09:46:09.253 DEBUG testcase.CovVal_26689                    - 3: println("==============================")
==============================
2026-06-18 09:46:09.255 DEBUG testcase.CovVal_26689                    - 4: println("Row                : " + row)
Row                : 11
2026-06-18 09:46:09.256 DEBUG testcase.CovVal_26689                    - 5: println("Nomor Rekening Simpanan   : " + norekSave)
Nomor Rekening Simpanan   : 202605252668920
2026-06-18 09:46:09.257 DEBUG testcase.CovVal_26689                    - 6: println("HTTP Status        : " + response.getStatusCode())
HTTP Status        : 200
2026-06-18 09:46:09.259 DEBUG testcase.CovVal_26689                    - 7: println("Response Body      : " + response.getResponseBodyContent())
Response Body      : {"ResponseCode":"00","ResponseDescription":"Success - Berhasil melakukan flagging data","ResponseException":"","TanggalMulaiCovering":"25\/05\/2026","TanggalAkhirCovering":"25\/05\/2027","NomorPeserta":"FRB12715610626000012","URLDokumenKepesertaan":"https:\/\/dev-brisurf.brins.co.id\/\/CovPr\/b093aa5cdc36e372","OriginalCoveringFlagSuccessDate":"18\/06\/2026 09:46:09"}
2026-06-18 09:46:09.260 DEBUG testcase.CovVal_26689                    - 1: norekSave = data.getValue("NomorRekeningSimpanan", row)
2026-06-18 09:46:09.261 DEBUG testcase.CovVal_26689                    - 2: response = sendRequest(findTestObject("API/Posts/CoveringFlag/CovFlag_26689", ["NomorRekeningSimpanan":norekSave]))
2026-06-18 09:46:10.066 INFO  c.k.k.core.webservice.common.HarLogger   - HAR: C:\Users\ACER\git\AutoAPI\Reports\20260618_094020\API\Pembukuan\pembukuanAPI\20260618_094020\requests\main\CovFlag_26689_111.har
2026-06-18 09:46:10.069 DEBUG testcase.CovVal_26689                    - 3: println("==============================")
==============================
2026-06-18 09:46:10.071 DEBUG testcase.CovVal_26689                    - 4: println("Row                : " + row)
Row                : 12
2026-06-18 09:46:10.073 DEBUG testcase.CovVal_26689                    - 5: println("Nomor Rekening Simpanan   : " + norekSave)
Nomor Rekening Simpanan   : 202605252668921
2026-06-18 09:46:10.075 DEBUG testcase.CovVal_26689                    - 6: println("HTTP Status        : " + response.getStatusCode())
HTTP Status        : 200
2026-06-18 09:46:10.077 DEBUG testcase.CovVal_26689                    - 7: println("Response Body      : " + response.getResponseBodyContent())
Response Body      : {"ResponseCode":"00","ResponseDescription":"Success - Berhasil melakukan flagging data","ResponseException":"","TanggalMulaiCovering":"25\/05\/2026","TanggalAkhirCovering":"25\/05\/2027","NomorPeserta":"FRB12715610626000013","URLDokumenKepesertaan":"https:\/\/dev-brisurf.brins.co.id\/\/CovPr\/09b48ae761913a63","OriginalCoveringFlagSuccessDate":"18\/06\/2026 09:46:09"}
2026-06-18 09:46:10.078 DEBUG testcase.CovVal_26689                    - 1: norekSave = data.getValue("NomorRekeningSimpanan", row)
2026-06-18 09:46:10.079 DEBUG testcase.CovVal_26689                    - 2: response = sendRequest(findTestObject("API/Posts/CoveringFlag/CovFlag_26689", ["NomorRekeningSimpanan":norekSave]))
2026-06-18 09:46:10.814 INFO  c.k.k.core.webservice.common.HarLogger   - HAR: C:\Users\ACER\git\AutoAPI\Reports\20260618_094020\API\Pembukuan\pembukuanAPI\20260618_094020\requests\main\CovFlag_26689_112.har
2026-06-18 09:46:10.818 DEBUG testcase.CovVal_26689                    - 3: println("==============================")
==============================
2026-06-18 09:46:10.819 DEBUG testcase.CovVal_26689                    - 4: println("Row                : " + row)
Row                : 13
2026-06-18 09:46:10.820 DEBUG testcase.CovVal_26689                    - 5: println("Nomor Rekening Simpanan   : " + norekSave)
Nomor Rekening Simpanan   : 202605252668922
2026-06-18 09:46:10.822 DEBUG testcase.CovVal_26689                    - 6: println("HTTP Status        : " + response.getStatusCode())
HTTP Status        : 200
2026-06-18 09:46:10.823 DEBUG testcase.CovVal_26689                    - 7: println("Response Body      : " + response.getResponseBodyContent())
Response Body      : {"ResponseCode":"00","ResponseDescription":"Success - Berhasil melakukan flagging data","ResponseException":"","TanggalMulaiCovering":"25\/05\/2026","TanggalAkhirCovering":"25\/05\/2027","NomorPeserta":"FRB12715610626000014","URLDokumenKepesertaan":"https:\/\/dev-brisurf.brins.co.id\/\/CovPr\/ed3aa1e8a0d3a46d","OriginalCoveringFlagSuccessDate":"18\/06\/2026 09:46:10"}
2026-06-18 09:46:10.824 DEBUG testcase.CovVal_26689                    - 1: norekSave = data.getValue("NomorRekeningSimpanan", row)
2026-06-18 09:46:10.826 DEBUG testcase.CovVal_26689                    - 2: response = sendRequest(findTestObject("API/Posts/CoveringFlag/CovFlag_26689", ["NomorRekeningSimpanan":norekSave]))
2026-06-18 09:46:11.534 INFO  c.k.k.core.webservice.common.HarLogger   - HAR: C:\Users\ACER\git\AutoAPI\Reports\20260618_094020\API\Pembukuan\pembukuanAPI\20260618_094020\requests\main\CovFlag_26689_113.har
2026-06-18 09:46:11.536 DEBUG testcase.CovVal_26689                    - 3: println("==============================")
==============================
2026-06-18 09:46:11.538 DEBUG testcase.CovVal_26689                    - 4: println("Row                : " + row)
Row                : 14
2026-06-18 09:46:11.539 DEBUG testcase.CovVal_26689                    - 5: println("Nomor Rekening Simpanan   : " + norekSave)
Nomor Rekening Simpanan   : 202605252668923
2026-06-18 09:46:11.540 DEBUG testcase.CovVal_26689                    - 6: println("HTTP Status        : " + response.getStatusCode())
HTTP Status        : 200
2026-06-18 09:46:11.541 DEBUG testcase.CovVal_26689                    - 7: println("Response Body      : " + response.getResponseBodyContent())
Response Body      : {"ResponseCode":"00","ResponseDescription":"Success - Berhasil melakukan flagging data","ResponseException":"","TanggalMulaiCovering":"25\/05\/2026","TanggalAkhirCovering":"25\/05\/2027","NomorPeserta":"FRB12715610626000015","URLDokumenKepesertaan":"https:\/\/dev-brisurf.brins.co.id\/\/CovPr\/82944892c14e1473","OriginalCoveringFlagSuccessDate":"18\/06\/2026 09:46:11"}
2026-06-18 09:46:11.543 DEBUG testcase.CovVal_26689                    - 1: norekSave = data.getValue("NomorRekeningSimpanan", row)
2026-06-18 09:46:11.544 DEBUG testcase.CovVal_26689                    - 2: response = sendRequest(findTestObject("API/Posts/CoveringFlag/CovFlag_26689", ["NomorRekeningSimpanan":norekSave]))
2026-06-18 09:46:12.312 INFO  c.k.k.core.webservice.common.HarLogger   - HAR: C:\Users\ACER\git\AutoAPI\Reports\20260618_094020\API\Pembukuan\pembukuanAPI\20260618_094020\requests\main\CovFlag_26689_114.har
2026-06-18 09:46:12.318 DEBUG testcase.CovVal_26689                    - 3: println("==============================")
==============================
2026-06-18 09:46:12.319 DEBUG testcase.CovVal_26689                    - 4: println("Row                : " + row)
Row                : 15
2026-06-18 09:46:12.321 DEBUG testcase.CovVal_26689                    - 5: println("Nomor Rekening Simpanan   : " + norekSave)
Nomor Rekening Simpanan   : 202605252668924
2026-06-18 09:46:12.322 DEBUG testcase.CovVal_26689                    - 6: println("HTTP Status        : " + response.getStatusCode())
HTTP Status        : 200
2026-06-18 09:46:12.324 DEBUG testcase.CovVal_26689                    - 7: println("Response Body      : " + response.getResponseBodyContent())
Response Body      : {"ResponseCode":"00","ResponseDescription":"Success - Berhasil melakukan flagging data","ResponseException":"","TanggalMulaiCovering":"25\/05\/2026","TanggalAkhirCovering":"25\/05\/2027","NomorPeserta":"FRB12715610626000016","URLDokumenKepesertaan":"https:\/\/dev-brisurf.brins.co.id\/\/CovPr\/fd92210944bd3b16","OriginalCoveringFlagSuccessDate":"18\/06\/2026 09:46:12"}
2026-06-18 09:46:12.325 DEBUG testcase.CovVal_26689                    - 1: norekSave = data.getValue("NomorRekeningSimpanan", row)
2026-06-18 09:46:12.326 DEBUG testcase.CovVal_26689                    - 2: response = sendRequest(findTestObject("API/Posts/CoveringFlag/CovFlag_26689", ["NomorRekeningSimpanan":norekSave]))
2026-06-18 09:46:13.060 INFO  c.k.k.core.webservice.common.HarLogger   - HAR: C:\Users\ACER\git\AutoAPI\Reports\20260618_094020\API\Pembukuan\pembukuanAPI\20260618_094020\requests\main\CovFlag_26689_115.har
2026-06-18 09:46:13.065 DEBUG testcase.CovVal_26689                    - 3: println("==============================")
==============================
2026-06-18 09:46:13.066 DEBUG testcase.CovVal_26689                    - 4: println("Row                : " + row)
Row                : 16
2026-06-18 09:46:13.067 DEBUG testcase.CovVal_26689                    - 5: println("Nomor Rekening Simpanan   : " + norekSave)
Nomor Rekening Simpanan   : 202605252668925
2026-06-18 09:46:13.068 DEBUG testcase.CovVal_26689                    - 6: println("HTTP Status        : " + response.getStatusCode())
HTTP Status        : 200
2026-06-18 09:46:13.069 DEBUG testcase.CovVal_26689                    - 7: println("Response Body      : " + response.getResponseBodyContent())
Response Body      : {"ResponseCode":"00","ResponseDescription":"Success - Berhasil melakukan flagging data","ResponseException":"","TanggalMulaiCovering":"25\/05\/2026","TanggalAkhirCovering":"25\/05\/2027","NomorPeserta":"FRB12715610626000017","URLDokumenKepesertaan":"https:\/\/dev-brisurf.brins.co.id\/\/CovPr\/0f3066f0b240e752","OriginalCoveringFlagSuccessDate":"18\/06\/2026 09:46:12"}
2026-06-18 09:46:13.070 DEBUG testcase.CovVal_26689                    - 1: norekSave = data.getValue("NomorRekeningSimpanan", row)
2026-06-18 09:46:13.071 DEBUG testcase.CovVal_26689                    - 2: response = sendRequest(findTestObject("API/Posts/CoveringFlag/CovFlag_26689", ["NomorRekeningSimpanan":norekSave]))
2026-06-18 09:46:13.798 INFO  c.k.k.core.webservice.common.HarLogger   - HAR: C:\Users\ACER\git\AutoAPI\Reports\20260618_094020\API\Pembukuan\pembukuanAPI\20260618_094020\requests\main\CovFlag_26689_116.har
2026-06-18 09:46:13.802 DEBUG testcase.CovVal_26689                    - 3: println("==============================")
==============================
2026-06-18 09:46:13.803 DEBUG testcase.CovVal_26689                    - 4: println("Row                : " + row)
Row                : 17
2026-06-18 09:46:13.804 DEBUG testcase.CovVal_26689                    - 5: println("Nomor Rekening Simpanan   : " + norekSave)
Nomor Rekening Simpanan   : 202605252668926
2026-06-18 09:46:13.806 DEBUG testcase.CovVal_26689                    - 6: println("HTTP Status        : " + response.getStatusCode())
HTTP Status        : 200
2026-06-18 09:46:13.808 DEBUG testcase.CovVal_26689                    - 7: println("Response Body      : " + response.getResponseBodyContent())
Response Body      : {"ResponseCode":"00","ResponseDescription":"Success - Berhasil melakukan flagging data","ResponseException":"","TanggalMulaiCovering":"25\/05\/2026","TanggalAkhirCovering":"25\/05\/2027","NomorPeserta":"FRB12715610626000018","URLDokumenKepesertaan":"https:\/\/dev-brisurf.brins.co.id\/\/CovPr\/80353b325ad3f042","OriginalCoveringFlagSuccessDate":"18\/06\/2026 09:46:13"}
2026-06-18 09:46:13.810 DEBUG testcase.CovVal_26689                    - 1: norekSave = data.getValue("NomorRekeningSimpanan", row)
2026-06-18 09:46:13.815 DEBUG testcase.CovVal_26689                    - 2: response = sendRequest(findTestObject("API/Posts/CoveringFlag/CovFlag_26689", ["NomorRekeningSimpanan":norekSave]))
2026-06-18 09:46:14.533 INFO  c.k.k.core.webservice.common.HarLogger   - HAR: C:\Users\ACER\git\AutoAPI\Reports\20260618_094020\API\Pembukuan\pembukuanAPI\20260618_094020\requests\main\CovFlag_26689_117.har
2026-06-18 09:46:14.536 DEBUG testcase.CovVal_26689                    - 3: println("==============================")
==============================
2026-06-18 09:46:14.537 DEBUG testcase.CovVal_26689                    - 4: println("Row                : " + row)
Row                : 18
2026-06-18 09:46:14.538 DEBUG testcase.CovVal_26689                    - 5: println("Nomor Rekening Simpanan   : " + norekSave)
Nomor Rekening Simpanan   : 202605252668927
2026-06-18 09:46:14.539 DEBUG testcase.CovVal_26689                    - 6: println("HTTP Status        : " + response.getStatusCode())
HTTP Status        : 200
2026-06-18 09:46:14.540 DEBUG testcase.CovVal_26689                    - 7: println("Response Body      : " + response.getResponseBodyContent())
Response Body      : {"ResponseCode":"00","ResponseDescription":"Success - Berhasil melakukan flagging data","ResponseException":"","TanggalMulaiCovering":"25\/05\/2026","TanggalAkhirCovering":"25\/05\/2027","NomorPeserta":"FRB12715610626000019","URLDokumenKepesertaan":"https:\/\/dev-brisurf.brins.co.id\/\/CovPr\/83ccebfb9710b026","OriginalCoveringFlagSuccessDate":"18\/06\/2026 09:46:14"}
2026-06-18 09:46:14.542 DEBUG testcase.CovVal_26689                    - 1: norekSave = data.getValue("NomorRekeningSimpanan", row)
2026-06-18 09:46:14.543 DEBUG testcase.CovVal_26689                    - 2: response = sendRequest(findTestObject("API/Posts/CoveringFlag/CovFlag_26689", ["NomorRekeningSimpanan":norekSave]))
2026-06-18 09:46:15.291 INFO  c.k.k.core.webservice.common.HarLogger   - HAR: C:\Users\ACER\git\AutoAPI\Reports\20260618_094020\API\Pembukuan\pembukuanAPI\20260618_094020\requests\main\CovFlag_26689_118.har
2026-06-18 09:46:15.294 DEBUG testcase.CovVal_26689                    - 3: println("==============================")
==============================
2026-06-18 09:46:15.297 DEBUG testcase.CovVal_26689                    - 4: println("Row                : " + row)
Row                : 19
2026-06-18 09:46:15.299 DEBUG testcase.CovVal_26689                    - 5: println("Nomor Rekening Simpanan   : " + norekSave)
Nomor Rekening Simpanan   : 202605252668928
2026-06-18 09:46:15.300 DEBUG testcase.CovVal_26689                    - 6: println("HTTP Status        : " + response.getStatusCode())
HTTP Status        : 200
2026-06-18 09:46:15.301 DEBUG testcase.CovVal_26689                    - 7: println("Response Body      : " + response.getResponseBodyContent())
Response Body      : {"ResponseCode":"00","ResponseDescription":"Success - Berhasil melakukan flagging data","ResponseException":"","TanggalMulaiCovering":"25\/05\/2026","TanggalAkhirCovering":"25\/05\/2027","NomorPeserta":"FRB12715610626000020","URLDokumenKepesertaan":"https:\/\/dev-brisurf.brins.co.id\/\/CovPr\/8c12dc86b7a5efd6","OriginalCoveringFlagSuccessDate":"18\/06\/2026 09:46:15"}
2026-06-18 09:46:15.303 DEBUG testcase.CovVal_26689                    - 1: norekSave = data.getValue("NomorRekeningSimpanan", row)
2026-06-18 09:46:15.304 DEBUG testcase.CovVal_26689                    - 2: response = sendRequest(findTestObject("API/Posts/CoveringFlag/CovFlag_26689", ["NomorRekeningSimpanan":norekSave]))
2026-06-18 09:46:16.014 INFO  c.k.k.core.webservice.common.HarLogger   - HAR: C:\Users\ACER\git\AutoAPI\Reports\20260618_094020\API\Pembukuan\pembukuanAPI\20260618_094020\requests\main\CovFlag_26689_119.har
2026-06-18 09:46:16.017 DEBUG testcase.CovVal_26689                    - 3: println("==============================")
==============================
2026-06-18 09:46:16.019 DEBUG testcase.CovVal_26689                    - 4: println("Row                : " + row)
Row                : 20
2026-06-18 09:46:16.020 DEBUG testcase.CovVal_26689                    - 5: println("Nomor Rekening Simpanan   : " + norekSave)
Nomor Rekening Simpanan   : 202605252668929
2026-06-18 09:46:16.021 DEBUG testcase.CovVal_26689                    - 6: println("HTTP Status        : " + response.getStatusCode())
HTTP Status        : 200
2026-06-18 09:46:16.022 DEBUG testcase.CovVal_26689                    - 7: println("Response Body      : " + response.getResponseBodyContent())
Response Body      : {"ResponseCode":"00","ResponseDescription":"Success - Berhasil melakukan flagging data","ResponseException":"","TanggalMulaiCovering":"25\/05\/2026","TanggalAkhirCovering":"25\/05\/2027","NomorPeserta":"FRB12715610626000021","URLDokumenKepesertaan":"https:\/\/dev-brisurf.brins.co.id\/\/CovPr\/5a291742a1d5790c","OriginalCoveringFlagSuccessDate":"18\/06\/2026 09:46:15"}
2026-06-18 09:46:16.023 DEBUG testcase.CovVal_26689                    - 1: norekSave = data.getValue("NomorRekeningSimpanan", row)
2026-06-18 09:46:16.025 DEBUG testcase.CovVal_26689                    - 2: response = sendRequest(findTestObject("API/Posts/CoveringFlag/CovFlag_26689", ["NomorRekeningSimpanan":norekSave]))
2026-06-18 09:46:16.824 INFO  c.k.k.core.webservice.common.HarLogger   - HAR: C:\Users\ACER\git\AutoAPI\Reports\20260618_094020\API\Pembukuan\pembukuanAPI\20260618_094020\requests\main\CovFlag_26689_120.har
2026-06-18 09:46:16.827 DEBUG testcase.CovVal_26689                    - 3: println("==============================")
==============================
2026-06-18 09:46:16.830 DEBUG testcase.CovVal_26689                    - 4: println("Row                : " + row)
Row                : 21
2026-06-18 09:46:16.831 DEBUG testcase.CovVal_26689                    - 5: println("Nomor Rekening Simpanan   : " + norekSave)
Nomor Rekening Simpanan   : 202605252668930
2026-06-18 09:46:16.832 DEBUG testcase.CovVal_26689                    - 6: println("HTTP Status        : " + response.getStatusCode())
HTTP Status        : 200
2026-06-18 09:46:16.833 DEBUG testcase.CovVal_26689                    - 7: println("Response Body      : " + response.getResponseBodyContent())
Response Body      : {"ResponseCode":"00","ResponseDescription":"Success - Berhasil melakukan flagging data","ResponseException":"","TanggalMulaiCovering":"25\/05\/2026","TanggalAkhirCovering":"25\/05\/2027","NomorPeserta":"FRB12715610626000022","URLDokumenKepesertaan":"https:\/\/dev-brisurf.brins.co.id\/\/CovPr\/6f22131cef4c260a","OriginalCoveringFlagSuccessDate":"18\/06\/2026 09:46:16"}
2026-06-18 09:46:16.834 DEBUG testcase.CovVal_26689                    - 1: norekSave = data.getValue("NomorRekeningSimpanan", row)
2026-06-18 09:46:16.835 DEBUG testcase.CovVal_26689                    - 2: response = sendRequest(findTestObject("API/Posts/CoveringFlag/CovFlag_26689", ["NomorRekeningSimpanan":norekSave]))
2026-06-18 09:46:17.558 INFO  c.k.k.core.webservice.common.HarLogger   - HAR: C:\Users\ACER\git\AutoAPI\Reports\20260618_094020\API\Pembukuan\pembukuanAPI\20260618_094020\requests\main\CovFlag_26689_121.har
2026-06-18 09:46:17.561 DEBUG testcase.CovVal_26689                    - 3: println("==============================")
==============================
2026-06-18 09:46:17.564 DEBUG testcase.CovVal_26689                    - 4: println("Row                : " + row)
Row                : 22
2026-06-18 09:46:17.565 DEBUG testcase.CovVal_26689                    - 5: println("Nomor Rekening Simpanan   : " + norekSave)
Nomor Rekening Simpanan   : 202605252668931
2026-06-18 09:46:17.566 DEBUG testcase.CovVal_26689                    - 6: println("HTTP Status        : " + response.getStatusCode())
HTTP Status        : 200
2026-06-18 09:46:17.568 DEBUG testcase.CovVal_26689                    - 7: println("Response Body      : " + response.getResponseBodyContent())
Response Body      : {"ResponseCode":"00","ResponseDescription":"Success - Berhasil melakukan flagging data","ResponseException":"","TanggalMulaiCovering":"25\/05\/2026","TanggalAkhirCovering":"25\/05\/2027","NomorPeserta":"FRB12715610626000023","URLDokumenKepesertaan":"https:\/\/dev-brisurf.brins.co.id\/\/CovPr\/eea466ba3c526f14","OriginalCoveringFlagSuccessDate":"18\/06\/2026 09:46:17"}
2026-06-18 09:46:17.569 DEBUG testcase.CovVal_26689                    - 1: norekSave = data.getValue("NomorRekeningSimpanan", row)
2026-06-18 09:46:17.570 DEBUG testcase.CovVal_26689                    - 2: response = sendRequest(findTestObject("API/Posts/CoveringFlag/CovFlag_26689", ["NomorRekeningSimpanan":norekSave]))
2026-06-18 09:46:18.305 INFO  c.k.k.core.webservice.common.HarLogger   - HAR: C:\Users\ACER\git\AutoAPI\Reports\20260618_094020\API\Pembukuan\pembukuanAPI\20260618_094020\requests\main\CovFlag_26689_122.har
2026-06-18 09:46:18.308 DEBUG testcase.CovVal_26689                    - 3: println("==============================")
==============================
2026-06-18 09:46:18.309 DEBUG testcase.CovVal_26689                    - 4: println("Row                : " + row)
Row                : 23
2026-06-18 09:46:18.310 DEBUG testcase.CovVal_26689                    - 5: println("Nomor Rekening Simpanan   : " + norekSave)
Nomor Rekening Simpanan   : 202605252668932
2026-06-18 09:46:18.313 DEBUG testcase.CovVal_26689                    - 6: println("HTTP Status        : " + response.getStatusCode())
HTTP Status        : 200
2026-06-18 09:46:18.314 DEBUG testcase.CovVal_26689                    - 7: println("Response Body      : " + response.getResponseBodyContent())
Response Body      : {"ResponseCode":"00","ResponseDescription":"Success - Berhasil melakukan flagging data","ResponseException":"","TanggalMulaiCovering":"25\/05\/2026","TanggalAkhirCovering":"25\/05\/2027","NomorPeserta":"FRB12715610626000024","URLDokumenKepesertaan":"https:\/\/dev-brisurf.brins.co.id\/\/CovPr\/eeb330d8daa08949","OriginalCoveringFlagSuccessDate":"18\/06\/2026 09:46:18"}
2026-06-18 09:46:18.316 DEBUG testcase.CovVal_26689                    - 1: norekSave = data.getValue("NomorRekeningSimpanan", row)
2026-06-18 09:46:18.317 DEBUG testcase.CovVal_26689                    - 2: response = sendRequest(findTestObject("API/Posts/CoveringFlag/CovFlag_26689", ["NomorRekeningSimpanan":norekSave]))
2026-06-18 09:46:19.083 INFO  c.k.k.core.webservice.common.HarLogger   - HAR: C:\Users\ACER\git\AutoAPI\Reports\20260618_094020\API\Pembukuan\pembukuanAPI\20260618_094020\requests\main\CovFlag_26689_123.har
2026-06-18 09:46:19.086 DEBUG testcase.CovVal_26689                    - 3: println("==============================")
==============================
2026-06-18 09:46:19.087 DEBUG testcase.CovVal_26689                    - 4: println("Row                : " + row)
Row                : 24
2026-06-18 09:46:19.088 DEBUG testcase.CovVal_26689                    - 5: println("Nomor Rekening Simpanan   : " + norekSave)
Nomor Rekening Simpanan   : 202605252668933
2026-06-18 09:46:19.089 DEBUG testcase.CovVal_26689                    - 6: println("HTTP Status        : " + response.getStatusCode())
HTTP Status        : 200
2026-06-18 09:46:19.090 DEBUG testcase.CovVal_26689                    - 7: println("Response Body      : " + response.getResponseBodyContent())
Response Body      : {"ResponseCode":"00","ResponseDescription":"Success - Berhasil melakukan flagging data","ResponseException":"","TanggalMulaiCovering":"25\/05\/2026","TanggalAkhirCovering":"25\/05\/2027","NomorPeserta":"FRB12715610626000025","URLDokumenKepesertaan":"https:\/\/dev-brisurf.brins.co.id\/\/CovPr\/96445bdf3b96e4ad","OriginalCoveringFlagSuccessDate":"18\/06\/2026 09:46:18"}
2026-06-18 09:46:19.092 DEBUG testcase.CovVal_26689                    - 1: norekSave = data.getValue("NomorRekeningSimpanan", row)
2026-06-18 09:46:19.093 DEBUG testcase.CovVal_26689                    - 2: response = sendRequest(findTestObject("API/Posts/CoveringFlag/CovFlag_26689", ["NomorRekeningSimpanan":norekSave]))
2026-06-18 09:46:19.895 INFO  c.k.k.core.webservice.common.HarLogger   - HAR: C:\Users\ACER\git\AutoAPI\Reports\20260618_094020\API\Pembukuan\pembukuanAPI\20260618_094020\requests\main\CovFlag_26689_124.har
2026-06-18 09:46:19.898 DEBUG testcase.CovVal_26689                    - 3: println("==============================")
==============================
2026-06-18 09:46:19.900 DEBUG testcase.CovVal_26689                    - 4: println("Row                : " + row)
Row                : 25
2026-06-18 09:46:19.901 DEBUG testcase.CovVal_26689                    - 5: println("Nomor Rekening Simpanan   : " + norekSave)
Nomor Rekening Simpanan   : 202605252668934
2026-06-18 09:46:19.902 DEBUG testcase.CovVal_26689                    - 6: println("HTTP Status        : " + response.getStatusCode())
HTTP Status        : 200
2026-06-18 09:46:19.904 DEBUG testcase.CovVal_26689                    - 7: println("Response Body      : " + response.getResponseBodyContent())
Response Body      : {"ResponseCode":"00","ResponseDescription":"Success - Berhasil melakukan flagging data","ResponseException":"","TanggalMulaiCovering":"25\/05\/2026","TanggalAkhirCovering":"25\/05\/2027","NomorPeserta":"FRB12715610626000026","URLDokumenKepesertaan":"https:\/\/dev-brisurf.brins.co.id\/\/CovPr\/9ae68ccc6348db00","OriginalCoveringFlagSuccessDate":"18\/06\/2026 09:46:19"}
2026-06-18 09:46:19.905 DEBUG testcase.CovVal_26689                    - 1: norekSave = data.getValue("NomorRekeningSimpanan", row)
2026-06-18 09:46:19.906 DEBUG testcase.CovVal_26689                    - 2: response = sendRequest(findTestObject("API/Posts/CoveringFlag/CovFlag_26689", ["NomorRekeningSimpanan":norekSave]))
2026-06-18 09:46:20.718 INFO  c.k.k.core.webservice.common.HarLogger   - HAR: C:\Users\ACER\git\AutoAPI\Reports\20260618_094020\API\Pembukuan\pembukuanAPI\20260618_094020\requests\main\CovFlag_26689_125.har
2026-06-18 09:46:20.722 DEBUG testcase.CovVal_26689                    - 3: println("==============================")
==============================
2026-06-18 09:46:20.723 DEBUG testcase.CovVal_26689                    - 4: println("Row                : " + row)
Row                : 26
2026-06-18 09:46:20.725 DEBUG testcase.CovVal_26689                    - 5: println("Nomor Rekening Simpanan   : " + norekSave)
Nomor Rekening Simpanan   : 202605252668935
2026-06-18 09:46:20.732 DEBUG testcase.CovVal_26689                    - 6: println("HTTP Status        : " + response.getStatusCode())
HTTP Status        : 200
2026-06-18 09:46:20.734 DEBUG testcase.CovVal_26689                    - 7: println("Response Body      : " + response.getResponseBodyContent())
Response Body      : {"ResponseCode":"00","ResponseDescription":"Success - Berhasil melakukan flagging data","ResponseException":"","TanggalMulaiCovering":"25\/05\/2026","TanggalAkhirCovering":"25\/05\/2027","NomorPeserta":"FRB12715610626000027","URLDokumenKepesertaan":"https:\/\/dev-brisurf.brins.co.id\/\/CovPr\/310662c6ceddc6dc","OriginalCoveringFlagSuccessDate":"18\/06\/2026 09:46:20"}
2026-06-18 09:46:20.735 DEBUG testcase.CovVal_26689                    - 1: norekSave = data.getValue("NomorRekeningSimpanan", row)
2026-06-18 09:46:20.737 DEBUG testcase.CovVal_26689                    - 2: response = sendRequest(findTestObject("API/Posts/CoveringFlag/CovFlag_26689", ["NomorRekeningSimpanan":norekSave]))
2026-06-18 09:46:21.533 INFO  c.k.k.core.webservice.common.HarLogger   - HAR: C:\Users\ACER\git\AutoAPI\Reports\20260618_094020\API\Pembukuan\pembukuanAPI\20260618_094020\requests\main\CovFlag_26689_126.har
2026-06-18 09:46:21.538 DEBUG testcase.CovVal_26689                    - 3: println("==============================")
==============================
2026-06-18 09:46:21.540 DEBUG testcase.CovVal_26689                    - 4: println("Row                : " + row)
Row                : 27
2026-06-18 09:46:21.542 DEBUG testcase.CovVal_26689                    - 5: println("Nomor Rekening Simpanan   : " + norekSave)
Nomor Rekening Simpanan   : 202605252668936
2026-06-18 09:46:21.545 DEBUG testcase.CovVal_26689                    - 6: println("HTTP Status        : " + response.getStatusCode())
HTTP Status        : 200
2026-06-18 09:46:21.547 DEBUG testcase.CovVal_26689                    - 7: println("Response Body      : " + response.getResponseBodyContent())
Response Body      : {"ResponseCode":"00","ResponseDescription":"Success - Berhasil melakukan flagging data","ResponseException":"","TanggalMulaiCovering":"25\/05\/2026","TanggalAkhirCovering":"25\/05\/2027","NomorPeserta":"FRB12715610626000028","URLDokumenKepesertaan":"https:\/\/dev-brisurf.brins.co.id\/\/CovPr\/94039e32dd8bfde4","OriginalCoveringFlagSuccessDate":"18\/06\/2026 09:46:21"}
2026-06-18 09:46:21.548 DEBUG testcase.CovVal_26689                    - 1: norekSave = data.getValue("NomorRekeningSimpanan", row)
2026-06-18 09:46:21.549 DEBUG testcase.CovVal_26689                    - 2: response = sendRequest(findTestObject("API/Posts/CoveringFlag/CovFlag_26689", ["NomorRekeningSimpanan":norekSave]))
2026-06-18 09:46:22.302 INFO  c.k.k.core.webservice.common.HarLogger   - HAR: C:\Users\ACER\git\AutoAPI\Reports\20260618_094020\API\Pembukuan\pembukuanAPI\20260618_094020\requests\main\CovFlag_26689_127.har
2026-06-18 09:46:22.307 DEBUG testcase.CovVal_26689                    - 3: println("==============================")
==============================
2026-06-18 09:46:22.308 DEBUG testcase.CovVal_26689                    - 4: println("Row                : " + row)
Row                : 28
2026-06-18 09:46:22.310 DEBUG testcase.CovVal_26689                    - 5: println("Nomor Rekening Simpanan   : " + norekSave)
Nomor Rekening Simpanan   : 202605252668937
2026-06-18 09:46:22.313 DEBUG testcase.CovVal_26689                    - 6: println("HTTP Status        : " + response.getStatusCode())
HTTP Status        : 200
2026-06-18 09:46:22.315 DEBUG testcase.CovVal_26689                    - 7: println("Response Body      : " + response.getResponseBodyContent())
Response Body      : {"ResponseCode":"00","ResponseDescription":"Success - Berhasil melakukan flagging data","ResponseException":"","TanggalMulaiCovering":"25\/05\/2026","TanggalAkhirCovering":"25\/05\/2027","NomorPeserta":"FRB12715610626000029","URLDokumenKepesertaan":"https:\/\/dev-brisurf.brins.co.id\/\/CovPr\/362867f79d6f65b3","OriginalCoveringFlagSuccessDate":"18\/06\/2026 09:46:22"}
2026-06-18 09:46:22.316 DEBUG testcase.CovVal_26689                    - 1: norekSave = data.getValue("NomorRekeningSimpanan", row)
2026-06-18 09:46:22.317 DEBUG testcase.CovVal_26689                    - 2: response = sendRequest(findTestObject("API/Posts/CoveringFlag/CovFlag_26689", ["NomorRekeningSimpanan":norekSave]))
2026-06-18 09:46:23.080 INFO  c.k.k.core.webservice.common.HarLogger   - HAR: C:\Users\ACER\git\AutoAPI\Reports\20260618_094020\API\Pembukuan\pembukuanAPI\20260618_094020\requests\main\CovFlag_26689_128.har
2026-06-18 09:46:23.084 DEBUG testcase.CovVal_26689                    - 3: println("==============================")
==============================
2026-06-18 09:46:23.085 DEBUG testcase.CovVal_26689                    - 4: println("Row                : " + row)
Row                : 29
2026-06-18 09:46:23.087 DEBUG testcase.CovVal_26689                    - 5: println("Nomor Rekening Simpanan   : " + norekSave)
Nomor Rekening Simpanan   : 202605252668938
2026-06-18 09:46:23.088 DEBUG testcase.CovVal_26689                    - 6: println("HTTP Status        : " + response.getStatusCode())
HTTP Status        : 200
2026-06-18 09:46:23.089 DEBUG testcase.CovVal_26689                    - 7: println("Response Body      : " + response.getResponseBodyContent())
Response Body      : {"ResponseCode":"00","ResponseDescription":"Success - Berhasil melakukan flagging data","ResponseException":"","TanggalMulaiCovering":"25\/05\/2026","TanggalAkhirCovering":"25\/05\/2027","NomorPeserta":"FRB12715610626000030","URLDokumenKepesertaan":"https:\/\/dev-brisurf.brins.co.id\/\/CovPr\/bd8b731dd804888e","OriginalCoveringFlagSuccessDate":"18\/06\/2026 09:46:22"}
2026-06-18 09:46:23.091 DEBUG testcase.CovVal_26689                    - 1: norekSave = data.getValue("NomorRekeningSimpanan", row)
2026-06-18 09:46:23.095 DEBUG testcase.CovVal_26689                    - 2: response = sendRequest(findTestObject("API/Posts/CoveringFlag/CovFlag_26689", ["NomorRekeningSimpanan":norekSave]))
2026-06-18 09:46:23.869 INFO  c.k.k.core.webservice.common.HarLogger   - HAR: C:\Users\ACER\git\AutoAPI\Reports\20260618_094020\API\Pembukuan\pembukuanAPI\20260618_094020\requests\main\CovFlag_26689_129.har
2026-06-18 09:46:23.873 DEBUG testcase.CovVal_26689                    - 3: println("==============================")
==============================
2026-06-18 09:46:23.875 DEBUG testcase.CovVal_26689                    - 4: println("Row                : " + row)
Row                : 30
2026-06-18 09:46:23.876 DEBUG testcase.CovVal_26689                    - 5: println("Nomor Rekening Simpanan   : " + norekSave)
Nomor Rekening Simpanan   : 202605252668939
2026-06-18 09:46:23.879 DEBUG testcase.CovVal_26689                    - 6: println("HTTP Status        : " + response.getStatusCode())
HTTP Status        : 200
2026-06-18 09:46:23.881 DEBUG testcase.CovVal_26689                    - 7: println("Response Body      : " + response.getResponseBodyContent())
Response Body      : {"ResponseCode":"00","ResponseDescription":"Success - Berhasil melakukan flagging data","ResponseException":"","TanggalMulaiCovering":"25\/05\/2026","TanggalAkhirCovering":"25\/05\/2027","NomorPeserta":"FRB12715610626000031","URLDokumenKepesertaan":"https:\/\/dev-brisurf.brins.co.id\/\/CovPr\/e783cea9751b35c0","OriginalCoveringFlagSuccessDate":"18\/06\/2026 09:46:23"}
2026-06-18 09:46:23.883 DEBUG testcase.CovVal_26689                    - 1: norekSave = data.getValue("NomorRekeningSimpanan", row)
2026-06-18 09:46:23.884 DEBUG testcase.CovVal_26689                    - 2: response = sendRequest(findTestObject("API/Posts/CoveringFlag/CovFlag_26689", ["NomorRekeningSimpanan":norekSave]))
2026-06-18 09:46:24.607 INFO  c.k.k.core.webservice.common.HarLogger   - HAR: C:\Users\ACER\git\AutoAPI\Reports\20260618_094020\API\Pembukuan\pembukuanAPI\20260618_094020\requests\main\CovFlag_26689_130.har
2026-06-18 09:46:24.613 DEBUG testcase.CovVal_26689                    - 3: println("==============================")
==============================
2026-06-18 09:46:24.614 DEBUG testcase.CovVal_26689                    - 4: println("Row                : " + row)
Row                : 31
2026-06-18 09:46:24.615 DEBUG testcase.CovVal_26689                    - 5: println("Nomor Rekening Simpanan   : " + norekSave)
Nomor Rekening Simpanan   : 202605252668940
2026-06-18 09:46:24.617 DEBUG testcase.CovVal_26689                    - 6: println("HTTP Status        : " + response.getStatusCode())
HTTP Status        : 200
2026-06-18 09:46:24.619 DEBUG testcase.CovVal_26689                    - 7: println("Response Body      : " + response.getResponseBodyContent())
Response Body      : {"ResponseCode":"00","ResponseDescription":"Success - Berhasil melakukan flagging data","ResponseException":"","TanggalMulaiCovering":"25\/05\/2026","TanggalAkhirCovering":"25\/05\/2027","NomorPeserta":"FRB12715610626000032","URLDokumenKepesertaan":"https:\/\/dev-brisurf.brins.co.id\/\/CovPr\/687de37bd2fb59ca","OriginalCoveringFlagSuccessDate":"18\/06\/2026 09:46:24"}
2026-06-18 09:46:24.620 DEBUG testcase.CovVal_26689                    - 1: norekSave = data.getValue("NomorRekeningSimpanan", row)
2026-06-18 09:46:24.621 DEBUG testcase.CovVal_26689                    - 2: response = sendRequest(findTestObject("API/Posts/CoveringFlag/CovFlag_26689", ["NomorRekeningSimpanan":norekSave]))
2026-06-18 09:46:25.409 INFO  c.k.k.core.webservice.common.HarLogger   - HAR: C:\Users\ACER\git\AutoAPI\Reports\20260618_094020\API\Pembukuan\pembukuanAPI\20260618_094020\requests\main\CovFlag_26689_131.har
2026-06-18 09:46:25.414 DEBUG testcase.CovVal_26689                    - 3: println("==============================")
==============================
2026-06-18 09:46:25.415 DEBUG testcase.CovVal_26689                    - 4: println("Row                : " + row)
Row                : 32
2026-06-18 09:46:25.416 DEBUG testcase.CovVal_26689                    - 5: println("Nomor Rekening Simpanan   : " + norekSave)
Nomor Rekening Simpanan   : 202605252668941
2026-06-18 09:46:25.417 DEBUG testcase.CovVal_26689                    - 6: println("HTTP Status        : " + response.getStatusCode())
HTTP Status        : 200
2026-06-18 09:46:25.418 DEBUG testcase.CovVal_26689                    - 7: println("Response Body      : " + response.getResponseBodyContent())
Response Body      : {"ResponseCode":"00","ResponseDescription":"Success - Berhasil melakukan flagging data","ResponseException":"","TanggalMulaiCovering":"25\/05\/2026","TanggalAkhirCovering":"25\/05\/2027","NomorPeserta":"FRB12715610626000033","URLDokumenKepesertaan":"https:\/\/dev-brisurf.brins.co.id\/\/CovPr\/fb1f42c88c9bb689","OriginalCoveringFlagSuccessDate":"18\/06\/2026 09:46:25"}
2026-06-18 09:46:25.420 DEBUG testcase.CovVal_26689                    - 1: norekSave = data.getValue("NomorRekeningSimpanan", row)
2026-06-18 09:46:25.421 DEBUG testcase.CovVal_26689                    - 2: response = sendRequest(findTestObject("API/Posts/CoveringFlag/CovFlag_26689", ["NomorRekeningSimpanan":norekSave]))
2026-06-18 09:46:26.167 INFO  c.k.k.core.webservice.common.HarLogger   - HAR: C:\Users\ACER\git\AutoAPI\Reports\20260618_094020\API\Pembukuan\pembukuanAPI\20260618_094020\requests\main\CovFlag_26689_132.har
2026-06-18 09:46:26.171 DEBUG testcase.CovVal_26689                    - 3: println("==============================")
==============================
2026-06-18 09:46:26.172 DEBUG testcase.CovVal_26689                    - 4: println("Row                : " + row)
Row                : 33
2026-06-18 09:46:26.173 DEBUG testcase.CovVal_26689                    - 5: println("Nomor Rekening Simpanan   : " + norekSave)
Nomor Rekening Simpanan   : 202605252668942
2026-06-18 09:46:26.174 DEBUG testcase.CovVal_26689                    - 6: println("HTTP Status        : " + response.getStatusCode())
HTTP Status        : 200
2026-06-18 09:46:26.176 DEBUG testcase.CovVal_26689                    - 7: println("Response Body      : " + response.getResponseBodyContent())
Response Body      : {"ResponseCode":"00","ResponseDescription":"Success - Berhasil melakukan flagging data","ResponseException":"","TanggalMulaiCovering":"25\/05\/2026","TanggalAkhirCovering":"25\/05\/2027","NomorPeserta":"FRB12715610626000034","URLDokumenKepesertaan":"https:\/\/dev-brisurf.brins.co.id\/\/CovPr\/a949305354924499","OriginalCoveringFlagSuccessDate":"18\/06\/2026 09:46:26"}
2026-06-18 09:46:26.179 DEBUG testcase.CovVal_26689                    - 1: norekSave = data.getValue("NomorRekeningSimpanan", row)
2026-06-18 09:46:26.180 DEBUG testcase.CovVal_26689                    - 2: response = sendRequest(findTestObject("API/Posts/CoveringFlag/CovFlag_26689", ["NomorRekeningSimpanan":norekSave]))
2026-06-18 09:46:26.901 INFO  c.k.k.core.webservice.common.HarLogger   - HAR: C:\Users\ACER\git\AutoAPI\Reports\20260618_094020\API\Pembukuan\pembukuanAPI\20260618_094020\requests\main\CovFlag_26689_133.har
2026-06-18 09:46:26.905 DEBUG testcase.CovVal_26689                    - 3: println("==============================")
==============================
2026-06-18 09:46:26.907 DEBUG testcase.CovVal_26689                    - 4: println("Row                : " + row)
Row                : 34
2026-06-18 09:46:26.908 DEBUG testcase.CovVal_26689                    - 5: println("Nomor Rekening Simpanan   : " + norekSave)
Nomor Rekening Simpanan   : 202605252668943
2026-06-18 09:46:26.912 DEBUG testcase.CovVal_26689                    - 6: println("HTTP Status        : " + response.getStatusCode())
HTTP Status        : 200
2026-06-18 09:46:26.913 DEBUG testcase.CovVal_26689                    - 7: println("Response Body      : " + response.getResponseBodyContent())
Response Body      : {"ResponseCode":"00","ResponseDescription":"Success - Berhasil melakukan flagging data","ResponseException":"","TanggalMulaiCovering":"25\/05\/2026","TanggalAkhirCovering":"25\/05\/2027","NomorPeserta":"FRB12715610626000035","URLDokumenKepesertaan":"https:\/\/dev-brisurf.brins.co.id\/\/CovPr\/8ee4f31cdb5eadd5","OriginalCoveringFlagSuccessDate":"18\/06\/2026 09:46:26"}
2026-06-18 09:46:26.914 DEBUG testcase.CovVal_26689                    - 1: norekSave = data.getValue("NomorRekeningSimpanan", row)
2026-06-18 09:46:26.916 DEBUG testcase.CovVal_26689                    - 2: response = sendRequest(findTestObject("API/Posts/CoveringFlag/CovFlag_26689", ["NomorRekeningSimpanan":norekSave]))
2026-06-18 09:46:27.653 INFO  c.k.k.core.webservice.common.HarLogger   - HAR: C:\Users\ACER\git\AutoAPI\Reports\20260618_094020\API\Pembukuan\pembukuanAPI\20260618_094020\requests\main\CovFlag_26689_134.har
2026-06-18 09:46:27.657 DEBUG testcase.CovVal_26689                    - 3: println("==============================")
==============================
2026-06-18 09:46:27.660 DEBUG testcase.CovVal_26689                    - 4: println("Row                : " + row)
Row                : 35
2026-06-18 09:46:27.661 DEBUG testcase.CovVal_26689                    - 5: println("Nomor Rekening Simpanan   : " + norekSave)
Nomor Rekening Simpanan   : 202605252668944
2026-06-18 09:46:27.663 DEBUG testcase.CovVal_26689                    - 6: println("HTTP Status        : " + response.getStatusCode())
HTTP Status        : 200
2026-06-18 09:46:27.664 DEBUG testcase.CovVal_26689                    - 7: println("Response Body      : " + response.getResponseBodyContent())
Response Body      : {"ResponseCode":"00","ResponseDescription":"Success - Berhasil melakukan flagging data","ResponseException":"","TanggalMulaiCovering":"25\/05\/2026","TanggalAkhirCovering":"25\/05\/2027","NomorPeserta":"FRB12715610626000036","URLDokumenKepesertaan":"https:\/\/dev-brisurf.brins.co.id\/\/CovPr\/0521c4e0464ffc0d","OriginalCoveringFlagSuccessDate":"18\/06\/2026 09:46:27"}
2026-06-18 09:46:27.665 DEBUG testcase.CovVal_26689                    - 1: norekSave = data.getValue("NomorRekeningSimpanan", row)
2026-06-18 09:46:27.666 DEBUG testcase.CovVal_26689                    - 2: response = sendRequest(findTestObject("API/Posts/CoveringFlag/CovFlag_26689", ["NomorRekeningSimpanan":norekSave]))
2026-06-18 09:46:28.387 INFO  c.k.k.core.webservice.common.HarLogger   - HAR: C:\Users\ACER\git\AutoAPI\Reports\20260618_094020\API\Pembukuan\pembukuanAPI\20260618_094020\requests\main\CovFlag_26689_135.har
2026-06-18 09:46:28.390 DEBUG testcase.CovVal_26689                    - 3: println("==============================")
==============================
2026-06-18 09:46:28.393 DEBUG testcase.CovVal_26689                    - 4: println("Row                : " + row)
Row                : 36
2026-06-18 09:46:28.394 DEBUG testcase.CovVal_26689                    - 5: println("Nomor Rekening Simpanan   : " + norekSave)
Nomor Rekening Simpanan   : 202605252668945
2026-06-18 09:46:28.396 DEBUG testcase.CovVal_26689                    - 6: println("HTTP Status        : " + response.getStatusCode())
HTTP Status        : 200
2026-06-18 09:46:28.397 DEBUG testcase.CovVal_26689                    - 7: println("Response Body      : " + response.getResponseBodyContent())
Response Body      : {"ResponseCode":"00","ResponseDescription":"Success - Berhasil melakukan flagging data","ResponseException":"","TanggalMulaiCovering":"25\/05\/2026","TanggalAkhirCovering":"25\/05\/2027","NomorPeserta":"FRB12715610626000037","URLDokumenKepesertaan":"https:\/\/dev-brisurf.brins.co.id\/\/CovPr\/5f314cd96ac15c4e","OriginalCoveringFlagSuccessDate":"18\/06\/2026 09:46:28"}
2026-06-18 09:46:28.398 DEBUG testcase.CovVal_26689                    - 1: norekSave = data.getValue("NomorRekeningSimpanan", row)
2026-06-18 09:46:28.399 DEBUG testcase.CovVal_26689                    - 2: response = sendRequest(findTestObject("API/Posts/CoveringFlag/CovFlag_26689", ["NomorRekeningSimpanan":norekSave]))
2026-06-18 09:46:29.120 INFO  c.k.k.core.webservice.common.HarLogger   - HAR: C:\Users\ACER\git\AutoAPI\Reports\20260618_094020\API\Pembukuan\pembukuanAPI\20260618_094020\requests\main\CovFlag_26689_136.har
2026-06-18 09:46:29.124 DEBUG testcase.CovVal_26689                    - 3: println("==============================")
==============================
2026-06-18 09:46:29.128 DEBUG testcase.CovVal_26689                    - 4: println("Row                : " + row)
Row                : 37
2026-06-18 09:46:29.129 DEBUG testcase.CovVal_26689                    - 5: println("Nomor Rekening Simpanan   : " + norekSave)
Nomor Rekening Simpanan   : 202605252668946
2026-06-18 09:46:29.131 DEBUG testcase.CovVal_26689                    - 6: println("HTTP Status        : " + response.getStatusCode())
HTTP Status        : 200
2026-06-18 09:46:29.132 DEBUG testcase.CovVal_26689                    - 7: println("Response Body      : " + response.getResponseBodyContent())
Response Body      : {"ResponseCode":"00","ResponseDescription":"Success - Berhasil melakukan flagging data","ResponseException":"","TanggalMulaiCovering":"25\/05\/2026","TanggalAkhirCovering":"25\/05\/2027","NomorPeserta":"FRB12715610626000038","URLDokumenKepesertaan":"https:\/\/dev-brisurf.brins.co.id\/\/CovPr\/3558fd22a20433b8","OriginalCoveringFlagSuccessDate":"18\/06\/2026 09:46:29"}
2026-06-18 09:46:29.135 DEBUG testcase.CovVal_26689                    - 1: norekSave = data.getValue("NomorRekeningSimpanan", row)
2026-06-18 09:46:29.138 DEBUG testcase.CovVal_26689                    - 2: response = sendRequest(findTestObject("API/Posts/CoveringFlag/CovFlag_26689", ["NomorRekeningSimpanan":norekSave]))
2026-06-18 09:46:29.931 INFO  c.k.k.core.webservice.common.HarLogger   - HAR: C:\Users\ACER\git\AutoAPI\Reports\20260618_094020\API\Pembukuan\pembukuanAPI\20260618_094020\requests\main\CovFlag_26689_137.har
2026-06-18 09:46:29.934 DEBUG testcase.CovVal_26689                    - 3: println("==============================")
==============================
2026-06-18 09:46:29.936 DEBUG testcase.CovVal_26689                    - 4: println("Row                : " + row)
Row                : 38
2026-06-18 09:46:29.937 DEBUG testcase.CovVal_26689                    - 5: println("Nomor Rekening Simpanan   : " + norekSave)
Nomor Rekening Simpanan   : 202605252668947
2026-06-18 09:46:29.938 DEBUG testcase.CovVal_26689                    - 6: println("HTTP Status        : " + response.getStatusCode())
HTTP Status        : 200
2026-06-18 09:46:29.939 DEBUG testcase.CovVal_26689                    - 7: println("Response Body      : " + response.getResponseBodyContent())
Response Body      : {"ResponseCode":"00","ResponseDescription":"Success - Berhasil melakukan flagging data","ResponseException":"","TanggalMulaiCovering":"25\/05\/2026","TanggalAkhirCovering":"25\/05\/2027","NomorPeserta":"FRB12715610626000039","URLDokumenKepesertaan":"https:\/\/dev-brisurf.brins.co.id\/\/CovPr\/8468d6e065c16a8d","OriginalCoveringFlagSuccessDate":"18\/06\/2026 09:46:29"}
2026-06-18 09:46:29.941 DEBUG testcase.CovVal_26689                    - 1: norekSave = data.getValue("NomorRekeningSimpanan", row)
2026-06-18 09:46:29.944 DEBUG testcase.CovVal_26689                    - 2: response = sendRequest(findTestObject("API/Posts/CoveringFlag/CovFlag_26689", ["NomorRekeningSimpanan":norekSave]))
2026-06-18 09:46:30.658 INFO  c.k.k.core.webservice.common.HarLogger   - HAR: C:\Users\ACER\git\AutoAPI\Reports\20260618_094020\API\Pembukuan\pembukuanAPI\20260618_094020\requests\main\CovFlag_26689_138.har
2026-06-18 09:46:30.662 DEBUG testcase.CovVal_26689                    - 3: println("==============================")
==============================
2026-06-18 09:46:30.664 DEBUG testcase.CovVal_26689                    - 4: println("Row                : " + row)
Row                : 39
2026-06-18 09:46:30.665 DEBUG testcase.CovVal_26689                    - 5: println("Nomor Rekening Simpanan   : " + norekSave)
Nomor Rekening Simpanan   : 202605252668948
2026-06-18 09:46:30.666 DEBUG testcase.CovVal_26689                    - 6: println("HTTP Status        : " + response.getStatusCode())
HTTP Status        : 200
2026-06-18 09:46:30.667 DEBUG testcase.CovVal_26689                    - 7: println("Response Body      : " + response.getResponseBodyContent())
Response Body      : {"ResponseCode":"00","ResponseDescription":"Success - Berhasil melakukan flagging data","ResponseException":"","TanggalMulaiCovering":"25\/05\/2026","TanggalAkhirCovering":"25\/05\/2027","NomorPeserta":"FRB12715610626000040","URLDokumenKepesertaan":"https:\/\/dev-brisurf.brins.co.id\/\/CovPr\/0e9531cd7a4e883a","OriginalCoveringFlagSuccessDate":"18\/06\/2026 09:46:30"}
2026-06-18 09:46:30.669 DEBUG testcase.CovVal_26689                    - 1: norekSave = data.getValue("NomorRekeningSimpanan", row)
2026-06-18 09:46:30.669 DEBUG testcase.CovVal_26689                    - 2: response = sendRequest(findTestObject("API/Posts/CoveringFlag/CovFlag_26689", ["NomorRekeningSimpanan":norekSave]))
2026-06-18 09:46:31.468 INFO  c.k.k.core.webservice.common.HarLogger   - HAR: C:\Users\ACER\git\AutoAPI\Reports\20260618_094020\API\Pembukuan\pembukuanAPI\20260618_094020\requests\main\CovFlag_26689_139.har
2026-06-18 09:46:31.473 DEBUG testcase.CovVal_26689                    - 3: println("==============================")
==============================
2026-06-18 09:46:31.474 DEBUG testcase.CovVal_26689                    - 4: println("Row                : " + row)
Row                : 40
2026-06-18 09:46:31.477 DEBUG testcase.CovVal_26689                    - 5: println("Nomor Rekening Simpanan   : " + norekSave)
Nomor Rekening Simpanan   : 202605252668949
2026-06-18 09:46:31.478 DEBUG testcase.CovVal_26689                    - 6: println("HTTP Status        : " + response.getStatusCode())
HTTP Status        : 200
2026-06-18 09:46:31.479 DEBUG testcase.CovVal_26689                    - 7: println("Response Body      : " + response.getResponseBodyContent())
Response Body      : {"ResponseCode":"00","ResponseDescription":"Success - Berhasil melakukan flagging data","ResponseException":"","TanggalMulaiCovering":"25\/05\/2026","TanggalAkhirCovering":"25\/05\/2027","NomorPeserta":"FRB12715610626000041","URLDokumenKepesertaan":"https:\/\/dev-brisurf.brins.co.id\/\/CovPr\/b599be42f51406bd","OriginalCoveringFlagSuccessDate":"18\/06\/2026 09:46:31"}
2026-06-18 09:46:31.480 DEBUG testcase.CovVal_26689                    - 1: norekSave = data.getValue("NomorRekeningSimpanan", row)
2026-06-18 09:46:31.482 DEBUG testcase.CovVal_26689                    - 2: response = sendRequest(findTestObject("API/Posts/CoveringFlag/CovFlag_26689", ["NomorRekeningSimpanan":norekSave]))
2026-06-18 09:46:32.294 INFO  c.k.k.core.webservice.common.HarLogger   - HAR: C:\Users\ACER\git\AutoAPI\Reports\20260618_094020\API\Pembukuan\pembukuanAPI\20260618_094020\requests\main\CovFlag_26689_140.har
2026-06-18 09:46:32.297 DEBUG testcase.CovVal_26689                    - 3: println("==============================")
==============================
2026-06-18 09:46:32.298 DEBUG testcase.CovVal_26689                    - 4: println("Row                : " + row)
Row                : 41
2026-06-18 09:46:32.299 DEBUG testcase.CovVal_26689                    - 5: println("Nomor Rekening Simpanan   : " + norekSave)
Nomor Rekening Simpanan   : 202605252668950
2026-06-18 09:46:32.300 DEBUG testcase.CovVal_26689                    - 6: println("HTTP Status        : " + response.getStatusCode())
HTTP Status        : 200
2026-06-18 09:46:32.301 DEBUG testcase.CovVal_26689                    - 7: println("Response Body      : " + response.getResponseBodyContent())
Response Body      : {"ResponseCode":"00","ResponseDescription":"Success - Berhasil melakukan flagging data","ResponseException":"","TanggalMulaiCovering":"25\/05\/2026","TanggalAkhirCovering":"25\/05\/2027","NomorPeserta":"FRB12715610626000042","URLDokumenKepesertaan":"https:\/\/dev-brisurf.brins.co.id\/\/CovPr\/125c23337a73f0a9","OriginalCoveringFlagSuccessDate":"18\/06\/2026 09:46:32"}
2026-06-18 09:46:32.302 DEBUG testcase.CovVal_26689                    - 1: norekSave = data.getValue("NomorRekeningSimpanan", row)
2026-06-18 09:46:32.303 DEBUG testcase.CovVal_26689                    - 2: response = sendRequest(findTestObject("API/Posts/CoveringFlag/CovFlag_26689", ["NomorRekeningSimpanan":norekSave]))
2026-06-18 09:46:33.013 INFO  c.k.k.core.webservice.common.HarLogger   - HAR: C:\Users\ACER\git\AutoAPI\Reports\20260618_094020\API\Pembukuan\pembukuanAPI\20260618_094020\requests\main\CovFlag_26689_141.har
2026-06-18 09:46:33.016 DEBUG testcase.CovVal_26689                    - 3: println("==============================")
==============================
2026-06-18 09:46:33.018 DEBUG testcase.CovVal_26689                    - 4: println("Row                : " + row)
Row                : 42
2026-06-18 09:46:33.020 DEBUG testcase.CovVal_26689                    - 5: println("Nomor Rekening Simpanan   : " + norekSave)
Nomor Rekening Simpanan   : 202605252668951
2026-06-18 09:46:33.023 DEBUG testcase.CovVal_26689                    - 6: println("HTTP Status        : " + response.getStatusCode())
HTTP Status        : 200
2026-06-18 09:46:33.025 DEBUG testcase.CovVal_26689                    - 7: println("Response Body      : " + response.getResponseBodyContent())
Response Body      : {"ResponseCode":"00","ResponseDescription":"Success - Berhasil melakukan flagging data","ResponseException":"","TanggalMulaiCovering":"25\/05\/2026","TanggalAkhirCovering":"25\/05\/2027","NomorPeserta":"FRB12715610626000043","URLDokumenKepesertaan":"https:\/\/dev-brisurf.brins.co.id\/\/CovPr\/62667dcaab73bf79","OriginalCoveringFlagSuccessDate":"18\/06\/2026 09:46:32"}
2026-06-18 09:46:33.027 DEBUG testcase.CovVal_26689                    - 1: norekSave = data.getValue("NomorRekeningSimpanan", row)
2026-06-18 09:46:33.028 DEBUG testcase.CovVal_26689                    - 2: response = sendRequest(findTestObject("API/Posts/CoveringFlag/CovFlag_26689", ["NomorRekeningSimpanan":norekSave]))
2026-06-18 09:46:33.753 INFO  c.k.k.core.webservice.common.HarLogger   - HAR: C:\Users\ACER\git\AutoAPI\Reports\20260618_094020\API\Pembukuan\pembukuanAPI\20260618_094020\requests\main\CovFlag_26689_142.har
2026-06-18 09:46:33.756 DEBUG testcase.CovVal_26689                    - 3: println("==============================")
==============================
2026-06-18 09:46:33.759 DEBUG testcase.CovVal_26689                    - 4: println("Row                : " + row)
Row                : 43
2026-06-18 09:46:33.760 DEBUG testcase.CovVal_26689                    - 5: println("Nomor Rekening Simpanan   : " + norekSave)
Nomor Rekening Simpanan   : 202605252668952
2026-06-18 09:46:33.762 DEBUG testcase.CovVal_26689                    - 6: println("HTTP Status        : " + response.getStatusCode())
HTTP Status        : 200
2026-06-18 09:46:33.763 DEBUG testcase.CovVal_26689                    - 7: println("Response Body      : " + response.getResponseBodyContent())
Response Body      : {"ResponseCode":"00","ResponseDescription":"Success - Berhasil melakukan flagging data","ResponseException":"","TanggalMulaiCovering":"25\/05\/2026","TanggalAkhirCovering":"25\/05\/2027","NomorPeserta":"FRB12715610626000044","URLDokumenKepesertaan":"https:\/\/dev-brisurf.brins.co.id\/\/CovPr\/142c01d6cb14e87d","OriginalCoveringFlagSuccessDate":"18\/06\/2026 09:46:33"}
2026-06-18 09:46:33.764 DEBUG testcase.CovVal_26689                    - 1: norekSave = data.getValue("NomorRekeningSimpanan", row)
2026-06-18 09:46:33.765 DEBUG testcase.CovVal_26689                    - 2: response = sendRequest(findTestObject("API/Posts/CoveringFlag/CovFlag_26689", ["NomorRekeningSimpanan":norekSave]))
2026-06-18 09:46:34.538 INFO  c.k.k.core.webservice.common.HarLogger   - HAR: C:\Users\ACER\git\AutoAPI\Reports\20260618_094020\API\Pembukuan\pembukuanAPI\20260618_094020\requests\main\CovFlag_26689_143.har
2026-06-18 09:46:34.543 DEBUG testcase.CovVal_26689                    - 3: println("==============================")
==============================
2026-06-18 09:46:34.544 DEBUG testcase.CovVal_26689                    - 4: println("Row                : " + row)
Row                : 44
2026-06-18 09:46:34.545 DEBUG testcase.CovVal_26689                    - 5: println("Nomor Rekening Simpanan   : " + norekSave)
Nomor Rekening Simpanan   : 202605252668953
2026-06-18 09:46:34.547 DEBUG testcase.CovVal_26689                    - 6: println("HTTP Status        : " + response.getStatusCode())
HTTP Status        : 200
2026-06-18 09:46:34.548 DEBUG testcase.CovVal_26689                    - 7: println("Response Body      : " + response.getResponseBodyContent())
Response Body      : {"ResponseCode":"00","ResponseDescription":"Success - Berhasil melakukan flagging data","ResponseException":"","TanggalMulaiCovering":"25\/05\/2026","TanggalAkhirCovering":"25\/05\/2027","NomorPeserta":"FRB12715610626000045","URLDokumenKepesertaan":"https:\/\/dev-brisurf.brins.co.id\/\/CovPr\/02b6c3ef5db44eed","OriginalCoveringFlagSuccessDate":"18\/06\/2026 09:46:34"}
2026-06-18 09:46:34.550 DEBUG testcase.CovVal_26689                    - 1: norekSave = data.getValue("NomorRekeningSimpanan", row)
2026-06-18 09:46:34.552 DEBUG testcase.CovVal_26689                    - 2: response = sendRequest(findTestObject("API/Posts/CoveringFlag/CovFlag_26689", ["NomorRekeningSimpanan":norekSave]))
2026-06-18 09:46:35.270 INFO  c.k.k.core.webservice.common.HarLogger   - HAR: C:\Users\ACER\git\AutoAPI\Reports\20260618_094020\API\Pembukuan\pembukuanAPI\20260618_094020\requests\main\CovFlag_26689_144.har
2026-06-18 09:46:35.274 DEBUG testcase.CovVal_26689                    - 3: println("==============================")
==============================
2026-06-18 09:46:35.276 DEBUG testcase.CovVal_26689                    - 4: println("Row                : " + row)
Row                : 45
2026-06-18 09:46:35.278 DEBUG testcase.CovVal_26689                    - 5: println("Nomor Rekening Simpanan   : " + norekSave)
Nomor Rekening Simpanan   : 202605252668954
2026-06-18 09:46:35.279 DEBUG testcase.CovVal_26689                    - 6: println("HTTP Status        : " + response.getStatusCode())
HTTP Status        : 200
2026-06-18 09:46:35.280 DEBUG testcase.CovVal_26689                    - 7: println("Response Body      : " + response.getResponseBodyContent())
Response Body      : {"ResponseCode":"00","ResponseDescription":"Success - Berhasil melakukan flagging data","ResponseException":"","TanggalMulaiCovering":"25\/05\/2026","TanggalAkhirCovering":"25\/05\/2027","NomorPeserta":"FRB12715610626000046","URLDokumenKepesertaan":"https:\/\/dev-brisurf.brins.co.id\/\/CovPr\/87b8e578da451e18","OriginalCoveringFlagSuccessDate":"18\/06\/2026 09:46:35"}
2026-06-18 09:46:35.281 DEBUG testcase.CovVal_26689                    - 1: norekSave = data.getValue("NomorRekeningSimpanan", row)
2026-06-18 09:46:35.282 DEBUG testcase.CovVal_26689                    - 2: response = sendRequest(findTestObject("API/Posts/CoveringFlag/CovFlag_26689", ["NomorRekeningSimpanan":norekSave]))
2026-06-18 09:46:36.011 INFO  c.k.k.core.webservice.common.HarLogger   - HAR: C:\Users\ACER\git\AutoAPI\Reports\20260618_094020\API\Pembukuan\pembukuanAPI\20260618_094020\requests\main\CovFlag_26689_145.har
2026-06-18 09:46:36.014 DEBUG testcase.CovVal_26689                    - 3: println("==============================")
==============================
2026-06-18 09:46:36.015 DEBUG testcase.CovVal_26689                    - 4: println("Row                : " + row)
Row                : 46
2026-06-18 09:46:36.016 DEBUG testcase.CovVal_26689                    - 5: println("Nomor Rekening Simpanan   : " + norekSave)
Nomor Rekening Simpanan   : 202605252668955
2026-06-18 09:46:36.018 DEBUG testcase.CovVal_26689                    - 6: println("HTTP Status        : " + response.getStatusCode())
HTTP Status        : 200
2026-06-18 09:46:36.019 DEBUG testcase.CovVal_26689                    - 7: println("Response Body      : " + response.getResponseBodyContent())
Response Body      : {"ResponseCode":"00","ResponseDescription":"Success - Berhasil melakukan flagging data","ResponseException":"","TanggalMulaiCovering":"25\/05\/2026","TanggalAkhirCovering":"25\/05\/2027","NomorPeserta":"FRB12715610626000047","URLDokumenKepesertaan":"https:\/\/dev-brisurf.brins.co.id\/\/CovPr\/f21b26ceb990b87e","OriginalCoveringFlagSuccessDate":"18\/06\/2026 09:46:35"}
2026-06-18 09:46:36.020 DEBUG testcase.CovVal_26689                    - 1: norekSave = data.getValue("NomorRekeningSimpanan", row)
2026-06-18 09:46:36.021 DEBUG testcase.CovVal_26689                    - 2: response = sendRequest(findTestObject("API/Posts/CoveringFlag/CovFlag_26689", ["NomorRekeningSimpanan":norekSave]))
2026-06-18 09:46:36.894 INFO  c.k.k.core.webservice.common.HarLogger   - HAR: C:\Users\ACER\git\AutoAPI\Reports\20260618_094020\API\Pembukuan\pembukuanAPI\20260618_094020\requests\main\CovFlag_26689_146.har
2026-06-18 09:46:36.898 DEBUG testcase.CovVal_26689                    - 3: println("==============================")
==============================
2026-06-18 09:46:36.899 DEBUG testcase.CovVal_26689                    - 4: println("Row                : " + row)
Row                : 47
2026-06-18 09:46:36.900 DEBUG testcase.CovVal_26689                    - 5: println("Nomor Rekening Simpanan   : " + norekSave)
Nomor Rekening Simpanan   : 202605252668956
2026-06-18 09:46:36.901 DEBUG testcase.CovVal_26689                    - 6: println("HTTP Status        : " + response.getStatusCode())
HTTP Status        : 200
2026-06-18 09:46:36.902 DEBUG testcase.CovVal_26689                    - 7: println("Response Body      : " + response.getResponseBodyContent())
Response Body      : {"ResponseCode":"00","ResponseDescription":"Success - Berhasil melakukan flagging data","ResponseException":"","TanggalMulaiCovering":"25\/05\/2026","TanggalAkhirCovering":"25\/05\/2027","NomorPeserta":"FRB12715610626000048","URLDokumenKepesertaan":"https:\/\/dev-brisurf.brins.co.id\/\/CovPr\/43d4b0f04bc51d90","OriginalCoveringFlagSuccessDate":"18\/06\/2026 09:46:36"}
2026-06-18 09:46:36.903 DEBUG testcase.CovVal_26689                    - 1: norekSave = data.getValue("NomorRekeningSimpanan", row)
2026-06-18 09:46:36.904 DEBUG testcase.CovVal_26689                    - 2: response = sendRequest(findTestObject("API/Posts/CoveringFlag/CovFlag_26689", ["NomorRekeningSimpanan":norekSave]))
2026-06-18 09:46:37.640 INFO  c.k.k.core.webservice.common.HarLogger   - HAR: C:\Users\ACER\git\AutoAPI\Reports\20260618_094020\API\Pembukuan\pembukuanAPI\20260618_094020\requests\main\CovFlag_26689_147.har
2026-06-18 09:46:37.646 DEBUG testcase.CovVal_26689                    - 3: println("==============================")
==============================
2026-06-18 09:46:37.649 DEBUG testcase.CovVal_26689                    - 4: println("Row                : " + row)
Row                : 48
2026-06-18 09:46:37.651 DEBUG testcase.CovVal_26689                    - 5: println("Nomor Rekening Simpanan   : " + norekSave)
Nomor Rekening Simpanan   : 202605252668957
2026-06-18 09:46:37.652 DEBUG testcase.CovVal_26689                    - 6: println("HTTP Status        : " + response.getStatusCode())
HTTP Status        : 200
2026-06-18 09:46:37.653 DEBUG testcase.CovVal_26689                    - 7: println("Response Body      : " + response.getResponseBodyContent())
Response Body      : {"ResponseCode":"00","ResponseDescription":"Success - Berhasil melakukan flagging data","ResponseException":"","TanggalMulaiCovering":"25\/05\/2026","TanggalAkhirCovering":"25\/05\/2027","NomorPeserta":"FRB12715610626000049","URLDokumenKepesertaan":"https:\/\/dev-brisurf.brins.co.id\/\/CovPr\/4d51b4dd0f5c3aca","OriginalCoveringFlagSuccessDate":"18\/06\/2026 09:46:37"}
2026-06-18 09:46:37.654 DEBUG testcase.CovVal_26689                    - 1: norekSave = data.getValue("NomorRekeningSimpanan", row)
2026-06-18 09:46:37.658 DEBUG testcase.CovVal_26689                    - 2: response = sendRequest(findTestObject("API/Posts/CoveringFlag/CovFlag_26689", ["NomorRekeningSimpanan":norekSave]))
2026-06-18 09:46:38.430 INFO  c.k.k.core.webservice.common.HarLogger   - HAR: C:\Users\ACER\git\AutoAPI\Reports\20260618_094020\API\Pembukuan\pembukuanAPI\20260618_094020\requests\main\CovFlag_26689_148.har
2026-06-18 09:46:38.433 DEBUG testcase.CovVal_26689                    - 3: println("==============================")
==============================
2026-06-18 09:46:38.434 DEBUG testcase.CovVal_26689                    - 4: println("Row                : " + row)
Row                : 49
2026-06-18 09:46:38.435 DEBUG testcase.CovVal_26689                    - 5: println("Nomor Rekening Simpanan   : " + norekSave)
Nomor Rekening Simpanan   : 202605252668958
2026-06-18 09:46:38.435 DEBUG testcase.CovVal_26689                    - 6: println("HTTP Status        : " + response.getStatusCode())
HTTP Status        : 200
2026-06-18 09:46:38.436 DEBUG testcase.CovVal_26689                    - 7: println("Response Body      : " + response.getResponseBodyContent())
Response Body      : {"ResponseCode":"00","ResponseDescription":"Success - Berhasil melakukan flagging data","ResponseException":"","TanggalMulaiCovering":"25\/05\/2026","TanggalAkhirCovering":"25\/05\/2027","NomorPeserta":"FRB12715610626000050","URLDokumenKepesertaan":"https:\/\/dev-brisurf.brins.co.id\/\/CovPr\/cc6d8a500f8070a4","OriginalCoveringFlagSuccessDate":"18\/06\/2026 09:46:38"}
2026-06-18 09:46:38.438 DEBUG testcase.CovVal_26689                    - 1: norekSave = data.getValue("NomorRekeningSimpanan", row)
2026-06-18 09:46:38.440 DEBUG testcase.CovVal_26689                    - 2: response = sendRequest(findTestObject("API/Posts/CoveringFlag/CovFlag_26689", ["NomorRekeningSimpanan":norekSave]))
2026-06-18 09:46:39.249 INFO  c.k.k.core.webservice.common.HarLogger   - HAR: C:\Users\ACER\git\AutoAPI\Reports\20260618_094020\API\Pembukuan\pembukuanAPI\20260618_094020\requests\main\CovFlag_26689_149.har
2026-06-18 09:46:39.253 DEBUG testcase.CovVal_26689                    - 3: println("==============================")
==============================
2026-06-18 09:46:39.254 DEBUG testcase.CovVal_26689                    - 4: println("Row                : " + row)
Row                : 50
2026-06-18 09:46:39.255 DEBUG testcase.CovVal_26689                    - 5: println("Nomor Rekening Simpanan   : " + norekSave)
Nomor Rekening Simpanan   : 202605252668959
2026-06-18 09:46:39.259 DEBUG testcase.CovVal_26689                    - 6: println("HTTP Status        : " + response.getStatusCode())
HTTP Status        : 200
2026-06-18 09:46:39.261 DEBUG testcase.CovVal_26689                    - 7: println("Response Body      : " + response.getResponseBodyContent())
Response Body      : {"ResponseCode":"00","ResponseDescription":"Success - Berhasil melakukan flagging data","ResponseException":"","TanggalMulaiCovering":"25\/05\/2026","TanggalAkhirCovering":"25\/05\/2027","NomorPeserta":"FRB12715610626000051","URLDokumenKepesertaan":"https:\/\/dev-brisurf.brins.co.id\/\/CovPr\/87e847e5f123d944","OriginalCoveringFlagSuccessDate":"18\/06\/2026 09:46:39"}
2026-06-18 09:46:39.262 DEBUG testcase.CovVal_26689                    - 1: norekSave = data.getValue("NomorRekeningSimpanan", row)
2026-06-18 09:46:39.263 DEBUG testcase.CovVal_26689                    - 2: response = sendRequest(findTestObject("API/Posts/CoveringFlag/CovFlag_26689", ["NomorRekeningSimpanan":norekSave]))
2026-06-18 09:46:39.975 INFO  c.k.k.core.webservice.common.HarLogger   - HAR: C:\Users\ACER\git\AutoAPI\Reports\20260618_094020\API\Pembukuan\pembukuanAPI\20260618_094020\requests\main\CovFlag_26689_150.har
2026-06-18 09:46:39.978 DEBUG testcase.CovVal_26689                    - 3: println("==============================")
==============================
2026-06-18 09:46:39.979 DEBUG testcase.CovVal_26689                    - 4: println("Row                : " + row)
Row                : 51
2026-06-18 09:46:39.980 DEBUG testcase.CovVal_26689                    - 5: println("Nomor Rekening Simpanan   : " + norekSave)
Nomor Rekening Simpanan   : 202605252668960
2026-06-18 09:46:39.981 DEBUG testcase.CovVal_26689                    - 6: println("HTTP Status        : " + response.getStatusCode())
HTTP Status        : 200
2026-06-18 09:46:39.982 DEBUG testcase.CovVal_26689                    - 7: println("Response Body      : " + response.getResponseBodyContent())
Response Body      : {"ResponseCode":"00","ResponseDescription":"Success - Berhasil melakukan flagging data","ResponseException":"","TanggalMulaiCovering":"25\/05\/2026","TanggalAkhirCovering":"25\/05\/2027","NomorPeserta":"FRB12715610626000052","URLDokumenKepesertaan":"https:\/\/dev-brisurf.brins.co.id\/\/CovPr\/d178474cad0e85fe","OriginalCoveringFlagSuccessDate":"18\/06\/2026 09:46:39"}
2026-06-18 09:46:39.984 DEBUG testcase.CovVal_26689                    - 1: norekSave = data.getValue("NomorRekeningSimpanan", row)
2026-06-18 09:46:39.985 DEBUG testcase.CovVal_26689                    - 2: response = sendRequest(findTestObject("API/Posts/CoveringFlag/CovFlag_26689", ["NomorRekeningSimpanan":norekSave]))
2026-06-18 09:46:40.706 INFO  c.k.k.core.webservice.common.HarLogger   - HAR: C:\Users\ACER\git\AutoAPI\Reports\20260618_094020\API\Pembukuan\pembukuanAPI\20260618_094020\requests\main\CovFlag_26689_151.har
2026-06-18 09:46:40.709 DEBUG testcase.CovVal_26689                    - 3: println("==============================")
==============================
2026-06-18 09:46:40.710 DEBUG testcase.CovVal_26689                    - 4: println("Row                : " + row)
Row                : 52
2026-06-18 09:46:40.711 DEBUG testcase.CovVal_26689                    - 5: println("Nomor Rekening Simpanan   : " + norekSave)
Nomor Rekening Simpanan   : 202605252668961
2026-06-18 09:46:40.712 DEBUG testcase.CovVal_26689                    - 6: println("HTTP Status        : " + response.getStatusCode())
HTTP Status        : 200
2026-06-18 09:46:40.713 DEBUG testcase.CovVal_26689                    - 7: println("Response Body      : " + response.getResponseBodyContent())
Response Body      : {"ResponseCode":"00","ResponseDescription":"Success - Berhasil melakukan flagging data","ResponseException":"","TanggalMulaiCovering":"25\/05\/2026","TanggalAkhirCovering":"25\/05\/2027","NomorPeserta":"FRB12715610626000053","URLDokumenKepesertaan":"https:\/\/dev-brisurf.brins.co.id\/\/CovPr\/2cda94d976168cda","OriginalCoveringFlagSuccessDate":"18\/06\/2026 09:46:40"}
2026-06-18 09:46:40.714 DEBUG testcase.CovVal_26689                    - 1: norekSave = data.getValue("NomorRekeningSimpanan", row)
2026-06-18 09:46:40.715 DEBUG testcase.CovVal_26689                    - 2: response = sendRequest(findTestObject("API/Posts/CoveringFlag/CovFlag_26689", ["NomorRekeningSimpanan":norekSave]))
2026-06-18 09:46:41.429 INFO  c.k.k.core.webservice.common.HarLogger   - HAR: C:\Users\ACER\git\AutoAPI\Reports\20260618_094020\API\Pembukuan\pembukuanAPI\20260618_094020\requests\main\CovFlag_26689_152.har
2026-06-18 09:46:41.432 DEBUG testcase.CovVal_26689                    - 3: println("==============================")
==============================
2026-06-18 09:46:41.433 DEBUG testcase.CovVal_26689                    - 4: println("Row                : " + row)
Row                : 53
2026-06-18 09:46:41.434 DEBUG testcase.CovVal_26689                    - 5: println("Nomor Rekening Simpanan   : " + norekSave)
Nomor Rekening Simpanan   : 202605252668962
2026-06-18 09:46:41.435 DEBUG testcase.CovVal_26689                    - 6: println("HTTP Status        : " + response.getStatusCode())
HTTP Status        : 200
2026-06-18 09:46:41.436 DEBUG testcase.CovVal_26689                    - 7: println("Response Body      : " + response.getResponseBodyContent())
Response Body      : {"ResponseCode":"00","ResponseDescription":"Success - Berhasil melakukan flagging data","ResponseException":"","TanggalMulaiCovering":"25\/05\/2026","TanggalAkhirCovering":"25\/05\/2027","NomorPeserta":"FRB12715610626000054","URLDokumenKepesertaan":"https:\/\/dev-brisurf.brins.co.id\/\/CovPr\/b6b7a6525ad3554f","OriginalCoveringFlagSuccessDate":"18\/06\/2026 09:46:41"}
2026-06-18 09:46:41.437 DEBUG testcase.CovVal_26689                    - 1: norekSave = data.getValue("NomorRekeningSimpanan", row)
2026-06-18 09:46:41.440 DEBUG testcase.CovVal_26689                    - 2: response = sendRequest(findTestObject("API/Posts/CoveringFlag/CovFlag_26689", ["NomorRekeningSimpanan":norekSave]))
2026-06-18 09:46:42.158 INFO  c.k.k.core.webservice.common.HarLogger   - HAR: C:\Users\ACER\git\AutoAPI\Reports\20260618_094020\API\Pembukuan\pembukuanAPI\20260618_094020\requests\main\CovFlag_26689_153.har
2026-06-18 09:46:42.161 DEBUG testcase.CovVal_26689                    - 3: println("==============================")
==============================
2026-06-18 09:46:42.162 DEBUG testcase.CovVal_26689                    - 4: println("Row                : " + row)
Row                : 54
2026-06-18 09:46:42.163 DEBUG testcase.CovVal_26689                    - 5: println("Nomor Rekening Simpanan   : " + norekSave)
Nomor Rekening Simpanan   : 202605252668963
2026-06-18 09:46:42.164 DEBUG testcase.CovVal_26689                    - 6: println("HTTP Status        : " + response.getStatusCode())
HTTP Status        : 200
2026-06-18 09:46:42.165 DEBUG testcase.CovVal_26689                    - 7: println("Response Body      : " + response.getResponseBodyContent())
Response Body      : {"ResponseCode":"00","ResponseDescription":"Success - Berhasil melakukan flagging data","ResponseException":"","TanggalMulaiCovering":"25\/05\/2026","TanggalAkhirCovering":"25\/05\/2027","NomorPeserta":"FRB12715610626000055","URLDokumenKepesertaan":"https:\/\/dev-brisurf.brins.co.id\/\/CovPr\/8736eb1b7a5ef521","OriginalCoveringFlagSuccessDate":"18\/06\/2026 09:46:42"}
2026-06-18 09:46:42.166 DEBUG testcase.CovVal_26689                    - 1: norekSave = data.getValue("NomorRekeningSimpanan", row)
2026-06-18 09:46:42.167 DEBUG testcase.CovVal_26689                    - 2: response = sendRequest(findTestObject("API/Posts/CoveringFlag/CovFlag_26689", ["NomorRekeningSimpanan":norekSave]))
2026-06-18 09:46:42.879 INFO  c.k.k.core.webservice.common.HarLogger   - HAR: C:\Users\ACER\git\AutoAPI\Reports\20260618_094020\API\Pembukuan\pembukuanAPI\20260618_094020\requests\main\CovFlag_26689_154.har
2026-06-18 09:46:42.882 DEBUG testcase.CovVal_26689                    - 3: println("==============================")
==============================
2026-06-18 09:46:42.883 DEBUG testcase.CovVal_26689                    - 4: println("Row                : " + row)
Row                : 55
2026-06-18 09:46:42.884 DEBUG testcase.CovVal_26689                    - 5: println("Nomor Rekening Simpanan   : " + norekSave)
Nomor Rekening Simpanan   : 202605252668964
2026-06-18 09:46:42.885 DEBUG testcase.CovVal_26689                    - 6: println("HTTP Status        : " + response.getStatusCode())
HTTP Status        : 200
2026-06-18 09:46:42.885 DEBUG testcase.CovVal_26689                    - 7: println("Response Body      : " + response.getResponseBodyContent())
Response Body      : {"ResponseCode":"00","ResponseDescription":"Success - Berhasil melakukan flagging data","ResponseException":"","TanggalMulaiCovering":"25\/05\/2026","TanggalAkhirCovering":"25\/05\/2027","NomorPeserta":"FRB12715610626000056","URLDokumenKepesertaan":"https:\/\/dev-brisurf.brins.co.id\/\/CovPr\/a0db2e17099cc62f","OriginalCoveringFlagSuccessDate":"18\/06\/2026 09:46:42"}
2026-06-18 09:46:42.886 DEBUG testcase.CovVal_26689                    - 1: norekSave = data.getValue("NomorRekeningSimpanan", row)
2026-06-18 09:46:42.889 DEBUG testcase.CovVal_26689                    - 2: response = sendRequest(findTestObject("API/Posts/CoveringFlag/CovFlag_26689", ["NomorRekeningSimpanan":norekSave]))
2026-06-18 09:46:43.595 INFO  c.k.k.core.webservice.common.HarLogger   - HAR: C:\Users\ACER\git\AutoAPI\Reports\20260618_094020\API\Pembukuan\pembukuanAPI\20260618_094020\requests\main\CovFlag_26689_155.har
2026-06-18 09:46:43.598 DEBUG testcase.CovVal_26689                    - 3: println("==============================")
==============================
2026-06-18 09:46:43.599 DEBUG testcase.CovVal_26689                    - 4: println("Row                : " + row)
Row                : 56
2026-06-18 09:46:43.600 DEBUG testcase.CovVal_26689                    - 5: println("Nomor Rekening Simpanan   : " + norekSave)
Nomor Rekening Simpanan   : 202605252668965
2026-06-18 09:46:43.601 DEBUG testcase.CovVal_26689                    - 6: println("HTTP Status        : " + response.getStatusCode())
HTTP Status        : 200
2026-06-18 09:46:43.602 DEBUG testcase.CovVal_26689                    - 7: println("Response Body      : " + response.getResponseBodyContent())
Response Body      : {"ResponseCode":"00","ResponseDescription":"Success - Berhasil melakukan flagging data","ResponseException":"","TanggalMulaiCovering":"25\/05\/2026","TanggalAkhirCovering":"25\/05\/2027","NomorPeserta":"FRB12715610626000057","URLDokumenKepesertaan":"https:\/\/dev-brisurf.brins.co.id\/\/CovPr\/64dad02a29d2cb6d","OriginalCoveringFlagSuccessDate":"18\/06\/2026 09:46:43"}
2026-06-18 09:46:43.603 DEBUG testcase.CovVal_26689                    - 1: norekSave = data.getValue("NomorRekeningSimpanan", row)
2026-06-18 09:46:43.607 DEBUG testcase.CovVal_26689                    - 2: response = sendRequest(findTestObject("API/Posts/CoveringFlag/CovFlag_26689", ["NomorRekeningSimpanan":norekSave]))
2026-06-18 09:46:44.325 INFO  c.k.k.core.webservice.common.HarLogger   - HAR: C:\Users\ACER\git\AutoAPI\Reports\20260618_094020\API\Pembukuan\pembukuanAPI\20260618_094020\requests\main\CovFlag_26689_156.har
2026-06-18 09:46:44.328 DEBUG testcase.CovVal_26689                    - 3: println("==============================")
==============================
2026-06-18 09:46:44.330 DEBUG testcase.CovVal_26689                    - 4: println("Row                : " + row)
Row                : 57
2026-06-18 09:46:44.331 DEBUG testcase.CovVal_26689                    - 5: println("Nomor Rekening Simpanan   : " + norekSave)
Nomor Rekening Simpanan   : 202605252668966
2026-06-18 09:46:44.332 DEBUG testcase.CovVal_26689                    - 6: println("HTTP Status        : " + response.getStatusCode())
HTTP Status        : 200
2026-06-18 09:46:44.333 DEBUG testcase.CovVal_26689                    - 7: println("Response Body      : " + response.getResponseBodyContent())
Response Body      : {"ResponseCode":"00","ResponseDescription":"Success - Berhasil melakukan flagging data","ResponseException":"","TanggalMulaiCovering":"25\/05\/2026","TanggalAkhirCovering":"25\/05\/2027","NomorPeserta":"FRB12715610626000058","URLDokumenKepesertaan":"https:\/\/dev-brisurf.brins.co.id\/\/CovPr\/de8cab0879aaa45c","OriginalCoveringFlagSuccessDate":"18\/06\/2026 09:46:44"}
2026-06-18 09:46:44.334 DEBUG testcase.CovVal_26689                    - 1: norekSave = data.getValue("NomorRekeningSimpanan", row)
2026-06-18 09:46:44.335 DEBUG testcase.CovVal_26689                    - 2: response = sendRequest(findTestObject("API/Posts/CoveringFlag/CovFlag_26689", ["NomorRekeningSimpanan":norekSave]))
2026-06-18 09:46:45.078 INFO  c.k.k.core.webservice.common.HarLogger   - HAR: C:\Users\ACER\git\AutoAPI\Reports\20260618_094020\API\Pembukuan\pembukuanAPI\20260618_094020\requests\main\CovFlag_26689_157.har
2026-06-18 09:46:45.081 DEBUG testcase.CovVal_26689                    - 3: println("==============================")
==============================
2026-06-18 09:46:45.082 DEBUG testcase.CovVal_26689                    - 4: println("Row                : " + row)
Row                : 58
2026-06-18 09:46:45.083 DEBUG testcase.CovVal_26689                    - 5: println("Nomor Rekening Simpanan   : " + norekSave)
Nomor Rekening Simpanan   : 202605252668967
2026-06-18 09:46:45.084 DEBUG testcase.CovVal_26689                    - 6: println("HTTP Status        : " + response.getStatusCode())
HTTP Status        : 200
2026-06-18 09:46:45.085 DEBUG testcase.CovVal_26689                    - 7: println("Response Body      : " + response.getResponseBodyContent())
Response Body      : {"ResponseCode":"00","ResponseDescription":"Success - Berhasil melakukan flagging data","ResponseException":"","TanggalMulaiCovering":"25\/05\/2026","TanggalAkhirCovering":"25\/05\/2027","NomorPeserta":"FRB12715610626000059","URLDokumenKepesertaan":"https:\/\/dev-brisurf.brins.co.id\/\/CovPr\/55fd15b31a737820","OriginalCoveringFlagSuccessDate":"18\/06\/2026 09:46:45"}
2026-06-18 09:46:45.086 DEBUG testcase.CovVal_26689                    - 1: norekSave = data.getValue("NomorRekeningSimpanan", row)
2026-06-18 09:46:45.088 DEBUG testcase.CovVal_26689                    - 2: response = sendRequest(findTestObject("API/Posts/CoveringFlag/CovFlag_26689", ["NomorRekeningSimpanan":norekSave]))
2026-06-18 09:46:45.881 INFO  c.k.k.core.webservice.common.HarLogger   - HAR: C:\Users\ACER\git\AutoAPI\Reports\20260618_094020\API\Pembukuan\pembukuanAPI\20260618_094020\requests\main\CovFlag_26689_158.har
2026-06-18 09:46:45.883 DEBUG testcase.CovVal_26689                    - 3: println("==============================")
==============================
2026-06-18 09:46:45.884 DEBUG testcase.CovVal_26689                    - 4: println("Row                : " + row)
Row                : 59
2026-06-18 09:46:45.885 DEBUG testcase.CovVal_26689                    - 5: println("Nomor Rekening Simpanan   : " + norekSave)
Nomor Rekening Simpanan   : 202605252668968
2026-06-18 09:46:45.888 DEBUG testcase.CovVal_26689                    - 6: println("HTTP Status        : " + response.getStatusCode())
HTTP Status        : 200
2026-06-18 09:46:45.889 DEBUG testcase.CovVal_26689                    - 7: println("Response Body      : " + response.getResponseBodyContent())
Response Body      : {"ResponseCode":"00","ResponseDescription":"Success - Berhasil melakukan flagging data","ResponseException":"","TanggalMulaiCovering":"25\/05\/2026","TanggalAkhirCovering":"25\/05\/2027","NomorPeserta":"FRB12715610626000060","URLDokumenKepesertaan":"https:\/\/dev-brisurf.brins.co.id\/\/CovPr\/3ea815c229a70399","OriginalCoveringFlagSuccessDate":"18\/06\/2026 09:46:45"}
2026-06-18 09:46:45.890 DEBUG testcase.CovVal_26689                    - 1: norekSave = data.getValue("NomorRekeningSimpanan", row)
2026-06-18 09:46:45.891 DEBUG testcase.CovVal_26689                    - 2: response = sendRequest(findTestObject("API/Posts/CoveringFlag/CovFlag_26689", ["NomorRekeningSimpanan":norekSave]))
2026-06-18 09:46:46.612 INFO  c.k.k.core.webservice.common.HarLogger   - HAR: C:\Users\ACER\git\AutoAPI\Reports\20260618_094020\API\Pembukuan\pembukuanAPI\20260618_094020\requests\main\CovFlag_26689_159.har
2026-06-18 09:46:46.615 DEBUG testcase.CovVal_26689                    - 3: println("==============================")
==============================
2026-06-18 09:46:46.616 DEBUG testcase.CovVal_26689                    - 4: println("Row                : " + row)
Row                : 60
2026-06-18 09:46:46.617 DEBUG testcase.CovVal_26689                    - 5: println("Nomor Rekening Simpanan   : " + norekSave)
Nomor Rekening Simpanan   : 202605252668969
2026-06-18 09:46:46.618 DEBUG testcase.CovVal_26689                    - 6: println("HTTP Status        : " + response.getStatusCode())
HTTP Status        : 200
2026-06-18 09:46:46.619 DEBUG testcase.CovVal_26689                    - 7: println("Response Body      : " + response.getResponseBodyContent())
Response Body      : {"ResponseCode":"00","ResponseDescription":"Success - Berhasil melakukan flagging data","ResponseException":"","TanggalMulaiCovering":"25\/05\/2026","TanggalAkhirCovering":"25\/05\/2027","NomorPeserta":"FRB12715610626000061","URLDokumenKepesertaan":"https:\/\/dev-brisurf.brins.co.id\/\/CovPr\/5f6c1405003473d5","OriginalCoveringFlagSuccessDate":"18\/06\/2026 09:46:46"}
2026-06-18 09:46:46.623 DEBUG testcase.CovVal_26689                    - 1: norekSave = data.getValue("NomorRekeningSimpanan", row)
2026-06-18 09:46:46.624 DEBUG testcase.CovVal_26689                    - 2: response = sendRequest(findTestObject("API/Posts/CoveringFlag/CovFlag_26689", ["NomorRekeningSimpanan":norekSave]))
2026-06-18 09:46:47.376 INFO  c.k.k.core.webservice.common.HarLogger   - HAR: C:\Users\ACER\git\AutoAPI\Reports\20260618_094020\API\Pembukuan\pembukuanAPI\20260618_094020\requests\main\CovFlag_26689_160.har
2026-06-18 09:46:47.379 DEBUG testcase.CovVal_26689                    - 3: println("==============================")
==============================
2026-06-18 09:46:47.380 DEBUG testcase.CovVal_26689                    - 4: println("Row                : " + row)
Row                : 61
2026-06-18 09:46:47.381 DEBUG testcase.CovVal_26689                    - 5: println("Nomor Rekening Simpanan   : " + norekSave)
Nomor Rekening Simpanan   : 202605252668970
2026-06-18 09:46:47.382 DEBUG testcase.CovVal_26689                    - 6: println("HTTP Status        : " + response.getStatusCode())
HTTP Status        : 200
2026-06-18 09:46:47.383 DEBUG testcase.CovVal_26689                    - 7: println("Response Body      : " + response.getResponseBodyContent())
Response Body      : {"ResponseCode":"00","ResponseDescription":"Success - Berhasil melakukan flagging data","ResponseException":"","TanggalMulaiCovering":"25\/05\/2026","TanggalAkhirCovering":"25\/05\/2027","NomorPeserta":"FRB12715610626000062","URLDokumenKepesertaan":"https:\/\/dev-brisurf.brins.co.id\/\/CovPr\/af77b8b0d335afa0","OriginalCoveringFlagSuccessDate":"18\/06\/2026 09:46:47"}
2026-06-18 09:46:47.385 DEBUG testcase.CovVal_26689                    - 1: norekSave = data.getValue("NomorRekeningSimpanan", row)
2026-06-18 09:46:47.386 DEBUG testcase.CovVal_26689                    - 2: response = sendRequest(findTestObject("API/Posts/CoveringFlag/CovFlag_26689", ["NomorRekeningSimpanan":norekSave]))
2026-06-18 09:46:48.157 INFO  c.k.k.core.webservice.common.HarLogger   - HAR: C:\Users\ACER\git\AutoAPI\Reports\20260618_094020\API\Pembukuan\pembukuanAPI\20260618_094020\requests\main\CovFlag_26689_161.har
2026-06-18 09:46:48.161 DEBUG testcase.CovVal_26689                    - 3: println("==============================")
==============================
2026-06-18 09:46:48.162 DEBUG testcase.CovVal_26689                    - 4: println("Row                : " + row)
Row                : 62
2026-06-18 09:46:48.163 DEBUG testcase.CovVal_26689                    - 5: println("Nomor Rekening Simpanan   : " + norekSave)
Nomor Rekening Simpanan   : 202605252668971
2026-06-18 09:46:48.164 DEBUG testcase.CovVal_26689                    - 6: println("HTTP Status        : " + response.getStatusCode())
HTTP Status        : 200
2026-06-18 09:46:48.165 DEBUG testcase.CovVal_26689                    - 7: println("Response Body      : " + response.getResponseBodyContent())
Response Body      : {"ResponseCode":"00","ResponseDescription":"Success - Berhasil melakukan flagging data","ResponseException":"","TanggalMulaiCovering":"25\/05\/2026","TanggalAkhirCovering":"25\/05\/2027","NomorPeserta":"FRB12715610626000063","URLDokumenKepesertaan":"https:\/\/dev-brisurf.brins.co.id\/\/CovPr\/bba79bf444eca40e","OriginalCoveringFlagSuccessDate":"18\/06\/2026 09:46:48"}
2026-06-18 09:46:48.166 DEBUG testcase.CovVal_26689                    - 1: norekSave = data.getValue("NomorRekeningSimpanan", row)
2026-06-18 09:46:48.167 DEBUG testcase.CovVal_26689                    - 2: response = sendRequest(findTestObject("API/Posts/CoveringFlag/CovFlag_26689", ["NomorRekeningSimpanan":norekSave]))
2026-06-18 09:46:48.919 INFO  c.k.k.core.webservice.common.HarLogger   - HAR: C:\Users\ACER\git\AutoAPI\Reports\20260618_094020\API\Pembukuan\pembukuanAPI\20260618_094020\requests\main\CovFlag_26689_162.har
2026-06-18 09:46:48.923 DEBUG testcase.CovVal_26689                    - 3: println("==============================")
==============================
2026-06-18 09:46:48.924 DEBUG testcase.CovVal_26689                    - 4: println("Row                : " + row)
Row                : 63
2026-06-18 09:46:48.925 DEBUG testcase.CovVal_26689                    - 5: println("Nomor Rekening Simpanan   : " + norekSave)
Nomor Rekening Simpanan   : 202605252668972
2026-06-18 09:46:48.926 DEBUG testcase.CovVal_26689                    - 6: println("HTTP Status        : " + response.getStatusCode())
HTTP Status        : 200
2026-06-18 09:46:48.927 DEBUG testcase.CovVal_26689                    - 7: println("Response Body      : " + response.getResponseBodyContent())
Response Body      : {"ResponseCode":"00","ResponseDescription":"Success - Berhasil melakukan flagging data","ResponseException":"","TanggalMulaiCovering":"25\/05\/2026","TanggalAkhirCovering":"25\/05\/2027","NomorPeserta":"FRB12715610626000064","URLDokumenKepesertaan":"https:\/\/dev-brisurf.brins.co.id\/\/CovPr\/f87ef7970b925bd8","OriginalCoveringFlagSuccessDate":"18\/06\/2026 09:46:48"}
2026-06-18 09:46:48.928 DEBUG testcase.CovVal_26689                    - 1: norekSave = data.getValue("NomorRekeningSimpanan", row)
2026-06-18 09:46:48.930 DEBUG testcase.CovVal_26689                    - 2: response = sendRequest(findTestObject("API/Posts/CoveringFlag/CovFlag_26689", ["NomorRekeningSimpanan":norekSave]))
2026-06-18 09:46:49.698 INFO  c.k.k.core.webservice.common.HarLogger   - HAR: C:\Users\ACER\git\AutoAPI\Reports\20260618_094020\API\Pembukuan\pembukuanAPI\20260618_094020\requests\main\CovFlag_26689_163.har
2026-06-18 09:46:49.701 DEBUG testcase.CovVal_26689                    - 3: println("==============================")
==============================
2026-06-18 09:46:49.702 DEBUG testcase.CovVal_26689                    - 4: println("Row                : " + row)
Row                : 64
2026-06-18 09:46:49.704 DEBUG testcase.CovVal_26689                    - 5: println("Nomor Rekening Simpanan   : " + norekSave)
Nomor Rekening Simpanan   : 202605252668973
2026-06-18 09:46:49.706 DEBUG testcase.CovVal_26689                    - 6: println("HTTP Status        : " + response.getStatusCode())
HTTP Status        : 200
2026-06-18 09:46:49.707 DEBUG testcase.CovVal_26689                    - 7: println("Response Body      : " + response.getResponseBodyContent())
Response Body      : {"ResponseCode":"00","ResponseDescription":"Success - Berhasil melakukan flagging data","ResponseException":"","TanggalMulaiCovering":"25\/05\/2026","TanggalAkhirCovering":"25\/05\/2027","NomorPeserta":"FRB12715610626000065","URLDokumenKepesertaan":"https:\/\/dev-brisurf.brins.co.id\/\/CovPr\/a2fc21b876d2687d","OriginalCoveringFlagSuccessDate":"18\/06\/2026 09:46:49"}
2026-06-18 09:46:49.708 DEBUG testcase.CovVal_26689                    - 1: norekSave = data.getValue("NomorRekeningSimpanan", row)
2026-06-18 09:46:49.709 DEBUG testcase.CovVal_26689                    - 2: response = sendRequest(findTestObject("API/Posts/CoveringFlag/CovFlag_26689", ["NomorRekeningSimpanan":norekSave]))
2026-06-18 09:46:50.513 INFO  c.k.k.core.webservice.common.HarLogger   - HAR: C:\Users\ACER\git\AutoAPI\Reports\20260618_094020\API\Pembukuan\pembukuanAPI\20260618_094020\requests\main\CovFlag_26689_164.har
2026-06-18 09:46:50.516 DEBUG testcase.CovVal_26689                    - 3: println("==============================")
==============================
2026-06-18 09:46:50.516 DEBUG testcase.CovVal_26689                    - 4: println("Row                : " + row)
Row                : 65
2026-06-18 09:46:50.518 DEBUG testcase.CovVal_26689                    - 5: println("Nomor Rekening Simpanan   : " + norekSave)
Nomor Rekening Simpanan   : 202605252668974
2026-06-18 09:46:50.518 DEBUG testcase.CovVal_26689                    - 6: println("HTTP Status        : " + response.getStatusCode())
HTTP Status        : 200
2026-06-18 09:46:50.522 DEBUG testcase.CovVal_26689                    - 7: println("Response Body      : " + response.getResponseBodyContent())
Response Body      : {"ResponseCode":"00","ResponseDescription":"Success - Berhasil melakukan flagging data","ResponseException":"","TanggalMulaiCovering":"25\/05\/2026","TanggalAkhirCovering":"25\/05\/2027","NomorPeserta":"FRB12715610626000066","URLDokumenKepesertaan":"https:\/\/dev-brisurf.brins.co.id\/\/CovPr\/c4ce64c69fe42903","OriginalCoveringFlagSuccessDate":"18\/06\/2026 09:46:50"}
2026-06-18 09:46:50.523 DEBUG testcase.CovVal_26689                    - 1: norekSave = data.getValue("NomorRekeningSimpanan", row)
2026-06-18 09:46:50.524 DEBUG testcase.CovVal_26689                    - 2: response = sendRequest(findTestObject("API/Posts/CoveringFlag/CovFlag_26689", ["NomorRekeningSimpanan":norekSave]))
2026-06-18 09:46:51.333 INFO  c.k.k.core.webservice.common.HarLogger   - HAR: C:\Users\ACER\git\AutoAPI\Reports\20260618_094020\API\Pembukuan\pembukuanAPI\20260618_094020\requests\main\CovFlag_26689_165.har
2026-06-18 09:46:51.337 DEBUG testcase.CovVal_26689                    - 3: println("==============================")
==============================
2026-06-18 09:46:51.338 DEBUG testcase.CovVal_26689                    - 4: println("Row                : " + row)
Row                : 66
2026-06-18 09:46:51.339 DEBUG testcase.CovVal_26689                    - 5: println("Nomor Rekening Simpanan   : " + norekSave)
Nomor Rekening Simpanan   : 202605252668975
2026-06-18 09:46:51.340 DEBUG testcase.CovVal_26689                    - 6: println("HTTP Status        : " + response.getStatusCode())
HTTP Status        : 200
2026-06-18 09:46:51.341 DEBUG testcase.CovVal_26689                    - 7: println("Response Body      : " + response.getResponseBodyContent())
Response Body      : {"ResponseCode":"00","ResponseDescription":"Success - Berhasil melakukan flagging data","ResponseException":"","TanggalMulaiCovering":"25\/05\/2026","TanggalAkhirCovering":"25\/05\/2027","NomorPeserta":"FRB12715610626000067","URLDokumenKepesertaan":"https:\/\/dev-brisurf.brins.co.id\/\/CovPr\/aa649608fa29e5b0","OriginalCoveringFlagSuccessDate":"18\/06\/2026 09:46:51"}
2026-06-18 09:46:51.342 DEBUG testcase.CovVal_26689                    - 1: norekSave = data.getValue("NomorRekeningSimpanan", row)
2026-06-18 09:46:51.342 DEBUG testcase.CovVal_26689                    - 2: response = sendRequest(findTestObject("API/Posts/CoveringFlag/CovFlag_26689", ["NomorRekeningSimpanan":norekSave]))
2026-06-18 09:46:52.158 INFO  c.k.k.core.webservice.common.HarLogger   - HAR: C:\Users\ACER\git\AutoAPI\Reports\20260618_094020\API\Pembukuan\pembukuanAPI\20260618_094020\requests\main\CovFlag_26689_166.har
2026-06-18 09:46:52.161 DEBUG testcase.CovVal_26689                    - 3: println("==============================")
==============================
2026-06-18 09:46:52.162 DEBUG testcase.CovVal_26689                    - 4: println("Row                : " + row)
Row                : 67
2026-06-18 09:46:52.163 DEBUG testcase.CovVal_26689                    - 5: println("Nomor Rekening Simpanan   : " + norekSave)
Nomor Rekening Simpanan   : 202605252668976
2026-06-18 09:46:52.164 DEBUG testcase.CovVal_26689                    - 6: println("HTTP Status        : " + response.getStatusCode())
HTTP Status        : 200
2026-06-18 09:46:52.164 DEBUG testcase.CovVal_26689                    - 7: println("Response Body      : " + response.getResponseBodyContent())
Response Body      : {"ResponseCode":"00","ResponseDescription":"Success - Berhasil melakukan flagging data","ResponseException":"","TanggalMulaiCovering":"25\/05\/2026","TanggalAkhirCovering":"25\/05\/2027","NomorPeserta":"FRB12715610626000068","URLDokumenKepesertaan":"https:\/\/dev-brisurf.brins.co.id\/\/CovPr\/38ee91bf6b1bf438","OriginalCoveringFlagSuccessDate":"18\/06\/2026 09:46:51"}
2026-06-18 09:46:52.165 DEBUG testcase.CovVal_26689                    - 1: norekSave = data.getValue("NomorRekeningSimpanan", row)
2026-06-18 09:46:52.166 DEBUG testcase.CovVal_26689                    - 2: response = sendRequest(findTestObject("API/Posts/CoveringFlag/CovFlag_26689", ["NomorRekeningSimpanan":norekSave]))
2026-06-18 09:46:52.971 INFO  c.k.k.core.webservice.common.HarLogger   - HAR: C:\Users\ACER\git\AutoAPI\Reports\20260618_094020\API\Pembukuan\pembukuanAPI\20260618_094020\requests\main\CovFlag_26689_167.har
2026-06-18 09:46:52.974 DEBUG testcase.CovVal_26689                    - 3: println("==============================")
==============================
2026-06-18 09:46:52.975 DEBUG testcase.CovVal_26689                    - 4: println("Row                : " + row)
Row                : 68
2026-06-18 09:46:52.976 DEBUG testcase.CovVal_26689                    - 5: println("Nomor Rekening Simpanan   : " + norekSave)
Nomor Rekening Simpanan   : 202605252668977
2026-06-18 09:46:52.976 DEBUG testcase.CovVal_26689                    - 6: println("HTTP Status        : " + response.getStatusCode())
HTTP Status        : 200
2026-06-18 09:46:52.977 DEBUG testcase.CovVal_26689                    - 7: println("Response Body      : " + response.getResponseBodyContent())
Response Body      : {"ResponseCode":"00","ResponseDescription":"Success - Berhasil melakukan flagging data","ResponseException":"","TanggalMulaiCovering":"25\/05\/2026","TanggalAkhirCovering":"25\/05\/2027","NomorPeserta":"FRB12715610626000069","URLDokumenKepesertaan":"https:\/\/dev-brisurf.brins.co.id\/\/CovPr\/1314f6c6644e4cc8","OriginalCoveringFlagSuccessDate":"18\/06\/2026 09:46:52"}
2026-06-18 09:46:52.978 DEBUG testcase.CovVal_26689                    - 1: norekSave = data.getValue("NomorRekeningSimpanan", row)
2026-06-18 09:46:52.979 DEBUG testcase.CovVal_26689                    - 2: response = sendRequest(findTestObject("API/Posts/CoveringFlag/CovFlag_26689", ["NomorRekeningSimpanan":norekSave]))
2026-06-18 09:46:53.790 INFO  c.k.k.core.webservice.common.HarLogger   - HAR: C:\Users\ACER\git\AutoAPI\Reports\20260618_094020\API\Pembukuan\pembukuanAPI\20260618_094020\requests\main\CovFlag_26689_168.har
2026-06-18 09:46:53.793 DEBUG testcase.CovVal_26689                    - 3: println("==============================")
==============================
2026-06-18 09:46:53.794 DEBUG testcase.CovVal_26689                    - 4: println("Row                : " + row)
Row                : 69
2026-06-18 09:46:53.795 DEBUG testcase.CovVal_26689                    - 5: println("Nomor Rekening Simpanan   : " + norekSave)
Nomor Rekening Simpanan   : 202605252668978
2026-06-18 09:46:53.796 DEBUG testcase.CovVal_26689                    - 6: println("HTTP Status        : " + response.getStatusCode())
HTTP Status        : 200
2026-06-18 09:46:53.797 DEBUG testcase.CovVal_26689                    - 7: println("Response Body      : " + response.getResponseBodyContent())
Response Body      : {"ResponseCode":"00","ResponseDescription":"Success - Berhasil melakukan flagging data","ResponseException":"","TanggalMulaiCovering":"25\/05\/2026","TanggalAkhirCovering":"25\/05\/2027","NomorPeserta":"FRB12715610626000070","URLDokumenKepesertaan":"https:\/\/dev-brisurf.brins.co.id\/\/CovPr\/343585ee1cb5aca3","OriginalCoveringFlagSuccessDate":"18\/06\/2026 09:46:53"}
2026-06-18 09:46:53.797 DEBUG testcase.CovVal_26689                    - 1: norekSave = data.getValue("NomorRekeningSimpanan", row)
2026-06-18 09:46:53.798 DEBUG testcase.CovVal_26689                    - 2: response = sendRequest(findTestObject("API/Posts/CoveringFlag/CovFlag_26689", ["NomorRekeningSimpanan":norekSave]))
2026-06-18 09:46:54.754 INFO  c.k.k.core.webservice.common.HarLogger   - HAR: C:\Users\ACER\git\AutoAPI\Reports\20260618_094020\API\Pembukuan\pembukuanAPI\20260618_094020\requests\main\CovFlag_26689_169.har
2026-06-18 09:46:54.758 DEBUG testcase.CovVal_26689                    - 3: println("==============================")
==============================
2026-06-18 09:46:54.759 DEBUG testcase.CovVal_26689                    - 4: println("Row                : " + row)
Row                : 70
2026-06-18 09:46:54.760 DEBUG testcase.CovVal_26689                    - 5: println("Nomor Rekening Simpanan   : " + norekSave)
Nomor Rekening Simpanan   : 202605252668979
2026-06-18 09:46:54.762 DEBUG testcase.CovVal_26689                    - 6: println("HTTP Status        : " + response.getStatusCode())
HTTP Status        : 200
2026-06-18 09:46:54.763 DEBUG testcase.CovVal_26689                    - 7: println("Response Body      : " + response.getResponseBodyContent())
Response Body      : {"ResponseCode":"00","ResponseDescription":"Success - Berhasil melakukan flagging data","ResponseException":"","TanggalMulaiCovering":"25\/05\/2026","TanggalAkhirCovering":"25\/05\/2027","NomorPeserta":"FRB12715610626000071","URLDokumenKepesertaan":"https:\/\/dev-brisurf.brins.co.id\/\/CovPr\/27b7853d58e7f5d3","OriginalCoveringFlagSuccessDate":"18\/06\/2026 09:46:54"}
2026-06-18 09:46:54.765 DEBUG testcase.CovVal_26689                    - 1: norekSave = data.getValue("NomorRekeningSimpanan", row)
2026-06-18 09:46:54.766 DEBUG testcase.CovVal_26689                    - 2: response = sendRequest(findTestObject("API/Posts/CoveringFlag/CovFlag_26689", ["NomorRekeningSimpanan":norekSave]))
2026-06-18 09:46:55.530 INFO  c.k.k.core.webservice.common.HarLogger   - HAR: C:\Users\ACER\git\AutoAPI\Reports\20260618_094020\API\Pembukuan\pembukuanAPI\20260618_094020\requests\main\CovFlag_26689_170.har
2026-06-18 09:46:55.533 DEBUG testcase.CovVal_26689                    - 3: println("==============================")
==============================
2026-06-18 09:46:55.536 DEBUG testcase.CovVal_26689                    - 4: println("Row                : " + row)
Row                : 71
2026-06-18 09:46:55.537 DEBUG testcase.CovVal_26689                    - 5: println("Nomor Rekening Simpanan   : " + norekSave)
Nomor Rekening Simpanan   : 202605252668980
2026-06-18 09:46:55.538 DEBUG testcase.CovVal_26689                    - 6: println("HTTP Status        : " + response.getStatusCode())
HTTP Status        : 200
2026-06-18 09:46:55.539 DEBUG testcase.CovVal_26689                    - 7: println("Response Body      : " + response.getResponseBodyContent())
Response Body      : {"ResponseCode":"00","ResponseDescription":"Success - Berhasil melakukan flagging data","ResponseException":"","TanggalMulaiCovering":"25\/05\/2026","TanggalAkhirCovering":"25\/05\/2027","NomorPeserta":"FRB12715610626000072","URLDokumenKepesertaan":"https:\/\/dev-brisurf.brins.co.id\/\/CovPr\/ae2049caf293464f","OriginalCoveringFlagSuccessDate":"18\/06\/2026 09:46:55"}
2026-06-18 09:46:55.540 DEBUG testcase.CovVal_26689                    - 1: norekSave = data.getValue("NomorRekeningSimpanan", row)
2026-06-18 09:46:55.541 DEBUG testcase.CovVal_26689                    - 2: response = sendRequest(findTestObject("API/Posts/CoveringFlag/CovFlag_26689", ["NomorRekeningSimpanan":norekSave]))
2026-06-18 09:46:56.261 INFO  c.k.k.core.webservice.common.HarLogger   - HAR: C:\Users\ACER\git\AutoAPI\Reports\20260618_094020\API\Pembukuan\pembukuanAPI\20260618_094020\requests\main\CovFlag_26689_171.har
2026-06-18 09:46:56.264 DEBUG testcase.CovVal_26689                    - 3: println("==============================")
==============================
2026-06-18 09:46:56.265 DEBUG testcase.CovVal_26689                    - 4: println("Row                : " + row)
Row                : 72
2026-06-18 09:46:56.266 DEBUG testcase.CovVal_26689                    - 5: println("Nomor Rekening Simpanan   : " + norekSave)
Nomor Rekening Simpanan   : 202605252668981
2026-06-18 09:46:56.266 DEBUG testcase.CovVal_26689                    - 6: println("HTTP Status        : " + response.getStatusCode())
HTTP Status        : 200
2026-06-18 09:46:56.270 DEBUG testcase.CovVal_26689                    - 7: println("Response Body      : " + response.getResponseBodyContent())
Response Body      : {"ResponseCode":"00","ResponseDescription":"Success - Berhasil melakukan flagging data","ResponseException":"","TanggalMulaiCovering":"25\/05\/2026","TanggalAkhirCovering":"25\/05\/2027","NomorPeserta":"FRB12715610626000073","URLDokumenKepesertaan":"https:\/\/dev-brisurf.brins.co.id\/\/CovPr\/3072f57e87149ccc","OriginalCoveringFlagSuccessDate":"18\/06\/2026 09:46:56"}
2026-06-18 09:46:56.271 DEBUG testcase.CovVal_26689                    - 1: norekSave = data.getValue("NomorRekeningSimpanan", row)
2026-06-18 09:46:56.271 DEBUG testcase.CovVal_26689                    - 2: response = sendRequest(findTestObject("API/Posts/CoveringFlag/CovFlag_26689", ["NomorRekeningSimpanan":norekSave]))
2026-06-18 09:46:57.040 INFO  c.k.k.core.webservice.common.HarLogger   - HAR: C:\Users\ACER\git\AutoAPI\Reports\20260618_094020\API\Pembukuan\pembukuanAPI\20260618_094020\requests\main\CovFlag_26689_172.har
2026-06-18 09:46:57.043 DEBUG testcase.CovVal_26689                    - 3: println("==============================")
==============================
2026-06-18 09:46:57.044 DEBUG testcase.CovVal_26689                    - 4: println("Row                : " + row)
Row                : 73
2026-06-18 09:46:57.045 DEBUG testcase.CovVal_26689                    - 5: println("Nomor Rekening Simpanan   : " + norekSave)
Nomor Rekening Simpanan   : 202605252668982
2026-06-18 09:46:57.046 DEBUG testcase.CovVal_26689                    - 6: println("HTTP Status        : " + response.getStatusCode())
HTTP Status        : 200
2026-06-18 09:46:57.047 DEBUG testcase.CovVal_26689                    - 7: println("Response Body      : " + response.getResponseBodyContent())
Response Body      : {"ResponseCode":"00","ResponseDescription":"Success - Berhasil melakukan flagging data","ResponseException":"","TanggalMulaiCovering":"25\/05\/2026","TanggalAkhirCovering":"25\/05\/2027","NomorPeserta":"FRB12715610626000074","URLDokumenKepesertaan":"https:\/\/dev-brisurf.brins.co.id\/\/CovPr\/6dda040c78c26552","OriginalCoveringFlagSuccessDate":"18\/06\/2026 09:46:56"}
2026-06-18 09:46:57.048 DEBUG testcase.CovVal_26689                    - 1: norekSave = data.getValue("NomorRekeningSimpanan", row)
2026-06-18 09:46:57.048 DEBUG testcase.CovVal_26689                    - 2: response = sendRequest(findTestObject("API/Posts/CoveringFlag/CovFlag_26689", ["NomorRekeningSimpanan":norekSave]))
2026-06-18 09:46:57.772 INFO  c.k.k.core.webservice.common.HarLogger   - HAR: C:\Users\ACER\git\AutoAPI\Reports\20260618_094020\API\Pembukuan\pembukuanAPI\20260618_094020\requests\main\CovFlag_26689_173.har
2026-06-18 09:46:57.777 DEBUG testcase.CovVal_26689                    - 3: println("==============================")
==============================
2026-06-18 09:46:57.778 DEBUG testcase.CovVal_26689                    - 4: println("Row                : " + row)
Row                : 74
2026-06-18 09:46:57.779 DEBUG testcase.CovVal_26689                    - 5: println("Nomor Rekening Simpanan   : " + norekSave)
Nomor Rekening Simpanan   : 202605252668983
2026-06-18 09:46:57.780 DEBUG testcase.CovVal_26689                    - 6: println("HTTP Status        : " + response.getStatusCode())
HTTP Status        : 200
2026-06-18 09:46:57.781 DEBUG testcase.CovVal_26689                    - 7: println("Response Body      : " + response.getResponseBodyContent())
Response Body      : {"ResponseCode":"00","ResponseDescription":"Success - Berhasil melakukan flagging data","ResponseException":"","TanggalMulaiCovering":"25\/05\/2026","TanggalAkhirCovering":"25\/05\/2027","NomorPeserta":"FRB12715610626000075","URLDokumenKepesertaan":"https:\/\/dev-brisurf.brins.co.id\/\/CovPr\/884353ca1e7bd0d8","OriginalCoveringFlagSuccessDate":"18\/06\/2026 09:46:57"}
2026-06-18 09:46:57.782 DEBUG testcase.CovVal_26689                    - 1: norekSave = data.getValue("NomorRekeningSimpanan", row)
2026-06-18 09:46:57.785 DEBUG testcase.CovVal_26689                    - 2: response = sendRequest(findTestObject("API/Posts/CoveringFlag/CovFlag_26689", ["NomorRekeningSimpanan":norekSave]))
2026-06-18 09:46:58.549 INFO  c.k.k.core.webservice.common.HarLogger   - HAR: C:\Users\ACER\git\AutoAPI\Reports\20260618_094020\API\Pembukuan\pembukuanAPI\20260618_094020\requests\main\CovFlag_26689_174.har
2026-06-18 09:46:58.553 DEBUG testcase.CovVal_26689                    - 3: println("==============================")
==============================
2026-06-18 09:46:58.554 DEBUG testcase.CovVal_26689                    - 4: println("Row                : " + row)
Row                : 75
2026-06-18 09:46:58.555 DEBUG testcase.CovVal_26689                    - 5: println("Nomor Rekening Simpanan   : " + norekSave)
Nomor Rekening Simpanan   : 202605252668984
2026-06-18 09:46:58.556 DEBUG testcase.CovVal_26689                    - 6: println("HTTP Status        : " + response.getStatusCode())
HTTP Status        : 200
2026-06-18 09:46:58.557 DEBUG testcase.CovVal_26689                    - 7: println("Response Body      : " + response.getResponseBodyContent())
Response Body      : {"ResponseCode":"00","ResponseDescription":"Success - Berhasil melakukan flagging data","ResponseException":"","TanggalMulaiCovering":"25\/05\/2026","TanggalAkhirCovering":"25\/05\/2027","NomorPeserta":"FRB12715610626000076","URLDokumenKepesertaan":"https:\/\/dev-brisurf.brins.co.id\/\/CovPr\/e9f19cf273a1eca2","OriginalCoveringFlagSuccessDate":"18\/06\/2026 09:46:58"}
2026-06-18 09:46:58.558 DEBUG testcase.CovVal_26689                    - 1: norekSave = data.getValue("NomorRekeningSimpanan", row)
2026-06-18 09:46:58.559 DEBUG testcase.CovVal_26689                    - 2: response = sendRequest(findTestObject("API/Posts/CoveringFlag/CovFlag_26689", ["NomorRekeningSimpanan":norekSave]))
2026-06-18 09:46:59.282 INFO  c.k.k.core.webservice.common.HarLogger   - HAR: C:\Users\ACER\git\AutoAPI\Reports\20260618_094020\API\Pembukuan\pembukuanAPI\20260618_094020\requests\main\CovFlag_26689_175.har
2026-06-18 09:46:59.286 DEBUG testcase.CovVal_26689                    - 3: println("==============================")
==============================
2026-06-18 09:46:59.287 DEBUG testcase.CovVal_26689                    - 4: println("Row                : " + row)
Row                : 76
2026-06-18 09:46:59.288 DEBUG testcase.CovVal_26689                    - 5: println("Nomor Rekening Simpanan   : " + norekSave)
Nomor Rekening Simpanan   : 202605252668985
2026-06-18 09:46:59.289 DEBUG testcase.CovVal_26689                    - 6: println("HTTP Status        : " + response.getStatusCode())
HTTP Status        : 200
2026-06-18 09:46:59.290 DEBUG testcase.CovVal_26689                    - 7: println("Response Body      : " + response.getResponseBodyContent())
Response Body      : {"ResponseCode":"00","ResponseDescription":"Success - Berhasil melakukan flagging data","ResponseException":"","TanggalMulaiCovering":"25\/05\/2026","TanggalAkhirCovering":"25\/05\/2027","NomorPeserta":"FRB12715610626000077","URLDokumenKepesertaan":"https:\/\/dev-brisurf.brins.co.id\/\/CovPr\/c7810cfaa75b4c55","OriginalCoveringFlagSuccessDate":"18\/06\/2026 09:46:59"}
2026-06-18 09:46:59.291 DEBUG testcase.CovVal_26689                    - 1: norekSave = data.getValue("NomorRekeningSimpanan", row)
2026-06-18 09:46:59.291 DEBUG testcase.CovVal_26689                    - 2: response = sendRequest(findTestObject("API/Posts/CoveringFlag/CovFlag_26689", ["NomorRekeningSimpanan":norekSave]))
2026-06-18 09:47:00.098 INFO  c.k.k.core.webservice.common.HarLogger   - HAR: C:\Users\ACER\git\AutoAPI\Reports\20260618_094020\API\Pembukuan\pembukuanAPI\20260618_094020\requests\main\CovFlag_26689_176.har
2026-06-18 09:47:00.103 DEBUG testcase.CovVal_26689                    - 3: println("==============================")
==============================
2026-06-18 09:47:00.104 DEBUG testcase.CovVal_26689                    - 4: println("Row                : " + row)
Row                : 77
2026-06-18 09:47:00.105 DEBUG testcase.CovVal_26689                    - 5: println("Nomor Rekening Simpanan   : " + norekSave)
Nomor Rekening Simpanan   : 202605252668986
2026-06-18 09:47:00.107 DEBUG testcase.CovVal_26689                    - 6: println("HTTP Status        : " + response.getStatusCode())
HTTP Status        : 200
2026-06-18 09:47:00.109 DEBUG testcase.CovVal_26689                    - 7: println("Response Body      : " + response.getResponseBodyContent())
Response Body      : {"ResponseCode":"00","ResponseDescription":"Success - Berhasil melakukan flagging data","ResponseException":"","TanggalMulaiCovering":"25\/05\/2026","TanggalAkhirCovering":"25\/05\/2027","NomorPeserta":"FRB12715610626000078","URLDokumenKepesertaan":"https:\/\/dev-brisurf.brins.co.id\/\/CovPr\/f6c06b4dcc32553c","OriginalCoveringFlagSuccessDate":"18\/06\/2026 09:46:59"}
2026-06-18 09:47:00.110 DEBUG testcase.CovVal_26689                    - 1: norekSave = data.getValue("NomorRekeningSimpanan", row)
2026-06-18 09:47:00.111 DEBUG testcase.CovVal_26689                    - 2: response = sendRequest(findTestObject("API/Posts/CoveringFlag/CovFlag_26689", ["NomorRekeningSimpanan":norekSave]))
2026-06-18 09:47:00.829 INFO  c.k.k.core.webservice.common.HarLogger   - HAR: C:\Users\ACER\git\AutoAPI\Reports\20260618_094020\API\Pembukuan\pembukuanAPI\20260618_094020\requests\main\CovFlag_26689_177.har
2026-06-18 09:47:00.835 DEBUG testcase.CovVal_26689                    - 3: println("==============================")
==============================
2026-06-18 09:47:00.836 DEBUG testcase.CovVal_26689                    - 4: println("Row                : " + row)
Row                : 78
2026-06-18 09:47:00.837 DEBUG testcase.CovVal_26689                    - 5: println("Nomor Rekening Simpanan   : " + norekSave)
Nomor Rekening Simpanan   : 202605252668987
2026-06-18 09:47:00.838 DEBUG testcase.CovVal_26689                    - 6: println("HTTP Status        : " + response.getStatusCode())
HTTP Status        : 200
2026-06-18 09:47:00.839 DEBUG testcase.CovVal_26689                    - 7: println("Response Body      : " + response.getResponseBodyContent())
Response Body      : {"ResponseCode":"00","ResponseDescription":"Success - Berhasil melakukan flagging data","ResponseException":"","TanggalMulaiCovering":"25\/05\/2026","TanggalAkhirCovering":"25\/05\/2027","NomorPeserta":"FRB12715610626000079","URLDokumenKepesertaan":"https:\/\/dev-brisurf.brins.co.id\/\/CovPr\/4d4f1d5d95a1a55c","OriginalCoveringFlagSuccessDate":"18\/06\/2026 09:47:00"}
2026-06-18 09:47:00.840 DEBUG testcase.CovVal_26689                    - 1: norekSave = data.getValue("NomorRekeningSimpanan", row)
2026-06-18 09:47:00.842 DEBUG testcase.CovVal_26689                    - 2: response = sendRequest(findTestObject("API/Posts/CoveringFlag/CovFlag_26689", ["NomorRekeningSimpanan":norekSave]))
2026-06-18 09:47:01.586 INFO  c.k.k.core.webservice.common.HarLogger   - HAR: C:\Users\ACER\git\AutoAPI\Reports\20260618_094020\API\Pembukuan\pembukuanAPI\20260618_094020\requests\main\CovFlag_26689_178.har
2026-06-18 09:47:01.589 DEBUG testcase.CovVal_26689                    - 3: println("==============================")
==============================
2026-06-18 09:47:01.590 DEBUG testcase.CovVal_26689                    - 4: println("Row                : " + row)
Row                : 79
2026-06-18 09:47:01.591 DEBUG testcase.CovVal_26689                    - 5: println("Nomor Rekening Simpanan   : " + norekSave)
Nomor Rekening Simpanan   : 202605252668988
2026-06-18 09:47:01.601 DEBUG testcase.CovVal_26689                    - 6: println("HTTP Status        : " + response.getStatusCode())
HTTP Status        : 200
2026-06-18 09:47:01.603 DEBUG testcase.CovVal_26689                    - 7: println("Response Body      : " + response.getResponseBodyContent())
Response Body      : {"ResponseCode":"00","ResponseDescription":"Success - Berhasil melakukan flagging data","ResponseException":"","TanggalMulaiCovering":"25\/05\/2026","TanggalAkhirCovering":"25\/05\/2027","NomorPeserta":"FRB12715610626000080","URLDokumenKepesertaan":"https:\/\/dev-brisurf.brins.co.id\/\/CovPr\/31d60fbf8eea57a5","OriginalCoveringFlagSuccessDate":"18\/06\/2026 09:47:01"}
2026-06-18 09:47:01.605 DEBUG testcase.CovVal_26689                    - 1: norekSave = data.getValue("NomorRekeningSimpanan", row)
2026-06-18 09:47:01.606 DEBUG testcase.CovVal_26689                    - 2: response = sendRequest(findTestObject("API/Posts/CoveringFlag/CovFlag_26689", ["NomorRekeningSimpanan":norekSave]))
2026-06-18 09:47:02.329 INFO  c.k.k.core.webservice.common.HarLogger   - HAR: C:\Users\ACER\git\AutoAPI\Reports\20260618_094020\API\Pembukuan\pembukuanAPI\20260618_094020\requests\main\CovFlag_26689_179.har
2026-06-18 09:47:02.335 DEBUG testcase.CovVal_26689                    - 3: println("==============================")
==============================
2026-06-18 09:47:02.336 DEBUG testcase.CovVal_26689                    - 4: println("Row                : " + row)
Row                : 80
2026-06-18 09:47:02.337 DEBUG testcase.CovVal_26689                    - 5: println("Nomor Rekening Simpanan   : " + norekSave)
Nomor Rekening Simpanan   : 202605252668989
2026-06-18 09:47:02.338 DEBUG testcase.CovVal_26689                    - 6: println("HTTP Status        : " + response.getStatusCode())
HTTP Status        : 200
2026-06-18 09:47:02.339 DEBUG testcase.CovVal_26689                    - 7: println("Response Body      : " + response.getResponseBodyContent())
Response Body      : {"ResponseCode":"00","ResponseDescription":"Success - Berhasil melakukan flagging data","ResponseException":"","TanggalMulaiCovering":"25\/05\/2026","TanggalAkhirCovering":"25\/05\/2027","NomorPeserta":"FRB12715610626000081","URLDokumenKepesertaan":"https:\/\/dev-brisurf.brins.co.id\/\/CovPr\/d666c932c5d7d252","OriginalCoveringFlagSuccessDate":"18\/06\/2026 09:47:02"}
2026-06-18 09:47:02.340 DEBUG testcase.CovVal_26689                    - 1: norekSave = data.getValue("NomorRekeningSimpanan", row)
2026-06-18 09:47:02.341 DEBUG testcase.CovVal_26689                    - 2: response = sendRequest(findTestObject("API/Posts/CoveringFlag/CovFlag_26689", ["NomorRekeningSimpanan":norekSave]))
2026-06-18 09:47:03.054 INFO  c.k.k.core.webservice.common.HarLogger   - HAR: C:\Users\ACER\git\AutoAPI\Reports\20260618_094020\API\Pembukuan\pembukuanAPI\20260618_094020\requests\main\CovFlag_26689_180.har
2026-06-18 09:47:03.057 DEBUG testcase.CovVal_26689                    - 3: println("==============================")
==============================
2026-06-18 09:47:03.058 DEBUG testcase.CovVal_26689                    - 4: println("Row                : " + row)
Row                : 81
2026-06-18 09:47:03.059 DEBUG testcase.CovVal_26689                    - 5: println("Nomor Rekening Simpanan   : " + norekSave)
Nomor Rekening Simpanan   : 202605252668990
2026-06-18 09:47:03.060 DEBUG testcase.CovVal_26689                    - 6: println("HTTP Status        : " + response.getStatusCode())
HTTP Status        : 200
2026-06-18 09:47:03.061 DEBUG testcase.CovVal_26689                    - 7: println("Response Body      : " + response.getResponseBodyContent())
Response Body      : {"ResponseCode":"00","ResponseDescription":"Success - Berhasil melakukan flagging data","ResponseException":"","TanggalMulaiCovering":"25\/05\/2026","TanggalAkhirCovering":"25\/05\/2027","NomorPeserta":"FRB12715610626000082","URLDokumenKepesertaan":"https:\/\/dev-brisurf.brins.co.id\/\/CovPr\/619f00cbf179179c","OriginalCoveringFlagSuccessDate":"18\/06\/2026 09:47:02"}
2026-06-18 09:47:03.062 DEBUG testcase.CovVal_26689                    - 1: norekSave = data.getValue("NomorRekeningSimpanan", row)
2026-06-18 09:47:03.063 DEBUG testcase.CovVal_26689                    - 2: response = sendRequest(findTestObject("API/Posts/CoveringFlag/CovFlag_26689", ["NomorRekeningSimpanan":norekSave]))
2026-06-18 09:47:03.791 INFO  c.k.k.core.webservice.common.HarLogger   - HAR: C:\Users\ACER\git\AutoAPI\Reports\20260618_094020\API\Pembukuan\pembukuanAPI\20260618_094020\requests\main\CovFlag_26689_181.har
2026-06-18 09:47:03.795 DEBUG testcase.CovVal_26689                    - 3: println("==============================")
==============================
2026-06-18 09:47:03.796 DEBUG testcase.CovVal_26689                    - 4: println("Row                : " + row)
Row                : 82
2026-06-18 09:47:03.797 DEBUG testcase.CovVal_26689                    - 5: println("Nomor Rekening Simpanan   : " + norekSave)
Nomor Rekening Simpanan   : 202605252668991
2026-06-18 09:47:03.798 DEBUG testcase.CovVal_26689                    - 6: println("HTTP Status        : " + response.getStatusCode())
HTTP Status        : 200
2026-06-18 09:47:03.802 DEBUG testcase.CovVal_26689                    - 7: println("Response Body      : " + response.getResponseBodyContent())
Response Body      : {"ResponseCode":"00","ResponseDescription":"Success - Berhasil melakukan flagging data","ResponseException":"","TanggalMulaiCovering":"25\/05\/2026","TanggalAkhirCovering":"25\/05\/2027","NomorPeserta":"FRB12715610626000083","URLDokumenKepesertaan":"https:\/\/dev-brisurf.brins.co.id\/\/CovPr\/d8b4c7362c135e3e","OriginalCoveringFlagSuccessDate":"18\/06\/2026 09:47:03"}
2026-06-18 09:47:03.803 DEBUG testcase.CovVal_26689                    - 1: norekSave = data.getValue("NomorRekeningSimpanan", row)
2026-06-18 09:47:03.804 DEBUG testcase.CovVal_26689                    - 2: response = sendRequest(findTestObject("API/Posts/CoveringFlag/CovFlag_26689", ["NomorRekeningSimpanan":norekSave]))
2026-06-18 09:47:04.571 INFO  c.k.k.core.webservice.common.HarLogger   - HAR: C:\Users\ACER\git\AutoAPI\Reports\20260618_094020\API\Pembukuan\pembukuanAPI\20260618_094020\requests\main\CovFlag_26689_182.har
2026-06-18 09:47:04.574 DEBUG testcase.CovVal_26689                    - 3: println("==============================")
==============================
2026-06-18 09:47:04.575 DEBUG testcase.CovVal_26689                    - 4: println("Row                : " + row)
Row                : 83
2026-06-18 09:47:04.576 DEBUG testcase.CovVal_26689                    - 5: println("Nomor Rekening Simpanan   : " + norekSave)
Nomor Rekening Simpanan   : 202605252668992
2026-06-18 09:47:04.577 DEBUG testcase.CovVal_26689                    - 6: println("HTTP Status        : " + response.getStatusCode())
HTTP Status        : 200
2026-06-18 09:47:04.577 DEBUG testcase.CovVal_26689                    - 7: println("Response Body      : " + response.getResponseBodyContent())
Response Body      : {"ResponseCode":"00","ResponseDescription":"Success - Berhasil melakukan flagging data","ResponseException":"","TanggalMulaiCovering":"25\/05\/2026","TanggalAkhirCovering":"25\/05\/2027","NomorPeserta":"FRB12715610626000084","URLDokumenKepesertaan":"https:\/\/dev-brisurf.brins.co.id\/\/CovPr\/69d6c71042a768ec","OriginalCoveringFlagSuccessDate":"18\/06\/2026 09:47:04"}
2026-06-18 09:47:04.579 DEBUG testcase.CovVal_26689                    - 1: norekSave = data.getValue("NomorRekeningSimpanan", row)
2026-06-18 09:47:04.580 DEBUG testcase.CovVal_26689                    - 2: response = sendRequest(findTestObject("API/Posts/CoveringFlag/CovFlag_26689", ["NomorRekeningSimpanan":norekSave]))
2026-06-18 09:47:05.359 INFO  c.k.k.core.webservice.common.HarLogger   - HAR: C:\Users\ACER\git\AutoAPI\Reports\20260618_094020\API\Pembukuan\pembukuanAPI\20260618_094020\requests\main\CovFlag_26689_183.har
2026-06-18 09:47:05.362 DEBUG testcase.CovVal_26689                    - 3: println("==============================")
==============================
2026-06-18 09:47:05.363 DEBUG testcase.CovVal_26689                    - 4: println("Row                : " + row)
Row                : 84
2026-06-18 09:47:05.364 DEBUG testcase.CovVal_26689                    - 5: println("Nomor Rekening Simpanan   : " + norekSave)
Nomor Rekening Simpanan   : 202605252668993
2026-06-18 09:47:05.365 DEBUG testcase.CovVal_26689                    - 6: println("HTTP Status        : " + response.getStatusCode())
HTTP Status        : 200
2026-06-18 09:47:05.367 DEBUG testcase.CovVal_26689                    - 7: println("Response Body      : " + response.getResponseBodyContent())
Response Body      : {"ResponseCode":"00","ResponseDescription":"Success - Berhasil melakukan flagging data","ResponseException":"","TanggalMulaiCovering":"25\/05\/2026","TanggalAkhirCovering":"25\/05\/2027","NomorPeserta":"FRB12715610626000085","URLDokumenKepesertaan":"https:\/\/dev-brisurf.brins.co.id\/\/CovPr\/a5c9b3fd2266194f","OriginalCoveringFlagSuccessDate":"18\/06\/2026 09:47:05"}
2026-06-18 09:47:05.368 DEBUG testcase.CovVal_26689                    - 1: norekSave = data.getValue("NomorRekeningSimpanan", row)
2026-06-18 09:47:05.369 DEBUG testcase.CovVal_26689                    - 2: response = sendRequest(findTestObject("API/Posts/CoveringFlag/CovFlag_26689", ["NomorRekeningSimpanan":norekSave]))
2026-06-18 09:47:06.104 INFO  c.k.k.core.webservice.common.HarLogger   - HAR: C:\Users\ACER\git\AutoAPI\Reports\20260618_094020\API\Pembukuan\pembukuanAPI\20260618_094020\requests\main\CovFlag_26689_184.har
2026-06-18 09:47:06.109 DEBUG testcase.CovVal_26689                    - 3: println("==============================")
==============================
2026-06-18 09:47:06.110 DEBUG testcase.CovVal_26689                    - 4: println("Row                : " + row)
Row                : 85
2026-06-18 09:47:06.111 DEBUG testcase.CovVal_26689                    - 5: println("Nomor Rekening Simpanan   : " + norekSave)
Nomor Rekening Simpanan   : 202605252668994
2026-06-18 09:47:06.112 DEBUG testcase.CovVal_26689                    - 6: println("HTTP Status        : " + response.getStatusCode())
HTTP Status        : 200
2026-06-18 09:47:06.114 DEBUG testcase.CovVal_26689                    - 7: println("Response Body      : " + response.getResponseBodyContent())
Response Body      : {"ResponseCode":"00","ResponseDescription":"Success - Berhasil melakukan flagging data","ResponseException":"","TanggalMulaiCovering":"25\/05\/2026","TanggalAkhirCovering":"25\/05\/2027","NomorPeserta":"FRB12715610626000086","URLDokumenKepesertaan":"https:\/\/dev-brisurf.brins.co.id\/\/CovPr\/8c256b0193283e0f","OriginalCoveringFlagSuccessDate":"18\/06\/2026 09:47:06"}
2026-06-18 09:47:06.117 DEBUG testcase.CovVal_26689                    - 1: norekSave = data.getValue("NomorRekeningSimpanan", row)
2026-06-18 09:47:06.119 DEBUG testcase.CovVal_26689                    - 2: response = sendRequest(findTestObject("API/Posts/CoveringFlag/CovFlag_26689", ["NomorRekeningSimpanan":norekSave]))
2026-06-18 09:47:06.907 INFO  c.k.k.core.webservice.common.HarLogger   - HAR: C:\Users\ACER\git\AutoAPI\Reports\20260618_094020\API\Pembukuan\pembukuanAPI\20260618_094020\requests\main\CovFlag_26689_185.har
2026-06-18 09:47:06.910 DEBUG testcase.CovVal_26689                    - 3: println("==============================")
==============================
2026-06-18 09:47:06.911 DEBUG testcase.CovVal_26689                    - 4: println("Row                : " + row)
Row                : 86
2026-06-18 09:47:06.911 DEBUG testcase.CovVal_26689                    - 5: println("Nomor Rekening Simpanan   : " + norekSave)
Nomor Rekening Simpanan   : 202605252668995
2026-06-18 09:47:06.912 DEBUG testcase.CovVal_26689                    - 6: println("HTTP Status        : " + response.getStatusCode())
HTTP Status        : 200
2026-06-18 09:47:06.913 DEBUG testcase.CovVal_26689                    - 7: println("Response Body      : " + response.getResponseBodyContent())
Response Body      : {"ResponseCode":"00","ResponseDescription":"Success - Berhasil melakukan flagging data","ResponseException":"","TanggalMulaiCovering":"25\/05\/2026","TanggalAkhirCovering":"25\/05\/2027","NomorPeserta":"FRB12715610626000087","URLDokumenKepesertaan":"https:\/\/dev-brisurf.brins.co.id\/\/CovPr\/bbb3403873a754c7","OriginalCoveringFlagSuccessDate":"18\/06\/2026 09:47:06"}
2026-06-18 09:47:06.914 DEBUG testcase.CovVal_26689                    - 1: norekSave = data.getValue("NomorRekeningSimpanan", row)
2026-06-18 09:47:06.917 DEBUG testcase.CovVal_26689                    - 2: response = sendRequest(findTestObject("API/Posts/CoveringFlag/CovFlag_26689", ["NomorRekeningSimpanan":norekSave]))
2026-06-18 09:47:07.633 INFO  c.k.k.core.webservice.common.HarLogger   - HAR: C:\Users\ACER\git\AutoAPI\Reports\20260618_094020\API\Pembukuan\pembukuanAPI\20260618_094020\requests\main\CovFlag_26689_186.har
2026-06-18 09:47:07.636 DEBUG testcase.CovVal_26689                    - 3: println("==============================")
==============================
2026-06-18 09:47:07.637 DEBUG testcase.CovVal_26689                    - 4: println("Row                : " + row)
Row                : 87
2026-06-18 09:47:07.638 DEBUG testcase.CovVal_26689                    - 5: println("Nomor Rekening Simpanan   : " + norekSave)
Nomor Rekening Simpanan   : 202605252668996
2026-06-18 09:47:07.639 DEBUG testcase.CovVal_26689                    - 6: println("HTTP Status        : " + response.getStatusCode())
HTTP Status        : 200
2026-06-18 09:47:07.640 DEBUG testcase.CovVal_26689                    - 7: println("Response Body      : " + response.getResponseBodyContent())
Response Body      : {"ResponseCode":"00","ResponseDescription":"Success - Berhasil melakukan flagging data","ResponseException":"","TanggalMulaiCovering":"25\/05\/2026","TanggalAkhirCovering":"25\/05\/2027","NomorPeserta":"FRB12715610626000088","URLDokumenKepesertaan":"https:\/\/dev-brisurf.brins.co.id\/\/CovPr\/0a11e9f737b7919f","OriginalCoveringFlagSuccessDate":"18\/06\/2026 09:47:07"}
2026-06-18 09:47:07.641 DEBUG testcase.CovVal_26689                    - 1: norekSave = data.getValue("NomorRekeningSimpanan", row)
2026-06-18 09:47:07.642 DEBUG testcase.CovVal_26689                    - 2: response = sendRequest(findTestObject("API/Posts/CoveringFlag/CovFlag_26689", ["NomorRekeningSimpanan":norekSave]))
2026-06-18 09:47:08.344 INFO  c.k.k.core.webservice.common.HarLogger   - HAR: C:\Users\ACER\git\AutoAPI\Reports\20260618_094020\API\Pembukuan\pembukuanAPI\20260618_094020\requests\main\CovFlag_26689_187.har
2026-06-18 09:47:08.351 DEBUG testcase.CovVal_26689                    - 3: println("==============================")
==============================
2026-06-18 09:47:08.354 DEBUG testcase.CovVal_26689                    - 4: println("Row                : " + row)
Row                : 88
2026-06-18 09:47:08.357 DEBUG testcase.CovVal_26689                    - 5: println("Nomor Rekening Simpanan   : " + norekSave)
Nomor Rekening Simpanan   : 202605252668997
2026-06-18 09:47:08.358 DEBUG testcase.CovVal_26689                    - 6: println("HTTP Status        : " + response.getStatusCode())
HTTP Status        : 200
2026-06-18 09:47:08.359 DEBUG testcase.CovVal_26689                    - 7: println("Response Body      : " + response.getResponseBodyContent())
Response Body      : {"ResponseCode":"00","ResponseDescription":"Success - Berhasil melakukan flagging data","ResponseException":"","TanggalMulaiCovering":"25\/05\/2026","TanggalAkhirCovering":"25\/05\/2027","NomorPeserta":"FRB12715610626000089","URLDokumenKepesertaan":"https:\/\/dev-brisurf.brins.co.id\/\/CovPr\/1685810f4a07e54c","OriginalCoveringFlagSuccessDate":"18\/06\/2026 09:47:08"}
2026-06-18 09:47:08.360 DEBUG testcase.CovVal_26689                    - 1: norekSave = data.getValue("NomorRekeningSimpanan", row)
2026-06-18 09:47:08.362 DEBUG testcase.CovVal_26689                    - 2: response = sendRequest(findTestObject("API/Posts/CoveringFlag/CovFlag_26689", ["NomorRekeningSimpanan":norekSave]))
2026-06-18 09:47:09.106 INFO  c.k.k.core.webservice.common.HarLogger   - HAR: C:\Users\ACER\git\AutoAPI\Reports\20260618_094020\API\Pembukuan\pembukuanAPI\20260618_094020\requests\main\CovFlag_26689_188.har
2026-06-18 09:47:09.109 DEBUG testcase.CovVal_26689                    - 3: println("==============================")
==============================
2026-06-18 09:47:09.110 DEBUG testcase.CovVal_26689                    - 4: println("Row                : " + row)
Row                : 89
2026-06-18 09:47:09.111 DEBUG testcase.CovVal_26689                    - 5: println("Nomor Rekening Simpanan   : " + norekSave)
Nomor Rekening Simpanan   : 202605252668998
2026-06-18 09:47:09.112 DEBUG testcase.CovVal_26689                    - 6: println("HTTP Status        : " + response.getStatusCode())
HTTP Status        : 200
2026-06-18 09:47:09.112 DEBUG testcase.CovVal_26689                    - 7: println("Response Body      : " + response.getResponseBodyContent())
Response Body      : {"ResponseCode":"00","ResponseDescription":"Success - Berhasil melakukan flagging data","ResponseException":"","TanggalMulaiCovering":"25\/05\/2026","TanggalAkhirCovering":"25\/05\/2027","NomorPeserta":"FRB12715610626000090","URLDokumenKepesertaan":"https:\/\/dev-brisurf.brins.co.id\/\/CovPr\/23b80b2899590839","OriginalCoveringFlagSuccessDate":"18\/06\/2026 09:47:09"}
2026-06-18 09:47:09.113 DEBUG testcase.CovVal_26689                    - 1: norekSave = data.getValue("NomorRekeningSimpanan", row)
2026-06-18 09:47:09.116 DEBUG testcase.CovVal_26689                    - 2: response = sendRequest(findTestObject("API/Posts/CoveringFlag/CovFlag_26689", ["NomorRekeningSimpanan":norekSave]))
2026-06-18 09:47:09.826 INFO  c.k.k.core.webservice.common.HarLogger   - HAR: C:\Users\ACER\git\AutoAPI\Reports\20260618_094020\API\Pembukuan\pembukuanAPI\20260618_094020\requests\main\CovFlag_26689_189.har
2026-06-18 09:47:09.829 DEBUG testcase.CovVal_26689                    - 3: println("==============================")
==============================
2026-06-18 09:47:09.830 DEBUG testcase.CovVal_26689                    - 4: println("Row                : " + row)
Row                : 90
2026-06-18 09:47:09.833 DEBUG testcase.CovVal_26689                    - 5: println("Nomor Rekening Simpanan   : " + norekSave)
Nomor Rekening Simpanan   : 202605252668999
2026-06-18 09:47:09.834 DEBUG testcase.CovVal_26689                    - 6: println("HTTP Status        : " + response.getStatusCode())
HTTP Status        : 200
2026-06-18 09:47:09.835 DEBUG testcase.CovVal_26689                    - 7: println("Response Body      : " + response.getResponseBodyContent())
Response Body      : {"ResponseCode":"00","ResponseDescription":"Success - Berhasil melakukan flagging data","ResponseException":"","TanggalMulaiCovering":"25\/05\/2026","TanggalAkhirCovering":"25\/05\/2027","NomorPeserta":"FRB12715610626000091","URLDokumenKepesertaan":"https:\/\/dev-brisurf.brins.co.id\/\/CovPr\/1f124a6c8f869690","OriginalCoveringFlagSuccessDate":"18\/06\/2026 09:47:09"}
2026-06-18 09:47:09.836 DEBUG testcase.CovVal_26689                    - 1: norekSave = data.getValue("NomorRekeningSimpanan", row)
2026-06-18 09:47:09.837 DEBUG testcase.CovVal_26689                    - 2: response = sendRequest(findTestObject("API/Posts/CoveringFlag/CovFlag_26689", ["NomorRekeningSimpanan":norekSave]))
2026-06-18 09:47:10.584 INFO  c.k.k.core.webservice.common.HarLogger   - HAR: C:\Users\ACER\git\AutoAPI\Reports\20260618_094020\API\Pembukuan\pembukuanAPI\20260618_094020\requests\main\CovFlag_26689_190.har
2026-06-18 09:47:10.587 DEBUG testcase.CovVal_26689                    - 3: println("==============================")
==============================
2026-06-18 09:47:10.588 DEBUG testcase.CovVal_26689                    - 4: println("Row                : " + row)
Row                : 91
2026-06-18 09:47:10.589 DEBUG testcase.CovVal_26689                    - 5: println("Nomor Rekening Simpanan   : " + norekSave)
Nomor Rekening Simpanan   : 202605252669000
2026-06-18 09:47:10.590 DEBUG testcase.CovVal_26689                    - 6: println("HTTP Status        : " + response.getStatusCode())
HTTP Status        : 200
2026-06-18 09:47:10.591 DEBUG testcase.CovVal_26689                    - 7: println("Response Body      : " + response.getResponseBodyContent())
Response Body      : {"ResponseCode":"00","ResponseDescription":"Success - Berhasil melakukan flagging data","ResponseException":"","TanggalMulaiCovering":"25\/05\/2026","TanggalAkhirCovering":"25\/05\/2027","NomorPeserta":"FRB12715610626000092","URLDokumenKepesertaan":"https:\/\/dev-brisurf.brins.co.id\/\/CovPr\/da02eca046bfa516","OriginalCoveringFlagSuccessDate":"18\/06\/2026 09:47:10"}
2026-06-18 09:47:10.592 DEBUG testcase.CovVal_26689                    - 1: norekSave = data.getValue("NomorRekeningSimpanan", row)
2026-06-18 09:47:10.593 DEBUG testcase.CovVal_26689                    - 2: response = sendRequest(findTestObject("API/Posts/CoveringFlag/CovFlag_26689", ["NomorRekeningSimpanan":norekSave]))
2026-06-18 09:47:11.327 INFO  c.k.k.core.webservice.common.HarLogger   - HAR: C:\Users\ACER\git\AutoAPI\Reports\20260618_094020\API\Pembukuan\pembukuanAPI\20260618_094020\requests\main\CovFlag_26689_191.har
2026-06-18 09:47:11.335 DEBUG testcase.CovVal_26689                    - 3: println("==============================")
==============================
2026-06-18 09:47:11.336 DEBUG testcase.CovVal_26689                    - 4: println("Row                : " + row)
Row                : 92
2026-06-18 09:47:11.337 DEBUG testcase.CovVal_26689                    - 5: println("Nomor Rekening Simpanan   : " + norekSave)
Nomor Rekening Simpanan   : 202605252669001
2026-06-18 09:47:11.338 DEBUG testcase.CovVal_26689                    - 6: println("HTTP Status        : " + response.getStatusCode())
HTTP Status        : 200
2026-06-18 09:47:11.338 DEBUG testcase.CovVal_26689                    - 7: println("Response Body      : " + response.getResponseBodyContent())
Response Body      : {"ResponseCode":"00","ResponseDescription":"Success - Berhasil melakukan flagging data","ResponseException":"","TanggalMulaiCovering":"25\/05\/2026","TanggalAkhirCovering":"25\/05\/2027","NomorPeserta":"FRB12715610626000093","URLDokumenKepesertaan":"https:\/\/dev-brisurf.brins.co.id\/\/CovPr\/2695b402dc559c4d","OriginalCoveringFlagSuccessDate":"18\/06\/2026 09:47:11"}
2026-06-18 09:47:11.339 DEBUG testcase.CovVal_26689                    - 1: norekSave = data.getValue("NomorRekeningSimpanan", row)
2026-06-18 09:47:11.340 DEBUG testcase.CovVal_26689                    - 2: response = sendRequest(findTestObject("API/Posts/CoveringFlag/CovFlag_26689", ["NomorRekeningSimpanan":norekSave]))
2026-06-18 09:47:12.049 INFO  c.k.k.core.webservice.common.HarLogger   - HAR: C:\Users\ACER\git\AutoAPI\Reports\20260618_094020\API\Pembukuan\pembukuanAPI\20260618_094020\requests\main\CovFlag_26689_192.har
2026-06-18 09:47:12.053 DEBUG testcase.CovVal_26689                    - 3: println("==============================")
==============================
2026-06-18 09:47:12.054 DEBUG testcase.CovVal_26689                    - 4: println("Row                : " + row)
Row                : 93
2026-06-18 09:47:12.055 DEBUG testcase.CovVal_26689                    - 5: println("Nomor Rekening Simpanan   : " + norekSave)
Nomor Rekening Simpanan   : 202605252669002
2026-06-18 09:47:12.056 DEBUG testcase.CovVal_26689                    - 6: println("HTTP Status        : " + response.getStatusCode())
HTTP Status        : 200
2026-06-18 09:47:12.057 DEBUG testcase.CovVal_26689                    - 7: println("Response Body      : " + response.getResponseBodyContent())
Response Body      : {"ResponseCode":"00","ResponseDescription":"Success - Berhasil melakukan flagging data","ResponseException":"","TanggalMulaiCovering":"25\/05\/2026","TanggalAkhirCovering":"25\/05\/2027","NomorPeserta":"FRB12715610626000094","URLDokumenKepesertaan":"https:\/\/dev-brisurf.brins.co.id\/\/CovPr\/a463ffc559bb3209","OriginalCoveringFlagSuccessDate":"18\/06\/2026 09:47:11"}
2026-06-18 09:47:12.058 DEBUG testcase.CovVal_26689                    - 1: norekSave = data.getValue("NomorRekeningSimpanan", row)
2026-06-18 09:47:12.059 DEBUG testcase.CovVal_26689                    - 2: response = sendRequest(findTestObject("API/Posts/CoveringFlag/CovFlag_26689", ["NomorRekeningSimpanan":norekSave]))
2026-06-18 09:47:12.836 INFO  c.k.k.core.webservice.common.HarLogger   - HAR: C:\Users\ACER\git\AutoAPI\Reports\20260618_094020\API\Pembukuan\pembukuanAPI\20260618_094020\requests\main\CovFlag_26689_193.har
2026-06-18 09:47:12.839 DEBUG testcase.CovVal_26689                    - 3: println("==============================")
==============================
2026-06-18 09:47:12.840 DEBUG testcase.CovVal_26689                    - 4: println("Row                : " + row)
Row                : 94
2026-06-18 09:47:12.841 DEBUG testcase.CovVal_26689                    - 5: println("Nomor Rekening Simpanan   : " + norekSave)
Nomor Rekening Simpanan   : 202605252669003
2026-06-18 09:47:12.842 DEBUG testcase.CovVal_26689                    - 6: println("HTTP Status        : " + response.getStatusCode())
HTTP Status        : 200
2026-06-18 09:47:12.842 DEBUG testcase.CovVal_26689                    - 7: println("Response Body      : " + response.getResponseBodyContent())
Response Body      : {"ResponseCode":"00","ResponseDescription":"Success - Berhasil melakukan flagging data","ResponseException":"","TanggalMulaiCovering":"25\/05\/2026","TanggalAkhirCovering":"25\/05\/2027","NomorPeserta":"FRB12715610626000095","URLDokumenKepesertaan":"https:\/\/dev-brisurf.brins.co.id\/\/CovPr\/c85fecbedaed7835","OriginalCoveringFlagSuccessDate":"18\/06\/2026 09:47:12"}
2026-06-18 09:47:12.844 DEBUG testcase.CovVal_26689                    - 1: norekSave = data.getValue("NomorRekeningSimpanan", row)
2026-06-18 09:47:12.845 DEBUG testcase.CovVal_26689                    - 2: response = sendRequest(findTestObject("API/Posts/CoveringFlag/CovFlag_26689", ["NomorRekeningSimpanan":norekSave]))
2026-06-18 09:47:13.562 INFO  c.k.k.core.webservice.common.HarLogger   - HAR: C:\Users\ACER\git\AutoAPI\Reports\20260618_094020\API\Pembukuan\pembukuanAPI\20260618_094020\requests\main\CovFlag_26689_194.har
2026-06-18 09:47:13.566 DEBUG testcase.CovVal_26689                    - 3: println("==============================")
==============================
2026-06-18 09:47:13.567 DEBUG testcase.CovVal_26689                    - 4: println("Row                : " + row)
Row                : 95
2026-06-18 09:47:13.568 DEBUG testcase.CovVal_26689                    - 5: println("Nomor Rekening Simpanan   : " + norekSave)
Nomor Rekening Simpanan   : 202605252669004
2026-06-18 09:47:13.568 DEBUG testcase.CovVal_26689                    - 6: println("HTTP Status        : " + response.getStatusCode())
HTTP Status        : 200
2026-06-18 09:47:13.569 DEBUG testcase.CovVal_26689                    - 7: println("Response Body      : " + response.getResponseBodyContent())
Response Body      : {"ResponseCode":"00","ResponseDescription":"Success - Berhasil melakukan flagging data","ResponseException":"","TanggalMulaiCovering":"25\/05\/2026","TanggalAkhirCovering":"25\/05\/2027","NomorPeserta":"FRB12715610626000096","URLDokumenKepesertaan":"https:\/\/dev-brisurf.brins.co.id\/\/CovPr\/61623cad0047f099","OriginalCoveringFlagSuccessDate":"18\/06\/2026 09:47:13"}
2026-06-18 09:47:13.570 DEBUG testcase.CovVal_26689                    - 1: norekSave = data.getValue("NomorRekeningSimpanan", row)
2026-06-18 09:47:13.571 DEBUG testcase.CovVal_26689                    - 2: response = sendRequest(findTestObject("API/Posts/CoveringFlag/CovFlag_26689", ["NomorRekeningSimpanan":norekSave]))
2026-06-18 09:47:14.291 INFO  c.k.k.core.webservice.common.HarLogger   - HAR: C:\Users\ACER\git\AutoAPI\Reports\20260618_094020\API\Pembukuan\pembukuanAPI\20260618_094020\requests\main\CovFlag_26689_195.har
2026-06-18 09:47:14.294 DEBUG testcase.CovVal_26689                    - 3: println("==============================")
==============================
2026-06-18 09:47:14.294 DEBUG testcase.CovVal_26689                    - 4: println("Row                : " + row)
Row                : 96
2026-06-18 09:47:14.297 DEBUG testcase.CovVal_26689                    - 5: println("Nomor Rekening Simpanan   : " + norekSave)
Nomor Rekening Simpanan   : 202605252669005
2026-06-18 09:47:14.298 DEBUG testcase.CovVal_26689                    - 6: println("HTTP Status        : " + response.getStatusCode())
HTTP Status        : 200
2026-06-18 09:47:14.299 DEBUG testcase.CovVal_26689                    - 7: println("Response Body      : " + response.getResponseBodyContent())
Response Body      : {"ResponseCode":"00","ResponseDescription":"Success - Berhasil melakukan flagging data","ResponseException":"","TanggalMulaiCovering":"25\/05\/2026","TanggalAkhirCovering":"25\/05\/2027","NomorPeserta":"FRB12715610626000097","URLDokumenKepesertaan":"https:\/\/dev-brisurf.brins.co.id\/\/CovPr\/96e3f7b276ed1cf2","OriginalCoveringFlagSuccessDate":"18\/06\/2026 09:47:14"}
2026-06-18 09:47:14.300 DEBUG testcase.CovVal_26689                    - 1: norekSave = data.getValue("NomorRekeningSimpanan", row)
2026-06-18 09:47:14.301 DEBUG testcase.CovVal_26689                    - 2: response = sendRequest(findTestObject("API/Posts/CoveringFlag/CovFlag_26689", ["NomorRekeningSimpanan":norekSave]))
2026-06-18 09:47:15.090 INFO  c.k.k.core.webservice.common.HarLogger   - HAR: C:\Users\ACER\git\AutoAPI\Reports\20260618_094020\API\Pembukuan\pembukuanAPI\20260618_094020\requests\main\CovFlag_26689_196.har
2026-06-18 09:47:15.093 DEBUG testcase.CovVal_26689                    - 3: println("==============================")
==============================
2026-06-18 09:47:15.094 DEBUG testcase.CovVal_26689                    - 4: println("Row                : " + row)
Row                : 97
2026-06-18 09:47:15.098 DEBUG testcase.CovVal_26689                    - 5: println("Nomor Rekening Simpanan   : " + norekSave)
Nomor Rekening Simpanan   : 202605252669006
2026-06-18 09:47:15.099 DEBUG testcase.CovVal_26689                    - 6: println("HTTP Status        : " + response.getStatusCode())
HTTP Status        : 200
2026-06-18 09:47:15.100 DEBUG testcase.CovVal_26689                    - 7: println("Response Body      : " + response.getResponseBodyContent())
Response Body      : {"ResponseCode":"00","ResponseDescription":"Success - Berhasil melakukan flagging data","ResponseException":"","TanggalMulaiCovering":"25\/05\/2026","TanggalAkhirCovering":"25\/05\/2027","NomorPeserta":"FRB12715610626000098","URLDokumenKepesertaan":"https:\/\/dev-brisurf.brins.co.id\/\/CovPr\/8a7e65dde39ae940","OriginalCoveringFlagSuccessDate":"18\/06\/2026 09:47:14"}
2026-06-18 09:47:15.101 DEBUG testcase.CovVal_26689                    - 1: norekSave = data.getValue("NomorRekeningSimpanan", row)
2026-06-18 09:47:15.101 DEBUG testcase.CovVal_26689                    - 2: response = sendRequest(findTestObject("API/Posts/CoveringFlag/CovFlag_26689", ["NomorRekeningSimpanan":norekSave]))
2026-06-18 09:47:15.831 INFO  c.k.k.core.webservice.common.HarLogger   - HAR: C:\Users\ACER\git\AutoAPI\Reports\20260618_094020\API\Pembukuan\pembukuanAPI\20260618_094020\requests\main\CovFlag_26689_197.har
2026-06-18 09:47:15.834 DEBUG testcase.CovVal_26689                    - 3: println("==============================")
==============================
2026-06-18 09:47:15.835 DEBUG testcase.CovVal_26689                    - 4: println("Row                : " + row)
Row                : 98
2026-06-18 09:47:15.837 DEBUG testcase.CovVal_26689                    - 5: println("Nomor Rekening Simpanan   : " + norekSave)
Nomor Rekening Simpanan   : 202605252669007
2026-06-18 09:47:15.837 DEBUG testcase.CovVal_26689                    - 6: println("HTTP Status        : " + response.getStatusCode())
HTTP Status        : 200
2026-06-18 09:47:15.838 DEBUG testcase.CovVal_26689                    - 7: println("Response Body      : " + response.getResponseBodyContent())
Response Body      : {"ResponseCode":"00","ResponseDescription":"Success - Berhasil melakukan flagging data","ResponseException":"","TanggalMulaiCovering":"25\/05\/2026","TanggalAkhirCovering":"25\/05\/2027","NomorPeserta":"FRB12715610626000099","URLDokumenKepesertaan":"https:\/\/dev-brisurf.brins.co.id\/\/CovPr\/b416211906084cfa","OriginalCoveringFlagSuccessDate":"18\/06\/2026 09:47:15"}
2026-06-18 09:47:15.840 DEBUG testcase.CovVal_26689                    - 1: norekSave = data.getValue("NomorRekeningSimpanan", row)
2026-06-18 09:47:15.841 DEBUG testcase.CovVal_26689                    - 2: response = sendRequest(findTestObject("API/Posts/CoveringFlag/CovFlag_26689", ["NomorRekeningSimpanan":norekSave]))
2026-06-18 09:47:16.624 INFO  c.k.k.core.webservice.common.HarLogger   - HAR: C:\Users\ACER\git\AutoAPI\Reports\20260618_094020\API\Pembukuan\pembukuanAPI\20260618_094020\requests\main\CovFlag_26689_198.har
2026-06-18 09:47:16.627 DEBUG testcase.CovVal_26689                    - 3: println("==============================")
==============================
2026-06-18 09:47:16.630 DEBUG testcase.CovVal_26689                    - 4: println("Row                : " + row)
Row                : 99
2026-06-18 09:47:16.631 DEBUG testcase.CovVal_26689                    - 5: println("Nomor Rekening Simpanan   : " + norekSave)
Nomor Rekening Simpanan   : 202605252669008
2026-06-18 09:47:16.632 DEBUG testcase.CovVal_26689                    - 6: println("HTTP Status        : " + response.getStatusCode())
HTTP Status        : 200
2026-06-18 09:47:16.633 DEBUG testcase.CovVal_26689                    - 7: println("Response Body      : " + response.getResponseBodyContent())
Response Body      : {"ResponseCode":"00","ResponseDescription":"Success - Berhasil melakukan flagging data","ResponseException":"","TanggalMulaiCovering":"25\/05\/2026","TanggalAkhirCovering":"25\/05\/2027","NomorPeserta":"FRB12715610626000100","URLDokumenKepesertaan":"https:\/\/dev-brisurf.brins.co.id\/\/CovPr\/dfbe5bb7c78cb4d0","OriginalCoveringFlagSuccessDate":"18\/06\/2026 09:47:16"}
2026-06-18 09:47:16.634 DEBUG testcase.CovVal_26689                    - 1: norekSave = data.getValue("NomorRekeningSimpanan", row)
2026-06-18 09:47:16.635 DEBUG testcase.CovVal_26689                    - 2: response = sendRequest(findTestObject("API/Posts/CoveringFlag/CovFlag_26689", ["NomorRekeningSimpanan":norekSave]))
2026-06-18 09:47:17.350 INFO  c.k.k.core.webservice.common.HarLogger   - HAR: C:\Users\ACER\git\AutoAPI\Reports\20260618_094020\API\Pembukuan\pembukuanAPI\20260618_094020\requests\main\CovFlag_26689_199.har
2026-06-18 09:47:17.353 DEBUG testcase.CovVal_26689                    - 3: println("==============================")
==============================
2026-06-18 09:47:17.354 DEBUG testcase.CovVal_26689                    - 4: println("Row                : " + row)
Row                : 100
2026-06-18 09:47:17.355 DEBUG testcase.CovVal_26689                    - 5: println("Nomor Rekening Simpanan   : " + norekSave)
Nomor Rekening Simpanan   : 202605252669009
2026-06-18 09:47:17.356 DEBUG testcase.CovVal_26689                    - 6: println("HTTP Status        : " + response.getStatusCode())
HTTP Status        : 200
2026-06-18 09:47:17.357 DEBUG testcase.CovVal_26689                    - 7: println("Response Body      : " + response.getResponseBodyContent())
Response Body      : {"ResponseCode":"00","ResponseDescription":"Success - Berhasil melakukan flagging data","ResponseException":"","TanggalMulaiCovering":"25\/05\/2026","TanggalAkhirCovering":"25\/05\/2027","NomorPeserta":"FRB12715610626000101","URLDokumenKepesertaan":"https:\/\/dev-brisurf.brins.co.id\/\/CovPr\/3b2720449099f18f","OriginalCoveringFlagSuccessDate":"18\/06\/2026 09:47:17"}
2026-06-18 09:47:17.357 DEBUG testcase.CovVal_26689                    - 1: norekSave = data.getValue("NomorRekeningSimpanan", row)
2026-06-18 09:47:17.361 DEBUG testcase.CovVal_26689                    - 2: response = sendRequest(findTestObject("API/Posts/CoveringFlag/CovFlag_26689", ["NomorRekeningSimpanan":norekSave]))
2026-06-18 09:47:17.473 INFO  c.k.k.core.webservice.common.HarLogger   - HAR: C:\Users\ACER\git\AutoAPI\Reports\20260618_094020\API\Pembukuan\pembukuanAPI\20260618_094020\requests\main\CovFlag_26689_200.har
2026-06-18 09:47:17.476 DEBUG testcase.CovVal_26689                    - 3: println("==============================")
==============================
2026-06-18 09:47:17.478 DEBUG testcase.CovVal_26689                    - 4: println("Row                : " + row)
Row                : 101
2026-06-18 09:47:17.479 DEBUG testcase.CovVal_26689                    - 5: println("Nomor Rekening Simpanan   : " + norekSave)
Nomor Rekening Simpanan   : 
2026-06-18 09:47:17.480 DEBUG testcase.CovVal_26689                    - 6: println("HTTP Status        : " + response.getStatusCode())
HTTP Status        : 200
2026-06-18 09:47:17.481 DEBUG testcase.CovVal_26689                    - 7: println("Response Body      : " + response.getResponseBodyContent())
Response Body      : {"ResponseCode":"01","ResponseDescription":"Failed : [ERR_COVFLAG_INVALIDPARAM] Parameter NomorRekeningSimpanan kosong","ResponseException":"6a335c357d8b286e500adf90"}
2026-06-18 09:47:17.485 INFO  c.k.katalon.core.main.TestCaseExecutor   - END Test Cases/API/CoveringFlag/CovFlag_26689
2026-06-18 09:47:17.739 INFO  c.k.katalon.core.main.TestSuiteExecutor  - --------------------
2026-06-18 09:47:17.739 INFO  c.k.katalon.core.main.TestSuiteExecutor  - END Test Suites/API/Pembukuan/pembukuanAPI
2026-06-18 09:47:17.739 INFO  c.k.katalon.core.main.TestSuiteExecutor  - ====================
