<?xml version="1.0" encoding="UTF-8" standalone="no"?>
<!DOCTYPE log SYSTEM "logger.dtd">
<log>
<record>
  <date>2026-09-22T04:37:31.438820300Z</date>
  <millis>1790051851438</millis>
  <nanos>820300</nanos>
  <sequence>0</sequence>
  <level>START</level>
  <class>com.kms.katalon.core.logging.XmlKeywordLogger</class>
  <method>startSuite</method>
  <thread>1</thread>
  <message>Start Test Suite : Test Suites/BrinscreenAll/BrinsAsmik/Dashboard_Performance_Asmik</message>
  <nestedLevel>0</nestedLevel>
  <escapedJava>false</escapedJava>
  <property name="rerunTestFailImmediately">true</property>
  <property name="retryCount">3</property>
  <property name="name">Dashboard_Performance_Asmik</property>
  <property name="description"></property>
  <property name="id">Test Suites/BrinscreenAll/BrinsAsmik/Dashboard_Performance_Asmik</property>
</record>
<record>
  <date>2026-09-22T04:37:31.461394600Z</date>
  <millis>1790051851461</millis>
  <nanos>394600</nanos>
  <sequence>1</sequence>
  <level>RUN_DATA</level>
  <class>com.kms.katalon.core.logging.XmlKeywordLogger</class>
  <method>logMessage</method>
  <thread>1</thread>
  <message>userFullName = Quality Assurance 12</message>
  <nestedLevel>0</nestedLevel>
  <escapedJava>false</escapedJava>
  <property name="userFullName">Quality Assurance 12</property>
</record>
<record>
  <date>2026-09-22T04:37:31.462405300Z</date>
  <millis>1790051851462</millis>
  <nanos>405300</nanos>
  <sequence>2</sequence>
  <level>RUN_DATA</level>
  <class>com.kms.katalon.core.logging.XmlKeywordLogger</class>
  <method>logMessage</method>
  <thread>1</thread>
  <message>projectName = AutoAPI</message>
  <nestedLevel>0</nestedLevel>
  <escapedJava>false</escapedJava>
  <property name="projectName">AutoAPI</property>
</record>
<record>
  <date>2026-09-22T04:37:31.462405300Z</date>
  <millis>1790051851462</millis>
  <nanos>405300</nanos>
  <sequence>3</sequence>
  <level>RUN_DATA</level>
  <class>com.kms.katalon.core.logging.XmlKeywordLogger</class>
  <method>logMessage</method>
  <thread>1</thread>
  <message>hostName = TTECH-0251 - NovalWinaNurcahyo.brins.co.id</message>
  <nestedLevel>0</nestedLevel>
  <escapedJava>false</escapedJava>
  <property name="hostName">TTECH-0251 - NovalWinaNurcahyo.brins.co.id</property>
</record>
<record>
  <date>2026-09-22T04:37:31.463391400Z</date>
  <millis>1790051851463</millis>
  <nanos>391400</nanos>
  <sequence>4</sequence>
  <level>RUN_DATA</level>
  <class>com.kms.katalon.core.logging.XmlKeywordLogger</class>
  <method>logMessage</method>
  <thread>1</thread>
  <message>os = Windows 10 64bit</message>
  <nestedLevel>0</nestedLevel>
  <escapedJava>false</escapedJava>
  <property name="os">Windows 10 64bit</property>
</record>
<record>
  <date>2026-09-22T04:37:31.464392100Z</date>
  <millis>1790051851464</millis>
  <nanos>392100</nanos>
  <sequence>5</sequence>
  <level>RUN_DATA</level>
  <class>com.kms.katalon.core.logging.XmlKeywordLogger</class>
  <method>logMessage</method>
  <thread>1</thread>
  <message>hostAddress = 10.1.48.183</message>
  <nestedLevel>0</nestedLevel>
  <escapedJava>false</escapedJava>
  <property name="hostAddress">10.1.48.183</property>
</record>
<record>
  <date>2026-09-22T04:37:31.465704Z</date>
  <millis>1790051851465</millis>
  <nanos>704000</nanos>
  <sequence>6</sequence>
  <level>RUN_DATA</level>
  <class>com.kms.katalon.core.logging.XmlKeywordLogger</class>
  <method>logMessage</method>
  <thread>1</thread>
  <message>katalonVersion = 10.4.2.0</message>
  <nestedLevel>0</nestedLevel>
  <escapedJava>false</escapedJava>
  <property name="katalonVersion">10.4.2.0</property>
</record>
<record>
  <date>2026-09-22T04:37:32.059739500Z</date>
  <millis>1790051852059</millis>
  <nanos>739500</nanos>
  <sequence>7</sequence>
  <level>START</level>
  <class>com.kms.katalon.core.logging.XmlKeywordLogger</class>
  <method>startTest</method>
  <thread>1</thread>
  <message>Start Test Case : Test Cases/DATA UI/BrinsAsmik/Login/Login_Asmik</message>
  <nestedLevel>1</nestedLevel>
  <escapedJava>false</escapedJava>
  <property name="remainingRetryCount">3</property>
  <property name="origin"></property>
  <property name="name">Test Cases/DATA UI/BrinsAsmik/Login/Login_Asmik</property>
  <property name="description"></property>
  <property name="iteration"></property>
  <property name="id">Test Cases/DATA UI/BrinsAsmik/Login/Login_Asmik</property>
  <property name="source">C:\Users\TTECH-0251\git\AutoAPI\Test Cases\DATA UI\BrinsAsmik\Login\Login_Asmik.tc</property>
  <property name="tag"></property>
  <property name="isOptional">false</property>
  <property name="currentRetryCount">0</property>
</record>
<record>
  <date>2026-09-22T04:37:32.267751400Z</date>
  <millis>1790051852267</millis>
  <nanos>751400</nanos>
  <sequence>9</sequence>
  <level>START</level>
  <class>com.kms.katalon.core.logging.XmlKeywordLogger</class>
  <method>startKeyword</method>
  <thread>1</thread>
  <message>Start action : projectDir = getProjectDir()</message>
  <nestedLevel>1</nestedLevel>
  <escapedJava>false</escapedJava>
  <property name="startLine">22</property>
  <property name="stepIndex">1</property>
</record>
<record>
  <date>2026-09-22T04:37:32.273098400Z</date>
  <millis>1790051852273</millis>
  <nanos>98400</nanos>
  <sequence>10</sequence>
  <level>END</level>
  <class>com.kms.katalon.core.logging.XmlKeywordLogger</class>
  <method>endKeyword</method>
  <thread>1</thread>
  <message>End action : projectDir = getProjectDir()</message>
  <nestedLevel>1</nestedLevel>
  <escapedJava>false</escapedJava>
</record>
<record>
  <date>2026-09-22T04:37:32.273098400Z</date>
  <millis>1790051852273</millis>
  <nanos>98400</nanos>
  <sequence>11</sequence>
  <level>START</level>
  <class>com.kms.katalon.core.logging.XmlKeywordLogger</class>
  <method>startKeyword</method>
  <thread>1</thread>
  <message>Start action : timestamp = Date().format(&amp;quot;dd.MM.yyyy_(HH.mm.ss)&amp;quot;)</message>
  <nestedLevel>1</nestedLevel>
  <escapedJava>false</escapedJava>
  <property name="startLine">24</property>
  <property name="stepIndex">2</property>
</record>
<record>
  <date>2026-09-22T04:37:32.301192300Z</date>
  <millis>1790051852301</millis>
  <nanos>192300</nanos>
  <sequence>12</sequence>
  <level>END</level>
  <class>com.kms.katalon.core.logging.XmlKeywordLogger</class>
  <method>endKeyword</method>
  <thread>1</thread>
  <message>End action : timestamp = Date().format(&amp;quot;dd.MM.yyyy_(HH.mm.ss)&amp;quot;)</message>
  <nestedLevel>1</nestedLevel>
  <escapedJava>false</escapedJava>
</record>
<record>
  <date>2026-09-22T04:37:32.303193500Z</date>
  <millis>1790051852303</millis>
  <nanos>193500</nanos>
  <sequence>13</sequence>
  <level>START</level>
  <class>com.kms.katalon.core.logging.XmlKeywordLogger</class>
  <method>startKeyword</method>
  <thread>1</thread>
  <message>Start action : openBrowser(&amp;quot;https://mis.brins.co.id/&amp;quot;)</message>
  <nestedLevel>1</nestedLevel>
  <escapedJava>false</escapedJava>
  <property name="startLine">26</property>
  <property name="stepIndex">3</property>
</record>
<record>
  <date>2026-09-22T04:37:32.675753700Z</date>
  <millis>1790051852675</millis>
  <nanos>753700</nanos>
  <sequence>16</sequence>
  <level>INFO</level>
  <class>com.kms.katalon.core.logging.XmlKeywordLogger</class>
  <method>logMessage</method>
  <thread>1</thread>
  <message>Starting &amp;apos;Chrome&amp;apos; driver</message>
  <nestedLevel>1</nestedLevel>
  <escapedJava>false</escapedJava>
</record>
<record>
  <date>2026-09-22T04:37:32.752452100Z</date>
  <millis>1790051852752</millis>
  <nanos>452100</nanos>
  <sequence>17</sequence>
  <level>INFO</level>
  <class>com.kms.katalon.core.logging.XmlKeywordLogger</class>
  <method>logMessage</method>
  <thread>1</thread>
  <message>Action delay is set to 0 milliseconds</message>
  <nestedLevel>1</nestedLevel>
  <escapedJava>false</escapedJava>
</record>
<record>
  <date>2026-09-22T04:37:35.845580Z</date>
  <millis>1790051855845</millis>
  <nanos>580000</nanos>
  <sequence>20</sequence>
  <level>RUN_DATA</level>
  <class>com.kms.katalon.core.logging.XmlKeywordLogger</class>
  <method>logMessage</method>
  <thread>1</thread>
  <message>sessionId = 00030fc385bbaad44786ba199556d9e0</message>
  <nestedLevel>1</nestedLevel>
  <escapedJava>false</escapedJava>
  <property name="sessionId">00030fc385bbaad44786ba199556d9e0</property>
</record>
<record>
  <date>2026-09-22T04:37:35.848584700Z</date>
  <millis>1790051855848</millis>
  <nanos>584700</nanos>
  <sequence>21</sequence>
  <level>RUN_DATA</level>
  <class>com.kms.katalon.core.logging.XmlKeywordLogger</class>
  <method>logMessage</method>
  <thread>1</thread>
  <message>browser = Chrome 153.0.8010.48</message>
  <nestedLevel>1</nestedLevel>
  <escapedJava>false</escapedJava>
  <property name="browser">Chrome 153.0.8010.48</property>
</record>
<record>
  <date>2026-09-22T04:37:35.851614300Z</date>
  <millis>1790051855851</millis>
  <nanos>614300</nanos>
  <sequence>22</sequence>
  <level>RUN_DATA</level>
  <class>com.kms.katalon.core.logging.XmlKeywordLogger</class>
  <method>logMessage</method>
  <thread>1</thread>
  <message>platform = Windows 10</message>
  <nestedLevel>1</nestedLevel>
  <escapedJava>false</escapedJava>
  <property name="platform">Windows 10</property>
</record>
<record>
  <date>2026-09-22T04:37:35.854131800Z</date>
  <millis>1790051855854</millis>
  <nanos>131800</nanos>
  <sequence>23</sequence>
  <level>RUN_DATA</level>
  <class>com.kms.katalon.core.logging.XmlKeywordLogger</class>
  <method>logMessage</method>
  <thread>1</thread>
  <message>seleniumVersion = 4.34.0</message>
  <nestedLevel>1</nestedLevel>
  <escapedJava>false</escapedJava>
  <property name="seleniumVersion">4.34.0</property>
</record>
<record>
  <date>2026-09-22T04:37:35.864741300Z</date>
  <millis>1790051855864</millis>
  <nanos>741300</nanos>
  <sequence>24</sequence>
  <level>RUN_DATA</level>
  <class>com.kms.katalon.core.logging.XmlKeywordLogger</class>
  <method>logMessage</method>
  <thread>1</thread>
  <message>proxyInformation = ProxyInformation { proxyOption=NO_PROXY, proxyServerType=HTTP, username=, password=********, proxyServerAddress=, proxyServerPort=0, executionList=&amp;quot;&amp;quot;, isApplyToDesiredCapabilities=true }</message>
  <nestedLevel>1</nestedLevel>
  <escapedJava>false</escapedJava>
  <property name="proxyInformation">ProxyInformation { proxyOption=NO_PROXY, proxyServerType=HTTP, username=, password=********, proxyServerAddress=, proxyServerPort=0, executionList=&quot;&quot;, isApplyToDesiredCapabilities=true }</property>
</record>
<record>
  <date>2026-09-22T04:37:41.863334800Z</date>
  <millis>1790051861863</millis>
  <nanos>334800</nanos>
  <sequence>26</sequence>
  <level>PASSED</level>
  <class>com.kms.katalon.core.logging.XmlKeywordLogger</class>
  <method>logMessage</method>
  <thread>1</thread>
  <message>Browser is opened with url: &amp;apos;https://mis.brins.co.id/&amp;apos;</message>
  <nestedLevel>1</nestedLevel>
  <escapedJava>false</escapedJava>
  <property name="testops-method-name">com.kms.katalon.core.webui.keyword.builtin.OpenBrowserKeyword.openBrowser</property>
  <property name="testops-execution-stacktrace"></property>
</record>
<record>
  <date>2026-09-22T04:37:41.868751500Z</date>
  <millis>1790051861868</millis>
  <nanos>751500</nanos>
  <sequence>27</sequence>
  <level>END</level>
  <class>com.kms.katalon.core.logging.XmlKeywordLogger</class>
  <method>endKeyword</method>
  <thread>1</thread>
  <message>End action : openBrowser(&amp;quot;https://mis.brins.co.id/&amp;quot;)</message>
  <nestedLevel>1</nestedLevel>
  <escapedJava>false</escapedJava>
</record>
<record>
  <date>2026-09-22T04:37:41.869280300Z</date>
  <millis>1790051861869</millis>
  <nanos>280300</nanos>
  <sequence>28</sequence>
  <level>START</level>
  <class>com.kms.katalon.core.logging.XmlKeywordLogger</class>
  <method>startKeyword</method>
  <thread>1</thread>
  <message>Start action : setText(findTestObject(&amp;quot;Data UI/BrinsAsmik/Login/inputUsername&amp;quot;), &amp;quot;testing&amp;quot;)</message>
  <nestedLevel>1</nestedLevel>
  <escapedJava>false</escapedJava>
  <property name="startLine">28</property>
  <property name="stepIndex">4</property>
</record>
<record>
  <date>2026-09-22T04:37:44.629234200Z</date>
  <millis>1790051864629</millis>
  <nanos>234200</nanos>
  <sequence>42</sequence>
  <level>PASSED</level>
  <class>com.kms.katalon.core.logging.XmlKeywordLogger</class>
  <method>logMessage</method>
  <thread>1</thread>
  <message>Text &amp;apos;testing&amp;apos; is set on object &amp;apos;Object Repository/Data UI/BrinsAsmik/Login/inputUsername&amp;apos;</message>
  <nestedLevel>1</nestedLevel>
  <escapedJava>false</escapedJava>
  <property name="testops-method-name">com.kms.katalon.core.webui.keyword.internal.WebUIKeywordMain.runKeywordUntilTimeout</property>
  <property name="testops-execution-stacktrace">com.kms.katalon.core.logging.KeywordLogger.logPassed(KeywordLogger.java:332)
com.kms.katalon.core.logging.KeywordLogger.logPassed(KeywordLogger.java:327)
com.kms.katalon.core.webui.keyword.builtin.SetTextKeyword$_setText_closure1.doCall(SetTextKeyword.groovy:99)
java.base/jdk.internal.reflect.NativeMethodAccessorImpl.invoke0(Native Method)
java.base/jdk.internal.reflect.NativeMethodAccessorImpl.invoke(NativeMethodAccessorImpl.java:77)
java.base/jdk.internal.reflect.DelegatingMethodAccessorImpl.invoke(DelegatingMethodAccessorImpl.java:43)
jdk.proxy2/jdk.proxy2.$Proxy50.execute(Unknown Source)
com.kms.katalon.core.webui.model.SeleniumActionRetryController.performAction(SeleniumActionRetryController.java:96)
com.kms.katalon.core.webui.model.SeleniumActionRetryController.performAction(SeleniumActionRetryController.java:83)
com.kms.katalon.core.webui.keyword.internal.WebUIKeywordMain$_runKeywordUntilTimeout_closure1.doCall(WebUIKeywordMain.groovy:135)
com.kms.katalon.core.webui.keyword.internal.WebUIKeywordMain$_runKeywordUntilTimeout_closure1.call(WebUIKeywordMain.groovy)
com.kms.katalon.core.webui.keyword.internal.WebUIKeywordMain.runKeyword(WebUIKeywordMain.groovy:41)
com.kms.katalon.core.webui.keyword.internal.WebUIKeywordMain.runKeywordUntilTimeout(WebUIKeywordMain.groovy:133)
com.kms.katalon.core.webui.keyword.builtin.SetTextKeyword.setText(SetTextKeyword.groovy:106)
com.kms.katalon.core.webui.keyword.builtin.SetTextKeyword.execute(SetTextKeyword.groovy:49)
com.kms.katalon.core.keyword.internal.KeywordExecutor.executeKeywordForPlatform(KeywordExecutor.groovy:90)
com.kms.katalon.core.webui.keyword.WebUiBuiltInKeywords.setText(WebUiBuiltInKeywords.groovy:1081)
Login_Asmik.run(Login_Asmik:28)
</property>
</record>
<record>
  <date>2026-09-22T04:37:44.635976100Z</date>
  <millis>1790051864635</millis>
  <nanos>976100</nanos>
  <sequence>43</sequence>
  <level>END</level>
  <class>com.kms.katalon.core.logging.XmlKeywordLogger</class>
  <method>endKeyword</method>
  <thread>1</thread>
  <message>End action : setText(findTestObject(&amp;quot;Data UI/BrinsAsmik/Login/inputUsername&amp;quot;), &amp;quot;testing&amp;quot;)</message>
  <nestedLevel>1</nestedLevel>
  <escapedJava>false</escapedJava>
</record>
<record>
  <date>2026-09-22T04:37:44.635976100Z</date>
  <millis>1790051864635</millis>
  <nanos>976100</nanos>
  <sequence>44</sequence>
  <level>START</level>
  <class>com.kms.katalon.core.logging.XmlKeywordLogger</class>
  <method>startKeyword</method>
  <thread>1</thread>
  <message>Start action : setText(findTestObject(&amp;quot;Data UI/BrinsAsmik/Login/inputPassword&amp;quot;), &amp;quot;passwordSalah&amp;quot;)</message>
  <nestedLevel>1</nestedLevel>
  <escapedJava>false</escapedJava>
  <property name="startLine">30</property>
  <property name="stepIndex">5</property>
</record>
<record>
  <date>2026-09-22T04:37:45.849660Z</date>
  <millis>1790051865849</millis>
  <nanos>660000</nanos>
  <sequence>58</sequence>
  <level>PASSED</level>
  <class>com.kms.katalon.core.logging.XmlKeywordLogger</class>
  <method>logMessage</method>
  <thread>1</thread>
  <message>Text &amp;apos;passwordSalah&amp;apos; is set on object &amp;apos;Object Repository/Data UI/BrinsAsmik/Login/inputPassword&amp;apos;</message>
  <nestedLevel>1</nestedLevel>
  <escapedJava>false</escapedJava>
  <property name="testops-method-name">com.kms.katalon.core.webui.keyword.internal.WebUIKeywordMain.runKeywordUntilTimeout</property>
  <property name="testops-execution-stacktrace">com.kms.katalon.core.logging.KeywordLogger.logPassed(KeywordLogger.java:332)
com.kms.katalon.core.logging.KeywordLogger.logPassed(KeywordLogger.java:327)
com.kms.katalon.core.webui.keyword.builtin.SetTextKeyword$_setText_closure1.doCall(SetTextKeyword.groovy:99)
java.base/jdk.internal.reflect.NativeMethodAccessorImpl.invoke0(Native Method)
java.base/jdk.internal.reflect.NativeMethodAccessorImpl.invoke(NativeMethodAccessorImpl.java:77)
java.base/jdk.internal.reflect.DelegatingMethodAccessorImpl.invoke(DelegatingMethodAccessorImpl.java:43)
jdk.proxy2/jdk.proxy2.$Proxy50.execute(Unknown Source)
com.kms.katalon.core.webui.model.SeleniumActionRetryController.performAction(SeleniumActionRetryController.java:96)
com.kms.katalon.core.webui.model.SeleniumActionRetryController.performAction(SeleniumActionRetryController.java:83)
com.kms.katalon.core.webui.keyword.internal.WebUIKeywordMain$_runKeywordUntilTimeout_closure1.doCall(WebUIKeywordMain.groovy:135)
com.kms.katalon.core.webui.keyword.internal.WebUIKeywordMain$_runKeywordUntilTimeout_closure1.call(WebUIKeywordMain.groovy)
com.kms.katalon.core.webui.keyword.internal.WebUIKeywordMain.runKeyword(WebUIKeywordMain.groovy:41)
com.kms.katalon.core.webui.keyword.internal.WebUIKeywordMain.runKeywordUntilTimeout(WebUIKeywordMain.groovy:133)
com.kms.katalon.core.webui.keyword.builtin.SetTextKeyword.setText(SetTextKeyword.groovy:106)
com.kms.katalon.core.webui.keyword.builtin.SetTextKeyword.execute(SetTextKeyword.groovy:49)
com.kms.katalon.core.keyword.internal.KeywordExecutor.executeKeywordForPlatform(KeywordExecutor.groovy:90)
com.kms.katalon.core.webui.keyword.WebUiBuiltInKeywords.setText(WebUiBuiltInKeywords.groovy:1081)
Login_Asmik.run(Login_Asmik:30)
</property>
</record>
<record>
  <date>2026-09-22T04:37:45.852881800Z</date>
  <millis>1790051865852</millis>
  <nanos>881800</nanos>
  <sequence>59</sequence>
  <level>END</level>
  <class>com.kms.katalon.core.logging.XmlKeywordLogger</class>
  <method>endKeyword</method>
  <thread>1</thread>
  <message>End action : setText(findTestObject(&amp;quot;Data UI/BrinsAsmik/Login/inputPassword&amp;quot;), &amp;quot;passwordSalah&amp;quot;)</message>
  <nestedLevel>1</nestedLevel>
  <escapedJava>false</escapedJava>
</record>
<record>
  <date>2026-09-22T04:37:45.853429100Z</date>
  <millis>1790051865853</millis>
  <nanos>429100</nanos>
  <sequence>60</sequence>
  <level>START</level>
  <class>com.kms.katalon.core.logging.XmlKeywordLogger</class>
  <method>startKeyword</method>
  <thread>1</thread>
  <message>Start action : click(findTestObject(&amp;quot;Data UI/BrinsAsmik/Login/btnSignIn&amp;quot;))</message>
  <nestedLevel>1</nestedLevel>
  <escapedJava>false</escapedJava>
  <property name="startLine">32</property>
  <property name="stepIndex">6</property>
</record>
<record>
  <date>2026-09-22T04:37:46.496365400Z</date>
  <millis>1790051866496</millis>
  <nanos>365400</nanos>
  <sequence>71</sequence>
  <level>PASSED</level>
  <class>com.kms.katalon.core.logging.XmlKeywordLogger</class>
  <method>logMessage</method>
  <thread>1</thread>
  <message>Object: &amp;apos;Object Repository/Data UI/BrinsAsmik/Login/btnSignIn&amp;apos; is clicked on</message>
  <nestedLevel>1</nestedLevel>
  <escapedJava>false</escapedJava>
  <property name="testops-method-name">com.kms.katalon.core.webui.keyword.internal.WebUIKeywordMain.runKeywordUntilTimeout</property>
  <property name="testops-execution-stacktrace">com.kms.katalon.core.logging.KeywordLogger.logPassed(KeywordLogger.java:332)
com.kms.katalon.core.logging.KeywordLogger.logPassed(KeywordLogger.java:327)
com.kms.katalon.core.webui.keyword.builtin.ClickKeyword$_click_closure1.doCall(ClickKeyword.groovy:66)
java.base/jdk.internal.reflect.NativeMethodAccessorImpl.invoke0(Native Method)
java.base/jdk.internal.reflect.NativeMethodAccessorImpl.invoke(NativeMethodAccessorImpl.java:77)
java.base/jdk.internal.reflect.DelegatingMethodAccessorImpl.invoke(DelegatingMethodAccessorImpl.java:43)
jdk.proxy2/jdk.proxy2.$Proxy50.execute(Unknown Source)
com.kms.katalon.core.webui.model.SeleniumActionRetryController.performAction(SeleniumActionRetryController.java:96)
com.kms.katalon.core.webui.model.SeleniumActionRetryController.performAction(SeleniumActionRetryController.java:83)
com.kms.katalon.core.webui.keyword.internal.WebUIKeywordMain$_runKeywordUntilTimeout_closure1.doCall(WebUIKeywordMain.groovy:135)
com.kms.katalon.core.webui.keyword.internal.WebUIKeywordMain$_runKeywordUntilTimeout_closure1.call(WebUIKeywordMain.groovy)
com.kms.katalon.core.webui.keyword.internal.WebUIKeywordMain.runKeyword(WebUIKeywordMain.groovy:41)
com.kms.katalon.core.webui.keyword.internal.WebUIKeywordMain.runKeywordUntilTimeout(WebUIKeywordMain.groovy:133)
com.kms.katalon.core.webui.keyword.builtin.ClickKeyword.click(ClickKeyword.groovy:72)
com.kms.katalon.core.webui.keyword.builtin.ClickKeyword.execute(ClickKeyword.groovy:38)
com.kms.katalon.core.keyword.internal.KeywordExecutor.executeKeywordForPlatform(KeywordExecutor.groovy:90)
com.kms.katalon.core.webui.keyword.WebUiBuiltInKeywords.click(WebUiBuiltInKeywords.groovy:721)
Login_Asmik.run(Login_Asmik:32)
</property>
</record>
<record>
  <date>2026-09-22T04:37:46.497835700Z</date>
  <millis>1790051866497</millis>
  <nanos>835700</nanos>
  <sequence>72</sequence>
  <level>END</level>
  <class>com.kms.katalon.core.logging.XmlKeywordLogger</class>
  <method>endKeyword</method>
  <thread>1</thread>
  <message>End action : click(findTestObject(&amp;quot;Data UI/BrinsAsmik/Login/btnSignIn&amp;quot;))</message>
  <nestedLevel>1</nestedLevel>
  <escapedJava>false</escapedJava>
</record>
<record>
  <date>2026-09-22T04:37:46.497835700Z</date>
  <millis>1790051866497</millis>
  <nanos>835700</nanos>
  <sequence>73</sequence>
  <level>START</level>
  <class>com.kms.katalon.core.logging.XmlKeywordLogger</class>
  <method>startKeyword</method>
  <thread>1</thread>
  <message>Start action : delay(50)</message>
  <nestedLevel>1</nestedLevel>
  <escapedJava>false</escapedJava>
  <property name="startLine">34</property>
  <property name="stepIndex">7</property>
</record>
<record>
  <date>2026-09-22T04:38:36.552163Z</date>
  <millis>1790051916552</millis>
  <nanos>163000</nanos>
  <sequence>76</sequence>
  <level>PASSED</level>
  <class>com.kms.katalon.core.logging.XmlKeywordLogger</class>
  <method>logMessage</method>
  <thread>1</thread>
  <message>Delayed 50 second(s)</message>
  <nestedLevel>1</nestedLevel>
  <escapedJava>false</escapedJava>
  <property name="testops-method-name">com.kms.katalon.core.keyword.builtin.DelayKeyword.delay</property>
  <property name="testops-execution-stacktrace"></property>
</record>
<record>
  <date>2026-09-22T04:38:36.557068300Z</date>
  <millis>1790051916557</millis>
  <nanos>68300</nanos>
  <sequence>77</sequence>
  <level>END</level>
  <class>com.kms.katalon.core.logging.XmlKeywordLogger</class>
  <method>endKeyword</method>
  <thread>1</thread>
  <message>End action : delay(50)</message>
  <nestedLevel>1</nestedLevel>
  <escapedJava>false</escapedJava>
</record>
<record>
  <date>2026-09-22T04:38:36.557881Z</date>
  <millis>1790051916557</millis>
  <nanos>881000</nanos>
  <sequence>78</sequence>
  <level>START</level>
  <class>com.kms.katalon.core.logging.XmlKeywordLogger</class>
  <method>startKeyword</method>
  <thread>1</thread>
  <message>Start action : verifyElementVisible(findTestObject(&amp;quot;Data UI/BrinsAsmik/Login/secInvalidLogin&amp;quot;))</message>
  <nestedLevel>1</nestedLevel>
  <escapedJava>false</escapedJava>
  <property name="startLine">36</property>
  <property name="stepIndex">8</property>
</record>
<record>
  <date>2026-09-22T04:38:36.941275700Z</date>
  <millis>1790051916941</millis>
  <nanos>275700</nanos>
  <sequence>87</sequence>
  <level>PASSED</level>
  <class>com.kms.katalon.core.logging.XmlKeywordLogger</class>
  <method>logMessage</method>
  <thread>1</thread>
  <message>Object &amp;apos;Object Repository/Data UI/BrinsAsmik/Login/secInvalidLogin&amp;apos; is visible</message>
  <nestedLevel>1</nestedLevel>
  <escapedJava>false</escapedJava>
  <property name="testops-method-name">com.kms.katalon.core.webui.keyword.internal.WebUIKeywordMain.runKeywordUntilTimeout</property>
  <property name="testops-execution-stacktrace">com.kms.katalon.core.logging.KeywordLogger.logPassed(KeywordLogger.java:332)
com.kms.katalon.core.logging.KeywordLogger.logPassed(KeywordLogger.java:327)
com.kms.katalon.core.webui.keyword.builtin.VerifyElementVisibleKeyword$_verifyElementVisible_closure1.doCall(VerifyElementVisibleKeyword.groovy:55)
java.base/jdk.internal.reflect.NativeMethodAccessorImpl.invoke0(Native Method)
java.base/jdk.internal.reflect.NativeMethodAccessorImpl.invoke(NativeMethodAccessorImpl.java:77)
java.base/jdk.internal.reflect.DelegatingMethodAccessorImpl.invoke(DelegatingMethodAccessorImpl.java:43)
jdk.proxy2/jdk.proxy2.$Proxy50.execute(Unknown Source)
com.kms.katalon.core.webui.model.SeleniumActionRetryController.performAction(SeleniumActionRetryController.java:96)
com.kms.katalon.core.webui.model.SeleniumActionRetryController.performAction(SeleniumActionRetryController.java:83)
com.kms.katalon.core.webui.keyword.internal.WebUIKeywordMain$_runKeywordUntilTimeout_closure1.doCall(WebUIKeywordMain.groovy:135)
com.kms.katalon.core.webui.keyword.internal.WebUIKeywordMain$_runKeywordUntilTimeout_closure1.call(WebUIKeywordMain.groovy)
com.kms.katalon.core.webui.keyword.internal.WebUIKeywordMain.runKeyword(WebUIKeywordMain.groovy:41)
com.kms.katalon.core.webui.keyword.internal.WebUIKeywordMain.runKeywordUntilTimeout(WebUIKeywordMain.groovy:133)
com.kms.katalon.core.webui.keyword.builtin.VerifyElementVisibleKeyword.verifyElementVisible(VerifyElementVisibleKeyword.groovy:72)
com.kms.katalon.core.webui.keyword.builtin.VerifyElementVisibleKeyword.execute(VerifyElementVisibleKeyword.groovy:37)
com.kms.katalon.core.keyword.internal.KeywordExecutor.executeKeywordForPlatform(KeywordExecutor.groovy:90)
com.kms.katalon.core.webui.keyword.WebUiBuiltInKeywords.verifyElementVisible(WebUiBuiltInKeywords.groovy:452)
Login_Asmik.run(Login_Asmik:36)
</property>
</record>
<record>
  <date>2026-09-22T04:38:36.943278700Z</date>
  <millis>1790051916943</millis>
  <nanos>278700</nanos>
  <sequence>88</sequence>
  <level>END</level>
  <class>com.kms.katalon.core.logging.XmlKeywordLogger</class>
  <method>endKeyword</method>
  <thread>1</thread>
  <message>End action : verifyElementVisible(findTestObject(&amp;quot;Data UI/BrinsAsmik/Login/secInvalidLogin&amp;quot;))</message>
  <nestedLevel>1</nestedLevel>
  <escapedJava>false</escapedJava>
</record>
<record>
  <date>2026-09-22T04:38:36.943278700Z</date>
  <millis>1790051916943</millis>
  <nanos>278700</nanos>
  <sequence>89</sequence>
  <level>START</level>
  <class>com.kms.katalon.core.logging.XmlKeywordLogger</class>
  <method>startKeyword</method>
  <thread>1</thread>
  <message>Start action : screenshotPathFailed = $projectDir/Screenshots/Evidence_NEGATIVE_Login Brins ASMIK_$timestamp.png</message>
  <nestedLevel>1</nestedLevel>
  <escapedJava>false</escapedJava>
  <property name="startLine">38</property>
  <property name="stepIndex">9</property>
</record>
<record>
  <date>2026-09-22T04:38:36.976332500Z</date>
  <millis>1790051916976</millis>
  <nanos>332500</nanos>
  <sequence>90</sequence>
  <level>END</level>
  <class>com.kms.katalon.core.logging.XmlKeywordLogger</class>
  <method>endKeyword</method>
  <thread>1</thread>
  <message>End action : screenshotPathFailed = $projectDir/Screenshots/Evidence_NEGATIVE_Login Brins ASMIK_$timestamp.png</message>
  <nestedLevel>1</nestedLevel>
  <escapedJava>false</escapedJava>
</record>
<record>
  <date>2026-09-22T04:38:36.976332500Z</date>
  <millis>1790051916976</millis>
  <nanos>332500</nanos>
  <sequence>91</sequence>
  <level>START</level>
  <class>com.kms.katalon.core.logging.XmlKeywordLogger</class>
  <method>startKeyword</method>
  <thread>1</thread>
  <message>Start action : takeScreenshot(screenshotPathFailed)</message>
  <nestedLevel>1</nestedLevel>
  <escapedJava>false</escapedJava>
  <property name="startLine">40</property>
  <property name="stepIndex">10</property>
</record>
<record>
  <date>2026-09-22T04:38:37.378915600Z</date>
  <millis>1790051917378</millis>
  <nanos>915600</nanos>
  <sequence>94</sequence>
  <level>PASSED</level>
  <class>com.kms.katalon.core.logging.XmlKeywordLogger</class>
  <method>logMessage</method>
  <thread>1</thread>
  <message>Taking screenshot successfully</message>
  <nestedLevel>1</nestedLevel>
  <escapedJava>false</escapedJava>
  <property name="attachment">C:/Users/TTECH-0251/git/AutoAPI/Screenshots/Evidence_NEGATIVE_Login Brins ASMIK_22.09.2026_(11.37.32).png</property>
  <property name="testops-method-name">com.kms.katalon.core.webui.keyword.builtin.TakeScreenshotKeyword.takeScreenshot</property>
  <property name="testops-execution-stacktrace"></property>
</record>
<record>
  <date>2026-09-22T04:38:37.379915800Z</date>
  <millis>1790051917379</millis>
  <nanos>915800</nanos>
  <sequence>95</sequence>
  <level>END</level>
  <class>com.kms.katalon.core.logging.XmlKeywordLogger</class>
  <method>endKeyword</method>
  <thread>1</thread>
  <message>End action : takeScreenshot(screenshotPathFailed)</message>
  <nestedLevel>1</nestedLevel>
  <escapedJava>false</escapedJava>
</record>
<record>
  <date>2026-09-22T04:38:37.380915600Z</date>
  <millis>1790051917380</millis>
  <nanos>915600</nanos>
  <sequence>96</sequence>
  <level>START</level>
  <class>com.kms.katalon.core.logging.XmlKeywordLogger</class>
  <method>startKeyword</method>
  <thread>1</thread>
  <message>Start action : refresh()</message>
  <nestedLevel>1</nestedLevel>
  <escapedJava>false</escapedJava>
  <property name="startLine">42</property>
  <property name="stepIndex">11</property>
</record>
<record>
  <date>2026-09-22T04:38:38.116355700Z</date>
  <millis>1790051918116</millis>
  <nanos>355700</nanos>
  <sequence>99</sequence>
  <level>PASSED</level>
  <class>com.kms.katalon.core.logging.XmlKeywordLogger</class>
  <method>logMessage</method>
  <thread>1</thread>
  <message>Refresh successfully</message>
  <nestedLevel>1</nestedLevel>
  <escapedJava>false</escapedJava>
  <property name="testops-method-name">com.kms.katalon.core.webui.keyword.builtin.RefreshKeyword.refresh</property>
  <property name="testops-execution-stacktrace"></property>
</record>
<record>
  <date>2026-09-22T04:38:38.117402100Z</date>
  <millis>1790051918117</millis>
  <nanos>402100</nanos>
  <sequence>100</sequence>
  <level>END</level>
  <class>com.kms.katalon.core.logging.XmlKeywordLogger</class>
  <method>endKeyword</method>
  <thread>1</thread>
  <message>End action : refresh()</message>
  <nestedLevel>1</nestedLevel>
  <escapedJava>false</escapedJava>
</record>
<record>
  <date>2026-09-22T04:38:38.117402100Z</date>
  <millis>1790051918117</millis>
  <nanos>402100</nanos>
  <sequence>101</sequence>
  <level>START</level>
  <class>com.kms.katalon.core.logging.XmlKeywordLogger</class>
  <method>startKeyword</method>
  <thread>1</thread>
  <message>Start action : click(findTestObject(&amp;quot;Data UI/BrinsAsmik/Login/inputUsername&amp;quot;))</message>
  <nestedLevel>1</nestedLevel>
  <escapedJava>false</escapedJava>
  <property name="startLine">46</property>
  <property name="stepIndex">12</property>
</record>
<record>
  <date>2026-09-22T04:38:39.016122700Z</date>
  <millis>1790051919016</millis>
  <nanos>122700</nanos>
  <sequence>112</sequence>
  <level>PASSED</level>
  <class>com.kms.katalon.core.logging.XmlKeywordLogger</class>
  <method>logMessage</method>
  <thread>1</thread>
  <message>Object: &amp;apos;Object Repository/Data UI/BrinsAsmik/Login/inputUsername&amp;apos; is clicked on</message>
  <nestedLevel>1</nestedLevel>
  <escapedJava>false</escapedJava>
  <property name="testops-method-name">com.kms.katalon.core.webui.keyword.internal.WebUIKeywordMain.runKeywordUntilTimeout</property>
  <property name="testops-execution-stacktrace">com.kms.katalon.core.logging.KeywordLogger.logPassed(KeywordLogger.java:332)
com.kms.katalon.core.logging.KeywordLogger.logPassed(KeywordLogger.java:327)
com.kms.katalon.core.webui.keyword.builtin.ClickKeyword$_click_closure1.doCall(ClickKeyword.groovy:66)
java.base/jdk.internal.reflect.NativeMethodAccessorImpl.invoke0(Native Method)
java.base/jdk.internal.reflect.NativeMethodAccessorImpl.invoke(NativeMethodAccessorImpl.java:77)
java.base/jdk.internal.reflect.DelegatingMethodAccessorImpl.invoke(DelegatingMethodAccessorImpl.java:43)
jdk.proxy2/jdk.proxy2.$Proxy50.execute(Unknown Source)
com.kms.katalon.core.webui.model.SeleniumActionRetryController.performAction(SeleniumActionRetryController.java:96)
com.kms.katalon.core.webui.model.SeleniumActionRetryController.performAction(SeleniumActionRetryController.java:83)
com.kms.katalon.core.webui.keyword.internal.WebUIKeywordMain$_runKeywordUntilTimeout_closure1.doCall(WebUIKeywordMain.groovy:135)
com.kms.katalon.core.webui.keyword.internal.WebUIKeywordMain$_runKeywordUntilTimeout_closure1.call(WebUIKeywordMain.groovy)
com.kms.katalon.core.webui.keyword.internal.WebUIKeywordMain.runKeyword(WebUIKeywordMain.groovy:41)
com.kms.katalon.core.webui.keyword.internal.WebUIKeywordMain.runKeywordUntilTimeout(WebUIKeywordMain.groovy:133)
com.kms.katalon.core.webui.keyword.builtin.ClickKeyword.click(ClickKeyword.groovy:72)
com.kms.katalon.core.webui.keyword.builtin.ClickKeyword.execute(ClickKeyword.groovy:38)
com.kms.katalon.core.keyword.internal.KeywordExecutor.executeKeywordForPlatform(KeywordExecutor.groovy:90)
com.kms.katalon.core.webui.keyword.WebUiBuiltInKeywords.click(WebUiBuiltInKeywords.groovy:721)
Login_Asmik.run(Login_Asmik:46)
</property>
</record>
<record>
  <date>2026-09-22T04:38:39.018116700Z</date>
  <millis>1790051919018</millis>
  <nanos>116700</nanos>
  <sequence>113</sequence>
  <level>END</level>
  <class>com.kms.katalon.core.logging.XmlKeywordLogger</class>
  <method>endKeyword</method>
  <thread>1</thread>
  <message>End action : click(findTestObject(&amp;quot;Data UI/BrinsAsmik/Login/inputUsername&amp;quot;))</message>
  <nestedLevel>1</nestedLevel>
  <escapedJava>false</escapedJava>
</record>
<record>
  <date>2026-09-22T04:38:39.018116700Z</date>
  <millis>1790051919018</millis>
  <nanos>116700</nanos>
  <sequence>114</sequence>
  <level>START</level>
  <class>com.kms.katalon.core.logging.XmlKeywordLogger</class>
  <method>startKeyword</method>
  <thread>1</thread>
  <message>Start action : setText(findTestObject(&amp;quot;Data UI/BrinsAsmik/Login/inputUsername&amp;quot;), &amp;quot;creator_2&amp;quot;)</message>
  <nestedLevel>1</nestedLevel>
  <escapedJava>false</escapedJava>
  <property name="startLine">48</property>
  <property name="stepIndex">13</property>
</record>
<record>
  <date>2026-09-22T04:38:40.391093400Z</date>
  <millis>1790051920391</millis>
  <nanos>93400</nanos>
  <sequence>128</sequence>
  <level>PASSED</level>
  <class>com.kms.katalon.core.logging.XmlKeywordLogger</class>
  <method>logMessage</method>
  <thread>1</thread>
  <message>Text &amp;apos;creator_2&amp;apos; is set on object &amp;apos;Object Repository/Data UI/BrinsAsmik/Login/inputUsername&amp;apos;</message>
  <nestedLevel>1</nestedLevel>
  <escapedJava>false</escapedJava>
  <property name="testops-method-name">com.kms.katalon.core.webui.keyword.internal.WebUIKeywordMain.runKeywordUntilTimeout</property>
  <property name="testops-execution-stacktrace">com.kms.katalon.core.logging.KeywordLogger.logPassed(KeywordLogger.java:332)
com.kms.katalon.core.logging.KeywordLogger.logPassed(KeywordLogger.java:327)
com.kms.katalon.core.webui.keyword.builtin.SetTextKeyword$_setText_closure1.doCall(SetTextKeyword.groovy:99)
java.base/jdk.internal.reflect.NativeMethodAccessorImpl.invoke0(Native Method)
java.base/jdk.internal.reflect.NativeMethodAccessorImpl.invoke(NativeMethodAccessorImpl.java:77)
java.base/jdk.internal.reflect.DelegatingMethodAccessorImpl.invoke(DelegatingMethodAccessorImpl.java:43)
jdk.proxy2/jdk.proxy2.$Proxy50.execute(Unknown Source)
com.kms.katalon.core.webui.model.SeleniumActionRetryController.performAction(SeleniumActionRetryController.java:96)
com.kms.katalon.core.webui.model.SeleniumActionRetryController.performAction(SeleniumActionRetryController.java:83)
com.kms.katalon.core.webui.keyword.internal.WebUIKeywordMain$_runKeywordUntilTimeout_closure1.doCall(WebUIKeywordMain.groovy:135)
com.kms.katalon.core.webui.keyword.internal.WebUIKeywordMain$_runKeywordUntilTimeout_closure1.call(WebUIKeywordMain.groovy)
com.kms.katalon.core.webui.keyword.internal.WebUIKeywordMain.runKeyword(WebUIKeywordMain.groovy:41)
com.kms.katalon.core.webui.keyword.internal.WebUIKeywordMain.runKeywordUntilTimeout(WebUIKeywordMain.groovy:133)
com.kms.katalon.core.webui.keyword.builtin.SetTextKeyword.setText(SetTextKeyword.groovy:106)
com.kms.katalon.core.webui.keyword.builtin.SetTextKeyword.execute(SetTextKeyword.groovy:49)
com.kms.katalon.core.keyword.internal.KeywordExecutor.executeKeywordForPlatform(KeywordExecutor.groovy:90)
com.kms.katalon.core.webui.keyword.WebUiBuiltInKeywords.setText(WebUiBuiltInKeywords.groovy:1081)
Login_Asmik.run(Login_Asmik:48)
</property>
</record>
<record>
  <date>2026-09-22T04:38:40.393093900Z</date>
  <millis>1790051920393</millis>
  <nanos>93900</nanos>
  <sequence>129</sequence>
  <level>END</level>
  <class>com.kms.katalon.core.logging.XmlKeywordLogger</class>
  <method>endKeyword</method>
  <thread>1</thread>
  <message>End action : setText(findTestObject(&amp;quot;Data UI/BrinsAsmik/Login/inputUsername&amp;quot;), &amp;quot;creator_2&amp;quot;)</message>
  <nestedLevel>1</nestedLevel>
  <escapedJava>false</escapedJava>
</record>
<record>
  <date>2026-09-22T04:38:40.394099800Z</date>
  <millis>1790051920394</millis>
  <nanos>99800</nanos>
  <sequence>130</sequence>
  <level>START</level>
  <class>com.kms.katalon.core.logging.XmlKeywordLogger</class>
  <method>startKeyword</method>
  <thread>1</thread>
  <message>Start action : setText(findTestObject(&amp;quot;Data UI/BrinsAsmik/Login/inputPassword&amp;quot;), &amp;quot;Tsi_Brins2020&amp;quot;)</message>
  <nestedLevel>1</nestedLevel>
  <escapedJava>false</escapedJava>
  <property name="startLine">50</property>
  <property name="stepIndex">14</property>
</record>
<record>
  <date>2026-09-22T04:38:41.678177Z</date>
  <millis>1790051921678</millis>
  <nanos>177000</nanos>
  <sequence>144</sequence>
  <level>PASSED</level>
  <class>com.kms.katalon.core.logging.XmlKeywordLogger</class>
  <method>logMessage</method>
  <thread>1</thread>
  <message>Text &amp;apos;Tsi_Brins2020&amp;apos; is set on object &amp;apos;Object Repository/Data UI/BrinsAsmik/Login/inputPassword&amp;apos;</message>
  <nestedLevel>1</nestedLevel>
  <escapedJava>false</escapedJava>
  <property name="testops-method-name">com.kms.katalon.core.webui.keyword.internal.WebUIKeywordMain.runKeywordUntilTimeout</property>
  <property name="testops-execution-stacktrace">com.kms.katalon.core.logging.KeywordLogger.logPassed(KeywordLogger.java:332)
com.kms.katalon.core.logging.KeywordLogger.logPassed(KeywordLogger.java:327)
com.kms.katalon.core.webui.keyword.builtin.SetTextKeyword$_setText_closure1.doCall(SetTextKeyword.groovy:99)
java.base/jdk.internal.reflect.NativeMethodAccessorImpl.invoke0(Native Method)
java.base/jdk.internal.reflect.NativeMethodAccessorImpl.invoke(NativeMethodAccessorImpl.java:77)
java.base/jdk.internal.reflect.DelegatingMethodAccessorImpl.invoke(DelegatingMethodAccessorImpl.java:43)
jdk.proxy2/jdk.proxy2.$Proxy50.execute(Unknown Source)
com.kms.katalon.core.webui.model.SeleniumActionRetryController.performAction(SeleniumActionRetryController.java:96)
com.kms.katalon.core.webui.model.SeleniumActionRetryController.performAction(SeleniumActionRetryController.java:83)
com.kms.katalon.core.webui.keyword.internal.WebUIKeywordMain$_runKeywordUntilTimeout_closure1.doCall(WebUIKeywordMain.groovy:135)
com.kms.katalon.core.webui.keyword.internal.WebUIKeywordMain$_runKeywordUntilTimeout_closure1.call(WebUIKeywordMain.groovy)
com.kms.katalon.core.webui.keyword.internal.WebUIKeywordMain.runKeyword(WebUIKeywordMain.groovy:41)
com.kms.katalon.core.webui.keyword.internal.WebUIKeywordMain.runKeywordUntilTimeout(WebUIKeywordMain.groovy:133)
com.kms.katalon.core.webui.keyword.builtin.SetTextKeyword.setText(SetTextKeyword.groovy:106)
com.kms.katalon.core.webui.keyword.builtin.SetTextKeyword.execute(SetTextKeyword.groovy:49)
com.kms.katalon.core.keyword.internal.KeywordExecutor.executeKeywordForPlatform(KeywordExecutor.groovy:90)
com.kms.katalon.core.webui.keyword.WebUiBuiltInKeywords.setText(WebUiBuiltInKeywords.groovy:1081)
Login_Asmik.run(Login_Asmik:50)
</property>
</record>
<record>
  <date>2026-09-22T04:38:41.680581200Z</date>
  <millis>1790051921680</millis>
  <nanos>581200</nanos>
  <sequence>145</sequence>
  <level>END</level>
  <class>com.kms.katalon.core.logging.XmlKeywordLogger</class>
  <method>endKeyword</method>
  <thread>1</thread>
  <message>End action : setText(findTestObject(&amp;quot;Data UI/BrinsAsmik/Login/inputPassword&amp;quot;), &amp;quot;Tsi_Brins2020&amp;quot;)</message>
  <nestedLevel>1</nestedLevel>
  <escapedJava>false</escapedJava>
</record>
<record>
  <date>2026-09-22T04:38:41.681575300Z</date>
  <millis>1790051921681</millis>
  <nanos>575300</nanos>
  <sequence>146</sequence>
  <level>START</level>
  <class>com.kms.katalon.core.logging.XmlKeywordLogger</class>
  <method>startKeyword</method>
  <thread>1</thread>
  <message>Start action : click(findTestObject(&amp;quot;Data UI/BrinsAsmik/Login/btnSignIn&amp;quot;))</message>
  <nestedLevel>1</nestedLevel>
  <escapedJava>false</escapedJava>
  <property name="startLine">52</property>
  <property name="stepIndex">15</property>
</record>
<record>
  <date>2026-09-22T04:38:42.371519200Z</date>
  <millis>1790051922371</millis>
  <nanos>519200</nanos>
  <sequence>157</sequence>
  <level>PASSED</level>
  <class>com.kms.katalon.core.logging.XmlKeywordLogger</class>
  <method>logMessage</method>
  <thread>1</thread>
  <message>Object: &amp;apos;Object Repository/Data UI/BrinsAsmik/Login/btnSignIn&amp;apos; is clicked on</message>
  <nestedLevel>1</nestedLevel>
  <escapedJava>false</escapedJava>
  <property name="testops-method-name">com.kms.katalon.core.webui.keyword.internal.WebUIKeywordMain.runKeywordUntilTimeout</property>
  <property name="testops-execution-stacktrace">com.kms.katalon.core.logging.KeywordLogger.logPassed(KeywordLogger.java:332)
com.kms.katalon.core.logging.KeywordLogger.logPassed(KeywordLogger.java:327)
com.kms.katalon.core.webui.keyword.builtin.ClickKeyword$_click_closure1.doCall(ClickKeyword.groovy:66)
java.base/jdk.internal.reflect.NativeMethodAccessorImpl.invoke0(Native Method)
java.base/jdk.internal.reflect.NativeMethodAccessorImpl.invoke(NativeMethodAccessorImpl.java:77)
java.base/jdk.internal.reflect.DelegatingMethodAccessorImpl.invoke(DelegatingMethodAccessorImpl.java:43)
jdk.proxy2/jdk.proxy2.$Proxy50.execute(Unknown Source)
com.kms.katalon.core.webui.model.SeleniumActionRetryController.performAction(SeleniumActionRetryController.java:96)
com.kms.katalon.core.webui.model.SeleniumActionRetryController.performAction(SeleniumActionRetryController.java:83)
com.kms.katalon.core.webui.keyword.internal.WebUIKeywordMain$_runKeywordUntilTimeout_closure1.doCall(WebUIKeywordMain.groovy:135)
com.kms.katalon.core.webui.keyword.internal.WebUIKeywordMain$_runKeywordUntilTimeout_closure1.call(WebUIKeywordMain.groovy)
com.kms.katalon.core.webui.keyword.internal.WebUIKeywordMain.runKeyword(WebUIKeywordMain.groovy:41)
com.kms.katalon.core.webui.keyword.internal.WebUIKeywordMain.runKeywordUntilTimeout(WebUIKeywordMain.groovy:133)
com.kms.katalon.core.webui.keyword.builtin.ClickKeyword.click(ClickKeyword.groovy:72)
com.kms.katalon.core.webui.keyword.builtin.ClickKeyword.execute(ClickKeyword.groovy:38)
com.kms.katalon.core.keyword.internal.KeywordExecutor.executeKeywordForPlatform(KeywordExecutor.groovy:90)
com.kms.katalon.core.webui.keyword.WebUiBuiltInKeywords.click(WebUiBuiltInKeywords.groovy:721)
Login_Asmik.run(Login_Asmik:52)
</property>
</record>
<record>
  <date>2026-09-22T04:38:42.374549400Z</date>
  <millis>1790051922374</millis>
  <nanos>549400</nanos>
  <sequence>158</sequence>
  <level>END</level>
  <class>com.kms.katalon.core.logging.XmlKeywordLogger</class>
  <method>endKeyword</method>
  <thread>1</thread>
  <message>End action : click(findTestObject(&amp;quot;Data UI/BrinsAsmik/Login/btnSignIn&amp;quot;))</message>
  <nestedLevel>1</nestedLevel>
  <escapedJava>false</escapedJava>
</record>
<record>
  <date>2026-09-22T04:38:42.375050200Z</date>
  <millis>1790051922375</millis>
  <nanos>50200</nanos>
  <sequence>159</sequence>
  <level>START</level>
  <class>com.kms.katalon.core.logging.XmlKeywordLogger</class>
  <method>startKeyword</method>
  <thread>1</thread>
  <message>Start action : delay(3)</message>
  <nestedLevel>1</nestedLevel>
  <escapedJava>false</escapedJava>
  <property name="startLine">54</property>
  <property name="stepIndex">16</property>
</record>
<record>
  <date>2026-09-22T04:38:45.382106800Z</date>
  <millis>1790051925382</millis>
  <nanos>106800</nanos>
  <sequence>162</sequence>
  <level>PASSED</level>
  <class>com.kms.katalon.core.logging.XmlKeywordLogger</class>
  <method>logMessage</method>
  <thread>1</thread>
  <message>Delayed 3 second(s)</message>
  <nestedLevel>1</nestedLevel>
  <escapedJava>false</escapedJava>
  <property name="testops-method-name">com.kms.katalon.core.keyword.builtin.DelayKeyword.delay</property>
  <property name="testops-execution-stacktrace"></property>
</record>
<record>
  <date>2026-09-22T04:38:45.383287900Z</date>
  <millis>1790051925383</millis>
  <nanos>287900</nanos>
  <sequence>163</sequence>
  <level>END</level>
  <class>com.kms.katalon.core.logging.XmlKeywordLogger</class>
  <method>endKeyword</method>
  <thread>1</thread>
  <message>End action : delay(3)</message>
  <nestedLevel>1</nestedLevel>
  <escapedJava>false</escapedJava>
</record>
<record>
  <date>2026-09-22T04:38:45.383287900Z</date>
  <millis>1790051925383</millis>
  <nanos>287900</nanos>
  <sequence>164</sequence>
  <level>PASSED</level>
  <class>com.kms.katalon.core.logging.XmlKeywordLogger</class>
  <method>logMessage</method>
  <thread>1</thread>
  <message>Test Cases/DATA UI/BrinsAsmik/Login/Login_Asmik</message>
  <nestedLevel>1</nestedLevel>
  <escapedJava>false</escapedJava>
</record>
<record>
  <date>2026-09-22T04:38:45.385303700Z</date>
  <millis>1790051925385</millis>
  <nanos>303700</nanos>
  <sequence>165</sequence>
  <level>START</level>
  <class>com.kms.katalon.core.logging.XmlKeywordLogger</class>
  <method>startKeyword</method>
  <thread>1</thread>
  <message>Start listener action : takeScreenshotAfterTestCase</message>
  <nestedLevel>1</nestedLevel>
  <escapedJava>false</escapedJava>
</record>
<record>
  <date>2026-09-22T04:38:45.391278Z</date>
  <millis>1790051925391</millis>
  <nanos>278000</nanos>
  <sequence>167</sequence>
  <level>START</level>
  <class>com.kms.katalon.core.logging.XmlKeywordLogger</class>
  <method>startKeyword</method>
  <thread>1</thread>
  <message>Start action : timestamp = Date().format(&amp;quot;dd.MM.yyyy_(HH.mm.ss)&amp;quot;)</message>
  <nestedLevel>1</nestedLevel>
  <escapedJava>false</escapedJava>
  <property name="startLine">17</property>
  <property name="stepIndex">1</property>
</record>
<record>
  <date>2026-09-22T04:38:45.394312500Z</date>
  <millis>1790051925394</millis>
  <nanos>312500</nanos>
  <sequence>168</sequence>
  <level>END</level>
  <class>com.kms.katalon.core.logging.XmlKeywordLogger</class>
  <method>endKeyword</method>
  <thread>1</thread>
  <message>End action : timestamp = Date().format(&amp;quot;dd.MM.yyyy_(HH.mm.ss)&amp;quot;)</message>
  <nestedLevel>1</nestedLevel>
  <escapedJava>false</escapedJava>
</record>
<record>
  <date>2026-09-22T04:38:45.395311400Z</date>
  <millis>1790051925395</millis>
  <nanos>311400</nanos>
  <sequence>169</sequence>
  <level>START</level>
  <class>com.kms.katalon.core.logging.XmlKeywordLogger</class>
  <method>startKeyword</method>
  <thread>1</thread>
  <message>Start action : projectDir = getProjectDir()</message>
  <nestedLevel>1</nestedLevel>
  <escapedJava>false</escapedJava>
  <property name="startLine">18</property>
  <property name="stepIndex">2</property>
</record>
<record>
  <date>2026-09-22T04:38:45.398407Z</date>
  <millis>1790051925398</millis>
  <nanos>407000</nanos>
  <sequence>170</sequence>
  <level>END</level>
  <class>com.kms.katalon.core.logging.XmlKeywordLogger</class>
  <method>endKeyword</method>
  <thread>1</thread>
  <message>End action : projectDir = getProjectDir()</message>
  <nestedLevel>1</nestedLevel>
  <escapedJava>false</escapedJava>
</record>
<record>
  <date>2026-09-22T04:38:45.398407Z</date>
  <millis>1790051925398</millis>
  <nanos>407000</nanos>
  <sequence>171</sequence>
  <level>START</level>
  <class>com.kms.katalon.core.logging.XmlKeywordLogger</class>
  <method>startKeyword</method>
  <thread>1</thread>
  <message>Start action : testCaseName = getTestCaseId().replace(&amp;quot;/&amp;quot;, &amp;quot;_&amp;quot;)</message>
  <nestedLevel>1</nestedLevel>
  <escapedJava>false</escapedJava>
  <property name="startLine">19</property>
  <property name="stepIndex">3</property>
</record>
<record>
  <date>2026-09-22T04:38:45.423316Z</date>
  <millis>1790051925423</millis>
  <nanos>316000</nanos>
  <sequence>172</sequence>
  <level>END</level>
  <class>com.kms.katalon.core.logging.XmlKeywordLogger</class>
  <method>endKeyword</method>
  <thread>1</thread>
  <message>End action : testCaseName = getTestCaseId().replace(&amp;quot;/&amp;quot;, &amp;quot;_&amp;quot;)</message>
  <nestedLevel>1</nestedLevel>
  <escapedJava>false</escapedJava>
</record>
<record>
  <date>2026-09-22T04:38:45.423316Z</date>
  <millis>1790051925423</millis>
  <nanos>316000</nanos>
  <sequence>173</sequence>
  <level>START</level>
  <class>com.kms.katalon.core.logging.XmlKeywordLogger</class>
  <method>startKeyword</method>
  <thread>1</thread>
  <message>Start action : status = testCaseContext.getTestCaseStatus()</message>
  <nestedLevel>1</nestedLevel>
  <escapedJava>false</escapedJava>
  <property name="startLine">21</property>
  <property name="stepIndex">4</property>
</record>
<record>
  <date>2026-09-22T04:38:45.425038400Z</date>
  <millis>1790051925425</millis>
  <nanos>38400</nanos>
  <sequence>174</sequence>
  <level>END</level>
  <class>com.kms.katalon.core.logging.XmlKeywordLogger</class>
  <method>endKeyword</method>
  <thread>1</thread>
  <message>End action : status = testCaseContext.getTestCaseStatus()</message>
  <nestedLevel>1</nestedLevel>
  <escapedJava>false</escapedJava>
</record>
<record>
  <date>2026-09-22T04:38:45.426114500Z</date>
  <millis>1790051925426</millis>
  <nanos>114500</nanos>
  <sequence>175</sequence>
  <level>START</level>
  <class>com.kms.katalon.core.logging.XmlKeywordLogger</class>
  <method>startKeyword</method>
  <thread>1</thread>
  <message>Start action : fullPath = $projectDir/Screenshots/Evidence_$status_$timestamp.png</message>
  <nestedLevel>1</nestedLevel>
  <escapedJava>false</escapedJava>
  <property name="startLine">25</property>
  <property name="stepIndex">5</property>
</record>
<record>
  <date>2026-09-22T04:38:45.427048700Z</date>
  <millis>1790051925427</millis>
  <nanos>48700</nanos>
  <sequence>176</sequence>
  <level>END</level>
  <class>com.kms.katalon.core.logging.XmlKeywordLogger</class>
  <method>endKeyword</method>
  <thread>1</thread>
  <message>End action : fullPath = $projectDir/Screenshots/Evidence_$status_$timestamp.png</message>
  <nestedLevel>1</nestedLevel>
  <escapedJava>false</escapedJava>
</record>
<record>
  <date>2026-09-22T04:38:45.428086Z</date>
  <millis>1790051925428</millis>
  <nanos>86000</nanos>
  <sequence>177</sequence>
  <level>START</level>
  <class>com.kms.katalon.core.logging.XmlKeywordLogger</class>
  <method>startKeyword</method>
  <thread>1</thread>
  <message>Start action : takeScreenshot(fullPath)</message>
  <nestedLevel>1</nestedLevel>
  <escapedJava>false</escapedJava>
  <property name="startLine">28</property>
  <property name="stepIndex">6</property>
</record>
<record>
  <date>2026-09-22T04:38:46.193227900Z</date>
  <millis>1790051926193</millis>
  <nanos>227900</nanos>
  <sequence>180</sequence>
  <level>PASSED</level>
  <class>com.kms.katalon.core.logging.XmlKeywordLogger</class>
  <method>logMessage</method>
  <thread>1</thread>
  <message>Taking screenshot successfully</message>
  <nestedLevel>1</nestedLevel>
  <escapedJava>false</escapedJava>
  <property name="attachment">C:/Users/TTECH-0251/git/AutoAPI/Screenshots/Evidence_PASSED_22.09.2026_(11.38.45).png</property>
  <property name="testops-method-name">com.kms.katalon.core.webui.keyword.builtin.TakeScreenshotKeyword.takeScreenshot</property>
  <property name="testops-execution-stacktrace"></property>
</record>
<record>
  <date>2026-09-22T04:38:46.194235300Z</date>
  <millis>1790051926194</millis>
  <nanos>235300</nanos>
  <sequence>181</sequence>
  <level>END</level>
  <class>com.kms.katalon.core.logging.XmlKeywordLogger</class>
  <method>endKeyword</method>
  <thread>1</thread>
  <message>End action : takeScreenshot(fullPath)</message>
  <nestedLevel>1</nestedLevel>
  <escapedJava>false</escapedJava>
</record>
<record>
  <date>2026-09-22T04:38:46.195260300Z</date>
  <millis>1790051926195</millis>
  <nanos>260300</nanos>
  <sequence>182</sequence>
  <level>START</level>
  <class>com.kms.katalon.core.logging.XmlKeywordLogger</class>
  <method>startKeyword</method>
  <thread>1</thread>
  <message>Start action : println(&amp;quot;Screenshot disimpan: &amp;quot; + fullPath)</message>
  <nestedLevel>1</nestedLevel>
  <escapedJava>false</escapedJava>
  <property name="startLine">30</property>
  <property name="stepIndex">7</property>
</record>
<record>
  <date>2026-09-22T04:38:46.202884200Z</date>
  <millis>1790051926202</millis>
  <nanos>884200</nanos>
  <sequence>184</sequence>
  <level>END</level>
  <class>com.kms.katalon.core.logging.XmlKeywordLogger</class>
  <method>endKeyword</method>
  <thread>1</thread>
  <message>End action : println(&amp;quot;Screenshot disimpan: &amp;quot; + fullPath)</message>
  <nestedLevel>1</nestedLevel>
  <escapedJava>false</escapedJava>
</record>
<record>
  <date>2026-09-22T04:38:46.202884200Z</date>
  <millis>1790051926202</millis>
  <nanos>884200</nanos>
  <sequence>185</sequence>
  <level>END</level>
  <class>com.kms.katalon.core.logging.XmlKeywordLogger</class>
  <method>endKeyword</method>
  <thread>1</thread>
  <message>End listener action : takeScreenshotAfterTestCase</message>
  <nestedLevel>1</nestedLevel>
  <escapedJava>false</escapedJava>
</record>
<record>
  <date>2026-09-22T04:38:46.204314800Z</date>
  <millis>1790051926204</millis>
  <nanos>314800</nanos>
  <sequence>186</sequence>
  <level>END</level>
  <class>com.kms.katalon.core.logging.XmlKeywordLogger</class>
  <method>endTest</method>
  <thread>1</thread>
  <message>End Test Case : Test Cases/DATA UI/BrinsAsmik/Login/Login_Asmik</message>
  <nestedLevel>0</nestedLevel>
  <escapedJava>false</escapedJava>
  <property name="executionBindingVariables">[]</property>
  <property name="applitools">false</property>
  <property name="remainingRetryCount">3</property>
  <property name="executedKeywords">{
  &quot;WebUI.click&quot;: 3,
  &quot;WebUI.takeScreenshot&quot;: 2,
  &quot;WebUI.verifyElementVisible&quot;: 1,
  &quot;WebUI.refresh&quot;: 1,
  &quot;WebUI.openBrowser&quot;: 1,
  &quot;BuiltIn.delay&quot;: 2,
  &quot;WebUI.setText&quot;: 4
}</property>
  <property name="currentRetryCount">0</property>
  <property name="keywordsUsage">{
  &quot;web_ui&quot;: true,
  &quot;web_service&quot;: false,
  &quot;cucumber&quot;: false,
  &quot;builtin&quot;: true,
  &quot;mobile&quot;: false,
  &quot;windows&quot;: false,
  &quot;testng&quot;: false
}</property>
</record>
<record>
  <date>2026-09-22T04:38:46.213671400Z</date>
  <millis>1790051926213</millis>
  <nanos>671400</nanos>
  <sequence>187</sequence>
  <level>START</level>
  <class>com.kms.katalon.core.logging.XmlKeywordLogger</class>
  <method>startTest</method>
  <thread>1</thread>
  <message>Start Test Case : Test Cases/DATA UI/BrinsAsmik/Menu/Menu_Site_DOB</message>
  <nestedLevel>1</nestedLevel>
  <escapedJava>false</escapedJava>
  <property name="remainingRetryCount">3</property>
  <property name="origin"></property>
  <property name="name">Test Cases/DATA UI/BrinsAsmik/Menu/Menu_Site_DOB</property>
  <property name="description"></property>
  <property name="iteration"></property>
  <property name="id">Test Cases/DATA UI/BrinsAsmik/Menu/Menu_Site_DOB</property>
  <property name="source">C:\Users\TTECH-0251\git\AutoAPI\Test Cases\DATA UI\BrinsAsmik\Menu\Menu_Site_DOB.tc</property>
  <property name="tag"></property>
  <property name="isOptional">false</property>
  <property name="currentRetryCount">0</property>
</record>
<record>
  <date>2026-09-22T04:38:46.377919500Z</date>
  <millis>1790051926377</millis>
  <nanos>919500</nanos>
  <sequence>189</sequence>
  <level>START</level>
  <class>com.kms.katalon.core.logging.XmlKeywordLogger</class>
  <method>startKeyword</method>
  <thread>1</thread>
  <message>Start action : projectDir = getProjectDir()</message>
  <nestedLevel>1</nestedLevel>
  <escapedJava>false</escapedJava>
  <property name="startLine">23</property>
  <property name="stepIndex">1</property>
</record>
<record>
  <date>2026-09-22T04:38:46.380617300Z</date>
  <millis>1790051926380</millis>
  <nanos>617300</nanos>
  <sequence>190</sequence>
  <level>END</level>
  <class>com.kms.katalon.core.logging.XmlKeywordLogger</class>
  <method>endKeyword</method>
  <thread>1</thread>
  <message>End action : projectDir = getProjectDir()</message>
  <nestedLevel>1</nestedLevel>
  <escapedJava>false</escapedJava>
</record>
<record>
  <date>2026-09-22T04:38:46.380617300Z</date>
  <millis>1790051926380</millis>
  <nanos>617300</nanos>
  <sequence>191</sequence>
  <level>START</level>
  <class>com.kms.katalon.core.logging.XmlKeywordLogger</class>
  <method>startKeyword</method>
  <thread>1</thread>
  <message>Start action : timestamp = Date().format(&amp;quot;dd.MM.yyyy_(HH.mm.ss)&amp;quot;)</message>
  <nestedLevel>1</nestedLevel>
  <escapedJava>false</escapedJava>
  <property name="startLine">25</property>
  <property name="stepIndex">2</property>
</record>
<record>
  <date>2026-09-22T04:38:46.382617200Z</date>
  <millis>1790051926382</millis>
  <nanos>617200</nanos>
  <sequence>192</sequence>
  <level>END</level>
  <class>com.kms.katalon.core.logging.XmlKeywordLogger</class>
  <method>endKeyword</method>
  <thread>1</thread>
  <message>End action : timestamp = Date().format(&amp;quot;dd.MM.yyyy_(HH.mm.ss)&amp;quot;)</message>
  <nestedLevel>1</nestedLevel>
  <escapedJava>false</escapedJava>
</record>
<record>
  <date>2026-09-22T04:38:46.383659700Z</date>
  <millis>1790051926383</millis>
  <nanos>659700</nanos>
  <sequence>193</sequence>
  <level>START</level>
  <class>com.kms.katalon.core.logging.XmlKeywordLogger</class>
  <method>startKeyword</method>
  <thread>1</thread>
  <message>Start action : delay(3)</message>
  <nestedLevel>1</nestedLevel>
  <escapedJava>false</escapedJava>
  <property name="startLine">27</property>
  <property name="stepIndex">3</property>
</record>
<record>
  <date>2026-09-22T04:38:49.393323400Z</date>
  <millis>1790051929393</millis>
  <nanos>323400</nanos>
  <sequence>196</sequence>
  <level>PASSED</level>
  <class>com.kms.katalon.core.logging.XmlKeywordLogger</class>
  <method>logMessage</method>
  <thread>1</thread>
  <message>Delayed 3 second(s)</message>
  <nestedLevel>1</nestedLevel>
  <escapedJava>false</escapedJava>
  <property name="testops-method-name">com.kms.katalon.core.keyword.builtin.DelayKeyword.delay</property>
  <property name="testops-execution-stacktrace"></property>
</record>
<record>
  <date>2026-09-22T04:38:49.396503100Z</date>
  <millis>1790051929396</millis>
  <nanos>503100</nanos>
  <sequence>197</sequence>
  <level>END</level>
  <class>com.kms.katalon.core.logging.XmlKeywordLogger</class>
  <method>endKeyword</method>
  <thread>1</thread>
  <message>End action : delay(3)</message>
  <nestedLevel>1</nestedLevel>
  <escapedJava>false</escapedJava>
</record>
<record>
  <date>2026-09-22T04:38:49.396503100Z</date>
  <millis>1790051929396</millis>
  <nanos>503100</nanos>
  <sequence>198</sequence>
  <level>START</level>
  <class>com.kms.katalon.core.logging.XmlKeywordLogger</class>
  <method>startKeyword</method>
  <thread>1</thread>
  <message>Start action : setText(findTestObject(&amp;quot;Data UI/BrinsAsmik/Menu/searchSite&amp;quot;), &amp;quot;DEVELOPMENT AND OPERATIONAL BUSSINES DIVISION (DOB)&amp;quot;)</message>
  <nestedLevel>1</nestedLevel>
  <escapedJava>false</escapedJava>
  <property name="startLine">29</property>
  <property name="stepIndex">4</property>
</record>
<record>
  <date>2026-09-22T04:38:50.537917300Z</date>
  <millis>1790051930537</millis>
  <nanos>917300</nanos>
  <sequence>212</sequence>
  <level>PASSED</level>
  <class>com.kms.katalon.core.logging.XmlKeywordLogger</class>
  <method>logMessage</method>
  <thread>1</thread>
  <message>Text &amp;apos;DEVELOPMENT AND OPERATIONAL BUSSINES DIVISION (DOB)&amp;apos; is set on object &amp;apos;Object Repository/Data UI/BrinsAsmik/Menu/searchSite&amp;apos;</message>
  <nestedLevel>1</nestedLevel>
  <escapedJava>false</escapedJava>
  <property name="testops-method-name">com.kms.katalon.core.webui.keyword.internal.WebUIKeywordMain.runKeywordUntilTimeout</property>
  <property name="testops-execution-stacktrace">com.kms.katalon.core.logging.KeywordLogger.logPassed(KeywordLogger.java:332)
com.kms.katalon.core.logging.KeywordLogger.logPassed(KeywordLogger.java:327)
com.kms.katalon.core.webui.keyword.builtin.SetTextKeyword$_setText_closure1.doCall(SetTextKeyword.groovy:99)
java.base/jdk.internal.reflect.NativeMethodAccessorImpl.invoke0(Native Method)
java.base/jdk.internal.reflect.NativeMethodAccessorImpl.invoke(NativeMethodAccessorImpl.java:77)
java.base/jdk.internal.reflect.DelegatingMethodAccessorImpl.invoke(DelegatingMethodAccessorImpl.java:43)
jdk.proxy2/jdk.proxy2.$Proxy50.execute(Unknown Source)
com.kms.katalon.core.webui.model.SeleniumActionRetryController.performAction(SeleniumActionRetryController.java:96)
com.kms.katalon.core.webui.model.SeleniumActionRetryController.performAction(SeleniumActionRetryController.java:83)
com.kms.katalon.core.webui.keyword.internal.WebUIKeywordMain$_runKeywordUntilTimeout_closure1.doCall(WebUIKeywordMain.groovy:135)
com.kms.katalon.core.webui.keyword.internal.WebUIKeywordMain$_runKeywordUntilTimeout_closure1.call(WebUIKeywordMain.groovy)
com.kms.katalon.core.webui.keyword.internal.WebUIKeywordMain.runKeyword(WebUIKeywordMain.groovy:41)
com.kms.katalon.core.webui.keyword.internal.WebUIKeywordMain.runKeywordUntilTimeout(WebUIKeywordMain.groovy:133)
com.kms.katalon.core.webui.keyword.builtin.SetTextKeyword.setText(SetTextKeyword.groovy:106)
com.kms.katalon.core.webui.keyword.builtin.SetTextKeyword.execute(SetTextKeyword.groovy:49)
com.kms.katalon.core.keyword.internal.KeywordExecutor.executeKeywordForPlatform(KeywordExecutor.groovy:90)
com.kms.katalon.core.webui.keyword.WebUiBuiltInKeywords.setText(WebUiBuiltInKeywords.groovy:1081)
Menu_Site_DOB.run(Menu_Site_DOB:29)
</property>
</record>
<record>
  <date>2026-09-22T04:38:50.540906600Z</date>
  <millis>1790051930540</millis>
  <nanos>906600</nanos>
  <sequence>213</sequence>
  <level>END</level>
  <class>com.kms.katalon.core.logging.XmlKeywordLogger</class>
  <method>endKeyword</method>
  <thread>1</thread>
  <message>End action : setText(findTestObject(&amp;quot;Data UI/BrinsAsmik/Menu/searchSite&amp;quot;), &amp;quot;DEVELOPMENT AND OPERATIONAL BUSSINES DIVISION (DOB)&amp;quot;)</message>
  <nestedLevel>1</nestedLevel>
  <escapedJava>false</escapedJava>
</record>
<record>
  <date>2026-09-22T04:38:50.541908500Z</date>
  <millis>1790051930541</millis>
  <nanos>908500</nanos>
  <sequence>214</sequence>
  <level>START</level>
  <class>com.kms.katalon.core.logging.XmlKeywordLogger</class>
  <method>startKeyword</method>
  <thread>1</thread>
  <message>Start action : click(findTestObject(&amp;quot;Data UI/BrinsAsmik/Menu/pilihDOB&amp;quot;))</message>
  <nestedLevel>1</nestedLevel>
  <escapedJava>false</escapedJava>
  <property name="startLine">31</property>
  <property name="stepIndex">5</property>
</record>
<record>
  <date>2026-09-22T04:38:51.145458Z</date>
  <millis>1790051931145</millis>
  <nanos>458000</nanos>
  <sequence>225</sequence>
  <level>PASSED</level>
  <class>com.kms.katalon.core.logging.XmlKeywordLogger</class>
  <method>logMessage</method>
  <thread>1</thread>
  <message>Object: &amp;apos;Object Repository/Data UI/BrinsAsmik/Menu/pilihDOB&amp;apos; is clicked on</message>
  <nestedLevel>1</nestedLevel>
  <escapedJava>false</escapedJava>
  <property name="testops-method-name">com.kms.katalon.core.webui.keyword.internal.WebUIKeywordMain.runKeywordUntilTimeout</property>
  <property name="testops-execution-stacktrace">com.kms.katalon.core.logging.KeywordLogger.logPassed(KeywordLogger.java:332)
com.kms.katalon.core.logging.KeywordLogger.logPassed(KeywordLogger.java:327)
com.kms.katalon.core.webui.keyword.builtin.ClickKeyword$_click_closure1.doCall(ClickKeyword.groovy:66)
java.base/jdk.internal.reflect.NativeMethodAccessorImpl.invoke0(Native Method)
java.base/jdk.internal.reflect.NativeMethodAccessorImpl.invoke(NativeMethodAccessorImpl.java:77)
java.base/jdk.internal.reflect.DelegatingMethodAccessorImpl.invoke(DelegatingMethodAccessorImpl.java:43)
jdk.proxy2/jdk.proxy2.$Proxy50.execute(Unknown Source)
com.kms.katalon.core.webui.model.SeleniumActionRetryController.performAction(SeleniumActionRetryController.java:96)
com.kms.katalon.core.webui.model.SeleniumActionRetryController.performAction(SeleniumActionRetryController.java:83)
com.kms.katalon.core.webui.keyword.internal.WebUIKeywordMain$_runKeywordUntilTimeout_closure1.doCall(WebUIKeywordMain.groovy:135)
com.kms.katalon.core.webui.keyword.internal.WebUIKeywordMain$_runKeywordUntilTimeout_closure1.call(WebUIKeywordMain.groovy)
com.kms.katalon.core.webui.keyword.internal.WebUIKeywordMain.runKeyword(WebUIKeywordMain.groovy:41)
com.kms.katalon.core.webui.keyword.internal.WebUIKeywordMain.runKeywordUntilTimeout(WebUIKeywordMain.groovy:133)
com.kms.katalon.core.webui.keyword.builtin.ClickKeyword.click(ClickKeyword.groovy:72)
com.kms.katalon.core.webui.keyword.builtin.ClickKeyword.execute(ClickKeyword.groovy:38)
com.kms.katalon.core.keyword.internal.KeywordExecutor.executeKeywordForPlatform(KeywordExecutor.groovy:90)
com.kms.katalon.core.webui.keyword.WebUiBuiltInKeywords.click(WebUiBuiltInKeywords.groovy:721)
Menu_Site_DOB.run(Menu_Site_DOB:31)
</property>
</record>
<record>
  <date>2026-09-22T04:38:51.146457900Z</date>
  <millis>1790051931146</millis>
  <nanos>457900</nanos>
  <sequence>226</sequence>
  <level>END</level>
  <class>com.kms.katalon.core.logging.XmlKeywordLogger</class>
  <method>endKeyword</method>
  <thread>1</thread>
  <message>End action : click(findTestObject(&amp;quot;Data UI/BrinsAsmik/Menu/pilihDOB&amp;quot;))</message>
  <nestedLevel>1</nestedLevel>
  <escapedJava>false</escapedJava>
</record>
<record>
  <date>2026-09-22T04:38:51.147458800Z</date>
  <millis>1790051931147</millis>
  <nanos>458800</nanos>
  <sequence>227</sequence>
  <level>START</level>
  <class>com.kms.katalon.core.logging.XmlKeywordLogger</class>
  <method>startKeyword</method>
  <thread>1</thread>
  <message>Start action : delay(2)</message>
  <nestedLevel>1</nestedLevel>
  <escapedJava>false</escapedJava>
  <property name="startLine">33</property>
  <property name="stepIndex">6</property>
</record>
<record>
  <date>2026-09-22T04:38:53.163845700Z</date>
  <millis>1790051933163</millis>
  <nanos>845700</nanos>
  <sequence>230</sequence>
  <level>PASSED</level>
  <class>com.kms.katalon.core.logging.XmlKeywordLogger</class>
  <method>logMessage</method>
  <thread>1</thread>
  <message>Delayed 2 second(s)</message>
  <nestedLevel>1</nestedLevel>
  <escapedJava>false</escapedJava>
  <property name="testops-method-name">com.kms.katalon.core.keyword.builtin.DelayKeyword.delay</property>
  <property name="testops-execution-stacktrace"></property>
</record>
<record>
  <date>2026-09-22T04:38:53.165609500Z</date>
  <millis>1790051933165</millis>
  <nanos>609500</nanos>
  <sequence>231</sequence>
  <level>END</level>
  <class>com.kms.katalon.core.logging.XmlKeywordLogger</class>
  <method>endKeyword</method>
  <thread>1</thread>
  <message>End action : delay(2)</message>
  <nestedLevel>1</nestedLevel>
  <escapedJava>false</escapedJava>
</record>
<record>
  <date>2026-09-22T04:38:53.165609500Z</date>
  <millis>1790051933165</millis>
  <nanos>609500</nanos>
  <sequence>232</sequence>
  <level>START</level>
  <class>com.kms.katalon.core.logging.XmlKeywordLogger</class>
  <method>startKeyword</method>
  <thread>1</thread>
  <message>Start action : screenshotPathDOB = $projectDir/Screenshots/Evidence_POSITIVE_Menu Site DOB_$timestamp.png</message>
  <nestedLevel>1</nestedLevel>
  <escapedJava>false</escapedJava>
  <property name="startLine">35</property>
  <property name="stepIndex">7</property>
</record>
<record>
  <date>2026-09-22T04:38:53.169246700Z</date>
  <millis>1790051933169</millis>
  <nanos>246700</nanos>
  <sequence>233</sequence>
  <level>END</level>
  <class>com.kms.katalon.core.logging.XmlKeywordLogger</class>
  <method>endKeyword</method>
  <thread>1</thread>
  <message>End action : screenshotPathDOB = $projectDir/Screenshots/Evidence_POSITIVE_Menu Site DOB_$timestamp.png</message>
  <nestedLevel>1</nestedLevel>
  <escapedJava>false</escapedJava>
</record>
<record>
  <date>2026-09-22T04:38:53.169746500Z</date>
  <millis>1790051933169</millis>
  <nanos>746500</nanos>
  <sequence>234</sequence>
  <level>START</level>
  <class>com.kms.katalon.core.logging.XmlKeywordLogger</class>
  <method>startKeyword</method>
  <thread>1</thread>
  <message>Start action : takeScreenshot(screenshotPathDOB)</message>
  <nestedLevel>1</nestedLevel>
  <escapedJava>false</escapedJava>
  <property name="startLine">37</property>
  <property name="stepIndex">8</property>
</record>
<record>
  <date>2026-09-22T04:38:53.548626600Z</date>
  <millis>1790051933548</millis>
  <nanos>626600</nanos>
  <sequence>237</sequence>
  <level>PASSED</level>
  <class>com.kms.katalon.core.logging.XmlKeywordLogger</class>
  <method>logMessage</method>
  <thread>1</thread>
  <message>Taking screenshot successfully</message>
  <nestedLevel>1</nestedLevel>
  <escapedJava>false</escapedJava>
  <property name="attachment">C:/Users/TTECH-0251/git/AutoAPI/Screenshots/Evidence_POSITIVE_Menu Site DOB_22.09.2026_(11.38.46).png</property>
  <property name="testops-method-name">com.kms.katalon.core.webui.keyword.builtin.TakeScreenshotKeyword.takeScreenshot</property>
  <property name="testops-execution-stacktrace"></property>
</record>
<record>
  <date>2026-09-22T04:38:53.550666500Z</date>
  <millis>1790051933550</millis>
  <nanos>666500</nanos>
  <sequence>238</sequence>
  <level>END</level>
  <class>com.kms.katalon.core.logging.XmlKeywordLogger</class>
  <method>endKeyword</method>
  <thread>1</thread>
  <message>End action : takeScreenshot(screenshotPathDOB)</message>
  <nestedLevel>1</nestedLevel>
  <escapedJava>false</escapedJava>
</record>
<record>
  <date>2026-09-22T04:38:53.550666500Z</date>
  <millis>1790051933550</millis>
  <nanos>666500</nanos>
  <sequence>239</sequence>
  <level>START</level>
  <class>com.kms.katalon.core.logging.XmlKeywordLogger</class>
  <method>startKeyword</method>
  <thread>1</thread>
  <message>Start action : delay(2)</message>
  <nestedLevel>1</nestedLevel>
  <escapedJava>false</escapedJava>
  <property name="startLine">39</property>
  <property name="stepIndex">9</property>
</record>
<record>
  <date>2026-09-22T04:38:55.564098200Z</date>
  <millis>1790051935564</millis>
  <nanos>98200</nanos>
  <sequence>242</sequence>
  <level>PASSED</level>
  <class>com.kms.katalon.core.logging.XmlKeywordLogger</class>
  <method>logMessage</method>
  <thread>1</thread>
  <message>Delayed 2 second(s)</message>
  <nestedLevel>1</nestedLevel>
  <escapedJava>false</escapedJava>
  <property name="testops-method-name">com.kms.katalon.core.keyword.builtin.DelayKeyword.delay</property>
  <property name="testops-execution-stacktrace"></property>
</record>
<record>
  <date>2026-09-22T04:38:55.566173500Z</date>
  <millis>1790051935566</millis>
  <nanos>173500</nanos>
  <sequence>243</sequence>
  <level>END</level>
  <class>com.kms.katalon.core.logging.XmlKeywordLogger</class>
  <method>endKeyword</method>
  <thread>1</thread>
  <message>End action : delay(2)</message>
  <nestedLevel>1</nestedLevel>
  <escapedJava>false</escapedJava>
</record>
<record>
  <date>2026-09-22T04:38:55.567169200Z</date>
  <millis>1790051935567</millis>
  <nanos>169200</nanos>
  <sequence>244</sequence>
  <level>START</level>
  <class>com.kms.katalon.core.logging.XmlKeywordLogger</class>
  <method>startKeyword</method>
  <thread>1</thread>
  <message>Start action : click(findTestObject(&amp;quot;Data UI/BrinsAsmik/Menu/dataDevelopment&amp;quot;))</message>
  <nestedLevel>1</nestedLevel>
  <escapedJava>false</escapedJava>
  <property name="startLine">41</property>
  <property name="stepIndex">10</property>
</record>
<record>
  <date>2026-09-22T04:38:56.102134900Z</date>
  <millis>1790051936102</millis>
  <nanos>134900</nanos>
  <sequence>255</sequence>
  <level>PASSED</level>
  <class>com.kms.katalon.core.logging.XmlKeywordLogger</class>
  <method>logMessage</method>
  <thread>1</thread>
  <message>Object: &amp;apos;Object Repository/Data UI/BrinsAsmik/Menu/dataDevelopment&amp;apos; is clicked on</message>
  <nestedLevel>1</nestedLevel>
  <escapedJava>false</escapedJava>
  <property name="testops-method-name">com.kms.katalon.core.webui.keyword.internal.WebUIKeywordMain.runKeywordUntilTimeout</property>
  <property name="testops-execution-stacktrace">com.kms.katalon.core.logging.KeywordLogger.logPassed(KeywordLogger.java:332)
com.kms.katalon.core.logging.KeywordLogger.logPassed(KeywordLogger.java:327)
com.kms.katalon.core.webui.keyword.builtin.ClickKeyword$_click_closure1.doCall(ClickKeyword.groovy:66)
java.base/jdk.internal.reflect.NativeMethodAccessorImpl.invoke0(Native Method)
java.base/jdk.internal.reflect.NativeMethodAccessorImpl.invoke(NativeMethodAccessorImpl.java:77)
java.base/jdk.internal.reflect.DelegatingMethodAccessorImpl.invoke(DelegatingMethodAccessorImpl.java:43)
jdk.proxy2/jdk.proxy2.$Proxy50.execute(Unknown Source)
com.kms.katalon.core.webui.model.SeleniumActionRetryController.performAction(SeleniumActionRetryController.java:96)
com.kms.katalon.core.webui.model.SeleniumActionRetryController.performAction(SeleniumActionRetryController.java:83)
com.kms.katalon.core.webui.keyword.internal.WebUIKeywordMain$_runKeywordUntilTimeout_closure1.doCall(WebUIKeywordMain.groovy:135)
com.kms.katalon.core.webui.keyword.internal.WebUIKeywordMain$_runKeywordUntilTimeout_closure1.call(WebUIKeywordMain.groovy)
com.kms.katalon.core.webui.keyword.internal.WebUIKeywordMain.runKeyword(WebUIKeywordMain.groovy:41)
com.kms.katalon.core.webui.keyword.internal.WebUIKeywordMain.runKeywordUntilTimeout(WebUIKeywordMain.groovy:133)
com.kms.katalon.core.webui.keyword.builtin.ClickKeyword.click(ClickKeyword.groovy:72)
com.kms.katalon.core.webui.keyword.builtin.ClickKeyword.execute(ClickKeyword.groovy:38)
com.kms.katalon.core.keyword.internal.KeywordExecutor.executeKeywordForPlatform(KeywordExecutor.groovy:90)
com.kms.katalon.core.webui.keyword.WebUiBuiltInKeywords.click(WebUiBuiltInKeywords.groovy:721)
Menu_Site_DOB.run(Menu_Site_DOB:41)
</property>
</record>
<record>
  <date>2026-09-22T04:38:56.103083300Z</date>
  <millis>1790051936103</millis>
  <nanos>83300</nanos>
  <sequence>256</sequence>
  <level>END</level>
  <class>com.kms.katalon.core.logging.XmlKeywordLogger</class>
  <method>endKeyword</method>
  <thread>1</thread>
  <message>End action : click(findTestObject(&amp;quot;Data UI/BrinsAsmik/Menu/dataDevelopment&amp;quot;))</message>
  <nestedLevel>1</nestedLevel>
  <escapedJava>false</escapedJava>
</record>
<record>
  <date>2026-09-22T04:38:56.103083300Z</date>
  <millis>1790051936103</millis>
  <nanos>83300</nanos>
  <sequence>257</sequence>
  <level>START</level>
  <class>com.kms.katalon.core.logging.XmlKeywordLogger</class>
  <method>startKeyword</method>
  <thread>1</thread>
  <message>Start action : screenshotPathDevelopment = $projectDir/Screenshots/Evidence_POSITIVE_Data Development_$timestamp.png</message>
  <nestedLevel>1</nestedLevel>
  <escapedJava>false</escapedJava>
  <property name="startLine">43</property>
  <property name="stepIndex">11</property>
</record>
<record>
  <date>2026-09-22T04:38:56.105116Z</date>
  <millis>1790051936105</millis>
  <nanos>116000</nanos>
  <sequence>258</sequence>
  <level>END</level>
  <class>com.kms.katalon.core.logging.XmlKeywordLogger</class>
  <method>endKeyword</method>
  <thread>1</thread>
  <message>End action : screenshotPathDevelopment = $projectDir/Screenshots/Evidence_POSITIVE_Data Development_$timestamp.png</message>
  <nestedLevel>1</nestedLevel>
  <escapedJava>false</escapedJava>
</record>
<record>
  <date>2026-09-22T04:38:56.105116Z</date>
  <millis>1790051936105</millis>
  <nanos>116000</nanos>
  <sequence>259</sequence>
  <level>START</level>
  <class>com.kms.katalon.core.logging.XmlKeywordLogger</class>
  <method>startKeyword</method>
  <thread>1</thread>
  <message>Start action : takeScreenshot(screenshotPathDevelopment)</message>
  <nestedLevel>1</nestedLevel>
  <escapedJava>false</escapedJava>
  <property name="startLine">45</property>
  <property name="stepIndex">12</property>
</record>
<record>
  <date>2026-09-22T04:38:57.168088300Z</date>
  <millis>1790051937168</millis>
  <nanos>88300</nanos>
  <sequence>262</sequence>
  <level>PASSED</level>
  <class>com.kms.katalon.core.logging.XmlKeywordLogger</class>
  <method>logMessage</method>
  <thread>1</thread>
  <message>Taking screenshot successfully</message>
  <nestedLevel>1</nestedLevel>
  <escapedJava>false</escapedJava>
  <property name="attachment">C:/Users/TTECH-0251/git/AutoAPI/Screenshots/Evidence_POSITIVE_Data Development_22.09.2026_(11.38.46).png</property>
  <property name="testops-method-name">com.kms.katalon.core.webui.keyword.builtin.TakeScreenshotKeyword.takeScreenshot</property>
  <property name="testops-execution-stacktrace"></property>
</record>
<record>
  <date>2026-09-22T04:38:57.169594400Z</date>
  <millis>1790051937169</millis>
  <nanos>594400</nanos>
  <sequence>263</sequence>
  <level>END</level>
  <class>com.kms.katalon.core.logging.XmlKeywordLogger</class>
  <method>endKeyword</method>
  <thread>1</thread>
  <message>End action : takeScreenshot(screenshotPathDevelopment)</message>
  <nestedLevel>1</nestedLevel>
  <escapedJava>false</escapedJava>
</record>
<record>
  <date>2026-09-22T04:38:57.169594400Z</date>
  <millis>1790051937169</millis>
  <nanos>594400</nanos>
  <sequence>264</sequence>
  <level>START</level>
  <class>com.kms.katalon.core.logging.XmlKeywordLogger</class>
  <method>startKeyword</method>
  <thread>1</thread>
  <message>Start action : delay(2)</message>
  <nestedLevel>1</nestedLevel>
  <escapedJava>false</escapedJava>
  <property name="startLine">47</property>
  <property name="stepIndex">13</property>
</record>
<record>
  <date>2026-09-22T04:38:59.185225100Z</date>
  <millis>1790051939185</millis>
  <nanos>225100</nanos>
  <sequence>267</sequence>
  <level>PASSED</level>
  <class>com.kms.katalon.core.logging.XmlKeywordLogger</class>
  <method>logMessage</method>
  <thread>1</thread>
  <message>Delayed 2 second(s)</message>
  <nestedLevel>1</nestedLevel>
  <escapedJava>false</escapedJava>
  <property name="testops-method-name">com.kms.katalon.core.keyword.builtin.DelayKeyword.delay</property>
  <property name="testops-execution-stacktrace"></property>
</record>
<record>
  <date>2026-09-22T04:38:59.187214700Z</date>
  <millis>1790051939187</millis>
  <nanos>214700</nanos>
  <sequence>268</sequence>
  <level>END</level>
  <class>com.kms.katalon.core.logging.XmlKeywordLogger</class>
  <method>endKeyword</method>
  <thread>1</thread>
  <message>End action : delay(2)</message>
  <nestedLevel>1</nestedLevel>
  <escapedJava>false</escapedJava>
</record>
<record>
  <date>2026-09-22T04:38:59.187716800Z</date>
  <millis>1790051939187</millis>
  <nanos>716800</nanos>
  <sequence>269</sequence>
  <level>START</level>
  <class>com.kms.katalon.core.logging.XmlKeywordLogger</class>
  <method>startKeyword</method>
  <thread>1</thread>
  <message>Start action : click(findTestObject(&amp;quot;Data UI/BrinsAsmik/Menu/dataPerformance&amp;quot;))</message>
  <nestedLevel>1</nestedLevel>
  <escapedJava>false</escapedJava>
  <property name="startLine">49</property>
  <property name="stepIndex">14</property>
</record>
<record>
  <date>2026-09-22T04:38:59.808679Z</date>
  <millis>1790051939808</millis>
  <nanos>679000</nanos>
  <sequence>280</sequence>
  <level>PASSED</level>
  <class>com.kms.katalon.core.logging.XmlKeywordLogger</class>
  <method>logMessage</method>
  <thread>1</thread>
  <message>Object: &amp;apos;Object Repository/Data UI/BrinsAsmik/Menu/dataPerformance&amp;apos; is clicked on</message>
  <nestedLevel>1</nestedLevel>
  <escapedJava>false</escapedJava>
  <property name="testops-method-name">com.kms.katalon.core.webui.keyword.internal.WebUIKeywordMain.runKeywordUntilTimeout</property>
  <property name="testops-execution-stacktrace">com.kms.katalon.core.logging.KeywordLogger.logPassed(KeywordLogger.java:332)
com.kms.katalon.core.logging.KeywordLogger.logPassed(KeywordLogger.java:327)
com.kms.katalon.core.webui.keyword.builtin.ClickKeyword$_click_closure1.doCall(ClickKeyword.groovy:66)
java.base/jdk.internal.reflect.NativeMethodAccessorImpl.invoke0(Native Method)
java.base/jdk.internal.reflect.NativeMethodAccessorImpl.invoke(NativeMethodAccessorImpl.java:77)
java.base/jdk.internal.reflect.DelegatingMethodAccessorImpl.invoke(DelegatingMethodAccessorImpl.java:43)
jdk.proxy2/jdk.proxy2.$Proxy50.execute(Unknown Source)
com.kms.katalon.core.webui.model.SeleniumActionRetryController.performAction(SeleniumActionRetryController.java:96)
com.kms.katalon.core.webui.model.SeleniumActionRetryController.performAction(SeleniumActionRetryController.java:83)
com.kms.katalon.core.webui.keyword.internal.WebUIKeywordMain$_runKeywordUntilTimeout_closure1.doCall(WebUIKeywordMain.groovy:135)
com.kms.katalon.core.webui.keyword.internal.WebUIKeywordMain$_runKeywordUntilTimeout_closure1.call(WebUIKeywordMain.groovy)
com.kms.katalon.core.webui.keyword.internal.WebUIKeywordMain.runKeyword(WebUIKeywordMain.groovy:41)
com.kms.katalon.core.webui.keyword.internal.WebUIKeywordMain.runKeywordUntilTimeout(WebUIKeywordMain.groovy:133)
com.kms.katalon.core.webui.keyword.builtin.ClickKeyword.click(ClickKeyword.groovy:72)
com.kms.katalon.core.webui.keyword.builtin.ClickKeyword.execute(ClickKeyword.groovy:38)
com.kms.katalon.core.keyword.internal.KeywordExecutor.executeKeywordForPlatform(KeywordExecutor.groovy:90)
com.kms.katalon.core.webui.keyword.WebUiBuiltInKeywords.click(WebUiBuiltInKeywords.groovy:721)
Menu_Site_DOB.run(Menu_Site_DOB:49)
</property>
</record>
<record>
  <date>2026-09-22T04:38:59.810692200Z</date>
  <millis>1790051939810</millis>
  <nanos>692200</nanos>
  <sequence>281</sequence>
  <level>END</level>
  <class>com.kms.katalon.core.logging.XmlKeywordLogger</class>
  <method>endKeyword</method>
  <thread>1</thread>
  <message>End action : click(findTestObject(&amp;quot;Data UI/BrinsAsmik/Menu/dataPerformance&amp;quot;))</message>
  <nestedLevel>1</nestedLevel>
  <escapedJava>false</escapedJava>
</record>
<record>
  <date>2026-09-22T04:38:59.811679400Z</date>
  <millis>1790051939811</millis>
  <nanos>679400</nanos>
  <sequence>282</sequence>
  <level>START</level>
  <class>com.kms.katalon.core.logging.XmlKeywordLogger</class>
  <method>startKeyword</method>
  <thread>1</thread>
  <message>Start action : screenshotPathPerformance = $projectDir/Screenshots/Evidence_POSITIVE_Data Performance_$timestamp.png</message>
  <nestedLevel>1</nestedLevel>
  <escapedJava>false</escapedJava>
  <property name="startLine">51</property>
  <property name="stepIndex">15</property>
</record>
<record>
  <date>2026-09-22T04:38:59.812679400Z</date>
  <millis>1790051939812</millis>
  <nanos>679400</nanos>
  <sequence>283</sequence>
  <level>END</level>
  <class>com.kms.katalon.core.logging.XmlKeywordLogger</class>
  <method>endKeyword</method>
  <thread>1</thread>
  <message>End action : screenshotPathPerformance = $projectDir/Screenshots/Evidence_POSITIVE_Data Performance_$timestamp.png</message>
  <nestedLevel>1</nestedLevel>
  <escapedJava>false</escapedJava>
</record>
<record>
  <date>2026-09-22T04:38:59.812679400Z</date>
  <millis>1790051939812</millis>
  <nanos>679400</nanos>
  <sequence>284</sequence>
  <level>START</level>
  <class>com.kms.katalon.core.logging.XmlKeywordLogger</class>
  <method>startKeyword</method>
  <thread>1</thread>
  <message>Start action : takeScreenshot(screenshotPathPerformance)</message>
  <nestedLevel>1</nestedLevel>
  <escapedJava>false</escapedJava>
  <property name="startLine">53</property>
  <property name="stepIndex">16</property>
</record>
<record>
  <date>2026-09-22T04:39:01.125878100Z</date>
  <millis>1790051941125</millis>
  <nanos>878100</nanos>
  <sequence>287</sequence>
  <level>PASSED</level>
  <class>com.kms.katalon.core.logging.XmlKeywordLogger</class>
  <method>logMessage</method>
  <thread>1</thread>
  <message>Taking screenshot successfully</message>
  <nestedLevel>1</nestedLevel>
  <escapedJava>false</escapedJava>
  <property name="attachment">C:/Users/TTECH-0251/git/AutoAPI/Screenshots/Evidence_POSITIVE_Data Performance_22.09.2026_(11.38.46).png</property>
  <property name="testops-method-name">com.kms.katalon.core.webui.keyword.builtin.TakeScreenshotKeyword.takeScreenshot</property>
  <property name="testops-execution-stacktrace"></property>
</record>
<record>
  <date>2026-09-22T04:39:01.127050500Z</date>
  <millis>1790051941127</millis>
  <nanos>50500</nanos>
  <sequence>288</sequence>
  <level>END</level>
  <class>com.kms.katalon.core.logging.XmlKeywordLogger</class>
  <method>endKeyword</method>
  <thread>1</thread>
  <message>End action : takeScreenshot(screenshotPathPerformance)</message>
  <nestedLevel>1</nestedLevel>
  <escapedJava>false</escapedJava>
</record>
<record>
  <date>2026-09-22T04:39:01.127050500Z</date>
  <millis>1790051941127</millis>
  <nanos>50500</nanos>
  <sequence>289</sequence>
  <level>START</level>
  <class>com.kms.katalon.core.logging.XmlKeywordLogger</class>
  <method>startKeyword</method>
  <thread>1</thread>
  <message>Start action : delay(2)</message>
  <nestedLevel>1</nestedLevel>
  <escapedJava>false</escapedJava>
  <property name="startLine">55</property>
  <property name="stepIndex">17</property>
</record>
<record>
  <date>2026-09-22T04:39:03.130246Z</date>
  <millis>1790051943130</millis>
  <nanos>246000</nanos>
  <sequence>292</sequence>
  <level>PASSED</level>
  <class>com.kms.katalon.core.logging.XmlKeywordLogger</class>
  <method>logMessage</method>
  <thread>1</thread>
  <message>Delayed 2 second(s)</message>
  <nestedLevel>1</nestedLevel>
  <escapedJava>false</escapedJava>
  <property name="testops-method-name">com.kms.katalon.core.keyword.builtin.DelayKeyword.delay</property>
  <property name="testops-execution-stacktrace"></property>
</record>
<record>
  <date>2026-09-22T04:39:03.131247400Z</date>
  <millis>1790051943131</millis>
  <nanos>247400</nanos>
  <sequence>293</sequence>
  <level>END</level>
  <class>com.kms.katalon.core.logging.XmlKeywordLogger</class>
  <method>endKeyword</method>
  <thread>1</thread>
  <message>End action : delay(2)</message>
  <nestedLevel>1</nestedLevel>
  <escapedJava>false</escapedJava>
</record>
<record>
  <date>2026-09-22T04:39:03.132258900Z</date>
  <millis>1790051943132</millis>
  <nanos>258900</nanos>
  <sequence>294</sequence>
  <level>START</level>
  <class>com.kms.katalon.core.logging.XmlKeywordLogger</class>
  <method>startKeyword</method>
  <thread>1</thread>
  <message>Start action : click(findTestObject(&amp;quot;Data UI/BrinsAsmik/Menu/dataAsmik&amp;quot;))</message>
  <nestedLevel>1</nestedLevel>
  <escapedJava>false</escapedJava>
  <property name="startLine">57</property>
  <property name="stepIndex">18</property>
</record>
<record>
  <date>2026-09-22T04:39:03.558860600Z</date>
  <millis>1790051943558</millis>
  <nanos>860600</nanos>
  <sequence>305</sequence>
  <level>PASSED</level>
  <class>com.kms.katalon.core.logging.XmlKeywordLogger</class>
  <method>logMessage</method>
  <thread>1</thread>
  <message>Object: &amp;apos;Object Repository/Data UI/BrinsAsmik/Menu/dataAsmik&amp;apos; is clicked on</message>
  <nestedLevel>1</nestedLevel>
  <escapedJava>false</escapedJava>
  <property name="testops-method-name">com.kms.katalon.core.webui.keyword.internal.WebUIKeywordMain.runKeywordUntilTimeout</property>
  <property name="testops-execution-stacktrace">com.kms.katalon.core.logging.KeywordLogger.logPassed(KeywordLogger.java:332)
com.kms.katalon.core.logging.KeywordLogger.logPassed(KeywordLogger.java:327)
com.kms.katalon.core.webui.keyword.builtin.ClickKeyword$_click_closure1.doCall(ClickKeyword.groovy:66)
java.base/jdk.internal.reflect.NativeMethodAccessorImpl.invoke0(Native Method)
java.base/jdk.internal.reflect.NativeMethodAccessorImpl.invoke(NativeMethodAccessorImpl.java:77)
java.base/jdk.internal.reflect.DelegatingMethodAccessorImpl.invoke(DelegatingMethodAccessorImpl.java:43)
jdk.proxy2/jdk.proxy2.$Proxy50.execute(Unknown Source)
com.kms.katalon.core.webui.model.SeleniumActionRetryController.performAction(SeleniumActionRetryController.java:96)
com.kms.katalon.core.webui.model.SeleniumActionRetryController.performAction(SeleniumActionRetryController.java:83)
com.kms.katalon.core.webui.keyword.internal.WebUIKeywordMain$_runKeywordUntilTimeout_closure1.doCall(WebUIKeywordMain.groovy:135)
com.kms.katalon.core.webui.keyword.internal.WebUIKeywordMain$_runKeywordUntilTimeout_closure1.call(WebUIKeywordMain.groovy)
com.kms.katalon.core.webui.keyword.internal.WebUIKeywordMain.runKeyword(WebUIKeywordMain.groovy:41)
com.kms.katalon.core.webui.keyword.internal.WebUIKeywordMain.runKeywordUntilTimeout(WebUIKeywordMain.groovy:133)
com.kms.katalon.core.webui.keyword.builtin.ClickKeyword.click(ClickKeyword.groovy:72)
com.kms.katalon.core.webui.keyword.builtin.ClickKeyword.execute(ClickKeyword.groovy:38)
com.kms.katalon.core.keyword.internal.KeywordExecutor.executeKeywordForPlatform(KeywordExecutor.groovy:90)
com.kms.katalon.core.webui.keyword.WebUiBuiltInKeywords.click(WebUiBuiltInKeywords.groovy:721)
Menu_Site_DOB.run(Menu_Site_DOB:57)
</property>
</record>
<record>
  <date>2026-09-22T04:39:03.561397400Z</date>
  <millis>1790051943561</millis>
  <nanos>397400</nanos>
  <sequence>306</sequence>
  <level>END</level>
  <class>com.kms.katalon.core.logging.XmlKeywordLogger</class>
  <method>endKeyword</method>
  <thread>1</thread>
  <message>End action : click(findTestObject(&amp;quot;Data UI/BrinsAsmik/Menu/dataAsmik&amp;quot;))</message>
  <nestedLevel>1</nestedLevel>
  <escapedJava>false</escapedJava>
</record>
<record>
  <date>2026-09-22T04:39:03.562394400Z</date>
  <millis>1790051943562</millis>
  <nanos>394400</nanos>
  <sequence>307</sequence>
  <level>START</level>
  <class>com.kms.katalon.core.logging.XmlKeywordLogger</class>
  <method>startKeyword</method>
  <thread>1</thread>
  <message>Start action : screenshotPathAsmik = $projectDir/Screenshots/Evidence_POSITIVE_Data ASMIK_$timestamp.png</message>
  <nestedLevel>1</nestedLevel>
  <escapedJava>false</escapedJava>
  <property name="startLine">59</property>
  <property name="stepIndex">19</property>
</record>
<record>
  <date>2026-09-22T04:39:03.564951900Z</date>
  <millis>1790051943564</millis>
  <nanos>951900</nanos>
  <sequence>308</sequence>
  <level>END</level>
  <class>com.kms.katalon.core.logging.XmlKeywordLogger</class>
  <method>endKeyword</method>
  <thread>1</thread>
  <message>End action : screenshotPathAsmik = $projectDir/Screenshots/Evidence_POSITIVE_Data ASMIK_$timestamp.png</message>
  <nestedLevel>1</nestedLevel>
  <escapedJava>false</escapedJava>
</record>
<record>
  <date>2026-09-22T04:39:03.565451200Z</date>
  <millis>1790051943565</millis>
  <nanos>451200</nanos>
  <sequence>309</sequence>
  <level>START</level>
  <class>com.kms.katalon.core.logging.XmlKeywordLogger</class>
  <method>startKeyword</method>
  <thread>1</thread>
  <message>Start action : takeScreenshot(screenshotPathAsmik)</message>
  <nestedLevel>1</nestedLevel>
  <escapedJava>false</escapedJava>
  <property name="startLine">61</property>
  <property name="stepIndex">20</property>
</record>
<record>
  <date>2026-09-22T04:39:04.351987200Z</date>
  <millis>1790051944351</millis>
  <nanos>987200</nanos>
  <sequence>312</sequence>
  <level>PASSED</level>
  <class>com.kms.katalon.core.logging.XmlKeywordLogger</class>
  <method>logMessage</method>
  <thread>1</thread>
  <message>Taking screenshot successfully</message>
  <nestedLevel>1</nestedLevel>
  <escapedJava>false</escapedJava>
  <property name="attachment">C:/Users/TTECH-0251/git/AutoAPI/Screenshots/Evidence_POSITIVE_Data ASMIK_22.09.2026_(11.38.46).png</property>
  <property name="testops-method-name">com.kms.katalon.core.webui.keyword.builtin.TakeScreenshotKeyword.takeScreenshot</property>
  <property name="testops-execution-stacktrace"></property>
</record>
<record>
  <date>2026-09-22T04:39:04.352485200Z</date>
  <millis>1790051944352</millis>
  <nanos>485200</nanos>
  <sequence>313</sequence>
  <level>END</level>
  <class>com.kms.katalon.core.logging.XmlKeywordLogger</class>
  <method>endKeyword</method>
  <thread>1</thread>
  <message>End action : takeScreenshot(screenshotPathAsmik)</message>
  <nestedLevel>1</nestedLevel>
  <escapedJava>false</escapedJava>
</record>
<record>
  <date>2026-09-22T04:39:04.354053100Z</date>
  <millis>1790051944354</millis>
  <nanos>53100</nanos>
  <sequence>314</sequence>
  <level>START</level>
  <class>com.kms.katalon.core.logging.XmlKeywordLogger</class>
  <method>startKeyword</method>
  <thread>1</thread>
  <message>Start action : delay(2)</message>
  <nestedLevel>1</nestedLevel>
  <escapedJava>false</escapedJava>
  <property name="startLine">63</property>
  <property name="stepIndex">21</property>
</record>
<record>
  <date>2026-09-22T04:39:06.368607100Z</date>
  <millis>1790051946368</millis>
  <nanos>607100</nanos>
  <sequence>317</sequence>
  <level>PASSED</level>
  <class>com.kms.katalon.core.logging.XmlKeywordLogger</class>
  <method>logMessage</method>
  <thread>1</thread>
  <message>Delayed 2 second(s)</message>
  <nestedLevel>1</nestedLevel>
  <escapedJava>false</escapedJava>
  <property name="testops-method-name">com.kms.katalon.core.keyword.builtin.DelayKeyword.delay</property>
  <property name="testops-execution-stacktrace"></property>
</record>
<record>
  <date>2026-09-22T04:39:06.368607100Z</date>
  <millis>1790051946368</millis>
  <nanos>607100</nanos>
  <sequence>318</sequence>
  <level>END</level>
  <class>com.kms.katalon.core.logging.XmlKeywordLogger</class>
  <method>endKeyword</method>
  <thread>1</thread>
  <message>End action : delay(2)</message>
  <nestedLevel>1</nestedLevel>
  <escapedJava>false</escapedJava>
</record>
<record>
  <date>2026-09-22T04:39:06.369219300Z</date>
  <millis>1790051946369</millis>
  <nanos>219300</nanos>
  <sequence>319</sequence>
  <level>PASSED</level>
  <class>com.kms.katalon.core.logging.XmlKeywordLogger</class>
  <method>logMessage</method>
  <thread>1</thread>
  <message>Test Cases/DATA UI/BrinsAsmik/Menu/Menu_Site_DOB</message>
  <nestedLevel>1</nestedLevel>
  <escapedJava>false</escapedJava>
</record>
<record>
  <date>2026-09-22T04:39:06.369719700Z</date>
  <millis>1790051946369</millis>
  <nanos>719700</nanos>
  <sequence>320</sequence>
  <level>START</level>
  <class>com.kms.katalon.core.logging.XmlKeywordLogger</class>
  <method>startKeyword</method>
  <thread>1</thread>
  <message>Start listener action : takeScreenshotAfterTestCase</message>
  <nestedLevel>1</nestedLevel>
  <escapedJava>false</escapedJava>
</record>
<record>
  <date>2026-09-22T04:39:06.370221Z</date>
  <millis>1790051946370</millis>
  <nanos>221000</nanos>
  <sequence>322</sequence>
  <level>START</level>
  <class>com.kms.katalon.core.logging.XmlKeywordLogger</class>
  <method>startKeyword</method>
  <thread>1</thread>
  <message>Start action : timestamp = Date().format(&amp;quot;dd.MM.yyyy_(HH.mm.ss)&amp;quot;)</message>
  <nestedLevel>1</nestedLevel>
  <escapedJava>false</escapedJava>
  <property name="startLine">17</property>
  <property name="stepIndex">1</property>
</record>
<record>
  <date>2026-09-22T04:39:06.371229800Z</date>
  <millis>1790051946371</millis>
  <nanos>229800</nanos>
  <sequence>323</sequence>
  <level>END</level>
  <class>com.kms.katalon.core.logging.XmlKeywordLogger</class>
  <method>endKeyword</method>
  <thread>1</thread>
  <message>End action : timestamp = Date().format(&amp;quot;dd.MM.yyyy_(HH.mm.ss)&amp;quot;)</message>
  <nestedLevel>1</nestedLevel>
  <escapedJava>false</escapedJava>
</record>
<record>
  <date>2026-09-22T04:39:06.371229800Z</date>
  <millis>1790051946371</millis>
  <nanos>229800</nanos>
  <sequence>324</sequence>
  <level>START</level>
  <class>com.kms.katalon.core.logging.XmlKeywordLogger</class>
  <method>startKeyword</method>
  <thread>1</thread>
  <message>Start action : projectDir = getProjectDir()</message>
  <nestedLevel>1</nestedLevel>
  <escapedJava>false</escapedJava>
  <property name="startLine">18</property>
  <property name="stepIndex">2</property>
</record>
<record>
  <date>2026-09-22T04:39:06.371973Z</date>
  <millis>1790051946371</millis>
  <nanos>973000</nanos>
  <sequence>325</sequence>
  <level>END</level>
  <class>com.kms.katalon.core.logging.XmlKeywordLogger</class>
  <method>endKeyword</method>
  <thread>1</thread>
  <message>End action : projectDir = getProjectDir()</message>
  <nestedLevel>1</nestedLevel>
  <escapedJava>false</escapedJava>
</record>
<record>
  <date>2026-09-22T04:39:06.372471600Z</date>
  <millis>1790051946372</millis>
  <nanos>471600</nanos>
  <sequence>326</sequence>
  <level>START</level>
  <class>com.kms.katalon.core.logging.XmlKeywordLogger</class>
  <method>startKeyword</method>
  <thread>1</thread>
  <message>Start action : testCaseName = getTestCaseId().replace(&amp;quot;/&amp;quot;, &amp;quot;_&amp;quot;)</message>
  <nestedLevel>1</nestedLevel>
  <escapedJava>false</escapedJava>
  <property name="startLine">19</property>
  <property name="stepIndex">3</property>
</record>
<record>
  <date>2026-09-22T04:39:06.372753500Z</date>
  <millis>1790051946372</millis>
  <nanos>753500</nanos>
  <sequence>327</sequence>
  <level>END</level>
  <class>com.kms.katalon.core.logging.XmlKeywordLogger</class>
  <method>endKeyword</method>
  <thread>1</thread>
  <message>End action : testCaseName = getTestCaseId().replace(&amp;quot;/&amp;quot;, &amp;quot;_&amp;quot;)</message>
  <nestedLevel>1</nestedLevel>
  <escapedJava>false</escapedJava>
</record>
<record>
  <date>2026-09-22T04:39:06.373292100Z</date>
  <millis>1790051946373</millis>
  <nanos>292100</nanos>
  <sequence>328</sequence>
  <level>START</level>
  <class>com.kms.katalon.core.logging.XmlKeywordLogger</class>
  <method>startKeyword</method>
  <thread>1</thread>
  <message>Start action : status = testCaseContext.getTestCaseStatus()</message>
  <nestedLevel>1</nestedLevel>
  <escapedJava>false</escapedJava>
  <property name="startLine">21</property>
  <property name="stepIndex">4</property>
</record>
<record>
  <date>2026-09-22T04:39:06.377429300Z</date>
  <millis>1790051946377</millis>
  <nanos>429300</nanos>
  <sequence>329</sequence>
  <level>END</level>
  <class>com.kms.katalon.core.logging.XmlKeywordLogger</class>
  <method>endKeyword</method>
  <thread>1</thread>
  <message>End action : status = testCaseContext.getTestCaseStatus()</message>
  <nestedLevel>1</nestedLevel>
  <escapedJava>false</escapedJava>
</record>
<record>
  <date>2026-09-22T04:39:06.377429300Z</date>
  <millis>1790051946377</millis>
  <nanos>429300</nanos>
  <sequence>330</sequence>
  <level>START</level>
  <class>com.kms.katalon.core.logging.XmlKeywordLogger</class>
  <method>startKeyword</method>
  <thread>1</thread>
  <message>Start action : fullPath = $projectDir/Screenshots/Evidence_$status_$timestamp.png</message>
  <nestedLevel>1</nestedLevel>
  <escapedJava>false</escapedJava>
  <property name="startLine">25</property>
  <property name="stepIndex">5</property>
</record>
<record>
  <date>2026-09-22T04:39:06.378429300Z</date>
  <millis>1790051946378</millis>
  <nanos>429300</nanos>
  <sequence>331</sequence>
  <level>END</level>
  <class>com.kms.katalon.core.logging.XmlKeywordLogger</class>
  <method>endKeyword</method>
  <thread>1</thread>
  <message>End action : fullPath = $projectDir/Screenshots/Evidence_$status_$timestamp.png</message>
  <nestedLevel>1</nestedLevel>
  <escapedJava>false</escapedJava>
</record>
<record>
  <date>2026-09-22T04:39:06.378429300Z</date>
  <millis>1790051946378</millis>
  <nanos>429300</nanos>
  <sequence>332</sequence>
  <level>START</level>
  <class>com.kms.katalon.core.logging.XmlKeywordLogger</class>
  <method>startKeyword</method>
  <thread>1</thread>
  <message>Start action : takeScreenshot(fullPath)</message>
  <nestedLevel>1</nestedLevel>
  <escapedJava>false</escapedJava>
  <property name="startLine">28</property>
  <property name="stepIndex">6</property>
</record>
<record>
  <date>2026-09-22T04:39:06.712023600Z</date>
  <millis>1790051946712</millis>
  <nanos>23600</nanos>
  <sequence>335</sequence>
  <level>PASSED</level>
  <class>com.kms.katalon.core.logging.XmlKeywordLogger</class>
  <method>logMessage</method>
  <thread>1</thread>
  <message>Taking screenshot successfully</message>
  <nestedLevel>1</nestedLevel>
  <escapedJava>false</escapedJava>
  <property name="attachment">C:/Users/TTECH-0251/git/AutoAPI/Screenshots/Evidence_PASSED_22.09.2026_(11.39.06).png</property>
  <property name="testops-method-name">com.kms.katalon.core.webui.keyword.builtin.TakeScreenshotKeyword.takeScreenshot</property>
  <property name="testops-execution-stacktrace"></property>
</record>
<record>
  <date>2026-09-22T04:39:06.712023600Z</date>
  <millis>1790051946712</millis>
  <nanos>23600</nanos>
  <sequence>336</sequence>
  <level>END</level>
  <class>com.kms.katalon.core.logging.XmlKeywordLogger</class>
  <method>endKeyword</method>
  <thread>1</thread>
  <message>End action : takeScreenshot(fullPath)</message>
  <nestedLevel>1</nestedLevel>
  <escapedJava>false</escapedJava>
</record>
<record>
  <date>2026-09-22T04:39:06.712833Z</date>
  <millis>1790051946712</millis>
  <nanos>833000</nanos>
  <sequence>337</sequence>
  <level>START</level>
  <class>com.kms.katalon.core.logging.XmlKeywordLogger</class>
  <method>startKeyword</method>
  <thread>1</thread>
  <message>Start action : println(&amp;quot;Screenshot disimpan: &amp;quot; + fullPath)</message>
  <nestedLevel>1</nestedLevel>
  <escapedJava>false</escapedJava>
  <property name="startLine">30</property>
  <property name="stepIndex">7</property>
</record>
<record>
  <date>2026-09-22T04:39:06.713832700Z</date>
  <millis>1790051946713</millis>
  <nanos>832700</nanos>
  <sequence>339</sequence>
  <level>END</level>
  <class>com.kms.katalon.core.logging.XmlKeywordLogger</class>
  <method>endKeyword</method>
  <thread>1</thread>
  <message>End action : println(&amp;quot;Screenshot disimpan: &amp;quot; + fullPath)</message>
  <nestedLevel>1</nestedLevel>
  <escapedJava>false</escapedJava>
</record>
<record>
  <date>2026-09-22T04:39:06.714614Z</date>
  <millis>1790051946714</millis>
  <nanos>614000</nanos>
  <sequence>340</sequence>
  <level>END</level>
  <class>com.kms.katalon.core.logging.XmlKeywordLogger</class>
  <method>endKeyword</method>
  <thread>1</thread>
  <message>End listener action : takeScreenshotAfterTestCase</message>
  <nestedLevel>1</nestedLevel>
  <escapedJava>false</escapedJava>
</record>
<record>
  <date>2026-09-22T04:39:06.715126200Z</date>
  <millis>1790051946715</millis>
  <nanos>126200</nanos>
  <sequence>341</sequence>
  <level>END</level>
  <class>com.kms.katalon.core.logging.XmlKeywordLogger</class>
  <method>endTest</method>
  <thread>1</thread>
  <message>End Test Case : Test Cases/DATA UI/BrinsAsmik/Menu/Menu_Site_DOB</message>
  <nestedLevel>0</nestedLevel>
  <escapedJava>false</escapedJava>
  <property name="executionBindingVariables">[]</property>
  <property name="applitools">false</property>
  <property name="remainingRetryCount">3</property>
  <property name="executedKeywords">{
  &quot;WebUI.takeScreenshot&quot;: 5,
  &quot;WebUI.click&quot;: 4,
  &quot;BuiltIn.delay&quot;: 6,
  &quot;WebUI.setText&quot;: 1
}</property>
  <property name="currentRetryCount">0</property>
  <property name="keywordsUsage">{
  &quot;web_ui&quot;: true,
  &quot;web_service&quot;: false,
  &quot;cucumber&quot;: false,
  &quot;builtin&quot;: true,
  &quot;mobile&quot;: false,
  &quot;windows&quot;: false,
  &quot;testng&quot;: false
}</property>
</record>
<record>
  <date>2026-09-22T04:39:06.721006600Z</date>
  <millis>1790051946721</millis>
  <nanos>6600</nanos>
  <sequence>342</sequence>
  <level>START</level>
  <class>com.kms.katalon.core.logging.XmlKeywordLogger</class>
  <method>startTest</method>
  <thread>1</thread>
  <message>Start Test Case : Test Cases/DATA UI/BrinsAsmik/Dashboard/Dashboard Data</message>
  <nestedLevel>1</nestedLevel>
  <escapedJava>false</escapedJava>
  <property name="remainingRetryCount">3</property>
  <property name="origin"></property>
  <property name="name">Test Cases/DATA UI/BrinsAsmik/Dashboard/Dashboard Data</property>
  <property name="description"></property>
  <property name="iteration"></property>
  <property name="id">Test Cases/DATA UI/BrinsAsmik/Dashboard/Dashboard Data</property>
  <property name="source">C:\Users\TTECH-0251\git\AutoAPI\Test Cases\DATA UI\BrinsAsmik\Dashboard\Dashboard Data.tc</property>
  <property name="tag"></property>
  <property name="isOptional">false</property>
  <property name="currentRetryCount">0</property>
</record>
<record>
  <date>2026-09-22T04:39:06.884732300Z</date>
  <millis>1790051946884</millis>
  <nanos>732300</nanos>
  <sequence>344</sequence>
  <level>START</level>
  <class>com.kms.katalon.core.logging.XmlKeywordLogger</class>
  <method>startKeyword</method>
  <thread>1</thread>
  <message>Start action : projectDir = getProjectDir()</message>
  <nestedLevel>1</nestedLevel>
  <escapedJava>false</escapedJava>
  <property name="startLine">22</property>
  <property name="stepIndex">1</property>
</record>
<record>
  <date>2026-09-22T04:39:06.886731700Z</date>
  <millis>1790051946886</millis>
  <nanos>731700</nanos>
  <sequence>345</sequence>
  <level>END</level>
  <class>com.kms.katalon.core.logging.XmlKeywordLogger</class>
  <method>endKeyword</method>
  <thread>1</thread>
  <message>End action : projectDir = getProjectDir()</message>
  <nestedLevel>1</nestedLevel>
  <escapedJava>false</escapedJava>
</record>
<record>
  <date>2026-09-22T04:39:06.886731700Z</date>
  <millis>1790051946886</millis>
  <nanos>731700</nanos>
  <sequence>346</sequence>
  <level>START</level>
  <class>com.kms.katalon.core.logging.XmlKeywordLogger</class>
  <method>startKeyword</method>
  <thread>1</thread>
  <message>Start action : timestamp = Date().format(&amp;quot;dd.MM.yyyy_(HH.mm.ss)&amp;quot;)</message>
  <nestedLevel>1</nestedLevel>
  <escapedJava>false</escapedJava>
  <property name="startLine">24</property>
  <property name="stepIndex">2</property>
</record>
<record>
  <date>2026-09-22T04:39:06.888733900Z</date>
  <millis>1790051946888</millis>
  <nanos>733900</nanos>
  <sequence>347</sequence>
  <level>END</level>
  <class>com.kms.katalon.core.logging.XmlKeywordLogger</class>
  <method>endKeyword</method>
  <thread>1</thread>
  <message>End action : timestamp = Date().format(&amp;quot;dd.MM.yyyy_(HH.mm.ss)&amp;quot;)</message>
  <nestedLevel>1</nestedLevel>
  <escapedJava>false</escapedJava>
</record>
<record>
  <date>2026-09-22T04:39:06.888733900Z</date>
  <millis>1790051946888</millis>
  <nanos>733900</nanos>
  <sequence>348</sequence>
  <level>START</level>
  <class>com.kms.katalon.core.logging.XmlKeywordLogger</class>
  <method>startKeyword</method>
  <thread>1</thread>
  <message>Start action : delay(5)</message>
  <nestedLevel>1</nestedLevel>
  <escapedJava>false</escapedJava>
  <property name="startLine">48</property>
  <property name="stepIndex">3</property>
</record>
<record>
  <date>2026-09-22T04:39:11.905165700Z</date>
  <millis>1790051951905</millis>
  <nanos>165700</nanos>
  <sequence>351</sequence>
  <level>PASSED</level>
  <class>com.kms.katalon.core.logging.XmlKeywordLogger</class>
  <method>logMessage</method>
  <thread>1</thread>
  <message>Delayed 5 second(s)</message>
  <nestedLevel>1</nestedLevel>
  <escapedJava>false</escapedJava>
  <property name="testops-method-name">com.kms.katalon.core.keyword.builtin.DelayKeyword.delay</property>
  <property name="testops-execution-stacktrace"></property>
</record>
<record>
  <date>2026-09-22T04:39:11.908824600Z</date>
  <millis>1790051951908</millis>
  <nanos>824600</nanos>
  <sequence>352</sequence>
  <level>END</level>
  <class>com.kms.katalon.core.logging.XmlKeywordLogger</class>
  <method>endKeyword</method>
  <thread>1</thread>
  <message>End action : delay(5)</message>
  <nestedLevel>1</nestedLevel>
  <escapedJava>false</escapedJava>
</record>
<record>
  <date>2026-09-22T04:39:11.909319700Z</date>
  <millis>1790051951909</millis>
  <nanos>319700</nanos>
  <sequence>353</sequence>
  <level>START</level>
  <class>com.kms.katalon.core.logging.XmlKeywordLogger</class>
  <method>startKeyword</method>
  <thread>1</thread>
  <message>Start action : screenshotPathCanvas = $projectDir/Screenshots/Evidence_POSITIVE_DashCanvas_$timestamp.png</message>
  <nestedLevel>1</nestedLevel>
  <escapedJava>false</escapedJava>
  <property name="startLine">50</property>
  <property name="stepIndex">4</property>
</record>
<record>
  <date>2026-09-22T04:39:11.911442200Z</date>
  <millis>1790051951911</millis>
  <nanos>442200</nanos>
  <sequence>354</sequence>
  <level>END</level>
  <class>com.kms.katalon.core.logging.XmlKeywordLogger</class>
  <method>endKeyword</method>
  <thread>1</thread>
  <message>End action : screenshotPathCanvas = $projectDir/Screenshots/Evidence_POSITIVE_DashCanvas_$timestamp.png</message>
  <nestedLevel>1</nestedLevel>
  <escapedJava>false</escapedJava>
</record>
<record>
  <date>2026-09-22T04:39:11.911442200Z</date>
  <millis>1790051951911</millis>
  <nanos>442200</nanos>
  <sequence>355</sequence>
  <level>START</level>
  <class>com.kms.katalon.core.logging.XmlKeywordLogger</class>
  <method>startKeyword</method>
  <thread>1</thread>
  <message>Start action : takeScreenshot(screenshotPathCanvas)</message>
  <nestedLevel>1</nestedLevel>
  <escapedJava>false</escapedJava>
  <property name="startLine">52</property>
  <property name="stepIndex">5</property>
</record>
<record>
  <date>2026-09-22T04:39:12.277253600Z</date>
  <millis>1790051952277</millis>
  <nanos>253600</nanos>
  <sequence>358</sequence>
  <level>PASSED</level>
  <class>com.kms.katalon.core.logging.XmlKeywordLogger</class>
  <method>logMessage</method>
  <thread>1</thread>
  <message>Taking screenshot successfully</message>
  <nestedLevel>1</nestedLevel>
  <escapedJava>false</escapedJava>
  <property name="attachment">C:/Users/TTECH-0251/git/AutoAPI/Screenshots/Evidence_POSITIVE_DashCanvas_22.09.2026_(11.39.06).png</property>
  <property name="testops-method-name">com.kms.katalon.core.webui.keyword.builtin.TakeScreenshotKeyword.takeScreenshot</property>
  <property name="testops-execution-stacktrace"></property>
</record>
<record>
  <date>2026-09-22T04:39:12.280462300Z</date>
  <millis>1790051952280</millis>
  <nanos>462300</nanos>
  <sequence>359</sequence>
  <level>END</level>
  <class>com.kms.katalon.core.logging.XmlKeywordLogger</class>
  <method>endKeyword</method>
  <thread>1</thread>
  <message>End action : takeScreenshot(screenshotPathCanvas)</message>
  <nestedLevel>1</nestedLevel>
  <escapedJava>false</escapedJava>
</record>
<record>
  <date>2026-09-22T04:39:12.280462300Z</date>
  <millis>1790051952280</millis>
  <nanos>462300</nanos>
  <sequence>360</sequence>
  <level>START</level>
  <class>com.kms.katalon.core.logging.XmlKeywordLogger</class>
  <method>startKeyword</method>
  <thread>1</thread>
  <message>Start action : delay(5)</message>
  <nestedLevel>1</nestedLevel>
  <escapedJava>false</escapedJava>
  <property name="startLine">56</property>
  <property name="stepIndex">6</property>
</record>
<record>
  <date>2026-09-22T04:39:17.297552Z</date>
  <millis>1790051957297</millis>
  <nanos>552000</nanos>
  <sequence>363</sequence>
  <level>PASSED</level>
  <class>com.kms.katalon.core.logging.XmlKeywordLogger</class>
  <method>logMessage</method>
  <thread>1</thread>
  <message>Delayed 5 second(s)</message>
  <nestedLevel>1</nestedLevel>
  <escapedJava>false</escapedJava>
  <property name="testops-method-name">com.kms.katalon.core.keyword.builtin.DelayKeyword.delay</property>
  <property name="testops-execution-stacktrace"></property>
</record>
<record>
  <date>2026-09-22T04:39:17.299612300Z</date>
  <millis>1790051957299</millis>
  <nanos>612300</nanos>
  <sequence>364</sequence>
  <level>END</level>
  <class>com.kms.katalon.core.logging.XmlKeywordLogger</class>
  <method>endKeyword</method>
  <thread>1</thread>
  <message>End action : delay(5)</message>
  <nestedLevel>1</nestedLevel>
  <escapedJava>false</escapedJava>
</record>
<record>
  <date>2026-09-22T04:39:17.300587100Z</date>
  <millis>1790051957300</millis>
  <nanos>587100</nanos>
  <sequence>365</sequence>
  <level>START</level>
  <class>com.kms.katalon.core.logging.XmlKeywordLogger</class>
  <method>startKeyword</method>
  <thread>1</thread>
  <message>Start action : screenshotPathFBranch = $projectDir/Screenshots/Evidence_POSITIVE_FilterBranch_$timestamp.png</message>
  <nestedLevel>1</nestedLevel>
  <escapedJava>false</escapedJava>
  <property name="startLine">58</property>
  <property name="stepIndex">7</property>
</record>
<record>
  <date>2026-09-22T04:39:17.301682Z</date>
  <millis>1790051957301</millis>
  <nanos>682000</nanos>
  <sequence>366</sequence>
  <level>END</level>
  <class>com.kms.katalon.core.logging.XmlKeywordLogger</class>
  <method>endKeyword</method>
  <thread>1</thread>
  <message>End action : screenshotPathFBranch = $projectDir/Screenshots/Evidence_POSITIVE_FilterBranch_$timestamp.png</message>
  <nestedLevel>1</nestedLevel>
  <escapedJava>false</escapedJava>
</record>
<record>
  <date>2026-09-22T04:39:17.302866400Z</date>
  <millis>1790051957302</millis>
  <nanos>866400</nanos>
  <sequence>367</sequence>
  <level>START</level>
  <class>com.kms.katalon.core.logging.XmlKeywordLogger</class>
  <method>startKeyword</method>
  <thread>1</thread>
  <message>Start action : takeScreenshot(screenshotPathFBranch)</message>
  <nestedLevel>1</nestedLevel>
  <escapedJava>false</escapedJava>
  <property name="startLine">60</property>
  <property name="stepIndex">8</property>
</record>
<record>
  <date>2026-09-22T04:39:17.676003800Z</date>
  <millis>1790051957676</millis>
  <nanos>3800</nanos>
  <sequence>370</sequence>
  <level>PASSED</level>
  <class>com.kms.katalon.core.logging.XmlKeywordLogger</class>
  <method>logMessage</method>
  <thread>1</thread>
  <message>Taking screenshot successfully</message>
  <nestedLevel>1</nestedLevel>
  <escapedJava>false</escapedJava>
  <property name="attachment">C:/Users/TTECH-0251/git/AutoAPI/Screenshots/Evidence_POSITIVE_FilterBranch_22.09.2026_(11.39.06).png</property>
  <property name="testops-method-name">com.kms.katalon.core.webui.keyword.builtin.TakeScreenshotKeyword.takeScreenshot</property>
  <property name="testops-execution-stacktrace"></property>
</record>
<record>
  <date>2026-09-22T04:39:17.677380800Z</date>
  <millis>1790051957677</millis>
  <nanos>380800</nanos>
  <sequence>371</sequence>
  <level>END</level>
  <class>com.kms.katalon.core.logging.XmlKeywordLogger</class>
  <method>endKeyword</method>
  <thread>1</thread>
  <message>End action : takeScreenshot(screenshotPathFBranch)</message>
  <nestedLevel>1</nestedLevel>
  <escapedJava>false</escapedJava>
</record>
<record>
  <date>2026-09-22T04:39:17.678399400Z</date>
  <millis>1790051957678</millis>
  <nanos>399400</nanos>
  <sequence>372</sequence>
  <level>START</level>
  <class>com.kms.katalon.core.logging.XmlKeywordLogger</class>
  <method>startKeyword</method>
  <thread>1</thread>
  <message>Start action : delay(5)</message>
  <nestedLevel>1</nestedLevel>
  <escapedJava>false</escapedJava>
  <property name="startLine">64</property>
  <property name="stepIndex">9</property>
</record>
<record>
  <date>2026-09-22T04:39:22.690300Z</date>
  <millis>1790051962690</millis>
  <nanos>300000</nanos>
  <sequence>375</sequence>
  <level>PASSED</level>
  <class>com.kms.katalon.core.logging.XmlKeywordLogger</class>
  <method>logMessage</method>
  <thread>1</thread>
  <message>Delayed 5 second(s)</message>
  <nestedLevel>1</nestedLevel>
  <escapedJava>false</escapedJava>
  <property name="testops-method-name">com.kms.katalon.core.keyword.builtin.DelayKeyword.delay</property>
  <property name="testops-execution-stacktrace"></property>
</record>
<record>
  <date>2026-09-22T04:39:22.693108100Z</date>
  <millis>1790051962693</millis>
  <nanos>108100</nanos>
  <sequence>376</sequence>
  <level>END</level>
  <class>com.kms.katalon.core.logging.XmlKeywordLogger</class>
  <method>endKeyword</method>
  <thread>1</thread>
  <message>End action : delay(5)</message>
  <nestedLevel>1</nestedLevel>
  <escapedJava>false</escapedJava>
</record>
<record>
  <date>2026-09-22T04:39:22.693780900Z</date>
  <millis>1790051962693</millis>
  <nanos>780900</nanos>
  <sequence>377</sequence>
  <level>START</level>
  <class>com.kms.katalon.core.logging.XmlKeywordLogger</class>
  <method>startKeyword</method>
  <thread>1</thread>
  <message>Start action : screenshotPathFTahun = $projectDir/Screenshots/Evidence_POSITIVE_FilterTahun_$timestamp.png</message>
  <nestedLevel>1</nestedLevel>
  <escapedJava>false</escapedJava>
  <property name="startLine">66</property>
  <property name="stepIndex">10</property>
</record>
<record>
  <date>2026-09-22T04:39:22.696081100Z</date>
  <millis>1790051962696</millis>
  <nanos>81100</nanos>
  <sequence>378</sequence>
  <level>END</level>
  <class>com.kms.katalon.core.logging.XmlKeywordLogger</class>
  <method>endKeyword</method>
  <thread>1</thread>
  <message>End action : screenshotPathFTahun = $projectDir/Screenshots/Evidence_POSITIVE_FilterTahun_$timestamp.png</message>
  <nestedLevel>1</nestedLevel>
  <escapedJava>false</escapedJava>
</record>
<record>
  <date>2026-09-22T04:39:22.696081100Z</date>
  <millis>1790051962696</millis>
  <nanos>81100</nanos>
  <sequence>379</sequence>
  <level>START</level>
  <class>com.kms.katalon.core.logging.XmlKeywordLogger</class>
  <method>startKeyword</method>
  <thread>1</thread>
  <message>Start action : takeScreenshot(screenshotPathFTahun)</message>
  <nestedLevel>1</nestedLevel>
  <escapedJava>false</escapedJava>
  <property name="startLine">68</property>
  <property name="stepIndex">11</property>
</record>
<record>
  <date>2026-09-22T04:39:23.076410700Z</date>
  <millis>1790051963076</millis>
  <nanos>410700</nanos>
  <sequence>382</sequence>
  <level>PASSED</level>
  <class>com.kms.katalon.core.logging.XmlKeywordLogger</class>
  <method>logMessage</method>
  <thread>1</thread>
  <message>Taking screenshot successfully</message>
  <nestedLevel>1</nestedLevel>
  <escapedJava>false</escapedJava>
  <property name="attachment">C:/Users/TTECH-0251/git/AutoAPI/Screenshots/Evidence_POSITIVE_FilterTahun_22.09.2026_(11.39.06).png</property>
  <property name="testops-method-name">com.kms.katalon.core.webui.keyword.builtin.TakeScreenshotKeyword.takeScreenshot</property>
  <property name="testops-execution-stacktrace"></property>
</record>
<record>
  <date>2026-09-22T04:39:23.077927200Z</date>
  <millis>1790051963077</millis>
  <nanos>927200</nanos>
  <sequence>383</sequence>
  <level>END</level>
  <class>com.kms.katalon.core.logging.XmlKeywordLogger</class>
  <method>endKeyword</method>
  <thread>1</thread>
  <message>End action : takeScreenshot(screenshotPathFTahun)</message>
  <nestedLevel>1</nestedLevel>
  <escapedJava>false</escapedJava>
</record>
<record>
  <date>2026-09-22T04:39:23.078481600Z</date>
  <millis>1790051963078</millis>
  <nanos>481600</nanos>
  <sequence>384</sequence>
  <level>START</level>
  <class>com.kms.katalon.core.logging.XmlKeywordLogger</class>
  <method>startKeyword</method>
  <thread>1</thread>
  <message>Start action : delay(5)</message>
  <nestedLevel>1</nestedLevel>
  <escapedJava>false</escapedJava>
  <property name="startLine">72</property>
  <property name="stepIndex">12</property>
</record>
<record>
  <date>2026-09-22T04:39:28.096142400Z</date>
  <millis>1790051968096</millis>
  <nanos>142400</nanos>
  <sequence>387</sequence>
  <level>PASSED</level>
  <class>com.kms.katalon.core.logging.XmlKeywordLogger</class>
  <method>logMessage</method>
  <thread>1</thread>
  <message>Delayed 5 second(s)</message>
  <nestedLevel>1</nestedLevel>
  <escapedJava>false</escapedJava>
  <property name="testops-method-name">com.kms.katalon.core.keyword.builtin.DelayKeyword.delay</property>
  <property name="testops-execution-stacktrace"></property>
</record>
<record>
  <date>2026-09-22T04:39:28.098304800Z</date>
  <millis>1790051968098</millis>
  <nanos>304800</nanos>
  <sequence>388</sequence>
  <level>END</level>
  <class>com.kms.katalon.core.logging.XmlKeywordLogger</class>
  <method>endKeyword</method>
  <thread>1</thread>
  <message>End action : delay(5)</message>
  <nestedLevel>1</nestedLevel>
  <escapedJava>false</escapedJava>
</record>
<record>
  <date>2026-09-22T04:39:28.099346700Z</date>
  <millis>1790051968099</millis>
  <nanos>346700</nanos>
  <sequence>389</sequence>
  <level>START</level>
  <class>com.kms.katalon.core.logging.XmlKeywordLogger</class>
  <method>startKeyword</method>
  <thread>1</thread>
  <message>Start action : screenshotPathFBulan = $projectDir/Screenshots/Evidence_POSITIVE_FilterBulan_$timestamp.png</message>
  <nestedLevel>1</nestedLevel>
  <escapedJava>false</escapedJava>
  <property name="startLine">74</property>
  <property name="stepIndex">13</property>
</record>
<record>
  <date>2026-09-22T04:39:28.102346Z</date>
  <millis>1790051968102</millis>
  <nanos>346000</nanos>
  <sequence>390</sequence>
  <level>END</level>
  <class>com.kms.katalon.core.logging.XmlKeywordLogger</class>
  <method>endKeyword</method>
  <thread>1</thread>
  <message>End action : screenshotPathFBulan = $projectDir/Screenshots/Evidence_POSITIVE_FilterBulan_$timestamp.png</message>
  <nestedLevel>1</nestedLevel>
  <escapedJava>false</escapedJava>
</record>
<record>
  <date>2026-09-22T04:39:28.102346Z</date>
  <millis>1790051968102</millis>
  <nanos>346000</nanos>
  <sequence>391</sequence>
  <level>START</level>
  <class>com.kms.katalon.core.logging.XmlKeywordLogger</class>
  <method>startKeyword</method>
  <thread>1</thread>
  <message>Start action : takeScreenshot(screenshotPathFBulan)</message>
  <nestedLevel>1</nestedLevel>
  <escapedJava>false</escapedJava>
  <property name="startLine">76</property>
  <property name="stepIndex">14</property>
</record>
<record>
  <date>2026-09-22T04:39:28.475137200Z</date>
  <millis>1790051968475</millis>
  <nanos>137200</nanos>
  <sequence>394</sequence>
  <level>PASSED</level>
  <class>com.kms.katalon.core.logging.XmlKeywordLogger</class>
  <method>logMessage</method>
  <thread>1</thread>
  <message>Taking screenshot successfully</message>
  <nestedLevel>1</nestedLevel>
  <escapedJava>false</escapedJava>
  <property name="attachment">C:/Users/TTECH-0251/git/AutoAPI/Screenshots/Evidence_POSITIVE_FilterBulan_22.09.2026_(11.39.06).png</property>
  <property name="testops-method-name">com.kms.katalon.core.webui.keyword.builtin.TakeScreenshotKeyword.takeScreenshot</property>
  <property name="testops-execution-stacktrace"></property>
</record>
<record>
  <date>2026-09-22T04:39:28.477243900Z</date>
  <millis>1790051968477</millis>
  <nanos>243900</nanos>
  <sequence>395</sequence>
  <level>END</level>
  <class>com.kms.katalon.core.logging.XmlKeywordLogger</class>
  <method>endKeyword</method>
  <thread>1</thread>
  <message>End action : takeScreenshot(screenshotPathFBulan)</message>
  <nestedLevel>1</nestedLevel>
  <escapedJava>false</escapedJava>
</record>
<record>
  <date>2026-09-22T04:39:28.478465Z</date>
  <millis>1790051968478</millis>
  <nanos>465000</nanos>
  <sequence>396</sequence>
  <level>START</level>
  <class>com.kms.katalon.core.logging.XmlKeywordLogger</class>
  <method>startKeyword</method>
  <thread>1</thread>
  <message>Start action : delay(5)</message>
  <nestedLevel>1</nestedLevel>
  <escapedJava>false</escapedJava>
  <property name="startLine">80</property>
  <property name="stepIndex">15</property>
</record>
<record>
  <date>2026-09-22T04:39:33.494290400Z</date>
  <millis>1790051973494</millis>
  <nanos>290400</nanos>
  <sequence>399</sequence>
  <level>PASSED</level>
  <class>com.kms.katalon.core.logging.XmlKeywordLogger</class>
  <method>logMessage</method>
  <thread>1</thread>
  <message>Delayed 5 second(s)</message>
  <nestedLevel>1</nestedLevel>
  <escapedJava>false</escapedJava>
  <property name="testops-method-name">com.kms.katalon.core.keyword.builtin.DelayKeyword.delay</property>
  <property name="testops-execution-stacktrace"></property>
</record>
<record>
  <date>2026-09-22T04:39:33.497273200Z</date>
  <millis>1790051973497</millis>
  <nanos>273200</nanos>
  <sequence>400</sequence>
  <level>END</level>
  <class>com.kms.katalon.core.logging.XmlKeywordLogger</class>
  <method>endKeyword</method>
  <thread>1</thread>
  <message>End action : delay(5)</message>
  <nestedLevel>1</nestedLevel>
  <escapedJava>false</escapedJava>
</record>
<record>
  <date>2026-09-22T04:39:33.497273200Z</date>
  <millis>1790051973497</millis>
  <nanos>273200</nanos>
  <sequence>401</sequence>
  <level>START</level>
  <class>com.kms.katalon.core.logging.XmlKeywordLogger</class>
  <method>startKeyword</method>
  <thread>1</thread>
  <message>Start action : screenshotPathFApril = $projectDir/Screenshots/Evidence_POSITIVE_FilterBulanApril26_$timestamp.png</message>
  <nestedLevel>1</nestedLevel>
  <escapedJava>false</escapedJava>
  <property name="startLine">90</property>
  <property name="stepIndex">16</property>
</record>
<record>
  <date>2026-09-22T04:39:33.499273200Z</date>
  <millis>1790051973499</millis>
  <nanos>273200</nanos>
  <sequence>402</sequence>
  <level>END</level>
  <class>com.kms.katalon.core.logging.XmlKeywordLogger</class>
  <method>endKeyword</method>
  <thread>1</thread>
  <message>End action : screenshotPathFApril = $projectDir/Screenshots/Evidence_POSITIVE_FilterBulanApril26_$timestamp.png</message>
  <nestedLevel>1</nestedLevel>
  <escapedJava>false</escapedJava>
</record>
<record>
  <date>2026-09-22T04:39:33.500273500Z</date>
  <millis>1790051973500</millis>
  <nanos>273500</nanos>
  <sequence>403</sequence>
  <level>START</level>
  <class>com.kms.katalon.core.logging.XmlKeywordLogger</class>
  <method>startKeyword</method>
  <thread>1</thread>
  <message>Start action : takeScreenshot(screenshotPathFApril)</message>
  <nestedLevel>1</nestedLevel>
  <escapedJava>false</escapedJava>
  <property name="startLine">92</property>
  <property name="stepIndex">17</property>
</record>
<record>
  <date>2026-09-22T04:39:33.869987Z</date>
  <millis>1790051973869</millis>
  <nanos>987000</nanos>
  <sequence>406</sequence>
  <level>PASSED</level>
  <class>com.kms.katalon.core.logging.XmlKeywordLogger</class>
  <method>logMessage</method>
  <thread>1</thread>
  <message>Taking screenshot successfully</message>
  <nestedLevel>1</nestedLevel>
  <escapedJava>false</escapedJava>
  <property name="attachment">C:/Users/TTECH-0251/git/AutoAPI/Screenshots/Evidence_POSITIVE_FilterBulanApril26_22.09.2026_(11.39.06).png</property>
  <property name="testops-method-name">com.kms.katalon.core.webui.keyword.builtin.TakeScreenshotKeyword.takeScreenshot</property>
  <property name="testops-execution-stacktrace"></property>
</record>
<record>
  <date>2026-09-22T04:39:33.870998400Z</date>
  <millis>1790051973870</millis>
  <nanos>998400</nanos>
  <sequence>407</sequence>
  <level>END</level>
  <class>com.kms.katalon.core.logging.XmlKeywordLogger</class>
  <method>endKeyword</method>
  <thread>1</thread>
  <message>End action : takeScreenshot(screenshotPathFApril)</message>
  <nestedLevel>1</nestedLevel>
  <escapedJava>false</escapedJava>
</record>
<record>
  <date>2026-09-22T04:39:33.870998400Z</date>
  <millis>1790051973870</millis>
  <nanos>998400</nanos>
  <sequence>408</sequence>
  <level>PASSED</level>
  <class>com.kms.katalon.core.logging.XmlKeywordLogger</class>
  <method>logMessage</method>
  <thread>1</thread>
  <message>Test Cases/DATA UI/BrinsAsmik/Dashboard/Dashboard Data</message>
  <nestedLevel>1</nestedLevel>
  <escapedJava>false</escapedJava>
</record>
<record>
  <date>2026-09-22T04:39:33.870998400Z</date>
  <millis>1790051973870</millis>
  <nanos>998400</nanos>
  <sequence>409</sequence>
  <level>START</level>
  <class>com.kms.katalon.core.logging.XmlKeywordLogger</class>
  <method>startKeyword</method>
  <thread>1</thread>
  <message>Start listener action : takeScreenshotAfterTestCase</message>
  <nestedLevel>1</nestedLevel>
  <escapedJava>false</escapedJava>
</record>
<record>
  <date>2026-09-22T04:39:33.871998800Z</date>
  <millis>1790051973871</millis>
  <nanos>998800</nanos>
  <sequence>411</sequence>
  <level>START</level>
  <class>com.kms.katalon.core.logging.XmlKeywordLogger</class>
  <method>startKeyword</method>
  <thread>1</thread>
  <message>Start action : timestamp = Date().format(&amp;quot;dd.MM.yyyy_(HH.mm.ss)&amp;quot;)</message>
  <nestedLevel>1</nestedLevel>
  <escapedJava>false</escapedJava>
  <property name="startLine">17</property>
  <property name="stepIndex">1</property>
</record>
<record>
  <date>2026-09-22T04:39:33.871998800Z</date>
  <millis>1790051973871</millis>
  <nanos>998800</nanos>
  <sequence>412</sequence>
  <level>END</level>
  <class>com.kms.katalon.core.logging.XmlKeywordLogger</class>
  <method>endKeyword</method>
  <thread>1</thread>
  <message>End action : timestamp = Date().format(&amp;quot;dd.MM.yyyy_(HH.mm.ss)&amp;quot;)</message>
  <nestedLevel>1</nestedLevel>
  <escapedJava>false</escapedJava>
</record>
<record>
  <date>2026-09-22T04:39:33.871998800Z</date>
  <millis>1790051973871</millis>
  <nanos>998800</nanos>
  <sequence>413</sequence>
  <level>START</level>
  <class>com.kms.katalon.core.logging.XmlKeywordLogger</class>
  <method>startKeyword</method>
  <thread>1</thread>
  <message>Start action : projectDir = getProjectDir()</message>
  <nestedLevel>1</nestedLevel>
  <escapedJava>false</escapedJava>
  <property name="startLine">18</property>
  <property name="stepIndex">2</property>
</record>
<record>
  <date>2026-09-22T04:39:33.873000800Z</date>
  <millis>1790051973873</millis>
  <nanos>800</nanos>
  <sequence>414</sequence>
  <level>END</level>
  <class>com.kms.katalon.core.logging.XmlKeywordLogger</class>
  <method>endKeyword</method>
  <thread>1</thread>
  <message>End action : projectDir = getProjectDir()</message>
  <nestedLevel>1</nestedLevel>
  <escapedJava>false</escapedJava>
</record>
<record>
  <date>2026-09-22T04:39:33.873000800Z</date>
  <millis>1790051973873</millis>
  <nanos>800</nanos>
  <sequence>415</sequence>
  <level>START</level>
  <class>com.kms.katalon.core.logging.XmlKeywordLogger</class>
  <method>startKeyword</method>
  <thread>1</thread>
  <message>Start action : testCaseName = getTestCaseId().replace(&amp;quot;/&amp;quot;, &amp;quot;_&amp;quot;)</message>
  <nestedLevel>1</nestedLevel>
  <escapedJava>false</escapedJava>
  <property name="startLine">19</property>
  <property name="stepIndex">3</property>
</record>
<record>
  <date>2026-09-22T04:39:33.873000800Z</date>
  <millis>1790051973873</millis>
  <nanos>800</nanos>
  <sequence>416</sequence>
  <level>END</level>
  <class>com.kms.katalon.core.logging.XmlKeywordLogger</class>
  <method>endKeyword</method>
  <thread>1</thread>
  <message>End action : testCaseName = getTestCaseId().replace(&amp;quot;/&amp;quot;, &amp;quot;_&amp;quot;)</message>
  <nestedLevel>1</nestedLevel>
  <escapedJava>false</escapedJava>
</record>
<record>
  <date>2026-09-22T04:39:33.873000800Z</date>
  <millis>1790051973873</millis>
  <nanos>800</nanos>
  <sequence>417</sequence>
  <level>START</level>
  <class>com.kms.katalon.core.logging.XmlKeywordLogger</class>
  <method>startKeyword</method>
  <thread>1</thread>
  <message>Start action : status = testCaseContext.getTestCaseStatus()</message>
  <nestedLevel>1</nestedLevel>
  <escapedJava>false</escapedJava>
  <property name="startLine">21</property>
  <property name="stepIndex">4</property>
</record>
<record>
  <date>2026-09-22T04:39:33.873000800Z</date>
  <millis>1790051973873</millis>
  <nanos>800</nanos>
  <sequence>418</sequence>
  <level>END</level>
  <class>com.kms.katalon.core.logging.XmlKeywordLogger</class>
  <method>endKeyword</method>
  <thread>1</thread>
  <message>End action : status = testCaseContext.getTestCaseStatus()</message>
  <nestedLevel>1</nestedLevel>
  <escapedJava>false</escapedJava>
</record>
<record>
  <date>2026-09-22T04:39:33.873998500Z</date>
  <millis>1790051973873</millis>
  <nanos>998500</nanos>
  <sequence>419</sequence>
  <level>START</level>
  <class>com.kms.katalon.core.logging.XmlKeywordLogger</class>
  <method>startKeyword</method>
  <thread>1</thread>
  <message>Start action : fullPath = $projectDir/Screenshots/Evidence_$status_$timestamp.png</message>
  <nestedLevel>1</nestedLevel>
  <escapedJava>false</escapedJava>
  <property name="startLine">25</property>
  <property name="stepIndex">5</property>
</record>
<record>
  <date>2026-09-22T04:39:33.873998500Z</date>
  <millis>1790051973873</millis>
  <nanos>998500</nanos>
  <sequence>420</sequence>
  <level>END</level>
  <class>com.kms.katalon.core.logging.XmlKeywordLogger</class>
  <method>endKeyword</method>
  <thread>1</thread>
  <message>End action : fullPath = $projectDir/Screenshots/Evidence_$status_$timestamp.png</message>
  <nestedLevel>1</nestedLevel>
  <escapedJava>false</escapedJava>
</record>
<record>
  <date>2026-09-22T04:39:33.873998500Z</date>
  <millis>1790051973873</millis>
  <nanos>998500</nanos>
  <sequence>421</sequence>
  <level>START</level>
  <class>com.kms.katalon.core.logging.XmlKeywordLogger</class>
  <method>startKeyword</method>
  <thread>1</thread>
  <message>Start action : takeScreenshot(fullPath)</message>
  <nestedLevel>1</nestedLevel>
  <escapedJava>false</escapedJava>
  <property name="startLine">28</property>
  <property name="stepIndex">6</property>
</record>
<record>
  <date>2026-09-22T04:39:34.205870200Z</date>
  <millis>1790051974205</millis>
  <nanos>870200</nanos>
  <sequence>424</sequence>
  <level>PASSED</level>
  <class>com.kms.katalon.core.logging.XmlKeywordLogger</class>
  <method>logMessage</method>
  <thread>1</thread>
  <message>Taking screenshot successfully</message>
  <nestedLevel>1</nestedLevel>
  <escapedJava>false</escapedJava>
  <property name="attachment">C:/Users/TTECH-0251/git/AutoAPI/Screenshots/Evidence_PASSED_22.09.2026_(11.39.33).png</property>
  <property name="testops-method-name">com.kms.katalon.core.webui.keyword.builtin.TakeScreenshotKeyword.takeScreenshot</property>
  <property name="testops-execution-stacktrace"></property>
</record>
<record>
  <date>2026-09-22T04:39:34.205870200Z</date>
  <millis>1790051974205</millis>
  <nanos>870200</nanos>
  <sequence>425</sequence>
  <level>END</level>
  <class>com.kms.katalon.core.logging.XmlKeywordLogger</class>
  <method>endKeyword</method>
  <thread>1</thread>
  <message>End action : takeScreenshot(fullPath)</message>
  <nestedLevel>1</nestedLevel>
  <escapedJava>false</escapedJava>
</record>
<record>
  <date>2026-09-22T04:39:34.205870200Z</date>
  <millis>1790051974205</millis>
  <nanos>870200</nanos>
  <sequence>426</sequence>
  <level>START</level>
  <class>com.kms.katalon.core.logging.XmlKeywordLogger</class>
  <method>startKeyword</method>
  <thread>1</thread>
  <message>Start action : println(&amp;quot;Screenshot disimpan: &amp;quot; + fullPath)</message>
  <nestedLevel>1</nestedLevel>
  <escapedJava>false</escapedJava>
  <property name="startLine">30</property>
  <property name="stepIndex">7</property>
</record>
<record>
  <date>2026-09-22T04:39:34.206923600Z</date>
  <millis>1790051974206</millis>
  <nanos>923600</nanos>
  <sequence>428</sequence>
  <level>END</level>
  <class>com.kms.katalon.core.logging.XmlKeywordLogger</class>
  <method>endKeyword</method>
  <thread>1</thread>
  <message>End action : println(&amp;quot;Screenshot disimpan: &amp;quot; + fullPath)</message>
  <nestedLevel>1</nestedLevel>
  <escapedJava>false</escapedJava>
</record>
<record>
  <date>2026-09-22T04:39:34.206923600Z</date>
  <millis>1790051974206</millis>
  <nanos>923600</nanos>
  <sequence>429</sequence>
  <level>END</level>
  <class>com.kms.katalon.core.logging.XmlKeywordLogger</class>
  <method>endKeyword</method>
  <thread>1</thread>
  <message>End listener action : takeScreenshotAfterTestCase</message>
  <nestedLevel>1</nestedLevel>
  <escapedJava>false</escapedJava>
</record>
<record>
  <date>2026-09-22T04:39:34.207925Z</date>
  <millis>1790051974207</millis>
  <nanos>925000</nanos>
  <sequence>430</sequence>
  <level>END</level>
  <class>com.kms.katalon.core.logging.XmlKeywordLogger</class>
  <method>endTest</method>
  <thread>1</thread>
  <message>End Test Case : Test Cases/DATA UI/BrinsAsmik/Dashboard/Dashboard Data</message>
  <nestedLevel>0</nestedLevel>
  <escapedJava>false</escapedJava>
  <property name="executionBindingVariables">[]</property>
  <property name="applitools">false</property>
  <property name="remainingRetryCount">3</property>
  <property name="executedKeywords">{
  &quot;WebUI.takeScreenshot&quot;: 6,
  &quot;BuiltIn.delay&quot;: 5
}</property>
  <property name="currentRetryCount">0</property>
  <property name="keywordsUsage">{
  &quot;web_ui&quot;: true,
  &quot;web_service&quot;: false,
  &quot;cucumber&quot;: false,
  &quot;builtin&quot;: true,
  &quot;mobile&quot;: false,
  &quot;windows&quot;: false,
  &quot;testng&quot;: false
}</property>
</record>
<record>
  <date>2026-09-22T04:39:35.104697600Z</date>
  <millis>1790051975104</millis>
  <nanos>697600</nanos>
  <sequence>431</sequence>
  <level>END</level>
  <class>com.kms.katalon.core.logging.XmlKeywordLogger</class>
  <method>endSuite</method>
  <thread>1</thread>
  <message>End Test Suite : Test Suites/BrinscreenAll/BrinsAsmik/Dashboard_Performance_Asmik</message>
  <nestedLevel>0</nestedLevel>
  <escapedJava>false</escapedJava>
</record>
</log>
