<?xml version="1.0" encoding="UTF-8" standalone="no"?>
<!DOCTYPE log SYSTEM "logger.dtd">
<log>
<record>
  <date>2026-09-14T03:32:42.088274100Z</date>
  <millis>1789356762088</millis>
  <nanos>274100</nanos>
  <sequence>0</sequence>
  <level>START</level>
  <class>com.kms.katalon.core.logging.XmlKeywordLogger</class>
  <method>startSuite</method>
  <thread>1</thread>
  <message>Start Test Suite : Test Suites/BrinsBook/FBI_Detail</message>
  <nestedLevel>0</nestedLevel>
  <escapedJava>false</escapedJava>
  <property name="rerunTestFailImmediately">true</property>
  <property name="retryCount">3</property>
  <property name="name">FBI_Detail</property>
  <property name="description"></property>
  <property name="id">Test Suites/BrinsBook/FBI_Detail</property>
</record>
<record>
  <date>2026-09-14T03:32:42.113857600Z</date>
  <millis>1789356762113</millis>
  <nanos>857600</nanos>
  <sequence>1</sequence>
  <level>RUN_DATA</level>
  <class>com.kms.katalon.core.logging.XmlKeywordLogger</class>
  <method>logMessage</method>
  <thread>1</thread>
  <message>userFullName = Quality Assurance 12</message>
  <nestedLevel>0</nestedLevel>
  <escapedJava>false</escapedJava>
  <property name="userFullName">Quality Assurance 12</property>
</record>
<record>
  <date>2026-09-14T03:32:42.114856300Z</date>
  <millis>1789356762114</millis>
  <nanos>856300</nanos>
  <sequence>2</sequence>
  <level>RUN_DATA</level>
  <class>com.kms.katalon.core.logging.XmlKeywordLogger</class>
  <method>logMessage</method>
  <thread>1</thread>
  <message>projectName = AutoAPI</message>
  <nestedLevel>0</nestedLevel>
  <escapedJava>false</escapedJava>
  <property name="projectName">AutoAPI</property>
</record>
<record>
  <date>2026-09-14T03:32:42.114856300Z</date>
  <millis>1789356762114</millis>
  <nanos>856300</nanos>
  <sequence>3</sequence>
  <level>RUN_DATA</level>
  <class>com.kms.katalon.core.logging.XmlKeywordLogger</class>
  <method>logMessage</method>
  <thread>1</thread>
  <message>hostName = TTECH-0251 - NovalWinaNurcahyo.brins.co.id</message>
  <nestedLevel>0</nestedLevel>
  <escapedJava>false</escapedJava>
  <property name="hostName">TTECH-0251 - NovalWinaNurcahyo.brins.co.id</property>
</record>
<record>
  <date>2026-09-14T03:32:42.115857400Z</date>
  <millis>1789356762115</millis>
  <nanos>857400</nanos>
  <sequence>4</sequence>
  <level>RUN_DATA</level>
  <class>com.kms.katalon.core.logging.XmlKeywordLogger</class>
  <method>logMessage</method>
  <thread>1</thread>
  <message>os = Windows 10 64bit</message>
  <nestedLevel>0</nestedLevel>
  <escapedJava>false</escapedJava>
  <property name="os">Windows 10 64bit</property>
</record>
<record>
  <date>2026-09-14T03:32:42.117225Z</date>
  <millis>1789356762117</millis>
  <nanos>225000</nanos>
  <sequence>5</sequence>
  <level>RUN_DATA</level>
  <class>com.kms.katalon.core.logging.XmlKeywordLogger</class>
  <method>logMessage</method>
  <thread>1</thread>
  <message>hostAddress = 10.1.48.156</message>
  <nestedLevel>0</nestedLevel>
  <escapedJava>false</escapedJava>
  <property name="hostAddress">10.1.48.156</property>
</record>
<record>
  <date>2026-09-14T03:32:42.117727100Z</date>
  <millis>1789356762117</millis>
  <nanos>727100</nanos>
  <sequence>6</sequence>
  <level>RUN_DATA</level>
  <class>com.kms.katalon.core.logging.XmlKeywordLogger</class>
  <method>logMessage</method>
  <thread>1</thread>
  <message>katalonVersion = 10.4.2.0</message>
  <nestedLevel>0</nestedLevel>
  <escapedJava>false</escapedJava>
  <property name="katalonVersion">10.4.2.0</property>
</record>
<record>
  <date>2026-09-14T03:32:42.748733Z</date>
  <millis>1789356762748</millis>
  <nanos>733000</nanos>
  <sequence>7</sequence>
  <level>START</level>
  <class>com.kms.katalon.core.logging.XmlKeywordLogger</class>
  <method>startTest</method>
  <thread>1</thread>
  <message>Start Test Case : Test Cases/DATA UI/Login/Login_BrinsBook</message>
  <nestedLevel>1</nestedLevel>
  <escapedJava>false</escapedJava>
  <property name="remainingRetryCount">3</property>
  <property name="origin"></property>
  <property name="name">Test Cases/DATA UI/Login/Login_BrinsBook</property>
  <property name="description"></property>
  <property name="iteration"></property>
  <property name="id">Test Cases/DATA UI/Login/Login_BrinsBook</property>
  <property name="source">C:\Users\TTECH-0251\git\AutoAPI\Test Cases\DATA UI\Login\Login_BrinsBook.tc</property>
  <property name="tag"></property>
  <property name="isOptional">false</property>
  <property name="currentRetryCount">0</property>
</record>
<record>
  <date>2026-09-14T03:32:43.001431700Z</date>
  <millis>1789356763001</millis>
  <nanos>431700</nanos>
  <sequence>9</sequence>
  <level>START</level>
  <class>com.kms.katalon.core.logging.XmlKeywordLogger</class>
  <method>startKeyword</method>
  <thread>1</thread>
  <message>Start action : projectDir = getProjectDir()</message>
  <nestedLevel>1</nestedLevel>
  <escapedJava>false</escapedJava>
  <property name="startLine">20</property>
  <property name="stepIndex">1</property>
</record>
<record>
  <date>2026-09-14T03:32:43.007472500Z</date>
  <millis>1789356763007</millis>
  <nanos>472500</nanos>
  <sequence>10</sequence>
  <level>END</level>
  <class>com.kms.katalon.core.logging.XmlKeywordLogger</class>
  <method>endKeyword</method>
  <thread>1</thread>
  <message>End action : projectDir = getProjectDir()</message>
  <nestedLevel>1</nestedLevel>
  <escapedJava>false</escapedJava>
</record>
<record>
  <date>2026-09-14T03:32:43.008687400Z</date>
  <millis>1789356763008</millis>
  <nanos>687400</nanos>
  <sequence>11</sequence>
  <level>START</level>
  <class>com.kms.katalon.core.logging.XmlKeywordLogger</class>
  <method>startKeyword</method>
  <thread>1</thread>
  <message>Start action : timestamp = Date().format(&amp;quot;dd.MM.yyyy_(HH.mm.ss)&amp;quot;)</message>
  <nestedLevel>1</nestedLevel>
  <escapedJava>false</escapedJava>
  <property name="startLine">22</property>
  <property name="stepIndex">2</property>
</record>
<record>
  <date>2026-09-14T03:32:43.038968400Z</date>
  <millis>1789356763038</millis>
  <nanos>968400</nanos>
  <sequence>12</sequence>
  <level>END</level>
  <class>com.kms.katalon.core.logging.XmlKeywordLogger</class>
  <method>endKeyword</method>
  <thread>1</thread>
  <message>End action : timestamp = Date().format(&amp;quot;dd.MM.yyyy_(HH.mm.ss)&amp;quot;)</message>
  <nestedLevel>1</nestedLevel>
  <escapedJava>false</escapedJava>
</record>
<record>
  <date>2026-09-14T03:32:43.040253400Z</date>
  <millis>1789356763040</millis>
  <nanos>253400</nanos>
  <sequence>13</sequence>
  <level>START</level>
  <class>com.kms.katalon.core.logging.XmlKeywordLogger</class>
  <method>startKeyword</method>
  <thread>1</thread>
  <message>Start action : openBrowser(&amp;quot;http://192.168.140.18:8000/login/&amp;quot;)</message>
  <nestedLevel>1</nestedLevel>
  <escapedJava>false</escapedJava>
  <property name="startLine">27</property>
  <property name="stepIndex">3</property>
</record>
<record>
  <date>2026-09-14T03:32:43.388337500Z</date>
  <millis>1789356763388</millis>
  <nanos>337500</nanos>
  <sequence>16</sequence>
  <level>INFO</level>
  <class>com.kms.katalon.core.logging.XmlKeywordLogger</class>
  <method>logMessage</method>
  <thread>1</thread>
  <message>Starting &amp;apos;Chrome&amp;apos; driver</message>
  <nestedLevel>1</nestedLevel>
  <escapedJava>false</escapedJava>
</record>
<record>
  <date>2026-09-14T03:32:43.471581200Z</date>
  <millis>1789356763471</millis>
  <nanos>581200</nanos>
  <sequence>17</sequence>
  <level>INFO</level>
  <class>com.kms.katalon.core.logging.XmlKeywordLogger</class>
  <method>logMessage</method>
  <thread>1</thread>
  <message>Action delay is set to 0 milliseconds</message>
  <nestedLevel>1</nestedLevel>
  <escapedJava>false</escapedJava>
</record>
<record>
  <date>2026-09-14T03:32:46.792065400Z</date>
  <millis>1789356766792</millis>
  <nanos>65400</nanos>
  <sequence>20</sequence>
  <level>RUN_DATA</level>
  <class>com.kms.katalon.core.logging.XmlKeywordLogger</class>
  <method>logMessage</method>
  <thread>1</thread>
  <message>sessionId = d0c4aad3fb384a3296215b7ba47e7224</message>
  <nestedLevel>1</nestedLevel>
  <escapedJava>false</escapedJava>
  <property name="sessionId">d0c4aad3fb384a3296215b7ba47e7224</property>
</record>
<record>
  <date>2026-09-14T03:32:46.794074700Z</date>
  <millis>1789356766794</millis>
  <nanos>74700</nanos>
  <sequence>21</sequence>
  <level>RUN_DATA</level>
  <class>com.kms.katalon.core.logging.XmlKeywordLogger</class>
  <method>logMessage</method>
  <thread>1</thread>
  <message>browser = Chrome 152.0.7977.83</message>
  <nestedLevel>1</nestedLevel>
  <escapedJava>false</escapedJava>
  <property name="browser">Chrome 152.0.7977.83</property>
</record>
<record>
  <date>2026-09-14T03:32:46.795417400Z</date>
  <millis>1789356766795</millis>
  <nanos>417400</nanos>
  <sequence>22</sequence>
  <level>RUN_DATA</level>
  <class>com.kms.katalon.core.logging.XmlKeywordLogger</class>
  <method>logMessage</method>
  <thread>1</thread>
  <message>platform = Windows 10</message>
  <nestedLevel>1</nestedLevel>
  <escapedJava>false</escapedJava>
  <property name="platform">Windows 10</property>
</record>
<record>
  <date>2026-09-14T03:32:46.795917400Z</date>
  <millis>1789356766795</millis>
  <nanos>917400</nanos>
  <sequence>23</sequence>
  <level>RUN_DATA</level>
  <class>com.kms.katalon.core.logging.XmlKeywordLogger</class>
  <method>logMessage</method>
  <thread>1</thread>
  <message>seleniumVersion = 4.34.0</message>
  <nestedLevel>1</nestedLevel>
  <escapedJava>false</escapedJava>
  <property name="seleniumVersion">4.34.0</property>
</record>
<record>
  <date>2026-09-14T03:32:46.834265500Z</date>
  <millis>1789356766834</millis>
  <nanos>265500</nanos>
  <sequence>24</sequence>
  <level>RUN_DATA</level>
  <class>com.kms.katalon.core.logging.XmlKeywordLogger</class>
  <method>logMessage</method>
  <thread>1</thread>
  <message>proxyInformation = ProxyInformation { proxyOption=NO_PROXY, proxyServerType=HTTP, username=, password=********, proxyServerAddress=, proxyServerPort=0, executionList=&amp;quot;&amp;quot;, isApplyToDesiredCapabilities=true }</message>
  <nestedLevel>1</nestedLevel>
  <escapedJava>false</escapedJava>
  <property name="proxyInformation">ProxyInformation { proxyOption=NO_PROXY, proxyServerType=HTTP, username=, password=********, proxyServerAddress=, proxyServerPort=0, executionList=&quot;&quot;, isApplyToDesiredCapabilities=true }</property>
</record>
<record>
  <date>2026-09-14T03:32:49.032593200Z</date>
  <millis>1789356769032</millis>
  <nanos>593200</nanos>
  <sequence>26</sequence>
  <level>PASSED</level>
  <class>com.kms.katalon.core.logging.XmlKeywordLogger</class>
  <method>logMessage</method>
  <thread>1</thread>
  <message>Browser is opened with url: &amp;apos;http://192.168.140.18:8000/login/&amp;apos;</message>
  <nestedLevel>1</nestedLevel>
  <escapedJava>false</escapedJava>
  <property name="testops-method-name">com.kms.katalon.core.webui.keyword.builtin.OpenBrowserKeyword.openBrowser</property>
  <property name="testops-execution-stacktrace"></property>
</record>
<record>
  <date>2026-09-14T03:32:49.035359400Z</date>
  <millis>1789356769035</millis>
  <nanos>359400</nanos>
  <sequence>27</sequence>
  <level>END</level>
  <class>com.kms.katalon.core.logging.XmlKeywordLogger</class>
  <method>endKeyword</method>
  <thread>1</thread>
  <message>End action : openBrowser(&amp;quot;http://192.168.140.18:8000/login/&amp;quot;)</message>
  <nestedLevel>1</nestedLevel>
  <escapedJava>false</escapedJava>
</record>
<record>
  <date>2026-09-14T03:32:49.035359400Z</date>
  <millis>1789356769035</millis>
  <nanos>359400</nanos>
  <sequence>28</sequence>
  <level>START</level>
  <class>com.kms.katalon.core.logging.XmlKeywordLogger</class>
  <method>startKeyword</method>
  <thread>1</thread>
  <message>Start action : setText(findTestObject(&amp;quot;Data UI/Login/inputUsername&amp;quot;), &amp;quot;test&amp;quot;)</message>
  <nestedLevel>1</nestedLevel>
  <escapedJava>false</escapedJava>
  <property name="startLine">31</property>
  <property name="stepIndex">4</property>
</record>
<record>
  <date>2026-09-14T03:32:50.264196900Z</date>
  <millis>1789356770264</millis>
  <nanos>196900</nanos>
  <sequence>42</sequence>
  <level>PASSED</level>
  <class>com.kms.katalon.core.logging.XmlKeywordLogger</class>
  <method>logMessage</method>
  <thread>1</thread>
  <message>Text &amp;apos;test&amp;apos; is set on object &amp;apos;Object Repository/Data UI/Login/inputUsername&amp;apos;</message>
  <nestedLevel>1</nestedLevel>
  <escapedJava>false</escapedJava>
  <property name="testops-method-name">com.kms.katalon.core.webui.keyword.internal.WebUIKeywordMain.runKeywordUntilTimeout</property>
  <property name="testops-execution-stacktrace">com.kms.katalon.core.logging.KeywordLogger.logPassed(KeywordLogger.java:332)
com.kms.katalon.core.logging.KeywordLogger.logPassed(KeywordLogger.java:327)
com.kms.katalon.core.webui.keyword.builtin.SetTextKeyword$_setText_closure1.doCall(SetTextKeyword.groovy:99)
java.base/jdk.internal.reflect.NativeMethodAccessorImpl.invoke0(Native Method)
java.base/jdk.internal.reflect.NativeMethodAccessorImpl.invoke(NativeMethodAccessorImpl.java:77)
java.base/jdk.internal.reflect.DelegatingMethodAccessorImpl.invoke(DelegatingMethodAccessorImpl.java:43)
jdk.proxy2/jdk.proxy2.$Proxy50.execute(Unknown Source)
com.kms.katalon.core.webui.model.SeleniumActionRetryController.performAction(SeleniumActionRetryController.java:96)
com.kms.katalon.core.webui.model.SeleniumActionRetryController.performAction(SeleniumActionRetryController.java:83)
com.kms.katalon.core.webui.keyword.internal.WebUIKeywordMain$_runKeywordUntilTimeout_closure1.doCall(WebUIKeywordMain.groovy:135)
com.kms.katalon.core.webui.keyword.internal.WebUIKeywordMain$_runKeywordUntilTimeout_closure1.call(WebUIKeywordMain.groovy)
com.kms.katalon.core.webui.keyword.internal.WebUIKeywordMain.runKeyword(WebUIKeywordMain.groovy:41)
com.kms.katalon.core.webui.keyword.internal.WebUIKeywordMain.runKeywordUntilTimeout(WebUIKeywordMain.groovy:133)
com.kms.katalon.core.webui.keyword.builtin.SetTextKeyword.setText(SetTextKeyword.groovy:106)
com.kms.katalon.core.webui.keyword.builtin.SetTextKeyword.execute(SetTextKeyword.groovy:49)
com.kms.katalon.core.keyword.internal.KeywordExecutor.executeKeywordForPlatform(KeywordExecutor.groovy:90)
com.kms.katalon.core.webui.keyword.WebUiBuiltInKeywords.setText(WebUiBuiltInKeywords.groovy:1081)
Login_BrinsBook.run(Login_BrinsBook:31)
</property>
</record>
<record>
  <date>2026-09-14T03:32:50.267201Z</date>
  <millis>1789356770267</millis>
  <nanos>201000</nanos>
  <sequence>43</sequence>
  <level>END</level>
  <class>com.kms.katalon.core.logging.XmlKeywordLogger</class>
  <method>endKeyword</method>
  <thread>1</thread>
  <message>End action : setText(findTestObject(&amp;quot;Data UI/Login/inputUsername&amp;quot;), &amp;quot;test&amp;quot;)</message>
  <nestedLevel>1</nestedLevel>
  <escapedJava>false</escapedJava>
</record>
<record>
  <date>2026-09-14T03:32:50.268191300Z</date>
  <millis>1789356770268</millis>
  <nanos>191300</nanos>
  <sequence>44</sequence>
  <level>START</level>
  <class>com.kms.katalon.core.logging.XmlKeywordLogger</class>
  <method>startKeyword</method>
  <thread>1</thread>
  <message>Start action : setText(findTestObject(&amp;quot;Data UI/Login/inputPassword&amp;quot;), &amp;quot;passwordSalah&amp;quot;)</message>
  <nestedLevel>1</nestedLevel>
  <escapedJava>false</escapedJava>
  <property name="startLine">33</property>
  <property name="stepIndex">5</property>
</record>
<record>
  <date>2026-09-14T03:32:51.543766600Z</date>
  <millis>1789356771543</millis>
  <nanos>766600</nanos>
  <sequence>58</sequence>
  <level>PASSED</level>
  <class>com.kms.katalon.core.logging.XmlKeywordLogger</class>
  <method>logMessage</method>
  <thread>1</thread>
  <message>Text &amp;apos;passwordSalah&amp;apos; is set on object &amp;apos;Object Repository/Data UI/Login/inputPassword&amp;apos;</message>
  <nestedLevel>1</nestedLevel>
  <escapedJava>false</escapedJava>
  <property name="testops-method-name">com.kms.katalon.core.webui.keyword.internal.WebUIKeywordMain.runKeywordUntilTimeout</property>
  <property name="testops-execution-stacktrace">com.kms.katalon.core.logging.KeywordLogger.logPassed(KeywordLogger.java:332)
com.kms.katalon.core.logging.KeywordLogger.logPassed(KeywordLogger.java:327)
com.kms.katalon.core.webui.keyword.builtin.SetTextKeyword$_setText_closure1.doCall(SetTextKeyword.groovy:99)
java.base/jdk.internal.reflect.NativeMethodAccessorImpl.invoke0(Native Method)
java.base/jdk.internal.reflect.NativeMethodAccessorImpl.invoke(NativeMethodAccessorImpl.java:77)
java.base/jdk.internal.reflect.DelegatingMethodAccessorImpl.invoke(DelegatingMethodAccessorImpl.java:43)
jdk.proxy2/jdk.proxy2.$Proxy50.execute(Unknown Source)
com.kms.katalon.core.webui.model.SeleniumActionRetryController.performAction(SeleniumActionRetryController.java:96)
com.kms.katalon.core.webui.model.SeleniumActionRetryController.performAction(SeleniumActionRetryController.java:83)
com.kms.katalon.core.webui.keyword.internal.WebUIKeywordMain$_runKeywordUntilTimeout_closure1.doCall(WebUIKeywordMain.groovy:135)
com.kms.katalon.core.webui.keyword.internal.WebUIKeywordMain$_runKeywordUntilTimeout_closure1.call(WebUIKeywordMain.groovy)
com.kms.katalon.core.webui.keyword.internal.WebUIKeywordMain.runKeyword(WebUIKeywordMain.groovy:41)
com.kms.katalon.core.webui.keyword.internal.WebUIKeywordMain.runKeywordUntilTimeout(WebUIKeywordMain.groovy:133)
com.kms.katalon.core.webui.keyword.builtin.SetTextKeyword.setText(SetTextKeyword.groovy:106)
com.kms.katalon.core.webui.keyword.builtin.SetTextKeyword.execute(SetTextKeyword.groovy:49)
com.kms.katalon.core.keyword.internal.KeywordExecutor.executeKeywordForPlatform(KeywordExecutor.groovy:90)
com.kms.katalon.core.webui.keyword.WebUiBuiltInKeywords.setText(WebUiBuiltInKeywords.groovy:1081)
Login_BrinsBook.run(Login_BrinsBook:33)
</property>
</record>
<record>
  <date>2026-09-14T03:32:51.548766400Z</date>
  <millis>1789356771548</millis>
  <nanos>766400</nanos>
  <sequence>59</sequence>
  <level>END</level>
  <class>com.kms.katalon.core.logging.XmlKeywordLogger</class>
  <method>endKeyword</method>
  <thread>1</thread>
  <message>End action : setText(findTestObject(&amp;quot;Data UI/Login/inputPassword&amp;quot;), &amp;quot;passwordSalah&amp;quot;)</message>
  <nestedLevel>1</nestedLevel>
  <escapedJava>false</escapedJava>
</record>
<record>
  <date>2026-09-14T03:32:51.549766700Z</date>
  <millis>1789356771549</millis>
  <nanos>766700</nanos>
  <sequence>60</sequence>
  <level>START</level>
  <class>com.kms.katalon.core.logging.XmlKeywordLogger</class>
  <method>startKeyword</method>
  <thread>1</thread>
  <message>Start action : click(findTestObject(&amp;quot;Data UI/Login/btnPortal&amp;quot;))</message>
  <nestedLevel>1</nestedLevel>
  <escapedJava>false</escapedJava>
  <property name="startLine">35</property>
  <property name="stepIndex">6</property>
</record>
<record>
  <date>2026-09-14T03:32:52.716470700Z</date>
  <millis>1789356772716</millis>
  <nanos>470700</nanos>
  <sequence>71</sequence>
  <level>PASSED</level>
  <class>com.kms.katalon.core.logging.XmlKeywordLogger</class>
  <method>logMessage</method>
  <thread>1</thread>
  <message>Object: &amp;apos;Object Repository/Data UI/Login/btnPortal&amp;apos; is clicked on</message>
  <nestedLevel>1</nestedLevel>
  <escapedJava>false</escapedJava>
  <property name="testops-method-name">com.kms.katalon.core.webui.keyword.internal.WebUIKeywordMain.runKeywordUntilTimeout</property>
  <property name="testops-execution-stacktrace">com.kms.katalon.core.logging.KeywordLogger.logPassed(KeywordLogger.java:332)
com.kms.katalon.core.logging.KeywordLogger.logPassed(KeywordLogger.java:327)
com.kms.katalon.core.webui.keyword.builtin.ClickKeyword$_click_closure1.doCall(ClickKeyword.groovy:66)
java.base/jdk.internal.reflect.NativeMethodAccessorImpl.invoke0(Native Method)
java.base/jdk.internal.reflect.NativeMethodAccessorImpl.invoke(NativeMethodAccessorImpl.java:77)
java.base/jdk.internal.reflect.DelegatingMethodAccessorImpl.invoke(DelegatingMethodAccessorImpl.java:43)
jdk.proxy2/jdk.proxy2.$Proxy50.execute(Unknown Source)
com.kms.katalon.core.webui.model.SeleniumActionRetryController.performAction(SeleniumActionRetryController.java:96)
com.kms.katalon.core.webui.model.SeleniumActionRetryController.performAction(SeleniumActionRetryController.java:83)
com.kms.katalon.core.webui.keyword.internal.WebUIKeywordMain$_runKeywordUntilTimeout_closure1.doCall(WebUIKeywordMain.groovy:135)
com.kms.katalon.core.webui.keyword.internal.WebUIKeywordMain$_runKeywordUntilTimeout_closure1.call(WebUIKeywordMain.groovy)
com.kms.katalon.core.webui.keyword.internal.WebUIKeywordMain.runKeyword(WebUIKeywordMain.groovy:41)
com.kms.katalon.core.webui.keyword.internal.WebUIKeywordMain.runKeywordUntilTimeout(WebUIKeywordMain.groovy:133)
com.kms.katalon.core.webui.keyword.builtin.ClickKeyword.click(ClickKeyword.groovy:72)
com.kms.katalon.core.webui.keyword.builtin.ClickKeyword.execute(ClickKeyword.groovy:38)
com.kms.katalon.core.keyword.internal.KeywordExecutor.executeKeywordForPlatform(KeywordExecutor.groovy:90)
com.kms.katalon.core.webui.keyword.WebUiBuiltInKeywords.click(WebUiBuiltInKeywords.groovy:721)
Login_BrinsBook.run(Login_BrinsBook:35)
</property>
</record>
<record>
  <date>2026-09-14T03:32:52.719268400Z</date>
  <millis>1789356772719</millis>
  <nanos>268400</nanos>
  <sequence>72</sequence>
  <level>END</level>
  <class>com.kms.katalon.core.logging.XmlKeywordLogger</class>
  <method>endKeyword</method>
  <thread>1</thread>
  <message>End action : click(findTestObject(&amp;quot;Data UI/Login/btnPortal&amp;quot;))</message>
  <nestedLevel>1</nestedLevel>
  <escapedJava>false</escapedJava>
</record>
<record>
  <date>2026-09-14T03:32:52.719768Z</date>
  <millis>1789356772719</millis>
  <nanos>768000</nanos>
  <sequence>73</sequence>
  <level>START</level>
  <class>com.kms.katalon.core.logging.XmlKeywordLogger</class>
  <method>startKeyword</method>
  <thread>1</thread>
  <message>Start action : delay(2)</message>
  <nestedLevel>1</nestedLevel>
  <escapedJava>false</escapedJava>
  <property name="startLine">37</property>
  <property name="stepIndex">7</property>
</record>
<record>
  <date>2026-09-14T03:32:54.795873Z</date>
  <millis>1789356774795</millis>
  <nanos>873000</nanos>
  <sequence>76</sequence>
  <level>PASSED</level>
  <class>com.kms.katalon.core.logging.XmlKeywordLogger</class>
  <method>logMessage</method>
  <thread>1</thread>
  <message>Delayed 2 second(s)</message>
  <nestedLevel>1</nestedLevel>
  <escapedJava>false</escapedJava>
  <property name="testops-method-name">com.kms.katalon.core.keyword.builtin.DelayKeyword.delay</property>
  <property name="testops-execution-stacktrace"></property>
</record>
<record>
  <date>2026-09-14T03:32:54.798216600Z</date>
  <millis>1789356774798</millis>
  <nanos>216600</nanos>
  <sequence>77</sequence>
  <level>END</level>
  <class>com.kms.katalon.core.logging.XmlKeywordLogger</class>
  <method>endKeyword</method>
  <thread>1</thread>
  <message>End action : delay(2)</message>
  <nestedLevel>1</nestedLevel>
  <escapedJava>false</escapedJava>
</record>
<record>
  <date>2026-09-14T03:32:54.799216300Z</date>
  <millis>1789356774799</millis>
  <nanos>216300</nanos>
  <sequence>78</sequence>
  <level>START</level>
  <class>com.kms.katalon.core.logging.XmlKeywordLogger</class>
  <method>startKeyword</method>
  <thread>1</thread>
  <message>Start action : loginFailed = verifyTextPresent(&amp;quot;Akun kamu sudah login di perangkat lain nih/login/&amp;quot;, false, OPTIONAL)</message>
  <nestedLevel>1</nestedLevel>
  <escapedJava>false</escapedJava>
  <property name="startLine">40</property>
  <property name="stepIndex">8</property>
</record>
<record>
  <date>2026-09-14T03:32:55.254682900Z</date>
  <millis>1789356775254</millis>
  <nanos>682900</nanos>
  <sequence>84</sequence>
  <level>WARNING</level>
  <class>com.kms.katalon.core.logging.XmlKeywordLogger</class>
  <method>logMessage</method>
  <thread>1</thread>
  <message>Text &amp;apos;Akun kamu sudah login di perangkat lain nih/login/&amp;apos; is not present on page  (Root cause: com.kms.katalon.core.exception.StepFailedException: Text &amp;apos;Akun kamu sudah login di perangkat lain nih/login/&amp;apos; is not present on page 
	at com.kms.katalon.core.webui.keyword.internal.WebUIKeywordMain.stepFailed(WebUIKeywordMain.groovy:177)
	at com.kms.katalon.core.webui.keyword.builtin.VerifyTextPresentKeyword$_verifyTextPresent_closure1.doCall(VerifyTextPresentKeyword.groovy:79)
	at com.kms.katalon.core.webui.keyword.builtin.VerifyTextPresentKeyword$_verifyTextPresent_closure1.call(VerifyTextPresentKeyword.groovy)
	at com.kms.katalon.core.webui.keyword.internal.WebUIKeywordMain.runKeyword(WebUIKeywordMain.groovy:41)
	at com.kms.katalon.core.webui.keyword.builtin.VerifyTextPresentKeyword.verifyTextPresent(VerifyTextPresentKeyword.groovy:83)
	at com.kms.katalon.core.webui.keyword.builtin.VerifyTextPresentKeyword.execute(VerifyTextPresentKeyword.groovy:68)
	at com.kms.katalon.core.keyword.internal.KeywordExecutor.executeKeywordForPlatform(KeywordExecutor.groovy:90)
	at com.kms.katalon.core.webui.keyword.WebUiBuiltInKeywords.verifyTextPresent(WebUiBuiltInKeywords.groovy:1808)
	at Login_BrinsBook.run(Login_BrinsBook:40)
	at com.kms.katalon.core.main.ScriptEngine.run(ScriptEngine.java:194)
	at com.kms.katalon.core.main.ScriptEngine.runScriptAsRawText(ScriptEngine.java:119)
	at com.kms.katalon.core.main.TestCaseExecutor.runScript(TestCaseExecutor.java:490)
	at com.kms.katalon.core.main.TestCaseExecutor.doExecute(TestCaseExecutor.java:481)
	at com.kms.katalon.core.main.TestCaseExecutor.processExecutionPhase(TestCaseExecutor.java:460)
	at com.kms.katalon.core.main.TestCaseExecutor.accessMainPhase(TestCaseExecutor.java:452)
	at com.kms.katalon.core.main.TestCaseExecutor.execute(TestCaseExecutor.java:322)
	at com.kms.katalon.core.common.CommonExecutor.accessTestCaseMainPhase(CommonExecutor.java:71)
	at com.kms.katalon.core.main.TestSuiteExecutor.accessTestSuiteMainPhase(TestSuiteExecutor.java:153)
	at com.kms.katalon.core.main.TestSuiteExecutor.execute(TestSuiteExecutor.java:110)
	at com.kms.katalon.core.main.TestCaseMain.startTestSuite(TestCaseMain.java:205)
	at TempTestSuite1789356756616.run(TempTestSuite1789356756616.groovy:35)
	at java.base/jdk.internal.reflect.NativeMethodAccessorImpl.invoke0(Native Method)
	at java.base/jdk.internal.reflect.NativeMethodAccessorImpl.invoke(NativeMethodAccessorImpl.java:77)
	at java.base/jdk.internal.reflect.DelegatingMethodAccessorImpl.invoke(DelegatingMethodAccessorImpl.java:43)
)</message>
  <nestedLevel>1</nestedLevel>
  <escapedJava>false</escapedJava>
  <property name="failed.exception.class">com.kms.katalon.core.exception.StepFailedException</property>
  <property name="failed.exception.stacktrace">com.kms.katalon.core.exception.StepFailedException: Text &apos;Akun kamu sudah login di perangkat lain nih/login/&apos; is not present on page 
	at com.kms.katalon.core.webui.keyword.internal.WebUIKeywordMain.stepFailed(WebUIKeywordMain.groovy:177)
	at com.kms.katalon.core.webui.keyword.builtin.VerifyTextPresentKeyword$_verifyTextPresent_closure1.doCall(VerifyTextPresentKeyword.groovy:79)
	at com.kms.katalon.core.webui.keyword.builtin.VerifyTextPresentKeyword$_verifyTextPresent_closure1.call(VerifyTextPresentKeyword.groovy)
	at com.kms.katalon.core.webui.keyword.internal.WebUIKeywordMain.runKeyword(WebUIKeywordMain.groovy:41)
	at com.kms.katalon.core.webui.keyword.builtin.VerifyTextPresentKeyword.verifyTextPresent(VerifyTextPresentKeyword.groovy:83)
	at com.kms.katalon.core.webui.keyword.builtin.VerifyTextPresentKeyword.execute(VerifyTextPresentKeyword.groovy:68)
	at com.kms.katalon.core.keyword.internal.KeywordExecutor.executeKeywordForPlatform(KeywordExecutor.groovy:90)
	at com.kms.katalon.core.webui.keyword.WebUiBuiltInKeywords.verifyTextPresent(WebUiBuiltInKeywords.groovy:1808)
	at Login_BrinsBook.run(Login_BrinsBook:40)
	at com.kms.katalon.core.main.ScriptEngine.run(ScriptEngine.java:194)
	at com.kms.katalon.core.main.ScriptEngine.runScriptAsRawText(ScriptEngine.java:119)
	at com.kms.katalon.core.main.TestCaseExecutor.runScript(TestCaseExecutor.java:490)
	at com.kms.katalon.core.main.TestCaseExecutor.doExecute(TestCaseExecutor.java:481)
	at com.kms.katalon.core.main.TestCaseExecutor.processExecutionPhase(TestCaseExecutor.java:460)
	at com.kms.katalon.core.main.TestCaseExecutor.accessMainPhase(TestCaseExecutor.java:452)
	at com.kms.katalon.core.main.TestCaseExecutor.execute(TestCaseExecutor.java:322)
	at com.kms.katalon.core.common.CommonExecutor.accessTestCaseMainPhase(CommonExecutor.java:71)
	at com.kms.katalon.core.main.TestSuiteExecutor.accessTestSuiteMainPhase(TestSuiteExecutor.java:153)
	at com.kms.katalon.core.main.TestSuiteExecutor.execute(TestSuiteExecutor.java:110)
	at com.kms.katalon.core.main.TestCaseMain.startTestSuite(TestCaseMain.java:205)
	at TempTestSuite1789356756616.run(TempTestSuite1789356756616.groovy:35)
	at java.base/jdk.internal.reflect.NativeMethodAccessorImpl.invoke0(Native Method)
	at java.base/jdk.internal.reflect.NativeMethodAccessorImpl.invoke(NativeMethodAccessorImpl.java:77)
	at java.base/jdk.internal.reflect.DelegatingMethodAccessorImpl.invoke(DelegatingMethodAccessorImpl.java:43)
</property>
  <property name="failed.exception.message">Text &apos;Akun kamu sudah login di perangkat lain nih/login/&apos; is not present on page </property>
</record>
<record>
  <date>2026-09-14T03:32:55.262352Z</date>
  <millis>1789356775262</millis>
  <nanos>352000</nanos>
  <sequence>85</sequence>
  <level>END</level>
  <class>com.kms.katalon.core.logging.XmlKeywordLogger</class>
  <method>endKeyword</method>
  <thread>1</thread>
  <message>End action : loginFailed = verifyTextPresent(&amp;quot;Akun kamu sudah login di perangkat lain nih/login/&amp;quot;, false, OPTIONAL)</message>
  <nestedLevel>1</nestedLevel>
  <escapedJava>false</escapedJava>
</record>
<record>
  <date>2026-09-14T03:32:55.262352Z</date>
  <millis>1789356775262</millis>
  <nanos>352000</nanos>
  <sequence>86</sequence>
  <level>START</level>
  <class>com.kms.katalon.core.logging.XmlKeywordLogger</class>
  <method>startKeyword</method>
  <thread>1</thread>
  <message>Start action : if (loginFailed)</message>
  <nestedLevel>1</nestedLevel>
  <escapedJava>false</escapedJava>
  <property name="startLine">42</property>
  <property name="stepIndex">9</property>
</record>
<record>
  <date>2026-09-14T03:32:55.266287200Z</date>
  <millis>1789356775266</millis>
  <nanos>287200</nanos>
  <sequence>87</sequence>
  <level>END</level>
  <class>com.kms.katalon.core.logging.XmlKeywordLogger</class>
  <method>endKeyword</method>
  <thread>1</thread>
  <message>End action : if (loginFailed)</message>
  <nestedLevel>1</nestedLevel>
  <escapedJava>false</escapedJava>
</record>
<record>
  <date>2026-09-14T03:32:55.266787400Z</date>
  <millis>1789356775266</millis>
  <nanos>787400</nanos>
  <sequence>88</sequence>
  <level>START</level>
  <class>com.kms.katalon.core.logging.XmlKeywordLogger</class>
  <method>startKeyword</method>
  <thread>1</thread>
  <message>Start action : else</message>
  <nestedLevel>1</nestedLevel>
  <escapedJava>false</escapedJava>
  <property name="startLine">49</property>
  <property name="stepIndex">10</property>
</record>
<record>
  <date>2026-09-14T03:32:55.268797800Z</date>
  <millis>1789356775268</millis>
  <nanos>797800</nanos>
  <sequence>89</sequence>
  <level>START</level>
  <class>com.kms.katalon.core.logging.XmlKeywordLogger</class>
  <method>startKeyword</method>
  <thread>1</thread>
  <message>Start action : println(&amp;quot;Pesan gagal login tidak ditemukan&amp;quot;)</message>
  <nestedLevel>2</nestedLevel>
  <escapedJava>false</escapedJava>
  <property name="startLine">50</property>
  <property name="stepIndex">1</property>
</record>
<record>
  <date>2026-09-14T03:32:55.280247800Z</date>
  <millis>1789356775280</millis>
  <nanos>247800</nanos>
  <sequence>90</sequence>
  <level>END</level>
  <class>com.kms.katalon.core.logging.XmlKeywordLogger</class>
  <method>endKeyword</method>
  <thread>1</thread>
  <message>End action : println(&amp;quot;Pesan gagal login tidak ditemukan&amp;quot;)</message>
  <nestedLevel>2</nestedLevel>
  <escapedJava>false</escapedJava>
</record>
<record>
  <date>2026-09-14T03:32:55.281247300Z</date>
  <millis>1789356775281</millis>
  <nanos>247300</nanos>
  <sequence>91</sequence>
  <level>END</level>
  <class>com.kms.katalon.core.logging.XmlKeywordLogger</class>
  <method>endKeyword</method>
  <thread>1</thread>
  <message>End action : else</message>
  <nestedLevel>1</nestedLevel>
  <escapedJava>false</escapedJava>
</record>
<record>
  <date>2026-09-14T03:32:55.281247300Z</date>
  <millis>1789356775281</millis>
  <nanos>247300</nanos>
  <sequence>92</sequence>
  <level>START</level>
  <class>com.kms.katalon.core.logging.XmlKeywordLogger</class>
  <method>startKeyword</method>
  <thread>1</thread>
  <message>Start action : back()</message>
  <nestedLevel>1</nestedLevel>
  <escapedJava>false</escapedJava>
  <property name="startLine">53</property>
  <property name="stepIndex">11</property>
</record>
<record>
  <date>2026-09-14T03:32:55.579015100Z</date>
  <millis>1789356775579</millis>
  <nanos>15100</nanos>
  <sequence>95</sequence>
  <level>PASSED</level>
  <class>com.kms.katalon.core.logging.XmlKeywordLogger</class>
  <method>logMessage</method>
  <thread>1</thread>
  <message>Navigate back successfully</message>
  <nestedLevel>1</nestedLevel>
  <escapedJava>false</escapedJava>
  <property name="testops-method-name">com.kms.katalon.core.webui.keyword.builtin.BackKeyword.back</property>
  <property name="testops-execution-stacktrace"></property>
</record>
<record>
  <date>2026-09-14T03:32:55.582061600Z</date>
  <millis>1789356775582</millis>
  <nanos>61600</nanos>
  <sequence>96</sequence>
  <level>END</level>
  <class>com.kms.katalon.core.logging.XmlKeywordLogger</class>
  <method>endKeyword</method>
  <thread>1</thread>
  <message>End action : back()</message>
  <nestedLevel>1</nestedLevel>
  <escapedJava>false</escapedJava>
</record>
<record>
  <date>2026-09-14T03:32:55.582061600Z</date>
  <millis>1789356775582</millis>
  <nanos>61600</nanos>
  <sequence>97</sequence>
  <level>START</level>
  <class>com.kms.katalon.core.logging.XmlKeywordLogger</class>
  <method>startKeyword</method>
  <thread>1</thread>
  <message>Start action : delay(3)</message>
  <nestedLevel>1</nestedLevel>
  <escapedJava>false</escapedJava>
  <property name="startLine">55</property>
  <property name="stepIndex">12</property>
</record>
<record>
  <date>2026-09-14T03:32:58.600476400Z</date>
  <millis>1789356778600</millis>
  <nanos>476400</nanos>
  <sequence>100</sequence>
  <level>PASSED</level>
  <class>com.kms.katalon.core.logging.XmlKeywordLogger</class>
  <method>logMessage</method>
  <thread>1</thread>
  <message>Delayed 3 second(s)</message>
  <nestedLevel>1</nestedLevel>
  <escapedJava>false</escapedJava>
  <property name="testops-method-name">com.kms.katalon.core.keyword.builtin.DelayKeyword.delay</property>
  <property name="testops-execution-stacktrace"></property>
</record>
<record>
  <date>2026-09-14T03:32:58.604930100Z</date>
  <millis>1789356778604</millis>
  <nanos>930100</nanos>
  <sequence>101</sequence>
  <level>END</level>
  <class>com.kms.katalon.core.logging.XmlKeywordLogger</class>
  <method>endKeyword</method>
  <thread>1</thread>
  <message>End action : delay(3)</message>
  <nestedLevel>1</nestedLevel>
  <escapedJava>false</escapedJava>
</record>
<record>
  <date>2026-09-14T03:32:58.605590Z</date>
  <millis>1789356778605</millis>
  <nanos>590000</nanos>
  <sequence>102</sequence>
  <level>START</level>
  <class>com.kms.katalon.core.logging.XmlKeywordLogger</class>
  <method>startKeyword</method>
  <thread>1</thread>
  <message>Start action : click(findTestObject(&amp;quot;Data UI/Login/btnForceLogout1&amp;quot;))</message>
  <nestedLevel>1</nestedLevel>
  <escapedJava>false</escapedJava>
  <property name="startLine">57</property>
  <property name="stepIndex">13</property>
</record>
<record>
  <date>2026-09-14T03:32:59.470277600Z</date>
  <millis>1789356779470</millis>
  <nanos>277600</nanos>
  <sequence>113</sequence>
  <level>PASSED</level>
  <class>com.kms.katalon.core.logging.XmlKeywordLogger</class>
  <method>logMessage</method>
  <thread>1</thread>
  <message>Object: &amp;apos;Object Repository/Data UI/Login/btnForceLogout1&amp;apos; is clicked on</message>
  <nestedLevel>1</nestedLevel>
  <escapedJava>false</escapedJava>
  <property name="testops-method-name">com.kms.katalon.core.webui.keyword.internal.WebUIKeywordMain.runKeywordUntilTimeout</property>
  <property name="testops-execution-stacktrace">com.kms.katalon.core.logging.KeywordLogger.logPassed(KeywordLogger.java:332)
com.kms.katalon.core.logging.KeywordLogger.logPassed(KeywordLogger.java:327)
com.kms.katalon.core.webui.keyword.builtin.ClickKeyword$_click_closure1.doCall(ClickKeyword.groovy:66)
java.base/jdk.internal.reflect.NativeMethodAccessorImpl.invoke0(Native Method)
java.base/jdk.internal.reflect.NativeMethodAccessorImpl.invoke(NativeMethodAccessorImpl.java:77)
java.base/jdk.internal.reflect.DelegatingMethodAccessorImpl.invoke(DelegatingMethodAccessorImpl.java:43)
jdk.proxy2/jdk.proxy2.$Proxy50.execute(Unknown Source)
com.kms.katalon.core.webui.model.SeleniumActionRetryController.performAction(SeleniumActionRetryController.java:96)
com.kms.katalon.core.webui.model.SeleniumActionRetryController.performAction(SeleniumActionRetryController.java:83)
com.kms.katalon.core.webui.keyword.internal.WebUIKeywordMain$_runKeywordUntilTimeout_closure1.doCall(WebUIKeywordMain.groovy:135)
com.kms.katalon.core.webui.keyword.internal.WebUIKeywordMain$_runKeywordUntilTimeout_closure1.call(WebUIKeywordMain.groovy)
com.kms.katalon.core.webui.keyword.internal.WebUIKeywordMain.runKeyword(WebUIKeywordMain.groovy:41)
com.kms.katalon.core.webui.keyword.internal.WebUIKeywordMain.runKeywordUntilTimeout(WebUIKeywordMain.groovy:133)
com.kms.katalon.core.webui.keyword.builtin.ClickKeyword.click(ClickKeyword.groovy:72)
com.kms.katalon.core.webui.keyword.builtin.ClickKeyword.execute(ClickKeyword.groovy:38)
com.kms.katalon.core.keyword.internal.KeywordExecutor.executeKeywordForPlatform(KeywordExecutor.groovy:90)
com.kms.katalon.core.webui.keyword.WebUiBuiltInKeywords.click(WebUiBuiltInKeywords.groovy:721)
Login_BrinsBook.run(Login_BrinsBook:57)
</property>
</record>
<record>
  <date>2026-09-14T03:32:59.475146300Z</date>
  <millis>1789356779475</millis>
  <nanos>146300</nanos>
  <sequence>114</sequence>
  <level>END</level>
  <class>com.kms.katalon.core.logging.XmlKeywordLogger</class>
  <method>endKeyword</method>
  <thread>1</thread>
  <message>End action : click(findTestObject(&amp;quot;Data UI/Login/btnForceLogout1&amp;quot;))</message>
  <nestedLevel>1</nestedLevel>
  <escapedJava>false</escapedJava>
</record>
<record>
  <date>2026-09-14T03:32:59.476149900Z</date>
  <millis>1789356779476</millis>
  <nanos>149900</nanos>
  <sequence>115</sequence>
  <level>START</level>
  <class>com.kms.katalon.core.logging.XmlKeywordLogger</class>
  <method>startKeyword</method>
  <thread>1</thread>
  <message>Start action : setText(findTestObject(&amp;quot;Data UI/Login/inputUsernameForce&amp;quot;), &amp;quot;TTECH-0251&amp;quot;)</message>
  <nestedLevel>1</nestedLevel>
  <escapedJava>false</escapedJava>
  <property name="startLine">59</property>
  <property name="stepIndex">14</property>
</record>
<record>
  <date>2026-09-14T03:33:00.845761300Z</date>
  <millis>1789356780845</millis>
  <nanos>761300</nanos>
  <sequence>129</sequence>
  <level>PASSED</level>
  <class>com.kms.katalon.core.logging.XmlKeywordLogger</class>
  <method>logMessage</method>
  <thread>1</thread>
  <message>Text &amp;apos;TTECH-0251&amp;apos; is set on object &amp;apos;Object Repository/Data UI/Login/inputUsernameForce&amp;apos;</message>
  <nestedLevel>1</nestedLevel>
  <escapedJava>false</escapedJava>
  <property name="testops-method-name">com.kms.katalon.core.webui.keyword.internal.WebUIKeywordMain.runKeywordUntilTimeout</property>
  <property name="testops-execution-stacktrace">com.kms.katalon.core.logging.KeywordLogger.logPassed(KeywordLogger.java:332)
com.kms.katalon.core.logging.KeywordLogger.logPassed(KeywordLogger.java:327)
com.kms.katalon.core.webui.keyword.builtin.SetTextKeyword$_setText_closure1.doCall(SetTextKeyword.groovy:99)
java.base/jdk.internal.reflect.NativeMethodAccessorImpl.invoke0(Native Method)
java.base/jdk.internal.reflect.NativeMethodAccessorImpl.invoke(NativeMethodAccessorImpl.java:77)
java.base/jdk.internal.reflect.DelegatingMethodAccessorImpl.invoke(DelegatingMethodAccessorImpl.java:43)
jdk.proxy2/jdk.proxy2.$Proxy50.execute(Unknown Source)
com.kms.katalon.core.webui.model.SeleniumActionRetryController.performAction(SeleniumActionRetryController.java:96)
com.kms.katalon.core.webui.model.SeleniumActionRetryController.performAction(SeleniumActionRetryController.java:83)
com.kms.katalon.core.webui.keyword.internal.WebUIKeywordMain$_runKeywordUntilTimeout_closure1.doCall(WebUIKeywordMain.groovy:135)
com.kms.katalon.core.webui.keyword.internal.WebUIKeywordMain$_runKeywordUntilTimeout_closure1.call(WebUIKeywordMain.groovy)
com.kms.katalon.core.webui.keyword.internal.WebUIKeywordMain.runKeyword(WebUIKeywordMain.groovy:41)
com.kms.katalon.core.webui.keyword.internal.WebUIKeywordMain.runKeywordUntilTimeout(WebUIKeywordMain.groovy:133)
com.kms.katalon.core.webui.keyword.builtin.SetTextKeyword.setText(SetTextKeyword.groovy:106)
com.kms.katalon.core.webui.keyword.builtin.SetTextKeyword.execute(SetTextKeyword.groovy:49)
com.kms.katalon.core.keyword.internal.KeywordExecutor.executeKeywordForPlatform(KeywordExecutor.groovy:90)
com.kms.katalon.core.webui.keyword.WebUiBuiltInKeywords.setText(WebUiBuiltInKeywords.groovy:1081)
Login_BrinsBook.run(Login_BrinsBook:59)
</property>
</record>
<record>
  <date>2026-09-14T03:33:00.845761300Z</date>
  <millis>1789356780845</millis>
  <nanos>761300</nanos>
  <sequence>130</sequence>
  <level>END</level>
  <class>com.kms.katalon.core.logging.XmlKeywordLogger</class>
  <method>endKeyword</method>
  <thread>1</thread>
  <message>End action : setText(findTestObject(&amp;quot;Data UI/Login/inputUsernameForce&amp;quot;), &amp;quot;TTECH-0251&amp;quot;)</message>
  <nestedLevel>1</nestedLevel>
  <escapedJava>false</escapedJava>
</record>
<record>
  <date>2026-09-14T03:33:00.850450700Z</date>
  <millis>1789356780850</millis>
  <nanos>450700</nanos>
  <sequence>131</sequence>
  <level>START</level>
  <class>com.kms.katalon.core.logging.XmlKeywordLogger</class>
  <method>startKeyword</method>
  <thread>1</thread>
  <message>Start action : click(findTestObject(&amp;quot;Data UI/Login/btnForceLogout2&amp;quot;))</message>
  <nestedLevel>1</nestedLevel>
  <escapedJava>false</escapedJava>
  <property name="startLine">61</property>
  <property name="stepIndex">15</property>
</record>
<record>
  <date>2026-09-14T03:33:01.699494500Z</date>
  <millis>1789356781699</millis>
  <nanos>494500</nanos>
  <sequence>142</sequence>
  <level>PASSED</level>
  <class>com.kms.katalon.core.logging.XmlKeywordLogger</class>
  <method>logMessage</method>
  <thread>1</thread>
  <message>Object: &amp;apos;Object Repository/Data UI/Login/btnForceLogout2&amp;apos; is clicked on</message>
  <nestedLevel>1</nestedLevel>
  <escapedJava>false</escapedJava>
  <property name="testops-method-name">com.kms.katalon.core.webui.keyword.internal.WebUIKeywordMain.runKeywordUntilTimeout</property>
  <property name="testops-execution-stacktrace">com.kms.katalon.core.logging.KeywordLogger.logPassed(KeywordLogger.java:332)
com.kms.katalon.core.logging.KeywordLogger.logPassed(KeywordLogger.java:327)
com.kms.katalon.core.webui.keyword.builtin.ClickKeyword$_click_closure1.doCall(ClickKeyword.groovy:66)
java.base/jdk.internal.reflect.NativeMethodAccessorImpl.invoke0(Native Method)
java.base/jdk.internal.reflect.NativeMethodAccessorImpl.invoke(NativeMethodAccessorImpl.java:77)
java.base/jdk.internal.reflect.DelegatingMethodAccessorImpl.invoke(DelegatingMethodAccessorImpl.java:43)
jdk.proxy2/jdk.proxy2.$Proxy50.execute(Unknown Source)
com.kms.katalon.core.webui.model.SeleniumActionRetryController.performAction(SeleniumActionRetryController.java:96)
com.kms.katalon.core.webui.model.SeleniumActionRetryController.performAction(SeleniumActionRetryController.java:83)
com.kms.katalon.core.webui.keyword.internal.WebUIKeywordMain$_runKeywordUntilTimeout_closure1.doCall(WebUIKeywordMain.groovy:135)
com.kms.katalon.core.webui.keyword.internal.WebUIKeywordMain$_runKeywordUntilTimeout_closure1.call(WebUIKeywordMain.groovy)
com.kms.katalon.core.webui.keyword.internal.WebUIKeywordMain.runKeyword(WebUIKeywordMain.groovy:41)
com.kms.katalon.core.webui.keyword.internal.WebUIKeywordMain.runKeywordUntilTimeout(WebUIKeywordMain.groovy:133)
com.kms.katalon.core.webui.keyword.builtin.ClickKeyword.click(ClickKeyword.groovy:72)
com.kms.katalon.core.webui.keyword.builtin.ClickKeyword.execute(ClickKeyword.groovy:38)
com.kms.katalon.core.keyword.internal.KeywordExecutor.executeKeywordForPlatform(KeywordExecutor.groovy:90)
com.kms.katalon.core.webui.keyword.WebUiBuiltInKeywords.click(WebUiBuiltInKeywords.groovy:721)
Login_BrinsBook.run(Login_BrinsBook:61)
</property>
</record>
<record>
  <date>2026-09-14T03:33:01.703199400Z</date>
  <millis>1789356781703</millis>
  <nanos>199400</nanos>
  <sequence>143</sequence>
  <level>END</level>
  <class>com.kms.katalon.core.logging.XmlKeywordLogger</class>
  <method>endKeyword</method>
  <thread>1</thread>
  <message>End action : click(findTestObject(&amp;quot;Data UI/Login/btnForceLogout2&amp;quot;))</message>
  <nestedLevel>1</nestedLevel>
  <escapedJava>false</escapedJava>
</record>
<record>
  <date>2026-09-14T03:33:01.704097400Z</date>
  <millis>1789356781704</millis>
  <nanos>97400</nanos>
  <sequence>144</sequence>
  <level>START</level>
  <class>com.kms.katalon.core.logging.XmlKeywordLogger</class>
  <method>startKeyword</method>
  <thread>1</thread>
  <message>Start action : setText(findTestObject(&amp;quot;Data UI/Login/inputUsername&amp;quot;), &amp;quot;TTECH-0251&amp;quot;)</message>
  <nestedLevel>1</nestedLevel>
  <escapedJava>false</escapedJava>
  <property name="startLine">67</property>
  <property name="stepIndex">16</property>
</record>
<record>
  <date>2026-09-14T03:33:03.305458900Z</date>
  <millis>1789356783305</millis>
  <nanos>458900</nanos>
  <sequence>158</sequence>
  <level>PASSED</level>
  <class>com.kms.katalon.core.logging.XmlKeywordLogger</class>
  <method>logMessage</method>
  <thread>1</thread>
  <message>Text &amp;apos;TTECH-0251&amp;apos; is set on object &amp;apos;Object Repository/Data UI/Login/inputUsername&amp;apos;</message>
  <nestedLevel>1</nestedLevel>
  <escapedJava>false</escapedJava>
  <property name="testops-method-name">com.kms.katalon.core.webui.keyword.internal.WebUIKeywordMain.runKeywordUntilTimeout</property>
  <property name="testops-execution-stacktrace">com.kms.katalon.core.logging.KeywordLogger.logPassed(KeywordLogger.java:332)
com.kms.katalon.core.logging.KeywordLogger.logPassed(KeywordLogger.java:327)
com.kms.katalon.core.webui.keyword.builtin.SetTextKeyword$_setText_closure1.doCall(SetTextKeyword.groovy:99)
java.base/jdk.internal.reflect.NativeMethodAccessorImpl.invoke0(Native Method)
java.base/jdk.internal.reflect.NativeMethodAccessorImpl.invoke(NativeMethodAccessorImpl.java:77)
java.base/jdk.internal.reflect.DelegatingMethodAccessorImpl.invoke(DelegatingMethodAccessorImpl.java:43)
jdk.proxy2/jdk.proxy2.$Proxy50.execute(Unknown Source)
com.kms.katalon.core.webui.model.SeleniumActionRetryController.performAction(SeleniumActionRetryController.java:96)
com.kms.katalon.core.webui.model.SeleniumActionRetryController.performAction(SeleniumActionRetryController.java:83)
com.kms.katalon.core.webui.keyword.internal.WebUIKeywordMain$_runKeywordUntilTimeout_closure1.doCall(WebUIKeywordMain.groovy:135)
com.kms.katalon.core.webui.keyword.internal.WebUIKeywordMain$_runKeywordUntilTimeout_closure1.call(WebUIKeywordMain.groovy)
com.kms.katalon.core.webui.keyword.internal.WebUIKeywordMain.runKeyword(WebUIKeywordMain.groovy:41)
com.kms.katalon.core.webui.keyword.internal.WebUIKeywordMain.runKeywordUntilTimeout(WebUIKeywordMain.groovy:133)
com.kms.katalon.core.webui.keyword.builtin.SetTextKeyword.setText(SetTextKeyword.groovy:106)
com.kms.katalon.core.webui.keyword.builtin.SetTextKeyword.execute(SetTextKeyword.groovy:49)
com.kms.katalon.core.keyword.internal.KeywordExecutor.executeKeywordForPlatform(KeywordExecutor.groovy:90)
com.kms.katalon.core.webui.keyword.WebUiBuiltInKeywords.setText(WebUiBuiltInKeywords.groovy:1081)
Login_BrinsBook.run(Login_BrinsBook:67)
</property>
</record>
<record>
  <date>2026-09-14T03:33:03.310317800Z</date>
  <millis>1789356783310</millis>
  <nanos>317800</nanos>
  <sequence>159</sequence>
  <level>END</level>
  <class>com.kms.katalon.core.logging.XmlKeywordLogger</class>
  <method>endKeyword</method>
  <thread>1</thread>
  <message>End action : setText(findTestObject(&amp;quot;Data UI/Login/inputUsername&amp;quot;), &amp;quot;TTECH-0251&amp;quot;)</message>
  <nestedLevel>1</nestedLevel>
  <escapedJava>false</escapedJava>
</record>
<record>
  <date>2026-09-14T03:33:03.311378400Z</date>
  <millis>1789356783311</millis>
  <nanos>378400</nanos>
  <sequence>160</sequence>
  <level>START</level>
  <class>com.kms.katalon.core.logging.XmlKeywordLogger</class>
  <method>startKeyword</method>
  <thread>1</thread>
  <message>Start action : setText(findTestObject(&amp;quot;Data UI/Login/inputPassword&amp;quot;), &amp;quot;qwerty123&amp;quot;)</message>
  <nestedLevel>1</nestedLevel>
  <escapedJava>false</escapedJava>
  <property name="startLine">69</property>
  <property name="stepIndex">17</property>
</record>
<record>
  <date>2026-09-14T03:33:04.753292300Z</date>
  <millis>1789356784753</millis>
  <nanos>292300</nanos>
  <sequence>174</sequence>
  <level>PASSED</level>
  <class>com.kms.katalon.core.logging.XmlKeywordLogger</class>
  <method>logMessage</method>
  <thread>1</thread>
  <message>Text &amp;apos;qwerty123&amp;apos; is set on object &amp;apos;Object Repository/Data UI/Login/inputPassword&amp;apos;</message>
  <nestedLevel>1</nestedLevel>
  <escapedJava>false</escapedJava>
  <property name="testops-method-name">com.kms.katalon.core.webui.keyword.internal.WebUIKeywordMain.runKeywordUntilTimeout</property>
  <property name="testops-execution-stacktrace">com.kms.katalon.core.logging.KeywordLogger.logPassed(KeywordLogger.java:332)
com.kms.katalon.core.logging.KeywordLogger.logPassed(KeywordLogger.java:327)
com.kms.katalon.core.webui.keyword.builtin.SetTextKeyword$_setText_closure1.doCall(SetTextKeyword.groovy:99)
java.base/jdk.internal.reflect.NativeMethodAccessorImpl.invoke0(Native Method)
java.base/jdk.internal.reflect.NativeMethodAccessorImpl.invoke(NativeMethodAccessorImpl.java:77)
java.base/jdk.internal.reflect.DelegatingMethodAccessorImpl.invoke(DelegatingMethodAccessorImpl.java:43)
jdk.proxy2/jdk.proxy2.$Proxy50.execute(Unknown Source)
com.kms.katalon.core.webui.model.SeleniumActionRetryController.performAction(SeleniumActionRetryController.java:96)
com.kms.katalon.core.webui.model.SeleniumActionRetryController.performAction(SeleniumActionRetryController.java:83)
com.kms.katalon.core.webui.keyword.internal.WebUIKeywordMain$_runKeywordUntilTimeout_closure1.doCall(WebUIKeywordMain.groovy:135)
com.kms.katalon.core.webui.keyword.internal.WebUIKeywordMain$_runKeywordUntilTimeout_closure1.call(WebUIKeywordMain.groovy)
com.kms.katalon.core.webui.keyword.internal.WebUIKeywordMain.runKeyword(WebUIKeywordMain.groovy:41)
com.kms.katalon.core.webui.keyword.internal.WebUIKeywordMain.runKeywordUntilTimeout(WebUIKeywordMain.groovy:133)
com.kms.katalon.core.webui.keyword.builtin.SetTextKeyword.setText(SetTextKeyword.groovy:106)
com.kms.katalon.core.webui.keyword.builtin.SetTextKeyword.execute(SetTextKeyword.groovy:49)
com.kms.katalon.core.keyword.internal.KeywordExecutor.executeKeywordForPlatform(KeywordExecutor.groovy:90)
com.kms.katalon.core.webui.keyword.WebUiBuiltInKeywords.setText(WebUiBuiltInKeywords.groovy:1081)
Login_BrinsBook.run(Login_BrinsBook:69)
</property>
</record>
<record>
  <date>2026-09-14T03:33:04.757757700Z</date>
  <millis>1789356784757</millis>
  <nanos>757700</nanos>
  <sequence>175</sequence>
  <level>END</level>
  <class>com.kms.katalon.core.logging.XmlKeywordLogger</class>
  <method>endKeyword</method>
  <thread>1</thread>
  <message>End action : setText(findTestObject(&amp;quot;Data UI/Login/inputPassword&amp;quot;), &amp;quot;qwerty123&amp;quot;)</message>
  <nestedLevel>1</nestedLevel>
  <escapedJava>false</escapedJava>
</record>
<record>
  <date>2026-09-14T03:33:04.758693200Z</date>
  <millis>1789356784758</millis>
  <nanos>693200</nanos>
  <sequence>176</sequence>
  <level>START</level>
  <class>com.kms.katalon.core.logging.XmlKeywordLogger</class>
  <method>startKeyword</method>
  <thread>1</thread>
  <message>Start action : click(findTestObject(&amp;quot;Data UI/Login/btnPortal&amp;quot;))</message>
  <nestedLevel>1</nestedLevel>
  <escapedJava>false</escapedJava>
  <property name="startLine">71</property>
  <property name="stepIndex">18</property>
</record>
<record>
  <date>2026-09-14T03:33:08.676724400Z</date>
  <millis>1789356788676</millis>
  <nanos>724400</nanos>
  <sequence>187</sequence>
  <level>PASSED</level>
  <class>com.kms.katalon.core.logging.XmlKeywordLogger</class>
  <method>logMessage</method>
  <thread>1</thread>
  <message>Object: &amp;apos;Object Repository/Data UI/Login/btnPortal&amp;apos; is clicked on</message>
  <nestedLevel>1</nestedLevel>
  <escapedJava>false</escapedJava>
  <property name="testops-method-name">com.kms.katalon.core.webui.keyword.internal.WebUIKeywordMain.runKeywordUntilTimeout</property>
  <property name="testops-execution-stacktrace">com.kms.katalon.core.logging.KeywordLogger.logPassed(KeywordLogger.java:332)
com.kms.katalon.core.logging.KeywordLogger.logPassed(KeywordLogger.java:327)
com.kms.katalon.core.webui.keyword.builtin.ClickKeyword$_click_closure1.doCall(ClickKeyword.groovy:66)
java.base/jdk.internal.reflect.NativeMethodAccessorImpl.invoke0(Native Method)
java.base/jdk.internal.reflect.NativeMethodAccessorImpl.invoke(NativeMethodAccessorImpl.java:77)
java.base/jdk.internal.reflect.DelegatingMethodAccessorImpl.invoke(DelegatingMethodAccessorImpl.java:43)
jdk.proxy2/jdk.proxy2.$Proxy50.execute(Unknown Source)
com.kms.katalon.core.webui.model.SeleniumActionRetryController.performAction(SeleniumActionRetryController.java:96)
com.kms.katalon.core.webui.model.SeleniumActionRetryController.performAction(SeleniumActionRetryController.java:83)
com.kms.katalon.core.webui.keyword.internal.WebUIKeywordMain$_runKeywordUntilTimeout_closure1.doCall(WebUIKeywordMain.groovy:135)
com.kms.katalon.core.webui.keyword.internal.WebUIKeywordMain$_runKeywordUntilTimeout_closure1.call(WebUIKeywordMain.groovy)
com.kms.katalon.core.webui.keyword.internal.WebUIKeywordMain.runKeyword(WebUIKeywordMain.groovy:41)
com.kms.katalon.core.webui.keyword.internal.WebUIKeywordMain.runKeywordUntilTimeout(WebUIKeywordMain.groovy:133)
com.kms.katalon.core.webui.keyword.builtin.ClickKeyword.click(ClickKeyword.groovy:72)
com.kms.katalon.core.webui.keyword.builtin.ClickKeyword.execute(ClickKeyword.groovy:38)
com.kms.katalon.core.keyword.internal.KeywordExecutor.executeKeywordForPlatform(KeywordExecutor.groovy:90)
com.kms.katalon.core.webui.keyword.WebUiBuiltInKeywords.click(WebUiBuiltInKeywords.groovy:721)
Login_BrinsBook.run(Login_BrinsBook:71)
</property>
</record>
<record>
  <date>2026-09-14T03:33:08.680742500Z</date>
  <millis>1789356788680</millis>
  <nanos>742500</nanos>
  <sequence>188</sequence>
  <level>END</level>
  <class>com.kms.katalon.core.logging.XmlKeywordLogger</class>
  <method>endKeyword</method>
  <thread>1</thread>
  <message>End action : click(findTestObject(&amp;quot;Data UI/Login/btnPortal&amp;quot;))</message>
  <nestedLevel>1</nestedLevel>
  <escapedJava>false</escapedJava>
</record>
<record>
  <date>2026-09-14T03:33:08.681242300Z</date>
  <millis>1789356788681</millis>
  <nanos>242300</nanos>
  <sequence>189</sequence>
  <level>START</level>
  <class>com.kms.katalon.core.logging.XmlKeywordLogger</class>
  <method>startKeyword</method>
  <thread>1</thread>
  <message>Start action : delay(3)</message>
  <nestedLevel>1</nestedLevel>
  <escapedJava>false</escapedJava>
  <property name="startLine">73</property>
  <property name="stepIndex">19</property>
</record>
<record>
  <date>2026-09-14T03:33:11.691664500Z</date>
  <millis>1789356791691</millis>
  <nanos>664500</nanos>
  <sequence>192</sequence>
  <level>PASSED</level>
  <class>com.kms.katalon.core.logging.XmlKeywordLogger</class>
  <method>logMessage</method>
  <thread>1</thread>
  <message>Delayed 3 second(s)</message>
  <nestedLevel>1</nestedLevel>
  <escapedJava>false</escapedJava>
  <property name="testops-method-name">com.kms.katalon.core.keyword.builtin.DelayKeyword.delay</property>
  <property name="testops-execution-stacktrace"></property>
</record>
<record>
  <date>2026-09-14T03:33:11.694345500Z</date>
  <millis>1789356791694</millis>
  <nanos>345500</nanos>
  <sequence>193</sequence>
  <level>END</level>
  <class>com.kms.katalon.core.logging.XmlKeywordLogger</class>
  <method>endKeyword</method>
  <thread>1</thread>
  <message>End action : delay(3)</message>
  <nestedLevel>1</nestedLevel>
  <escapedJava>false</escapedJava>
</record>
<record>
  <date>2026-09-14T03:33:11.695410900Z</date>
  <millis>1789356791695</millis>
  <nanos>410900</nanos>
  <sequence>194</sequence>
  <level>START</level>
  <class>com.kms.katalon.core.logging.XmlKeywordLogger</class>
  <method>startKeyword</method>
  <thread>1</thread>
  <message>Start action : verifyElementPresent(findTestObject(&amp;quot;Data UI/Menu/Brinsbook&amp;quot;), 10)</message>
  <nestedLevel>1</nestedLevel>
  <escapedJava>false</escapedJava>
  <property name="startLine">76</property>
  <property name="stepIndex">20</property>
</record>
<record>
  <date>2026-09-14T03:33:12.093923600Z</date>
  <millis>1789356792093</millis>
  <nanos>923600</nanos>
  <sequence>200</sequence>
  <level>PASSED</level>
  <class>com.kms.katalon.core.logging.XmlKeywordLogger</class>
  <method>logMessage</method>
  <thread>1</thread>
  <message>Object &amp;apos;Object Repository/Data UI/Menu/Brinsbook&amp;apos; is present</message>
  <nestedLevel>1</nestedLevel>
  <escapedJava>false</escapedJava>
  <property name="testops-is-assertion">true</property>
  <property name="testops-method-name">com.kms.katalon.core.webui.keyword.builtin.VerifyElementPresentKeyword.verifyElementPresent</property>
  <property name="testops-execution-stacktrace"></property>
</record>
<record>
  <date>2026-09-14T03:33:12.097702800Z</date>
  <millis>1789356792097</millis>
  <nanos>702800</nanos>
  <sequence>201</sequence>
  <level>END</level>
  <class>com.kms.katalon.core.logging.XmlKeywordLogger</class>
  <method>endKeyword</method>
  <thread>1</thread>
  <message>End action : verifyElementPresent(findTestObject(&amp;quot;Data UI/Menu/Brinsbook&amp;quot;), 10)</message>
  <nestedLevel>1</nestedLevel>
  <escapedJava>false</escapedJava>
</record>
<record>
  <date>2026-09-14T03:33:12.097814300Z</date>
  <millis>1789356792097</millis>
  <nanos>814300</nanos>
  <sequence>202</sequence>
  <level>START</level>
  <class>com.kms.katalon.core.logging.XmlKeywordLogger</class>
  <method>startKeyword</method>
  <thread>1</thread>
  <message>Start action : delay(1)</message>
  <nestedLevel>1</nestedLevel>
  <escapedJava>false</escapedJava>
  <property name="startLine">79</property>
  <property name="stepIndex">21</property>
</record>
<record>
  <date>2026-09-14T03:33:13.115848700Z</date>
  <millis>1789356793115</millis>
  <nanos>848700</nanos>
  <sequence>205</sequence>
  <level>PASSED</level>
  <class>com.kms.katalon.core.logging.XmlKeywordLogger</class>
  <method>logMessage</method>
  <thread>1</thread>
  <message>Delayed 1 second(s)</message>
  <nestedLevel>1</nestedLevel>
  <escapedJava>false</escapedJava>
  <property name="testops-method-name">com.kms.katalon.core.keyword.builtin.DelayKeyword.delay</property>
  <property name="testops-execution-stacktrace"></property>
</record>
<record>
  <date>2026-09-14T03:33:13.118610700Z</date>
  <millis>1789356793118</millis>
  <nanos>610700</nanos>
  <sequence>206</sequence>
  <level>END</level>
  <class>com.kms.katalon.core.logging.XmlKeywordLogger</class>
  <method>endKeyword</method>
  <thread>1</thread>
  <message>End action : delay(1)</message>
  <nestedLevel>1</nestedLevel>
  <escapedJava>false</escapedJava>
</record>
<record>
  <date>2026-09-14T03:33:13.118817400Z</date>
  <millis>1789356793118</millis>
  <nanos>817400</nanos>
  <sequence>207</sequence>
  <level>START</level>
  <class>com.kms.katalon.core.logging.XmlKeywordLogger</class>
  <method>startKeyword</method>
  <thread>1</thread>
  <message>Start action : screenshotPathFailed2 = $projectDir/Screenshots/Evidence_POSITIVE_Menu BRINS Book_$timestamp.png</message>
  <nestedLevel>1</nestedLevel>
  <escapedJava>false</escapedJava>
  <property name="startLine">81</property>
  <property name="stepIndex">22</property>
</record>
<record>
  <date>2026-09-14T03:33:13.179326900Z</date>
  <millis>1789356793179</millis>
  <nanos>326900</nanos>
  <sequence>208</sequence>
  <level>END</level>
  <class>com.kms.katalon.core.logging.XmlKeywordLogger</class>
  <method>endKeyword</method>
  <thread>1</thread>
  <message>End action : screenshotPathFailed2 = $projectDir/Screenshots/Evidence_POSITIVE_Menu BRINS Book_$timestamp.png</message>
  <nestedLevel>1</nestedLevel>
  <escapedJava>false</escapedJava>
</record>
<record>
  <date>2026-09-14T03:33:13.179828Z</date>
  <millis>1789356793179</millis>
  <nanos>828000</nanos>
  <sequence>209</sequence>
  <level>START</level>
  <class>com.kms.katalon.core.logging.XmlKeywordLogger</class>
  <method>startKeyword</method>
  <thread>1</thread>
  <message>Start action : takeScreenshot(screenshotPathFailed2)</message>
  <nestedLevel>1</nestedLevel>
  <escapedJava>false</escapedJava>
  <property name="startLine">83</property>
  <property name="stepIndex">23</property>
</record>
<record>
  <date>2026-09-14T03:33:13.673408200Z</date>
  <millis>1789356793673</millis>
  <nanos>408200</nanos>
  <sequence>212</sequence>
  <level>PASSED</level>
  <class>com.kms.katalon.core.logging.XmlKeywordLogger</class>
  <method>logMessage</method>
  <thread>1</thread>
  <message>Taking screenshot successfully</message>
  <nestedLevel>1</nestedLevel>
  <escapedJava>false</escapedJava>
  <property name="attachment">C:/Users/TTECH-0251/git/AutoAPI/Screenshots/Evidence_POSITIVE_Menu BRINS Book_14.09.2026_(10.32.43).png</property>
  <property name="testops-method-name">com.kms.katalon.core.webui.keyword.builtin.TakeScreenshotKeyword.takeScreenshot</property>
  <property name="testops-execution-stacktrace"></property>
</record>
<record>
  <date>2026-09-14T03:33:13.676386900Z</date>
  <millis>1789356793676</millis>
  <nanos>386900</nanos>
  <sequence>213</sequence>
  <level>END</level>
  <class>com.kms.katalon.core.logging.XmlKeywordLogger</class>
  <method>endKeyword</method>
  <thread>1</thread>
  <message>End action : takeScreenshot(screenshotPathFailed2)</message>
  <nestedLevel>1</nestedLevel>
  <escapedJava>false</escapedJava>
</record>
<record>
  <date>2026-09-14T03:33:13.676386900Z</date>
  <millis>1789356793676</millis>
  <nanos>386900</nanos>
  <sequence>214</sequence>
  <level>START</level>
  <class>com.kms.katalon.core.logging.XmlKeywordLogger</class>
  <method>startKeyword</method>
  <thread>1</thread>
  <message>Start action : click(findTestObject(&amp;quot;Data UI/Menu/Brinsbook&amp;quot;))</message>
  <nestedLevel>1</nestedLevel>
  <escapedJava>false</escapedJava>
  <property name="startLine">85</property>
  <property name="stepIndex">24</property>
</record>
<record>
  <date>2026-09-14T03:33:14.640018200Z</date>
  <millis>1789356794640</millis>
  <nanos>18200</nanos>
  <sequence>225</sequence>
  <level>PASSED</level>
  <class>com.kms.katalon.core.logging.XmlKeywordLogger</class>
  <method>logMessage</method>
  <thread>1</thread>
  <message>Object: &amp;apos;Object Repository/Data UI/Menu/Brinsbook&amp;apos; is clicked on</message>
  <nestedLevel>1</nestedLevel>
  <escapedJava>false</escapedJava>
  <property name="testops-method-name">com.kms.katalon.core.webui.keyword.internal.WebUIKeywordMain.runKeywordUntilTimeout</property>
  <property name="testops-execution-stacktrace">com.kms.katalon.core.logging.KeywordLogger.logPassed(KeywordLogger.java:332)
com.kms.katalon.core.logging.KeywordLogger.logPassed(KeywordLogger.java:327)
com.kms.katalon.core.webui.keyword.builtin.ClickKeyword$_click_closure1.doCall(ClickKeyword.groovy:66)
java.base/jdk.internal.reflect.NativeMethodAccessorImpl.invoke0(Native Method)
java.base/jdk.internal.reflect.NativeMethodAccessorImpl.invoke(NativeMethodAccessorImpl.java:77)
java.base/jdk.internal.reflect.DelegatingMethodAccessorImpl.invoke(DelegatingMethodAccessorImpl.java:43)
jdk.proxy2/jdk.proxy2.$Proxy50.execute(Unknown Source)
com.kms.katalon.core.webui.model.SeleniumActionRetryController.performAction(SeleniumActionRetryController.java:96)
com.kms.katalon.core.webui.model.SeleniumActionRetryController.performAction(SeleniumActionRetryController.java:83)
com.kms.katalon.core.webui.keyword.internal.WebUIKeywordMain$_runKeywordUntilTimeout_closure1.doCall(WebUIKeywordMain.groovy:135)
com.kms.katalon.core.webui.keyword.internal.WebUIKeywordMain$_runKeywordUntilTimeout_closure1.call(WebUIKeywordMain.groovy)
com.kms.katalon.core.webui.keyword.internal.WebUIKeywordMain.runKeyword(WebUIKeywordMain.groovy:41)
com.kms.katalon.core.webui.keyword.internal.WebUIKeywordMain.runKeywordUntilTimeout(WebUIKeywordMain.groovy:133)
com.kms.katalon.core.webui.keyword.builtin.ClickKeyword.click(ClickKeyword.groovy:72)
com.kms.katalon.core.webui.keyword.builtin.ClickKeyword.execute(ClickKeyword.groovy:38)
com.kms.katalon.core.keyword.internal.KeywordExecutor.executeKeywordForPlatform(KeywordExecutor.groovy:90)
com.kms.katalon.core.webui.keyword.WebUiBuiltInKeywords.click(WebUiBuiltInKeywords.groovy:721)
Login_BrinsBook.run(Login_BrinsBook:85)
</property>
</record>
<record>
  <date>2026-09-14T03:33:14.643179Z</date>
  <millis>1789356794643</millis>
  <nanos>179000</nanos>
  <sequence>226</sequence>
  <level>END</level>
  <class>com.kms.katalon.core.logging.XmlKeywordLogger</class>
  <method>endKeyword</method>
  <thread>1</thread>
  <message>End action : click(findTestObject(&amp;quot;Data UI/Menu/Brinsbook&amp;quot;))</message>
  <nestedLevel>1</nestedLevel>
  <escapedJava>false</escapedJava>
</record>
<record>
  <date>2026-09-14T03:33:14.643179Z</date>
  <millis>1789356794643</millis>
  <nanos>179000</nanos>
  <sequence>227</sequence>
  <level>START</level>
  <class>com.kms.katalon.core.logging.XmlKeywordLogger</class>
  <method>startKeyword</method>
  <thread>1</thread>
  <message>Start action : delay(2)</message>
  <nestedLevel>1</nestedLevel>
  <escapedJava>false</escapedJava>
  <property name="startLine">87</property>
  <property name="stepIndex">25</property>
</record>
<record>
  <date>2026-09-14T03:33:16.661857900Z</date>
  <millis>1789356796661</millis>
  <nanos>857900</nanos>
  <sequence>230</sequence>
  <level>PASSED</level>
  <class>com.kms.katalon.core.logging.XmlKeywordLogger</class>
  <method>logMessage</method>
  <thread>1</thread>
  <message>Delayed 2 second(s)</message>
  <nestedLevel>1</nestedLevel>
  <escapedJava>false</escapedJava>
  <property name="testops-method-name">com.kms.katalon.core.keyword.builtin.DelayKeyword.delay</property>
  <property name="testops-execution-stacktrace"></property>
</record>
<record>
  <date>2026-09-14T03:33:16.662727Z</date>
  <millis>1789356796662</millis>
  <nanos>727000</nanos>
  <sequence>231</sequence>
  <level>END</level>
  <class>com.kms.katalon.core.logging.XmlKeywordLogger</class>
  <method>endKeyword</method>
  <thread>1</thread>
  <message>End action : delay(2)</message>
  <nestedLevel>1</nestedLevel>
  <escapedJava>false</escapedJava>
</record>
<record>
  <date>2026-09-14T03:33:16.662727Z</date>
  <millis>1789356796662</millis>
  <nanos>727000</nanos>
  <sequence>232</sequence>
  <level>PASSED</level>
  <class>com.kms.katalon.core.logging.XmlKeywordLogger</class>
  <method>logMessage</method>
  <thread>1</thread>
  <message>Test Cases/DATA UI/Login/Login_BrinsBook</message>
  <nestedLevel>1</nestedLevel>
  <escapedJava>false</escapedJava>
</record>
<record>
  <date>2026-09-14T03:33:16.663228700Z</date>
  <millis>1789356796663</millis>
  <nanos>228700</nanos>
  <sequence>233</sequence>
  <level>START</level>
  <class>com.kms.katalon.core.logging.XmlKeywordLogger</class>
  <method>startKeyword</method>
  <thread>1</thread>
  <message>Start listener action : takeScreenshotAfterTestCase</message>
  <nestedLevel>1</nestedLevel>
  <escapedJava>false</escapedJava>
</record>
<record>
  <date>2026-09-14T03:33:16.667714500Z</date>
  <millis>1789356796667</millis>
  <nanos>714500</nanos>
  <sequence>235</sequence>
  <level>START</level>
  <class>com.kms.katalon.core.logging.XmlKeywordLogger</class>
  <method>startKeyword</method>
  <thread>1</thread>
  <message>Start action : timestamp = Date().format(&amp;quot;dd.MM.yyyy_(HH.mm.ss)&amp;quot;)</message>
  <nestedLevel>1</nestedLevel>
  <escapedJava>false</escapedJava>
  <property name="startLine">17</property>
  <property name="stepIndex">1</property>
</record>
<record>
  <date>2026-09-14T03:33:16.671946500Z</date>
  <millis>1789356796671</millis>
  <nanos>946500</nanos>
  <sequence>236</sequence>
  <level>END</level>
  <class>com.kms.katalon.core.logging.XmlKeywordLogger</class>
  <method>endKeyword</method>
  <thread>1</thread>
  <message>End action : timestamp = Date().format(&amp;quot;dd.MM.yyyy_(HH.mm.ss)&amp;quot;)</message>
  <nestedLevel>1</nestedLevel>
  <escapedJava>false</escapedJava>
</record>
<record>
  <date>2026-09-14T03:33:16.671946500Z</date>
  <millis>1789356796671</millis>
  <nanos>946500</nanos>
  <sequence>237</sequence>
  <level>START</level>
  <class>com.kms.katalon.core.logging.XmlKeywordLogger</class>
  <method>startKeyword</method>
  <thread>1</thread>
  <message>Start action : projectDir = getProjectDir()</message>
  <nestedLevel>1</nestedLevel>
  <escapedJava>false</escapedJava>
  <property name="startLine">18</property>
  <property name="stepIndex">2</property>
</record>
<record>
  <date>2026-09-14T03:33:16.676560200Z</date>
  <millis>1789356796676</millis>
  <nanos>560200</nanos>
  <sequence>238</sequence>
  <level>END</level>
  <class>com.kms.katalon.core.logging.XmlKeywordLogger</class>
  <method>endKeyword</method>
  <thread>1</thread>
  <message>End action : projectDir = getProjectDir()</message>
  <nestedLevel>1</nestedLevel>
  <escapedJava>false</escapedJava>
</record>
<record>
  <date>2026-09-14T03:33:16.677274200Z</date>
  <millis>1789356796677</millis>
  <nanos>274200</nanos>
  <sequence>239</sequence>
  <level>START</level>
  <class>com.kms.katalon.core.logging.XmlKeywordLogger</class>
  <method>startKeyword</method>
  <thread>1</thread>
  <message>Start action : testCaseName = getTestCaseId().replace(&amp;quot;/&amp;quot;, &amp;quot;_&amp;quot;)</message>
  <nestedLevel>1</nestedLevel>
  <escapedJava>false</escapedJava>
  <property name="startLine">19</property>
  <property name="stepIndex">3</property>
</record>
<record>
  <date>2026-09-14T03:33:16.708227200Z</date>
  <millis>1789356796708</millis>
  <nanos>227200</nanos>
  <sequence>240</sequence>
  <level>END</level>
  <class>com.kms.katalon.core.logging.XmlKeywordLogger</class>
  <method>endKeyword</method>
  <thread>1</thread>
  <message>End action : testCaseName = getTestCaseId().replace(&amp;quot;/&amp;quot;, &amp;quot;_&amp;quot;)</message>
  <nestedLevel>1</nestedLevel>
  <escapedJava>false</escapedJava>
</record>
<record>
  <date>2026-09-14T03:33:16.709463700Z</date>
  <millis>1789356796709</millis>
  <nanos>463700</nanos>
  <sequence>241</sequence>
  <level>START</level>
  <class>com.kms.katalon.core.logging.XmlKeywordLogger</class>
  <method>startKeyword</method>
  <thread>1</thread>
  <message>Start action : status = testCaseContext.getTestCaseStatus()</message>
  <nestedLevel>1</nestedLevel>
  <escapedJava>false</escapedJava>
  <property name="startLine">21</property>
  <property name="stepIndex">4</property>
</record>
<record>
  <date>2026-09-14T03:33:16.712916600Z</date>
  <millis>1789356796712</millis>
  <nanos>916600</nanos>
  <sequence>242</sequence>
  <level>END</level>
  <class>com.kms.katalon.core.logging.XmlKeywordLogger</class>
  <method>endKeyword</method>
  <thread>1</thread>
  <message>End action : status = testCaseContext.getTestCaseStatus()</message>
  <nestedLevel>1</nestedLevel>
  <escapedJava>false</escapedJava>
</record>
<record>
  <date>2026-09-14T03:33:16.713922Z</date>
  <millis>1789356796713</millis>
  <nanos>922000</nanos>
  <sequence>243</sequence>
  <level>START</level>
  <class>com.kms.katalon.core.logging.XmlKeywordLogger</class>
  <method>startKeyword</method>
  <thread>1</thread>
  <message>Start action : fullPath = $projectDir/Screenshots/Evidence_$status_$timestamp.png</message>
  <nestedLevel>1</nestedLevel>
  <escapedJava>false</escapedJava>
  <property name="startLine">25</property>
  <property name="stepIndex">5</property>
</record>
<record>
  <date>2026-09-14T03:33:16.716495100Z</date>
  <millis>1789356796716</millis>
  <nanos>495100</nanos>
  <sequence>244</sequence>
  <level>END</level>
  <class>com.kms.katalon.core.logging.XmlKeywordLogger</class>
  <method>endKeyword</method>
  <thread>1</thread>
  <message>End action : fullPath = $projectDir/Screenshots/Evidence_$status_$timestamp.png</message>
  <nestedLevel>1</nestedLevel>
  <escapedJava>false</escapedJava>
</record>
<record>
  <date>2026-09-14T03:33:16.717495500Z</date>
  <millis>1789356796717</millis>
  <nanos>495500</nanos>
  <sequence>245</sequence>
  <level>START</level>
  <class>com.kms.katalon.core.logging.XmlKeywordLogger</class>
  <method>startKeyword</method>
  <thread>1</thread>
  <message>Start action : takeScreenshot(fullPath)</message>
  <nestedLevel>1</nestedLevel>
  <escapedJava>false</escapedJava>
  <property name="startLine">28</property>
  <property name="stepIndex">6</property>
</record>
<record>
  <date>2026-09-14T03:33:17.111300600Z</date>
  <millis>1789356797111</millis>
  <nanos>300600</nanos>
  <sequence>248</sequence>
  <level>PASSED</level>
  <class>com.kms.katalon.core.logging.XmlKeywordLogger</class>
  <method>logMessage</method>
  <thread>1</thread>
  <message>Taking screenshot successfully</message>
  <nestedLevel>1</nestedLevel>
  <escapedJava>false</escapedJava>
  <property name="attachment">C:/Users/TTECH-0251/git/AutoAPI/Screenshots/Evidence_PASSED_14.09.2026_(10.33.16).png</property>
  <property name="testops-method-name">com.kms.katalon.core.webui.keyword.builtin.TakeScreenshotKeyword.takeScreenshot</property>
  <property name="testops-execution-stacktrace"></property>
</record>
<record>
  <date>2026-09-14T03:33:17.114424600Z</date>
  <millis>1789356797114</millis>
  <nanos>424600</nanos>
  <sequence>249</sequence>
  <level>END</level>
  <class>com.kms.katalon.core.logging.XmlKeywordLogger</class>
  <method>endKeyword</method>
  <thread>1</thread>
  <message>End action : takeScreenshot(fullPath)</message>
  <nestedLevel>1</nestedLevel>
  <escapedJava>false</escapedJava>
</record>
<record>
  <date>2026-09-14T03:33:17.114925Z</date>
  <millis>1789356797114</millis>
  <nanos>925000</nanos>
  <sequence>250</sequence>
  <level>START</level>
  <class>com.kms.katalon.core.logging.XmlKeywordLogger</class>
  <method>startKeyword</method>
  <thread>1</thread>
  <message>Start action : println(&amp;quot;Screenshot disimpan: &amp;quot; + fullPath)</message>
  <nestedLevel>1</nestedLevel>
  <escapedJava>false</escapedJava>
  <property name="startLine">30</property>
  <property name="stepIndex">7</property>
</record>
<record>
  <date>2026-09-14T03:33:17.126781500Z</date>
  <millis>1789356797126</millis>
  <nanos>781500</nanos>
  <sequence>252</sequence>
  <level>END</level>
  <class>com.kms.katalon.core.logging.XmlKeywordLogger</class>
  <method>endKeyword</method>
  <thread>1</thread>
  <message>End action : println(&amp;quot;Screenshot disimpan: &amp;quot; + fullPath)</message>
  <nestedLevel>1</nestedLevel>
  <escapedJava>false</escapedJava>
</record>
<record>
  <date>2026-09-14T03:33:17.127722300Z</date>
  <millis>1789356797127</millis>
  <nanos>722300</nanos>
  <sequence>253</sequence>
  <level>END</level>
  <class>com.kms.katalon.core.logging.XmlKeywordLogger</class>
  <method>endKeyword</method>
  <thread>1</thread>
  <message>End listener action : takeScreenshotAfterTestCase</message>
  <nestedLevel>1</nestedLevel>
  <escapedJava>false</escapedJava>
</record>
<record>
  <date>2026-09-14T03:33:17.129855700Z</date>
  <millis>1789356797129</millis>
  <nanos>855700</nanos>
  <sequence>254</sequence>
  <level>END</level>
  <class>com.kms.katalon.core.logging.XmlKeywordLogger</class>
  <method>endTest</method>
  <thread>1</thread>
  <message>End Test Case : Test Cases/DATA UI/Login/Login_BrinsBook</message>
  <nestedLevel>0</nestedLevel>
  <escapedJava>false</escapedJava>
  <property name="executionBindingVariables">[]</property>
  <property name="applitools">false</property>
  <property name="remainingRetryCount">3</property>
  <property name="executedKeywords">{
  &quot;WebUI.verifyElementPresent&quot;: 1,
  &quot;WebUI.click&quot;: 5,
  &quot;WebUI.takeScreenshot&quot;: 2,
  &quot;WebUI.verifyTextPresent&quot;: 1,
  &quot;WebUI.openBrowser&quot;: 1,
  &quot;BuiltIn.delay&quot;: 5,
  &quot;WebUI.setText&quot;: 5,
  &quot;WebUI.back&quot;: 1
}</property>
  <property name="currentRetryCount">0</property>
  <property name="keywordsUsage">{
  &quot;web_ui&quot;: true,
  &quot;web_service&quot;: false,
  &quot;cucumber&quot;: false,
  &quot;builtin&quot;: true,
  &quot;mobile&quot;: false,
  &quot;windows&quot;: false,
  &quot;testng&quot;: false
}</property>
</record>
<record>
  <date>2026-09-14T03:33:17.143821900Z</date>
  <millis>1789356797143</millis>
  <nanos>821900</nanos>
  <sequence>255</sequence>
  <level>START</level>
  <class>com.kms.katalon.core.logging.XmlKeywordLogger</class>
  <method>startTest</method>
  <thread>1</thread>
  <message>Start Test Case : Test Cases/DATA UI/Filter FBI_Detail/Filter_FBI_Detail</message>
  <nestedLevel>1</nestedLevel>
  <escapedJava>false</escapedJava>
  <property name="remainingRetryCount">3</property>
  <property name="origin"></property>
  <property name="name">Test Cases/DATA UI/Filter FBI_Detail/Filter_FBI_Detail</property>
  <property name="description"></property>
  <property name="iteration"></property>
  <property name="id">Test Cases/DATA UI/Filter FBI_Detail/Filter_FBI_Detail</property>
  <property name="source">C:\Users\TTECH-0251\git\AutoAPI\Test Cases\DATA UI\Filter FBI_Detail\Filter_FBI_Detail.tc</property>
  <property name="tag"></property>
  <property name="isOptional">false</property>
  <property name="currentRetryCount">0</property>
</record>
<record>
  <date>2026-09-14T03:33:17.473806900Z</date>
  <millis>1789356797473</millis>
  <nanos>806900</nanos>
  <sequence>257</sequence>
  <level>START</level>
  <class>com.kms.katalon.core.logging.XmlKeywordLogger</class>
  <method>startKeyword</method>
  <thread>1</thread>
  <message>Start action : projectDir = getProjectDir()</message>
  <nestedLevel>1</nestedLevel>
  <escapedJava>false</escapedJava>
  <property name="startLine">21</property>
  <property name="stepIndex">1</property>
</record>
<record>
  <date>2026-09-14T03:33:17.478406500Z</date>
  <millis>1789356797478</millis>
  <nanos>406500</nanos>
  <sequence>258</sequence>
  <level>END</level>
  <class>com.kms.katalon.core.logging.XmlKeywordLogger</class>
  <method>endKeyword</method>
  <thread>1</thread>
  <message>End action : projectDir = getProjectDir()</message>
  <nestedLevel>1</nestedLevel>
  <escapedJava>false</escapedJava>
</record>
<record>
  <date>2026-09-14T03:33:17.478406500Z</date>
  <millis>1789356797478</millis>
  <nanos>406500</nanos>
  <sequence>259</sequence>
  <level>START</level>
  <class>com.kms.katalon.core.logging.XmlKeywordLogger</class>
  <method>startKeyword</method>
  <thread>1</thread>
  <message>Start action : timestamp = Date().format(&amp;quot;dd.MM.yyyy_(HH.mm.ss)&amp;quot;)</message>
  <nestedLevel>1</nestedLevel>
  <escapedJava>false</escapedJava>
  <property name="startLine">23</property>
  <property name="stepIndex">2</property>
</record>
<record>
  <date>2026-09-14T03:33:17.482478800Z</date>
  <millis>1789356797482</millis>
  <nanos>478800</nanos>
  <sequence>260</sequence>
  <level>END</level>
  <class>com.kms.katalon.core.logging.XmlKeywordLogger</class>
  <method>endKeyword</method>
  <thread>1</thread>
  <message>End action : timestamp = Date().format(&amp;quot;dd.MM.yyyy_(HH.mm.ss)&amp;quot;)</message>
  <nestedLevel>1</nestedLevel>
  <escapedJava>false</escapedJava>
</record>
<record>
  <date>2026-09-14T03:33:17.483476300Z</date>
  <millis>1789356797483</millis>
  <nanos>476300</nanos>
  <sequence>261</sequence>
  <level>START</level>
  <class>com.kms.katalon.core.logging.XmlKeywordLogger</class>
  <method>startKeyword</method>
  <thread>1</thread>
  <message>Start action : click(findTestObject(&amp;quot;Data UI/Menu/ReportingPortal&amp;quot;))</message>
  <nestedLevel>1</nestedLevel>
  <escapedJava>false</escapedJava>
  <property name="startLine">25</property>
  <property name="stepIndex">3</property>
</record>
<record>
  <date>2026-09-14T03:33:20.977232Z</date>
  <millis>1789356800977</millis>
  <nanos>232000</nanos>
  <sequence>272</sequence>
  <level>PASSED</level>
  <class>com.kms.katalon.core.logging.XmlKeywordLogger</class>
  <method>logMessage</method>
  <thread>1</thread>
  <message>Object: &amp;apos;Object Repository/Data UI/Menu/ReportingPortal&amp;apos; is clicked on</message>
  <nestedLevel>1</nestedLevel>
  <escapedJava>false</escapedJava>
  <property name="testops-method-name">com.kms.katalon.core.webui.keyword.internal.WebUIKeywordMain.runKeywordUntilTimeout</property>
  <property name="testops-execution-stacktrace">com.kms.katalon.core.logging.KeywordLogger.logPassed(KeywordLogger.java:332)
com.kms.katalon.core.logging.KeywordLogger.logPassed(KeywordLogger.java:327)
com.kms.katalon.core.webui.keyword.builtin.ClickKeyword$_click_closure1.doCall(ClickKeyword.groovy:66)
java.base/jdk.internal.reflect.NativeMethodAccessorImpl.invoke0(Native Method)
java.base/jdk.internal.reflect.NativeMethodAccessorImpl.invoke(NativeMethodAccessorImpl.java:77)
java.base/jdk.internal.reflect.DelegatingMethodAccessorImpl.invoke(DelegatingMethodAccessorImpl.java:43)
jdk.proxy2/jdk.proxy2.$Proxy50.execute(Unknown Source)
com.kms.katalon.core.webui.model.SeleniumActionRetryController.performAction(SeleniumActionRetryController.java:96)
com.kms.katalon.core.webui.model.SeleniumActionRetryController.performAction(SeleniumActionRetryController.java:83)
com.kms.katalon.core.webui.keyword.internal.WebUIKeywordMain$_runKeywordUntilTimeout_closure1.doCall(WebUIKeywordMain.groovy:135)
com.kms.katalon.core.webui.keyword.internal.WebUIKeywordMain$_runKeywordUntilTimeout_closure1.call(WebUIKeywordMain.groovy)
com.kms.katalon.core.webui.keyword.internal.WebUIKeywordMain.runKeyword(WebUIKeywordMain.groovy:41)
com.kms.katalon.core.webui.keyword.internal.WebUIKeywordMain.runKeywordUntilTimeout(WebUIKeywordMain.groovy:133)
com.kms.katalon.core.webui.keyword.builtin.ClickKeyword.click(ClickKeyword.groovy:72)
com.kms.katalon.core.webui.keyword.builtin.ClickKeyword.execute(ClickKeyword.groovy:38)
com.kms.katalon.core.keyword.internal.KeywordExecutor.executeKeywordForPlatform(KeywordExecutor.groovy:90)
com.kms.katalon.core.webui.keyword.WebUiBuiltInKeywords.click(WebUiBuiltInKeywords.groovy:721)
Filter_FBI_Detail.run(Filter_FBI_Detail:25)
</property>
</record>
<record>
  <date>2026-09-14T03:33:20.981846900Z</date>
  <millis>1789356800981</millis>
  <nanos>846900</nanos>
  <sequence>273</sequence>
  <level>END</level>
  <class>com.kms.katalon.core.logging.XmlKeywordLogger</class>
  <method>endKeyword</method>
  <thread>1</thread>
  <message>End action : click(findTestObject(&amp;quot;Data UI/Menu/ReportingPortal&amp;quot;))</message>
  <nestedLevel>1</nestedLevel>
  <escapedJava>false</escapedJava>
</record>
<record>
  <date>2026-09-14T03:33:20.981846900Z</date>
  <millis>1789356800981</millis>
  <nanos>846900</nanos>
  <sequence>274</sequence>
  <level>START</level>
  <class>com.kms.katalon.core.logging.XmlKeywordLogger</class>
  <method>startKeyword</method>
  <thread>1</thread>
  <message>Start action : scrollToElement(findTestObject(&amp;quot;Data UI/Menu/btnPilih&amp;quot;), 0)</message>
  <nestedLevel>1</nestedLevel>
  <escapedJava>false</escapedJava>
  <property name="startLine">27</property>
  <property name="stepIndex">4</property>
</record>
<record>
  <date>2026-09-14T03:33:21.024546600Z</date>
  <millis>1789356801024</millis>
  <nanos>546600</nanos>
  <sequence>280</sequence>
  <level>WARNING</level>
  <class>com.kms.katalon.core.logging.XmlKeywordLogger</class>
  <method>logMessage</method>
  <thread>1</thread>
  <message>Timeout &amp;apos;0&amp;apos; is invalid. Using default page load timeout: &amp;apos;10&amp;apos;</message>
  <nestedLevel>1</nestedLevel>
  <escapedJava>false</escapedJava>
</record>
<record>
  <date>2026-09-14T03:33:21.527600Z</date>
  <millis>1789356801527</millis>
  <nanos>600000</nanos>
  <sequence>286</sequence>
  <level>PASSED</level>
  <class>com.kms.katalon.core.logging.XmlKeywordLogger</class>
  <method>logMessage</method>
  <thread>1</thread>
  <message>Scroll to object &amp;apos;Object Repository/Data UI/Menu/btnPilih&amp;apos; successfully</message>
  <nestedLevel>1</nestedLevel>
  <escapedJava>false</escapedJava>
  <property name="testops-method-name">com.kms.katalon.core.webui.keyword.builtin.ScrollToElementKeyword.scrollToElement</property>
  <property name="testops-execution-stacktrace"></property>
</record>
<record>
  <date>2026-09-14T03:33:21.530681300Z</date>
  <millis>1789356801530</millis>
  <nanos>681300</nanos>
  <sequence>287</sequence>
  <level>END</level>
  <class>com.kms.katalon.core.logging.XmlKeywordLogger</class>
  <method>endKeyword</method>
  <thread>1</thread>
  <message>End action : scrollToElement(findTestObject(&amp;quot;Data UI/Menu/btnPilih&amp;quot;), 0)</message>
  <nestedLevel>1</nestedLevel>
  <escapedJava>false</escapedJava>
</record>
<record>
  <date>2026-09-14T03:33:21.530681300Z</date>
  <millis>1789356801530</millis>
  <nanos>681300</nanos>
  <sequence>288</sequence>
  <level>START</level>
  <class>com.kms.katalon.core.logging.XmlKeywordLogger</class>
  <method>startKeyword</method>
  <thread>1</thread>
  <message>Start action : click(findTestObject(&amp;quot;Data UI/Menu/btnPilih&amp;quot;))</message>
  <nestedLevel>1</nestedLevel>
  <escapedJava>false</escapedJava>
  <property name="startLine">29</property>
  <property name="stepIndex">5</property>
</record>
<record>
  <date>2026-09-14T03:33:23.283051900Z</date>
  <millis>1789356803283</millis>
  <nanos>51900</nanos>
  <sequence>299</sequence>
  <level>PASSED</level>
  <class>com.kms.katalon.core.logging.XmlKeywordLogger</class>
  <method>logMessage</method>
  <thread>1</thread>
  <message>Object: &amp;apos;Object Repository/Data UI/Menu/btnPilih&amp;apos; is clicked on</message>
  <nestedLevel>1</nestedLevel>
  <escapedJava>false</escapedJava>
  <property name="testops-method-name">com.kms.katalon.core.webui.keyword.internal.WebUIKeywordMain.runKeywordUntilTimeout</property>
  <property name="testops-execution-stacktrace">com.kms.katalon.core.logging.KeywordLogger.logPassed(KeywordLogger.java:332)
com.kms.katalon.core.logging.KeywordLogger.logPassed(KeywordLogger.java:327)
com.kms.katalon.core.webui.keyword.builtin.ClickKeyword$_click_closure1.doCall(ClickKeyword.groovy:66)
java.base/jdk.internal.reflect.NativeMethodAccessorImpl.invoke0(Native Method)
java.base/jdk.internal.reflect.NativeMethodAccessorImpl.invoke(NativeMethodAccessorImpl.java:77)
java.base/jdk.internal.reflect.DelegatingMethodAccessorImpl.invoke(DelegatingMethodAccessorImpl.java:43)
jdk.proxy2/jdk.proxy2.$Proxy50.execute(Unknown Source)
com.kms.katalon.core.webui.model.SeleniumActionRetryController.performAction(SeleniumActionRetryController.java:96)
com.kms.katalon.core.webui.model.SeleniumActionRetryController.performAction(SeleniumActionRetryController.java:83)
com.kms.katalon.core.webui.keyword.internal.WebUIKeywordMain$_runKeywordUntilTimeout_closure1.doCall(WebUIKeywordMain.groovy:135)
com.kms.katalon.core.webui.keyword.internal.WebUIKeywordMain$_runKeywordUntilTimeout_closure1.call(WebUIKeywordMain.groovy)
com.kms.katalon.core.webui.keyword.internal.WebUIKeywordMain.runKeyword(WebUIKeywordMain.groovy:41)
com.kms.katalon.core.webui.keyword.internal.WebUIKeywordMain.runKeywordUntilTimeout(WebUIKeywordMain.groovy:133)
com.kms.katalon.core.webui.keyword.builtin.ClickKeyword.click(ClickKeyword.groovy:72)
com.kms.katalon.core.webui.keyword.builtin.ClickKeyword.execute(ClickKeyword.groovy:38)
com.kms.katalon.core.keyword.internal.KeywordExecutor.executeKeywordForPlatform(KeywordExecutor.groovy:90)
com.kms.katalon.core.webui.keyword.WebUiBuiltInKeywords.click(WebUiBuiltInKeywords.groovy:721)
Filter_FBI_Detail.run(Filter_FBI_Detail:29)
</property>
</record>
<record>
  <date>2026-09-14T03:33:23.286817300Z</date>
  <millis>1789356803286</millis>
  <nanos>817300</nanos>
  <sequence>300</sequence>
  <level>END</level>
  <class>com.kms.katalon.core.logging.XmlKeywordLogger</class>
  <method>endKeyword</method>
  <thread>1</thread>
  <message>End action : click(findTestObject(&amp;quot;Data UI/Menu/btnPilih&amp;quot;))</message>
  <nestedLevel>1</nestedLevel>
  <escapedJava>false</escapedJava>
</record>
<record>
  <date>2026-09-14T03:33:23.287501600Z</date>
  <millis>1789356803287</millis>
  <nanos>501600</nanos>
  <sequence>301</sequence>
  <level>START</level>
  <class>com.kms.katalon.core.logging.XmlKeywordLogger</class>
  <method>startKeyword</method>
  <thread>1</thread>
  <message>Start action : delay(3)</message>
  <nestedLevel>1</nestedLevel>
  <escapedJava>false</escapedJava>
  <property name="startLine">31</property>
  <property name="stepIndex">6</property>
</record>
<record>
  <date>2026-09-14T03:33:26.301792Z</date>
  <millis>1789356806301</millis>
  <nanos>792000</nanos>
  <sequence>304</sequence>
  <level>PASSED</level>
  <class>com.kms.katalon.core.logging.XmlKeywordLogger</class>
  <method>logMessage</method>
  <thread>1</thread>
  <message>Delayed 3 second(s)</message>
  <nestedLevel>1</nestedLevel>
  <escapedJava>false</escapedJava>
  <property name="testops-method-name">com.kms.katalon.core.keyword.builtin.DelayKeyword.delay</property>
  <property name="testops-execution-stacktrace"></property>
</record>
<record>
  <date>2026-09-14T03:33:26.305716300Z</date>
  <millis>1789356806305</millis>
  <nanos>716300</nanos>
  <sequence>305</sequence>
  <level>END</level>
  <class>com.kms.katalon.core.logging.XmlKeywordLogger</class>
  <method>endKeyword</method>
  <thread>1</thread>
  <message>End action : delay(3)</message>
  <nestedLevel>1</nestedLevel>
  <escapedJava>false</escapedJava>
</record>
<record>
  <date>2026-09-14T03:33:26.306215400Z</date>
  <millis>1789356806306</millis>
  <nanos>215400</nanos>
  <sequence>306</sequence>
  <level>START</level>
  <class>com.kms.katalon.core.logging.XmlKeywordLogger</class>
  <method>startKeyword</method>
  <thread>1</thread>
  <message>Start action : urlFBI_Detail = getUrl()</message>
  <nestedLevel>1</nestedLevel>
  <escapedJava>false</escapedJava>
  <property name="startLine">33</property>
  <property name="stepIndex">7</property>
</record>
<record>
  <date>2026-09-14T03:33:26.370607900Z</date>
  <millis>1789356806370</millis>
  <nanos>607900</nanos>
  <sequence>309</sequence>
  <level>PASSED</level>
  <class>com.kms.katalon.core.logging.XmlKeywordLogger</class>
  <method>logMessage</method>
  <thread>1</thread>
  <message>Current window&amp;apos;s url is: &amp;apos;http://192.168.140.18:8000/mng_proman_fbi_detail/&amp;apos;</message>
  <nestedLevel>1</nestedLevel>
  <escapedJava>false</escapedJava>
  <property name="testops-method-name">com.kms.katalon.core.webui.keyword.builtin.GetUrlKeyword.getUrl</property>
  <property name="testops-execution-stacktrace"></property>
</record>
<record>
  <date>2026-09-14T03:33:26.376472300Z</date>
  <millis>1789356806376</millis>
  <nanos>472300</nanos>
  <sequence>310</sequence>
  <level>END</level>
  <class>com.kms.katalon.core.logging.XmlKeywordLogger</class>
  <method>endKeyword</method>
  <thread>1</thread>
  <message>End action : urlFBI_Detail = getUrl()</message>
  <nestedLevel>1</nestedLevel>
  <escapedJava>false</escapedJava>
</record>
<record>
  <date>2026-09-14T03:33:26.376641600Z</date>
  <millis>1789356806376</millis>
  <nanos>641600</nanos>
  <sequence>311</sequence>
  <level>START</level>
  <class>com.kms.katalon.core.logging.XmlKeywordLogger</class>
  <method>startKeyword</method>
  <thread>1</thread>
  <message>Start action : assert urlFBI_Detail.contains(&amp;quot;mng_proman_fbi_detail&amp;quot;)</message>
  <nestedLevel>1</nestedLevel>
  <escapedJava>false</escapedJava>
  <property name="startLine">35</property>
  <property name="stepIndex">8</property>
</record>
<record>
  <date>2026-09-14T03:33:26.395354700Z</date>
  <millis>1789356806395</millis>
  <nanos>354700</nanos>
  <sequence>312</sequence>
  <level>END</level>
  <class>com.kms.katalon.core.logging.XmlKeywordLogger</class>
  <method>endKeyword</method>
  <thread>1</thread>
  <message>End action : assert urlFBI_Detail.contains(&amp;quot;mng_proman_fbi_detail&amp;quot;)</message>
  <nestedLevel>1</nestedLevel>
  <escapedJava>false</escapedJava>
</record>
<record>
  <date>2026-09-14T03:33:26.395793800Z</date>
  <millis>1789356806395</millis>
  <nanos>793800</nanos>
  <sequence>313</sequence>
  <level>START</level>
  <class>com.kms.katalon.core.logging.XmlKeywordLogger</class>
  <method>startKeyword</method>
  <thread>1</thread>
  <message>Start action : verifyElementPresent(findTestObject(&amp;quot;Data UI/Filter FBI_Detail/Headline&amp;quot;), 0)</message>
  <nestedLevel>1</nestedLevel>
  <escapedJava>false</escapedJava>
  <property name="startLine">37</property>
  <property name="stepIndex">9</property>
</record>
<record>
  <date>2026-09-14T03:33:26.410549200Z</date>
  <millis>1789356806410</millis>
  <nanos>549200</nanos>
  <sequence>318</sequence>
  <level>WARNING</level>
  <class>com.kms.katalon.core.logging.XmlKeywordLogger</class>
  <method>logMessage</method>
  <thread>1</thread>
  <message>Timeout &amp;apos;0&amp;apos; is invalid. Using default page load timeout: &amp;apos;10&amp;apos;</message>
  <nestedLevel>1</nestedLevel>
  <escapedJava>false</escapedJava>
</record>
<record>
  <date>2026-09-14T03:33:26.748544600Z</date>
  <millis>1789356806748</millis>
  <nanos>544600</nanos>
  <sequence>321</sequence>
  <level>PASSED</level>
  <class>com.kms.katalon.core.logging.XmlKeywordLogger</class>
  <method>logMessage</method>
  <thread>1</thread>
  <message>Object &amp;apos;Object Repository/Data UI/Filter FBI_Detail/Headline&amp;apos; is present</message>
  <nestedLevel>1</nestedLevel>
  <escapedJava>false</escapedJava>
  <property name="testops-is-assertion">true</property>
  <property name="testops-method-name">com.kms.katalon.core.webui.keyword.builtin.VerifyElementPresentKeyword.verifyElementPresent</property>
  <property name="testops-execution-stacktrace"></property>
</record>
<record>
  <date>2026-09-14T03:33:26.748544600Z</date>
  <millis>1789356806748</millis>
  <nanos>544600</nanos>
  <sequence>322</sequence>
  <level>END</level>
  <class>com.kms.katalon.core.logging.XmlKeywordLogger</class>
  <method>endKeyword</method>
  <thread>1</thread>
  <message>End action : verifyElementPresent(findTestObject(&amp;quot;Data UI/Filter FBI_Detail/Headline&amp;quot;), 0)</message>
  <nestedLevel>1</nestedLevel>
  <escapedJava>false</escapedJava>
</record>
<record>
  <date>2026-09-14T03:33:26.751549100Z</date>
  <millis>1789356806751</millis>
  <nanos>549100</nanos>
  <sequence>323</sequence>
  <level>START</level>
  <class>com.kms.katalon.core.logging.XmlKeywordLogger</class>
  <method>startKeyword</method>
  <thread>1</thread>
  <message>Start action : screenshotPathFilter = $projectDir/Screenshots/Evidence_POSITIVE_DashboardFBI_Detail_$timestamp.png</message>
  <nestedLevel>1</nestedLevel>
  <escapedJava>false</escapedJava>
  <property name="startLine">39</property>
  <property name="stepIndex">10</property>
</record>
<record>
  <date>2026-09-14T03:33:26.751549100Z</date>
  <millis>1789356806751</millis>
  <nanos>549100</nanos>
  <sequence>324</sequence>
  <level>END</level>
  <class>com.kms.katalon.core.logging.XmlKeywordLogger</class>
  <method>endKeyword</method>
  <thread>1</thread>
  <message>End action : screenshotPathFilter = $projectDir/Screenshots/Evidence_POSITIVE_DashboardFBI_Detail_$timestamp.png</message>
  <nestedLevel>1</nestedLevel>
  <escapedJava>false</escapedJava>
</record>
<record>
  <date>2026-09-14T03:33:26.751549100Z</date>
  <millis>1789356806751</millis>
  <nanos>549100</nanos>
  <sequence>325</sequence>
  <level>START</level>
  <class>com.kms.katalon.core.logging.XmlKeywordLogger</class>
  <method>startKeyword</method>
  <thread>1</thread>
  <message>Start action : takeScreenshot(screenshotPathFilter)</message>
  <nestedLevel>1</nestedLevel>
  <escapedJava>false</escapedJava>
  <property name="startLine">41</property>
  <property name="stepIndex">11</property>
</record>
<record>
  <date>2026-09-14T03:33:27.158453900Z</date>
  <millis>1789356807158</millis>
  <nanos>453900</nanos>
  <sequence>328</sequence>
  <level>PASSED</level>
  <class>com.kms.katalon.core.logging.XmlKeywordLogger</class>
  <method>logMessage</method>
  <thread>1</thread>
  <message>Taking screenshot successfully</message>
  <nestedLevel>1</nestedLevel>
  <escapedJava>false</escapedJava>
  <property name="attachment">C:/Users/TTECH-0251/git/AutoAPI/Screenshots/Evidence_POSITIVE_DashboardFBI_Detail_14.09.2026_(10.33.17).png</property>
  <property name="testops-method-name">com.kms.katalon.core.webui.keyword.builtin.TakeScreenshotKeyword.takeScreenshot</property>
  <property name="testops-execution-stacktrace"></property>
</record>
<record>
  <date>2026-09-14T03:33:27.161462600Z</date>
  <millis>1789356807161</millis>
  <nanos>462600</nanos>
  <sequence>329</sequence>
  <level>END</level>
  <class>com.kms.katalon.core.logging.XmlKeywordLogger</class>
  <method>endKeyword</method>
  <thread>1</thread>
  <message>End action : takeScreenshot(screenshotPathFilter)</message>
  <nestedLevel>1</nestedLevel>
  <escapedJava>false</escapedJava>
</record>
<record>
  <date>2026-09-14T03:33:27.161462600Z</date>
  <millis>1789356807161</millis>
  <nanos>462600</nanos>
  <sequence>330</sequence>
  <level>START</level>
  <class>com.kms.katalon.core.logging.XmlKeywordLogger</class>
  <method>startKeyword</method>
  <thread>1</thread>
  <message>Start action : delay(1)</message>
  <nestedLevel>1</nestedLevel>
  <escapedJava>false</escapedJava>
  <property name="startLine">45</property>
  <property name="stepIndex">12</property>
</record>
<record>
  <date>2026-09-14T03:33:28.178084400Z</date>
  <millis>1789356808178</millis>
  <nanos>84400</nanos>
  <sequence>333</sequence>
  <level>PASSED</level>
  <class>com.kms.katalon.core.logging.XmlKeywordLogger</class>
  <method>logMessage</method>
  <thread>1</thread>
  <message>Delayed 1 second(s)</message>
  <nestedLevel>1</nestedLevel>
  <escapedJava>false</escapedJava>
  <property name="testops-method-name">com.kms.katalon.core.keyword.builtin.DelayKeyword.delay</property>
  <property name="testops-execution-stacktrace"></property>
</record>
<record>
  <date>2026-09-14T03:33:28.181084900Z</date>
  <millis>1789356808181</millis>
  <nanos>84900</nanos>
  <sequence>334</sequence>
  <level>END</level>
  <class>com.kms.katalon.core.logging.XmlKeywordLogger</class>
  <method>endKeyword</method>
  <thread>1</thread>
  <message>End action : delay(1)</message>
  <nestedLevel>1</nestedLevel>
  <escapedJava>false</escapedJava>
</record>
<record>
  <date>2026-09-14T03:33:28.181540300Z</date>
  <millis>1789356808181</millis>
  <nanos>540300</nanos>
  <sequence>335</sequence>
  <level>START</level>
  <class>com.kms.katalon.core.logging.XmlKeywordLogger</class>
  <method>startKeyword</method>
  <thread>1</thread>
  <message>Start action : setText(findTestObject(&amp;quot;Data UI/Filter FBI_Detail/PeriodeAwal&amp;quot;), &amp;quot;01012026&amp;quot;)</message>
  <nestedLevel>1</nestedLevel>
  <escapedJava>false</escapedJava>
  <property name="startLine">47</property>
  <property name="stepIndex">13</property>
</record>
<record>
  <date>2026-09-14T03:33:29.676862Z</date>
  <millis>1789356809676</millis>
  <nanos>862000</nanos>
  <sequence>349</sequence>
  <level>PASSED</level>
  <class>com.kms.katalon.core.logging.XmlKeywordLogger</class>
  <method>logMessage</method>
  <thread>1</thread>
  <message>Text &amp;apos;01012026&amp;apos; is set on object &amp;apos;Object Repository/Data UI/Filter FBI_Detail/PeriodeAwal&amp;apos;</message>
  <nestedLevel>1</nestedLevel>
  <escapedJava>false</escapedJava>
  <property name="testops-method-name">com.kms.katalon.core.webui.keyword.internal.WebUIKeywordMain.runKeywordUntilTimeout</property>
  <property name="testops-execution-stacktrace">com.kms.katalon.core.logging.KeywordLogger.logPassed(KeywordLogger.java:332)
com.kms.katalon.core.logging.KeywordLogger.logPassed(KeywordLogger.java:327)
com.kms.katalon.core.webui.keyword.builtin.SetTextKeyword$_setText_closure1.doCall(SetTextKeyword.groovy:99)
java.base/jdk.internal.reflect.NativeMethodAccessorImpl.invoke0(Native Method)
java.base/jdk.internal.reflect.NativeMethodAccessorImpl.invoke(NativeMethodAccessorImpl.java:77)
java.base/jdk.internal.reflect.DelegatingMethodAccessorImpl.invoke(DelegatingMethodAccessorImpl.java:43)
jdk.proxy2/jdk.proxy2.$Proxy50.execute(Unknown Source)
com.kms.katalon.core.webui.model.SeleniumActionRetryController.performAction(SeleniumActionRetryController.java:96)
com.kms.katalon.core.webui.model.SeleniumActionRetryController.performAction(SeleniumActionRetryController.java:83)
com.kms.katalon.core.webui.keyword.internal.WebUIKeywordMain$_runKeywordUntilTimeout_closure1.doCall(WebUIKeywordMain.groovy:135)
com.kms.katalon.core.webui.keyword.internal.WebUIKeywordMain$_runKeywordUntilTimeout_closure1.call(WebUIKeywordMain.groovy)
com.kms.katalon.core.webui.keyword.internal.WebUIKeywordMain.runKeyword(WebUIKeywordMain.groovy:41)
com.kms.katalon.core.webui.keyword.internal.WebUIKeywordMain.runKeywordUntilTimeout(WebUIKeywordMain.groovy:133)
com.kms.katalon.core.webui.keyword.builtin.SetTextKeyword.setText(SetTextKeyword.groovy:106)
com.kms.katalon.core.webui.keyword.builtin.SetTextKeyword.execute(SetTextKeyword.groovy:49)
com.kms.katalon.core.keyword.internal.KeywordExecutor.executeKeywordForPlatform(KeywordExecutor.groovy:90)
com.kms.katalon.core.webui.keyword.WebUiBuiltInKeywords.setText(WebUiBuiltInKeywords.groovy:1081)
Filter_FBI_Detail.run(Filter_FBI_Detail:47)
</property>
</record>
<record>
  <date>2026-09-14T03:33:29.680010700Z</date>
  <millis>1789356809680</millis>
  <nanos>10700</nanos>
  <sequence>350</sequence>
  <level>END</level>
  <class>com.kms.katalon.core.logging.XmlKeywordLogger</class>
  <method>endKeyword</method>
  <thread>1</thread>
  <message>End action : setText(findTestObject(&amp;quot;Data UI/Filter FBI_Detail/PeriodeAwal&amp;quot;), &amp;quot;01012026&amp;quot;)</message>
  <nestedLevel>1</nestedLevel>
  <escapedJava>false</escapedJava>
</record>
<record>
  <date>2026-09-14T03:33:29.681093Z</date>
  <millis>1789356809681</millis>
  <nanos>93000</nanos>
  <sequence>351</sequence>
  <level>START</level>
  <class>com.kms.katalon.core.logging.XmlKeywordLogger</class>
  <method>startKeyword</method>
  <thread>1</thread>
  <message>Start action : setText(findTestObject(&amp;quot;Data UI/Filter FBI_Detail/PeriodeAkhir&amp;quot;), &amp;quot;28022026&amp;quot;)</message>
  <nestedLevel>1</nestedLevel>
  <escapedJava>false</escapedJava>
  <property name="startLine">49</property>
  <property name="stepIndex">14</property>
</record>
<record>
  <date>2026-09-14T03:33:31.082760900Z</date>
  <millis>1789356811082</millis>
  <nanos>760900</nanos>
  <sequence>365</sequence>
  <level>PASSED</level>
  <class>com.kms.katalon.core.logging.XmlKeywordLogger</class>
  <method>logMessage</method>
  <thread>1</thread>
  <message>Text &amp;apos;28022026&amp;apos; is set on object &amp;apos;Object Repository/Data UI/Filter FBI_Detail/PeriodeAkhir&amp;apos;</message>
  <nestedLevel>1</nestedLevel>
  <escapedJava>false</escapedJava>
  <property name="testops-method-name">com.kms.katalon.core.webui.keyword.internal.WebUIKeywordMain.runKeywordUntilTimeout</property>
  <property name="testops-execution-stacktrace">com.kms.katalon.core.logging.KeywordLogger.logPassed(KeywordLogger.java:332)
com.kms.katalon.core.logging.KeywordLogger.logPassed(KeywordLogger.java:327)
com.kms.katalon.core.webui.keyword.builtin.SetTextKeyword$_setText_closure1.doCall(SetTextKeyword.groovy:99)
java.base/jdk.internal.reflect.NativeMethodAccessorImpl.invoke0(Native Method)
java.base/jdk.internal.reflect.NativeMethodAccessorImpl.invoke(NativeMethodAccessorImpl.java:77)
java.base/jdk.internal.reflect.DelegatingMethodAccessorImpl.invoke(DelegatingMethodAccessorImpl.java:43)
jdk.proxy2/jdk.proxy2.$Proxy50.execute(Unknown Source)
com.kms.katalon.core.webui.model.SeleniumActionRetryController.performAction(SeleniumActionRetryController.java:96)
com.kms.katalon.core.webui.model.SeleniumActionRetryController.performAction(SeleniumActionRetryController.java:83)
com.kms.katalon.core.webui.keyword.internal.WebUIKeywordMain$_runKeywordUntilTimeout_closure1.doCall(WebUIKeywordMain.groovy:135)
com.kms.katalon.core.webui.keyword.internal.WebUIKeywordMain$_runKeywordUntilTimeout_closure1.call(WebUIKeywordMain.groovy)
com.kms.katalon.core.webui.keyword.internal.WebUIKeywordMain.runKeyword(WebUIKeywordMain.groovy:41)
com.kms.katalon.core.webui.keyword.internal.WebUIKeywordMain.runKeywordUntilTimeout(WebUIKeywordMain.groovy:133)
com.kms.katalon.core.webui.keyword.builtin.SetTextKeyword.setText(SetTextKeyword.groovy:106)
com.kms.katalon.core.webui.keyword.builtin.SetTextKeyword.execute(SetTextKeyword.groovy:49)
com.kms.katalon.core.keyword.internal.KeywordExecutor.executeKeywordForPlatform(KeywordExecutor.groovy:90)
com.kms.katalon.core.webui.keyword.WebUiBuiltInKeywords.setText(WebUiBuiltInKeywords.groovy:1081)
Filter_FBI_Detail.run(Filter_FBI_Detail:49)
</property>
</record>
<record>
  <date>2026-09-14T03:33:31.085761100Z</date>
  <millis>1789356811085</millis>
  <nanos>761100</nanos>
  <sequence>366</sequence>
  <level>END</level>
  <class>com.kms.katalon.core.logging.XmlKeywordLogger</class>
  <method>endKeyword</method>
  <thread>1</thread>
  <message>End action : setText(findTestObject(&amp;quot;Data UI/Filter FBI_Detail/PeriodeAkhir&amp;quot;), &amp;quot;28022026&amp;quot;)</message>
  <nestedLevel>1</nestedLevel>
  <escapedJava>false</escapedJava>
</record>
<record>
  <date>2026-09-14T03:33:31.085761100Z</date>
  <millis>1789356811085</millis>
  <nanos>761100</nanos>
  <sequence>367</sequence>
  <level>START</level>
  <class>com.kms.katalon.core.logging.XmlKeywordLogger</class>
  <method>startKeyword</method>
  <thread>1</thread>
  <message>Start action : click(findTestObject(&amp;quot;Data UI/Filter FBI_Detail/Product&amp;quot;))</message>
  <nestedLevel>1</nestedLevel>
  <escapedJava>false</escapedJava>
  <property name="startLine">51</property>
  <property name="stepIndex">15</property>
</record>
<record>
  <date>2026-09-14T03:33:41.149864300Z</date>
  <millis>1789356821149</millis>
  <nanos>864300</nanos>
  <sequence>376</sequence>
  <level>WARNING</level>
  <class>com.kms.katalon.core.logging.XmlKeywordLogger</class>
  <method>logMessage</method>
  <thread>1</thread>
  <message>Waiting for element timed out</message>
  <nestedLevel>1</nestedLevel>
  <escapedJava>false</escapedJava>
</record>
<record>
  <date>2026-09-14T03:33:41.232397700Z</date>
  <millis>1789356821232</millis>
  <nanos>397700</nanos>
  <sequence>379</sequence>
  <level>PASSED</level>
  <class>com.kms.katalon.core.logging.XmlKeywordLogger</class>
  <method>logMessage</method>
  <thread>1</thread>
  <message>Object: &amp;apos;Object Repository/Data UI/Filter FBI_Detail/Product&amp;apos; is clicked on</message>
  <nestedLevel>1</nestedLevel>
  <escapedJava>false</escapedJava>
  <property name="testops-method-name">com.kms.katalon.core.webui.keyword.internal.WebUIKeywordMain.runKeywordUntilTimeout</property>
  <property name="testops-execution-stacktrace">com.kms.katalon.core.logging.KeywordLogger.logPassed(KeywordLogger.java:332)
com.kms.katalon.core.logging.KeywordLogger.logPassed(KeywordLogger.java:327)
com.kms.katalon.core.webui.keyword.builtin.ClickKeyword$_click_closure1.doCall(ClickKeyword.groovy:66)
java.base/jdk.internal.reflect.NativeMethodAccessorImpl.invoke0(Native Method)
java.base/jdk.internal.reflect.NativeMethodAccessorImpl.invoke(NativeMethodAccessorImpl.java:77)
java.base/jdk.internal.reflect.DelegatingMethodAccessorImpl.invoke(DelegatingMethodAccessorImpl.java:43)
jdk.proxy2/jdk.proxy2.$Proxy50.execute(Unknown Source)
com.kms.katalon.core.webui.model.SeleniumActionRetryController.performAction(SeleniumActionRetryController.java:96)
com.kms.katalon.core.webui.model.SeleniumActionRetryController.performAction(SeleniumActionRetryController.java:83)
com.kms.katalon.core.webui.keyword.internal.WebUIKeywordMain$_runKeywordUntilTimeout_closure1.doCall(WebUIKeywordMain.groovy:135)
com.kms.katalon.core.webui.keyword.internal.WebUIKeywordMain$_runKeywordUntilTimeout_closure1.call(WebUIKeywordMain.groovy)
com.kms.katalon.core.webui.keyword.internal.WebUIKeywordMain.runKeyword(WebUIKeywordMain.groovy:41)
com.kms.katalon.core.webui.keyword.internal.WebUIKeywordMain.runKeywordUntilTimeout(WebUIKeywordMain.groovy:133)
com.kms.katalon.core.webui.keyword.builtin.ClickKeyword.click(ClickKeyword.groovy:72)
com.kms.katalon.core.webui.keyword.builtin.ClickKeyword.execute(ClickKeyword.groovy:38)
com.kms.katalon.core.keyword.internal.KeywordExecutor.executeKeywordForPlatform(KeywordExecutor.groovy:90)
com.kms.katalon.core.webui.keyword.WebUiBuiltInKeywords.click(WebUiBuiltInKeywords.groovy:721)
Filter_FBI_Detail.run(Filter_FBI_Detail:51)
</property>
</record>
<record>
  <date>2026-09-14T03:33:41.235052500Z</date>
  <millis>1789356821235</millis>
  <nanos>52500</nanos>
  <sequence>380</sequence>
  <level>END</level>
  <class>com.kms.katalon.core.logging.XmlKeywordLogger</class>
  <method>endKeyword</method>
  <thread>1</thread>
  <message>End action : click(findTestObject(&amp;quot;Data UI/Filter FBI_Detail/Product&amp;quot;))</message>
  <nestedLevel>1</nestedLevel>
  <escapedJava>false</escapedJava>
</record>
<record>
  <date>2026-09-14T03:33:41.235551800Z</date>
  <millis>1789356821235</millis>
  <nanos>551800</nanos>
  <sequence>381</sequence>
  <level>START</level>
  <class>com.kms.katalon.core.logging.XmlKeywordLogger</class>
  <method>startKeyword</method>
  <thread>1</thread>
  <message>Start action : click(findTestObject(&amp;quot;Data UI/Filter FBI_Detail/Uker&amp;quot;))</message>
  <nestedLevel>1</nestedLevel>
  <escapedJava>false</escapedJava>
  <property name="startLine">53</property>
  <property name="stepIndex">16</property>
</record>
<record>
  <date>2026-09-14T03:33:51.310193800Z</date>
  <millis>1789356831310</millis>
  <nanos>193800</nanos>
  <sequence>390</sequence>
  <level>WARNING</level>
  <class>com.kms.katalon.core.logging.XmlKeywordLogger</class>
  <method>logMessage</method>
  <thread>1</thread>
  <message>Waiting for element timed out</message>
  <nestedLevel>1</nestedLevel>
  <escapedJava>false</escapedJava>
</record>
<record>
  <date>2026-09-14T03:33:51.412999100Z</date>
  <millis>1789356831412</millis>
  <nanos>999100</nanos>
  <sequence>393</sequence>
  <level>PASSED</level>
  <class>com.kms.katalon.core.logging.XmlKeywordLogger</class>
  <method>logMessage</method>
  <thread>1</thread>
  <message>Object: &amp;apos;Object Repository/Data UI/Filter FBI_Detail/Uker&amp;apos; is clicked on</message>
  <nestedLevel>1</nestedLevel>
  <escapedJava>false</escapedJava>
  <property name="testops-method-name">com.kms.katalon.core.webui.keyword.internal.WebUIKeywordMain.runKeywordUntilTimeout</property>
  <property name="testops-execution-stacktrace">com.kms.katalon.core.logging.KeywordLogger.logPassed(KeywordLogger.java:332)
com.kms.katalon.core.logging.KeywordLogger.logPassed(KeywordLogger.java:327)
com.kms.katalon.core.webui.keyword.builtin.ClickKeyword$_click_closure1.doCall(ClickKeyword.groovy:66)
java.base/jdk.internal.reflect.NativeMethodAccessorImpl.invoke0(Native Method)
java.base/jdk.internal.reflect.NativeMethodAccessorImpl.invoke(NativeMethodAccessorImpl.java:77)
java.base/jdk.internal.reflect.DelegatingMethodAccessorImpl.invoke(DelegatingMethodAccessorImpl.java:43)
jdk.proxy2/jdk.proxy2.$Proxy50.execute(Unknown Source)
com.kms.katalon.core.webui.model.SeleniumActionRetryController.performAction(SeleniumActionRetryController.java:96)
com.kms.katalon.core.webui.model.SeleniumActionRetryController.performAction(SeleniumActionRetryController.java:83)
com.kms.katalon.core.webui.keyword.internal.WebUIKeywordMain$_runKeywordUntilTimeout_closure1.doCall(WebUIKeywordMain.groovy:135)
com.kms.katalon.core.webui.keyword.internal.WebUIKeywordMain$_runKeywordUntilTimeout_closure1.call(WebUIKeywordMain.groovy)
com.kms.katalon.core.webui.keyword.internal.WebUIKeywordMain.runKeyword(WebUIKeywordMain.groovy:41)
com.kms.katalon.core.webui.keyword.internal.WebUIKeywordMain.runKeywordUntilTimeout(WebUIKeywordMain.groovy:133)
com.kms.katalon.core.webui.keyword.builtin.ClickKeyword.click(ClickKeyword.groovy:72)
com.kms.katalon.core.webui.keyword.builtin.ClickKeyword.execute(ClickKeyword.groovy:38)
com.kms.katalon.core.keyword.internal.KeywordExecutor.executeKeywordForPlatform(KeywordExecutor.groovy:90)
com.kms.katalon.core.webui.keyword.WebUiBuiltInKeywords.click(WebUiBuiltInKeywords.groovy:721)
Filter_FBI_Detail.run(Filter_FBI_Detail:53)
</property>
</record>
<record>
  <date>2026-09-14T03:33:51.416039800Z</date>
  <millis>1789356831416</millis>
  <nanos>39800</nanos>
  <sequence>394</sequence>
  <level>END</level>
  <class>com.kms.katalon.core.logging.XmlKeywordLogger</class>
  <method>endKeyword</method>
  <thread>1</thread>
  <message>End action : click(findTestObject(&amp;quot;Data UI/Filter FBI_Detail/Uker&amp;quot;))</message>
  <nestedLevel>1</nestedLevel>
  <escapedJava>false</escapedJava>
</record>
<record>
  <date>2026-09-14T03:33:51.417004200Z</date>
  <millis>1789356831417</millis>
  <nanos>4200</nanos>
  <sequence>395</sequence>
  <level>START</level>
  <class>com.kms.katalon.core.logging.XmlKeywordLogger</class>
  <method>startKeyword</method>
  <thread>1</thread>
  <message>Start action : click(findTestObject(&amp;quot;Data UI/Filter FBI_Detail/Cabang&amp;quot;))</message>
  <nestedLevel>1</nestedLevel>
  <escapedJava>false</escapedJava>
  <property name="startLine">55</property>
  <property name="stepIndex">17</property>
</record>
<record>
  <date>2026-09-14T03:34:01.493828500Z</date>
  <millis>1789356841493</millis>
  <nanos>828500</nanos>
  <sequence>404</sequence>
  <level>WARNING</level>
  <class>com.kms.katalon.core.logging.XmlKeywordLogger</class>
  <method>logMessage</method>
  <thread>1</thread>
  <message>Waiting for element timed out</message>
  <nestedLevel>1</nestedLevel>
  <escapedJava>false</escapedJava>
</record>
<record>
  <date>2026-09-14T03:34:01.573331Z</date>
  <millis>1789356841573</millis>
  <nanos>331000</nanos>
  <sequence>407</sequence>
  <level>PASSED</level>
  <class>com.kms.katalon.core.logging.XmlKeywordLogger</class>
  <method>logMessage</method>
  <thread>1</thread>
  <message>Object: &amp;apos;Object Repository/Data UI/Filter FBI_Detail/Cabang&amp;apos; is clicked on</message>
  <nestedLevel>1</nestedLevel>
  <escapedJava>false</escapedJava>
  <property name="testops-method-name">com.kms.katalon.core.webui.keyword.internal.WebUIKeywordMain.runKeywordUntilTimeout</property>
  <property name="testops-execution-stacktrace">com.kms.katalon.core.logging.KeywordLogger.logPassed(KeywordLogger.java:332)
com.kms.katalon.core.logging.KeywordLogger.logPassed(KeywordLogger.java:327)
com.kms.katalon.core.webui.keyword.builtin.ClickKeyword$_click_closure1.doCall(ClickKeyword.groovy:66)
java.base/jdk.internal.reflect.NativeMethodAccessorImpl.invoke0(Native Method)
java.base/jdk.internal.reflect.NativeMethodAccessorImpl.invoke(NativeMethodAccessorImpl.java:77)
java.base/jdk.internal.reflect.DelegatingMethodAccessorImpl.invoke(DelegatingMethodAccessorImpl.java:43)
jdk.proxy2/jdk.proxy2.$Proxy50.execute(Unknown Source)
com.kms.katalon.core.webui.model.SeleniumActionRetryController.performAction(SeleniumActionRetryController.java:96)
com.kms.katalon.core.webui.model.SeleniumActionRetryController.performAction(SeleniumActionRetryController.java:83)
com.kms.katalon.core.webui.keyword.internal.WebUIKeywordMain$_runKeywordUntilTimeout_closure1.doCall(WebUIKeywordMain.groovy:135)
com.kms.katalon.core.webui.keyword.internal.WebUIKeywordMain$_runKeywordUntilTimeout_closure1.call(WebUIKeywordMain.groovy)
com.kms.katalon.core.webui.keyword.internal.WebUIKeywordMain.runKeyword(WebUIKeywordMain.groovy:41)
com.kms.katalon.core.webui.keyword.internal.WebUIKeywordMain.runKeywordUntilTimeout(WebUIKeywordMain.groovy:133)
com.kms.katalon.core.webui.keyword.builtin.ClickKeyword.click(ClickKeyword.groovy:72)
com.kms.katalon.core.webui.keyword.builtin.ClickKeyword.execute(ClickKeyword.groovy:38)
com.kms.katalon.core.keyword.internal.KeywordExecutor.executeKeywordForPlatform(KeywordExecutor.groovy:90)
com.kms.katalon.core.webui.keyword.WebUiBuiltInKeywords.click(WebUiBuiltInKeywords.groovy:721)
Filter_FBI_Detail.run(Filter_FBI_Detail:55)
</property>
</record>
<record>
  <date>2026-09-14T03:34:01.577298700Z</date>
  <millis>1789356841577</millis>
  <nanos>298700</nanos>
  <sequence>408</sequence>
  <level>END</level>
  <class>com.kms.katalon.core.logging.XmlKeywordLogger</class>
  <method>endKeyword</method>
  <thread>1</thread>
  <message>End action : click(findTestObject(&amp;quot;Data UI/Filter FBI_Detail/Cabang&amp;quot;))</message>
  <nestedLevel>1</nestedLevel>
  <escapedJava>false</escapedJava>
</record>
<record>
  <date>2026-09-14T03:34:01.578298400Z</date>
  <millis>1789356841578</millis>
  <nanos>298400</nanos>
  <sequence>409</sequence>
  <level>START</level>
  <class>com.kms.katalon.core.logging.XmlKeywordLogger</class>
  <method>startKeyword</method>
  <thread>1</thread>
  <message>Start action : click(findTestObject(&amp;quot;Data UI/Filter FBI_Detail/Type&amp;quot;))</message>
  <nestedLevel>1</nestedLevel>
  <escapedJava>false</escapedJava>
  <property name="startLine">57</property>
  <property name="stepIndex">18</property>
</record>
<record>
  <date>2026-09-14T03:34:11.646830600Z</date>
  <millis>1789356851646</millis>
  <nanos>830600</nanos>
  <sequence>418</sequence>
  <level>WARNING</level>
  <class>com.kms.katalon.core.logging.XmlKeywordLogger</class>
  <method>logMessage</method>
  <thread>1</thread>
  <message>Waiting for element timed out</message>
  <nestedLevel>1</nestedLevel>
  <escapedJava>false</escapedJava>
</record>
<record>
  <date>2026-09-14T03:34:11.719546700Z</date>
  <millis>1789356851719</millis>
  <nanos>546700</nanos>
  <sequence>421</sequence>
  <level>PASSED</level>
  <class>com.kms.katalon.core.logging.XmlKeywordLogger</class>
  <method>logMessage</method>
  <thread>1</thread>
  <message>Object: &amp;apos;Object Repository/Data UI/Filter FBI_Detail/Type&amp;apos; is clicked on</message>
  <nestedLevel>1</nestedLevel>
  <escapedJava>false</escapedJava>
  <property name="testops-method-name">com.kms.katalon.core.webui.keyword.internal.WebUIKeywordMain.runKeywordUntilTimeout</property>
  <property name="testops-execution-stacktrace">com.kms.katalon.core.logging.KeywordLogger.logPassed(KeywordLogger.java:332)
com.kms.katalon.core.logging.KeywordLogger.logPassed(KeywordLogger.java:327)
com.kms.katalon.core.webui.keyword.builtin.ClickKeyword$_click_closure1.doCall(ClickKeyword.groovy:66)
java.base/jdk.internal.reflect.NativeMethodAccessorImpl.invoke0(Native Method)
java.base/jdk.internal.reflect.NativeMethodAccessorImpl.invoke(NativeMethodAccessorImpl.java:77)
java.base/jdk.internal.reflect.DelegatingMethodAccessorImpl.invoke(DelegatingMethodAccessorImpl.java:43)
jdk.proxy2/jdk.proxy2.$Proxy50.execute(Unknown Source)
com.kms.katalon.core.webui.model.SeleniumActionRetryController.performAction(SeleniumActionRetryController.java:96)
com.kms.katalon.core.webui.model.SeleniumActionRetryController.performAction(SeleniumActionRetryController.java:83)
com.kms.katalon.core.webui.keyword.internal.WebUIKeywordMain$_runKeywordUntilTimeout_closure1.doCall(WebUIKeywordMain.groovy:135)
com.kms.katalon.core.webui.keyword.internal.WebUIKeywordMain$_runKeywordUntilTimeout_closure1.call(WebUIKeywordMain.groovy)
com.kms.katalon.core.webui.keyword.internal.WebUIKeywordMain.runKeyword(WebUIKeywordMain.groovy:41)
com.kms.katalon.core.webui.keyword.internal.WebUIKeywordMain.runKeywordUntilTimeout(WebUIKeywordMain.groovy:133)
com.kms.katalon.core.webui.keyword.builtin.ClickKeyword.click(ClickKeyword.groovy:72)
com.kms.katalon.core.webui.keyword.builtin.ClickKeyword.execute(ClickKeyword.groovy:38)
com.kms.katalon.core.keyword.internal.KeywordExecutor.executeKeywordForPlatform(KeywordExecutor.groovy:90)
com.kms.katalon.core.webui.keyword.WebUiBuiltInKeywords.click(WebUiBuiltInKeywords.groovy:721)
Filter_FBI_Detail.run(Filter_FBI_Detail:57)
</property>
</record>
<record>
  <date>2026-09-14T03:34:11.721701400Z</date>
  <millis>1789356851721</millis>
  <nanos>701400</nanos>
  <sequence>422</sequence>
  <level>END</level>
  <class>com.kms.katalon.core.logging.XmlKeywordLogger</class>
  <method>endKeyword</method>
  <thread>1</thread>
  <message>End action : click(findTestObject(&amp;quot;Data UI/Filter FBI_Detail/Type&amp;quot;))</message>
  <nestedLevel>1</nestedLevel>
  <escapedJava>false</escapedJava>
</record>
<record>
  <date>2026-09-14T03:34:11.721701400Z</date>
  <millis>1789356851721</millis>
  <nanos>701400</nanos>
  <sequence>423</sequence>
  <level>START</level>
  <class>com.kms.katalon.core.logging.XmlKeywordLogger</class>
  <method>startKeyword</method>
  <thread>1</thread>
  <message>Start action : click(findTestObject(&amp;quot;Data UI/Filter FBI_Detail/btnProses&amp;quot;))</message>
  <nestedLevel>1</nestedLevel>
  <escapedJava>false</escapedJava>
  <property name="startLine">59</property>
  <property name="stepIndex">19</property>
</record>
<record>
  <date>2026-09-14T03:34:12.795914700Z</date>
  <millis>1789356852795</millis>
  <nanos>914700</nanos>
  <sequence>434</sequence>
  <level>PASSED</level>
  <class>com.kms.katalon.core.logging.XmlKeywordLogger</class>
  <method>logMessage</method>
  <thread>1</thread>
  <message>Object: &amp;apos;Object Repository/Data UI/Filter FBI_Detail/btnProses&amp;apos; is clicked on</message>
  <nestedLevel>1</nestedLevel>
  <escapedJava>false</escapedJava>
  <property name="testops-method-name">com.kms.katalon.core.webui.keyword.internal.WebUIKeywordMain.runKeywordUntilTimeout</property>
  <property name="testops-execution-stacktrace">com.kms.katalon.core.logging.KeywordLogger.logPassed(KeywordLogger.java:332)
com.kms.katalon.core.logging.KeywordLogger.logPassed(KeywordLogger.java:327)
com.kms.katalon.core.webui.keyword.builtin.ClickKeyword$_click_closure1.doCall(ClickKeyword.groovy:66)
java.base/jdk.internal.reflect.NativeMethodAccessorImpl.invoke0(Native Method)
java.base/jdk.internal.reflect.NativeMethodAccessorImpl.invoke(NativeMethodAccessorImpl.java:77)
java.base/jdk.internal.reflect.DelegatingMethodAccessorImpl.invoke(DelegatingMethodAccessorImpl.java:43)
jdk.proxy2/jdk.proxy2.$Proxy50.execute(Unknown Source)
com.kms.katalon.core.webui.model.SeleniumActionRetryController.performAction(SeleniumActionRetryController.java:96)
com.kms.katalon.core.webui.model.SeleniumActionRetryController.performAction(SeleniumActionRetryController.java:83)
com.kms.katalon.core.webui.keyword.internal.WebUIKeywordMain$_runKeywordUntilTimeout_closure1.doCall(WebUIKeywordMain.groovy:135)
com.kms.katalon.core.webui.keyword.internal.WebUIKeywordMain$_runKeywordUntilTimeout_closure1.call(WebUIKeywordMain.groovy)
com.kms.katalon.core.webui.keyword.internal.WebUIKeywordMain.runKeyword(WebUIKeywordMain.groovy:41)
com.kms.katalon.core.webui.keyword.internal.WebUIKeywordMain.runKeywordUntilTimeout(WebUIKeywordMain.groovy:133)
com.kms.katalon.core.webui.keyword.builtin.ClickKeyword.click(ClickKeyword.groovy:72)
com.kms.katalon.core.webui.keyword.builtin.ClickKeyword.execute(ClickKeyword.groovy:38)
com.kms.katalon.core.keyword.internal.KeywordExecutor.executeKeywordForPlatform(KeywordExecutor.groovy:90)
com.kms.katalon.core.webui.keyword.WebUiBuiltInKeywords.click(WebUiBuiltInKeywords.groovy:721)
Filter_FBI_Detail.run(Filter_FBI_Detail:59)
</property>
</record>
<record>
  <date>2026-09-14T03:34:12.799438Z</date>
  <millis>1789356852799</millis>
  <nanos>438000</nanos>
  <sequence>435</sequence>
  <level>END</level>
  <class>com.kms.katalon.core.logging.XmlKeywordLogger</class>
  <method>endKeyword</method>
  <thread>1</thread>
  <message>End action : click(findTestObject(&amp;quot;Data UI/Filter FBI_Detail/btnProses&amp;quot;))</message>
  <nestedLevel>1</nestedLevel>
  <escapedJava>false</escapedJava>
</record>
<record>
  <date>2026-09-14T03:34:12.799603300Z</date>
  <millis>1789356852799</millis>
  <nanos>603300</nanos>
  <sequence>436</sequence>
  <level>START</level>
  <class>com.kms.katalon.core.logging.XmlKeywordLogger</class>
  <method>startKeyword</method>
  <thread>1</thread>
  <message>Start action : delay(3)</message>
  <nestedLevel>1</nestedLevel>
  <escapedJava>false</escapedJava>
  <property name="startLine">61</property>
  <property name="stepIndex">20</property>
</record>
<record>
  <date>2026-09-14T03:34:15.812932900Z</date>
  <millis>1789356855812</millis>
  <nanos>932900</nanos>
  <sequence>439</sequence>
  <level>PASSED</level>
  <class>com.kms.katalon.core.logging.XmlKeywordLogger</class>
  <method>logMessage</method>
  <thread>1</thread>
  <message>Delayed 3 second(s)</message>
  <nestedLevel>1</nestedLevel>
  <escapedJava>false</escapedJava>
  <property name="testops-method-name">com.kms.katalon.core.keyword.builtin.DelayKeyword.delay</property>
  <property name="testops-execution-stacktrace"></property>
</record>
<record>
  <date>2026-09-14T03:34:15.815426900Z</date>
  <millis>1789356855815</millis>
  <nanos>426900</nanos>
  <sequence>440</sequence>
  <level>END</level>
  <class>com.kms.katalon.core.logging.XmlKeywordLogger</class>
  <method>endKeyword</method>
  <thread>1</thread>
  <message>End action : delay(3)</message>
  <nestedLevel>1</nestedLevel>
  <escapedJava>false</escapedJava>
</record>
<record>
  <date>2026-09-14T03:34:15.815426900Z</date>
  <millis>1789356855815</millis>
  <nanos>426900</nanos>
  <sequence>441</sequence>
  <level>START</level>
  <class>com.kms.katalon.core.logging.XmlKeywordLogger</class>
  <method>startKeyword</method>
  <thread>1</thread>
  <message>Start action : verifyElementPresent(findTestObject(&amp;quot;Data UI/Download/popupDownload&amp;quot;), 0)</message>
  <nestedLevel>1</nestedLevel>
  <escapedJava>false</escapedJava>
  <property name="startLine">63</property>
  <property name="stepIndex">21</property>
</record>
<record>
  <date>2026-09-14T03:34:15.833170Z</date>
  <millis>1789356855833</millis>
  <nanos>170000</nanos>
  <sequence>446</sequence>
  <level>WARNING</level>
  <class>com.kms.katalon.core.logging.XmlKeywordLogger</class>
  <method>logMessage</method>
  <thread>1</thread>
  <message>Timeout &amp;apos;0&amp;apos; is invalid. Using default page load timeout: &amp;apos;10&amp;apos;</message>
  <nestedLevel>1</nestedLevel>
  <escapedJava>false</escapedJava>
</record>
<record>
  <date>2026-09-14T03:34:16.154259Z</date>
  <millis>1789356856154</millis>
  <nanos>259000</nanos>
  <sequence>449</sequence>
  <level>PASSED</level>
  <class>com.kms.katalon.core.logging.XmlKeywordLogger</class>
  <method>logMessage</method>
  <thread>1</thread>
  <message>Object &amp;apos;Object Repository/Data UI/Download/popupDownload&amp;apos; is present</message>
  <nestedLevel>1</nestedLevel>
  <escapedJava>false</escapedJava>
  <property name="testops-is-assertion">true</property>
  <property name="testops-method-name">com.kms.katalon.core.webui.keyword.builtin.VerifyElementPresentKeyword.verifyElementPresent</property>
  <property name="testops-execution-stacktrace"></property>
</record>
<record>
  <date>2026-09-14T03:34:16.154259Z</date>
  <millis>1789356856154</millis>
  <nanos>259000</nanos>
  <sequence>450</sequence>
  <level>END</level>
  <class>com.kms.katalon.core.logging.XmlKeywordLogger</class>
  <method>endKeyword</method>
  <thread>1</thread>
  <message>End action : verifyElementPresent(findTestObject(&amp;quot;Data UI/Download/popupDownload&amp;quot;), 0)</message>
  <nestedLevel>1</nestedLevel>
  <escapedJava>false</escapedJava>
</record>
<record>
  <date>2026-09-14T03:34:16.155259600Z</date>
  <millis>1789356856155</millis>
  <nanos>259600</nanos>
  <sequence>451</sequence>
  <level>PASSED</level>
  <class>com.kms.katalon.core.logging.XmlKeywordLogger</class>
  <method>logMessage</method>
  <thread>1</thread>
  <message>Test Cases/DATA UI/Filter FBI_Detail/Filter_FBI_Detail</message>
  <nestedLevel>1</nestedLevel>
  <escapedJava>false</escapedJava>
</record>
<record>
  <date>2026-09-14T03:34:16.156259300Z</date>
  <millis>1789356856156</millis>
  <nanos>259300</nanos>
  <sequence>452</sequence>
  <level>START</level>
  <class>com.kms.katalon.core.logging.XmlKeywordLogger</class>
  <method>startKeyword</method>
  <thread>1</thread>
  <message>Start listener action : takeScreenshotAfterTestCase</message>
  <nestedLevel>1</nestedLevel>
  <escapedJava>false</escapedJava>
</record>
<record>
  <date>2026-09-14T03:34:16.157259300Z</date>
  <millis>1789356856157</millis>
  <nanos>259300</nanos>
  <sequence>454</sequence>
  <level>START</level>
  <class>com.kms.katalon.core.logging.XmlKeywordLogger</class>
  <method>startKeyword</method>
  <thread>1</thread>
  <message>Start action : timestamp = Date().format(&amp;quot;dd.MM.yyyy_(HH.mm.ss)&amp;quot;)</message>
  <nestedLevel>1</nestedLevel>
  <escapedJava>false</escapedJava>
  <property name="startLine">17</property>
  <property name="stepIndex">1</property>
</record>
<record>
  <date>2026-09-14T03:34:16.158257800Z</date>
  <millis>1789356856158</millis>
  <nanos>257800</nanos>
  <sequence>455</sequence>
  <level>END</level>
  <class>com.kms.katalon.core.logging.XmlKeywordLogger</class>
  <method>endKeyword</method>
  <thread>1</thread>
  <message>End action : timestamp = Date().format(&amp;quot;dd.MM.yyyy_(HH.mm.ss)&amp;quot;)</message>
  <nestedLevel>1</nestedLevel>
  <escapedJava>false</escapedJava>
</record>
<record>
  <date>2026-09-14T03:34:16.158257800Z</date>
  <millis>1789356856158</millis>
  <nanos>257800</nanos>
  <sequence>456</sequence>
  <level>START</level>
  <class>com.kms.katalon.core.logging.XmlKeywordLogger</class>
  <method>startKeyword</method>
  <thread>1</thread>
  <message>Start action : projectDir = getProjectDir()</message>
  <nestedLevel>1</nestedLevel>
  <escapedJava>false</escapedJava>
  <property name="startLine">18</property>
  <property name="stepIndex">2</property>
</record>
<record>
  <date>2026-09-14T03:34:16.159294100Z</date>
  <millis>1789356856159</millis>
  <nanos>294100</nanos>
  <sequence>457</sequence>
  <level>END</level>
  <class>com.kms.katalon.core.logging.XmlKeywordLogger</class>
  <method>endKeyword</method>
  <thread>1</thread>
  <message>End action : projectDir = getProjectDir()</message>
  <nestedLevel>1</nestedLevel>
  <escapedJava>false</escapedJava>
</record>
<record>
  <date>2026-09-14T03:34:16.160258600Z</date>
  <millis>1789356856160</millis>
  <nanos>258600</nanos>
  <sequence>458</sequence>
  <level>START</level>
  <class>com.kms.katalon.core.logging.XmlKeywordLogger</class>
  <method>startKeyword</method>
  <thread>1</thread>
  <message>Start action : testCaseName = getTestCaseId().replace(&amp;quot;/&amp;quot;, &amp;quot;_&amp;quot;)</message>
  <nestedLevel>1</nestedLevel>
  <escapedJava>false</escapedJava>
  <property name="startLine">19</property>
  <property name="stepIndex">3</property>
</record>
<record>
  <date>2026-09-14T03:34:16.161259700Z</date>
  <millis>1789356856161</millis>
  <nanos>259700</nanos>
  <sequence>459</sequence>
  <level>END</level>
  <class>com.kms.katalon.core.logging.XmlKeywordLogger</class>
  <method>endKeyword</method>
  <thread>1</thread>
  <message>End action : testCaseName = getTestCaseId().replace(&amp;quot;/&amp;quot;, &amp;quot;_&amp;quot;)</message>
  <nestedLevel>1</nestedLevel>
  <escapedJava>false</escapedJava>
</record>
<record>
  <date>2026-09-14T03:34:16.161259700Z</date>
  <millis>1789356856161</millis>
  <nanos>259700</nanos>
  <sequence>460</sequence>
  <level>START</level>
  <class>com.kms.katalon.core.logging.XmlKeywordLogger</class>
  <method>startKeyword</method>
  <thread>1</thread>
  <message>Start action : status = testCaseContext.getTestCaseStatus()</message>
  <nestedLevel>1</nestedLevel>
  <escapedJava>false</escapedJava>
  <property name="startLine">21</property>
  <property name="stepIndex">4</property>
</record>
<record>
  <date>2026-09-14T03:34:16.162520600Z</date>
  <millis>1789356856162</millis>
  <nanos>520600</nanos>
  <sequence>461</sequence>
  <level>END</level>
  <class>com.kms.katalon.core.logging.XmlKeywordLogger</class>
  <method>endKeyword</method>
  <thread>1</thread>
  <message>End action : status = testCaseContext.getTestCaseStatus()</message>
  <nestedLevel>1</nestedLevel>
  <escapedJava>false</escapedJava>
</record>
<record>
  <date>2026-09-14T03:34:16.162850200Z</date>
  <millis>1789356856162</millis>
  <nanos>850200</nanos>
  <sequence>462</sequence>
  <level>START</level>
  <class>com.kms.katalon.core.logging.XmlKeywordLogger</class>
  <method>startKeyword</method>
  <thread>1</thread>
  <message>Start action : fullPath = $projectDir/Screenshots/Evidence_$status_$timestamp.png</message>
  <nestedLevel>1</nestedLevel>
  <escapedJava>false</escapedJava>
  <property name="startLine">25</property>
  <property name="stepIndex">5</property>
</record>
<record>
  <date>2026-09-14T03:34:16.163160200Z</date>
  <millis>1789356856163</millis>
  <nanos>160200</nanos>
  <sequence>463</sequence>
  <level>END</level>
  <class>com.kms.katalon.core.logging.XmlKeywordLogger</class>
  <method>endKeyword</method>
  <thread>1</thread>
  <message>End action : fullPath = $projectDir/Screenshots/Evidence_$status_$timestamp.png</message>
  <nestedLevel>1</nestedLevel>
  <escapedJava>false</escapedJava>
</record>
<record>
  <date>2026-09-14T03:34:16.163847500Z</date>
  <millis>1789356856163</millis>
  <nanos>847500</nanos>
  <sequence>464</sequence>
  <level>START</level>
  <class>com.kms.katalon.core.logging.XmlKeywordLogger</class>
  <method>startKeyword</method>
  <thread>1</thread>
  <message>Start action : takeScreenshot(fullPath)</message>
  <nestedLevel>1</nestedLevel>
  <escapedJava>false</escapedJava>
  <property name="startLine">28</property>
  <property name="stepIndex">6</property>
</record>
<record>
  <date>2026-09-14T03:34:16.561186900Z</date>
  <millis>1789356856561</millis>
  <nanos>186900</nanos>
  <sequence>467</sequence>
  <level>PASSED</level>
  <class>com.kms.katalon.core.logging.XmlKeywordLogger</class>
  <method>logMessage</method>
  <thread>1</thread>
  <message>Taking screenshot successfully</message>
  <nestedLevel>1</nestedLevel>
  <escapedJava>false</escapedJava>
  <property name="attachment">C:/Users/TTECH-0251/git/AutoAPI/Screenshots/Evidence_PASSED_14.09.2026_(10.34.16).png</property>
  <property name="testops-method-name">com.kms.katalon.core.webui.keyword.builtin.TakeScreenshotKeyword.takeScreenshot</property>
  <property name="testops-execution-stacktrace"></property>
</record>
<record>
  <date>2026-09-14T03:34:16.562250200Z</date>
  <millis>1789356856562</millis>
  <nanos>250200</nanos>
  <sequence>468</sequence>
  <level>END</level>
  <class>com.kms.katalon.core.logging.XmlKeywordLogger</class>
  <method>endKeyword</method>
  <thread>1</thread>
  <message>End action : takeScreenshot(fullPath)</message>
  <nestedLevel>1</nestedLevel>
  <escapedJava>false</escapedJava>
</record>
<record>
  <date>2026-09-14T03:34:16.563251400Z</date>
  <millis>1789356856563</millis>
  <nanos>251400</nanos>
  <sequence>469</sequence>
  <level>START</level>
  <class>com.kms.katalon.core.logging.XmlKeywordLogger</class>
  <method>startKeyword</method>
  <thread>1</thread>
  <message>Start action : println(&amp;quot;Screenshot disimpan: &amp;quot; + fullPath)</message>
  <nestedLevel>1</nestedLevel>
  <escapedJava>false</escapedJava>
  <property name="startLine">30</property>
  <property name="stepIndex">7</property>
</record>
<record>
  <date>2026-09-14T03:34:16.564252900Z</date>
  <millis>1789356856564</millis>
  <nanos>252900</nanos>
  <sequence>471</sequence>
  <level>END</level>
  <class>com.kms.katalon.core.logging.XmlKeywordLogger</class>
  <method>endKeyword</method>
  <thread>1</thread>
  <message>End action : println(&amp;quot;Screenshot disimpan: &amp;quot; + fullPath)</message>
  <nestedLevel>1</nestedLevel>
  <escapedJava>false</escapedJava>
</record>
<record>
  <date>2026-09-14T03:34:16.564748700Z</date>
  <millis>1789356856564</millis>
  <nanos>748700</nanos>
  <sequence>472</sequence>
  <level>END</level>
  <class>com.kms.katalon.core.logging.XmlKeywordLogger</class>
  <method>endKeyword</method>
  <thread>1</thread>
  <message>End listener action : takeScreenshotAfterTestCase</message>
  <nestedLevel>1</nestedLevel>
  <escapedJava>false</escapedJava>
</record>
<record>
  <date>2026-09-14T03:34:16.566252700Z</date>
  <millis>1789356856566</millis>
  <nanos>252700</nanos>
  <sequence>473</sequence>
  <level>END</level>
  <class>com.kms.katalon.core.logging.XmlKeywordLogger</class>
  <method>endTest</method>
  <thread>1</thread>
  <message>End Test Case : Test Cases/DATA UI/Filter FBI_Detail/Filter_FBI_Detail</message>
  <nestedLevel>0</nestedLevel>
  <escapedJava>false</escapedJava>
  <property name="executionBindingVariables">[]</property>
  <property name="applitools">false</property>
  <property name="remainingRetryCount">3</property>
  <property name="executedKeywords">{
  &quot;WebUI.verifyElementPresent&quot;: 2,
  &quot;WebUI.getUrl&quot;: 1,
  &quot;WebUI.click&quot;: 7,
  &quot;WebUI.takeScreenshot&quot;: 2,
  &quot;WebUI.scrollToElement&quot;: 1,
  &quot;BuiltIn.delay&quot;: 3,
  &quot;WebUI.setText&quot;: 2
}</property>
  <property name="currentRetryCount">0</property>
  <property name="keywordsUsage">{
  &quot;web_ui&quot;: true,
  &quot;web_service&quot;: false,
  &quot;cucumber&quot;: false,
  &quot;builtin&quot;: true,
  &quot;mobile&quot;: false,
  &quot;windows&quot;: false,
  &quot;testng&quot;: false
}</property>
</record>
<record>
  <date>2026-09-14T03:34:16.574510500Z</date>
  <millis>1789356856574</millis>
  <nanos>510500</nanos>
  <sequence>474</sequence>
  <level>START</level>
  <class>com.kms.katalon.core.logging.XmlKeywordLogger</class>
  <method>startTest</method>
  <thread>1</thread>
  <message>Start Test Case : Test Cases/DATA UI/Download/ProsesDownload</message>
  <nestedLevel>1</nestedLevel>
  <escapedJava>false</escapedJava>
  <property name="remainingRetryCount">3</property>
  <property name="origin"></property>
  <property name="name">Test Cases/DATA UI/Download/ProsesDownload</property>
  <property name="description"></property>
  <property name="iteration"></property>
  <property name="id">Test Cases/DATA UI/Download/ProsesDownload</property>
  <property name="source">C:\Users\TTECH-0251\git\AutoAPI\Test Cases\DATA UI\Download\ProsesDownload.tc</property>
  <property name="tag"></property>
  <property name="isOptional">false</property>
  <property name="currentRetryCount">0</property>
</record>
<record>
  <date>2026-09-14T03:34:17.630859100Z</date>
  <millis>1789356857630</millis>
  <nanos>859100</nanos>
  <sequence>476</sequence>
  <level>START</level>
  <class>com.kms.katalon.core.logging.XmlKeywordLogger</class>
  <method>startKeyword</method>
  <thread>1</thread>
  <message>Start action : projectDir = getProjectDir()</message>
  <nestedLevel>1</nestedLevel>
  <escapedJava>false</escapedJava>
  <property name="startLine">30</property>
  <property name="stepIndex">1</property>
</record>
<record>
  <date>2026-09-14T03:34:17.635474600Z</date>
  <millis>1789356857635</millis>
  <nanos>474600</nanos>
  <sequence>477</sequence>
  <level>END</level>
  <class>com.kms.katalon.core.logging.XmlKeywordLogger</class>
  <method>endKeyword</method>
  <thread>1</thread>
  <message>End action : projectDir = getProjectDir()</message>
  <nestedLevel>1</nestedLevel>
  <escapedJava>false</escapedJava>
</record>
<record>
  <date>2026-09-14T03:34:17.635562Z</date>
  <millis>1789356857635</millis>
  <nanos>562000</nanos>
  <sequence>478</sequence>
  <level>START</level>
  <class>com.kms.katalon.core.logging.XmlKeywordLogger</class>
  <method>startKeyword</method>
  <thread>1</thread>
  <message>Start action : timestamp = Date().format(&amp;quot;dd.MM.yyyy_(HH.mm.ss)&amp;quot;)</message>
  <nestedLevel>1</nestedLevel>
  <escapedJava>false</escapedJava>
  <property name="startLine">32</property>
  <property name="stepIndex">2</property>
</record>
<record>
  <date>2026-09-14T03:34:17.640578500Z</date>
  <millis>1789356857640</millis>
  <nanos>578500</nanos>
  <sequence>479</sequence>
  <level>END</level>
  <class>com.kms.katalon.core.logging.XmlKeywordLogger</class>
  <method>endKeyword</method>
  <thread>1</thread>
  <message>End action : timestamp = Date().format(&amp;quot;dd.MM.yyyy_(HH.mm.ss)&amp;quot;)</message>
  <nestedLevel>1</nestedLevel>
  <escapedJava>false</escapedJava>
</record>
<record>
  <date>2026-09-14T03:34:17.640578500Z</date>
  <millis>1789356857640</millis>
  <nanos>578500</nanos>
  <sequence>480</sequence>
  <level>START</level>
  <class>com.kms.katalon.core.logging.XmlKeywordLogger</class>
  <method>startKeyword</method>
  <thread>1</thread>
  <message>Start action : click(findTestObject(&amp;quot;Data UI/Download/btnDownload&amp;quot;))</message>
  <nestedLevel>1</nestedLevel>
  <escapedJava>false</escapedJava>
  <property name="startLine">34</property>
  <property name="stepIndex">3</property>
</record>
<record>
  <date>2026-09-14T03:34:18.385434500Z</date>
  <millis>1789356858385</millis>
  <nanos>434500</nanos>
  <sequence>491</sequence>
  <level>PASSED</level>
  <class>com.kms.katalon.core.logging.XmlKeywordLogger</class>
  <method>logMessage</method>
  <thread>1</thread>
  <message>Object: &amp;apos;Object Repository/Data UI/Download/btnDownload&amp;apos; is clicked on</message>
  <nestedLevel>1</nestedLevel>
  <escapedJava>false</escapedJava>
  <property name="testops-method-name">com.kms.katalon.core.webui.keyword.internal.WebUIKeywordMain.runKeywordUntilTimeout</property>
  <property name="testops-execution-stacktrace">com.kms.katalon.core.logging.KeywordLogger.logPassed(KeywordLogger.java:332)
com.kms.katalon.core.logging.KeywordLogger.logPassed(KeywordLogger.java:327)
com.kms.katalon.core.webui.keyword.builtin.ClickKeyword$_click_closure1.doCall(ClickKeyword.groovy:66)
java.base/jdk.internal.reflect.NativeMethodAccessorImpl.invoke0(Native Method)
java.base/jdk.internal.reflect.NativeMethodAccessorImpl.invoke(NativeMethodAccessorImpl.java:77)
java.base/jdk.internal.reflect.DelegatingMethodAccessorImpl.invoke(DelegatingMethodAccessorImpl.java:43)
jdk.proxy2/jdk.proxy2.$Proxy50.execute(Unknown Source)
com.kms.katalon.core.webui.model.SeleniumActionRetryController.performAction(SeleniumActionRetryController.java:96)
com.kms.katalon.core.webui.model.SeleniumActionRetryController.performAction(SeleniumActionRetryController.java:83)
com.kms.katalon.core.webui.keyword.internal.WebUIKeywordMain$_runKeywordUntilTimeout_closure1.doCall(WebUIKeywordMain.groovy:135)
com.kms.katalon.core.webui.keyword.internal.WebUIKeywordMain$_runKeywordUntilTimeout_closure1.call(WebUIKeywordMain.groovy)
com.kms.katalon.core.webui.keyword.internal.WebUIKeywordMain.runKeyword(WebUIKeywordMain.groovy:41)
com.kms.katalon.core.webui.keyword.internal.WebUIKeywordMain.runKeywordUntilTimeout(WebUIKeywordMain.groovy:133)
com.kms.katalon.core.webui.keyword.builtin.ClickKeyword.click(ClickKeyword.groovy:72)
com.kms.katalon.core.webui.keyword.builtin.ClickKeyword.execute(ClickKeyword.groovy:38)
com.kms.katalon.core.keyword.internal.KeywordExecutor.executeKeywordForPlatform(KeywordExecutor.groovy:90)
com.kms.katalon.core.webui.keyword.WebUiBuiltInKeywords.click(WebUiBuiltInKeywords.groovy:721)
ProsesDownload.run(ProsesDownload:34)
</property>
</record>
<record>
  <date>2026-09-14T03:34:18.389456500Z</date>
  <millis>1789356858389</millis>
  <nanos>456500</nanos>
  <sequence>492</sequence>
  <level>END</level>
  <class>com.kms.katalon.core.logging.XmlKeywordLogger</class>
  <method>endKeyword</method>
  <thread>1</thread>
  <message>End action : click(findTestObject(&amp;quot;Data UI/Download/btnDownload&amp;quot;))</message>
  <nestedLevel>1</nestedLevel>
  <escapedJava>false</escapedJava>
</record>
<record>
  <date>2026-09-14T03:34:18.389456500Z</date>
  <millis>1789356858389</millis>
  <nanos>456500</nanos>
  <sequence>493</sequence>
  <level>START</level>
  <class>com.kms.katalon.core.logging.XmlKeywordLogger</class>
  <method>startKeyword</method>
  <thread>1</thread>
  <message>Start action : screenshotPathDownload = $projectDir/Screenshots/Evidence_POSITIVE_Popup_Download_$timestamp.png</message>
  <nestedLevel>1</nestedLevel>
  <escapedJava>false</escapedJava>
  <property name="startLine">36</property>
  <property name="stepIndex">4</property>
</record>
<record>
  <date>2026-09-14T03:34:18.393570400Z</date>
  <millis>1789356858393</millis>
  <nanos>570400</nanos>
  <sequence>494</sequence>
  <level>END</level>
  <class>com.kms.katalon.core.logging.XmlKeywordLogger</class>
  <method>endKeyword</method>
  <thread>1</thread>
  <message>End action : screenshotPathDownload = $projectDir/Screenshots/Evidence_POSITIVE_Popup_Download_$timestamp.png</message>
  <nestedLevel>1</nestedLevel>
  <escapedJava>false</escapedJava>
</record>
<record>
  <date>2026-09-14T03:34:18.393570400Z</date>
  <millis>1789356858393</millis>
  <nanos>570400</nanos>
  <sequence>495</sequence>
  <level>START</level>
  <class>com.kms.katalon.core.logging.XmlKeywordLogger</class>
  <method>startKeyword</method>
  <thread>1</thread>
  <message>Start action : takeScreenshot(screenshotPathDownload)</message>
  <nestedLevel>1</nestedLevel>
  <escapedJava>false</escapedJava>
  <property name="startLine">38</property>
  <property name="stepIndex">5</property>
</record>
<record>
  <date>2026-09-14T03:34:18.919142700Z</date>
  <millis>1789356858919</millis>
  <nanos>142700</nanos>
  <sequence>498</sequence>
  <level>PASSED</level>
  <class>com.kms.katalon.core.logging.XmlKeywordLogger</class>
  <method>logMessage</method>
  <thread>1</thread>
  <message>Taking screenshot successfully</message>
  <nestedLevel>1</nestedLevel>
  <escapedJava>false</escapedJava>
  <property name="attachment">C:/Users/TTECH-0251/git/AutoAPI/Screenshots/Evidence_POSITIVE_Popup_Download_14.09.2026_(10.34.17).png</property>
  <property name="testops-method-name">com.kms.katalon.core.webui.keyword.builtin.TakeScreenshotKeyword.takeScreenshot</property>
  <property name="testops-execution-stacktrace"></property>
</record>
<record>
  <date>2026-09-14T03:34:18.921654300Z</date>
  <millis>1789356858921</millis>
  <nanos>654300</nanos>
  <sequence>499</sequence>
  <level>END</level>
  <class>com.kms.katalon.core.logging.XmlKeywordLogger</class>
  <method>endKeyword</method>
  <thread>1</thread>
  <message>End action : takeScreenshot(screenshotPathDownload)</message>
  <nestedLevel>1</nestedLevel>
  <escapedJava>false</escapedJava>
</record>
<record>
  <date>2026-09-14T03:34:18.921654300Z</date>
  <millis>1789356858921</millis>
  <nanos>654300</nanos>
  <sequence>500</sequence>
  <level>START</level>
  <class>com.kms.katalon.core.logging.XmlKeywordLogger</class>
  <method>startKeyword</method>
  <thread>1</thread>
  <message>Start action : verifyElementPresent(findTestObject(&amp;quot;Data UI/Download/popupDownload&amp;quot;), 0)</message>
  <nestedLevel>1</nestedLevel>
  <escapedJava>false</escapedJava>
  <property name="startLine">40</property>
  <property name="stepIndex">6</property>
</record>
<record>
  <date>2026-09-14T03:34:18.960143700Z</date>
  <millis>1789356858960</millis>
  <nanos>143700</nanos>
  <sequence>505</sequence>
  <level>WARNING</level>
  <class>com.kms.katalon.core.logging.XmlKeywordLogger</class>
  <method>logMessage</method>
  <thread>1</thread>
  <message>Timeout &amp;apos;0&amp;apos; is invalid. Using default page load timeout: &amp;apos;10&amp;apos;</message>
  <nestedLevel>1</nestedLevel>
  <escapedJava>false</escapedJava>
</record>
<record>
  <date>2026-09-14T03:34:19.282452700Z</date>
  <millis>1789356859282</millis>
  <nanos>452700</nanos>
  <sequence>508</sequence>
  <level>PASSED</level>
  <class>com.kms.katalon.core.logging.XmlKeywordLogger</class>
  <method>logMessage</method>
  <thread>1</thread>
  <message>Object &amp;apos;Object Repository/Data UI/Download/popupDownload&amp;apos; is present</message>
  <nestedLevel>1</nestedLevel>
  <escapedJava>false</escapedJava>
  <property name="testops-is-assertion">true</property>
  <property name="testops-method-name">com.kms.katalon.core.webui.keyword.builtin.VerifyElementPresentKeyword.verifyElementPresent</property>
  <property name="testops-execution-stacktrace"></property>
</record>
<record>
  <date>2026-09-14T03:34:19.285492800Z</date>
  <millis>1789356859285</millis>
  <nanos>492800</nanos>
  <sequence>509</sequence>
  <level>END</level>
  <class>com.kms.katalon.core.logging.XmlKeywordLogger</class>
  <method>endKeyword</method>
  <thread>1</thread>
  <message>End action : verifyElementPresent(findTestObject(&amp;quot;Data UI/Download/popupDownload&amp;quot;), 0)</message>
  <nestedLevel>1</nestedLevel>
  <escapedJava>false</escapedJava>
</record>
<record>
  <date>2026-09-14T03:34:19.285492800Z</date>
  <millis>1789356859285</millis>
  <nanos>492800</nanos>
  <sequence>510</sequence>
  <level>START</level>
  <class>com.kms.katalon.core.logging.XmlKeywordLogger</class>
  <method>startKeyword</method>
  <thread>1</thread>
  <message>Start action : comment(&amp;quot;Klik format Excel&amp;quot;)</message>
  <nestedLevel>1</nestedLevel>
  <escapedJava>false</escapedJava>
  <property name="startLine">95</property>
  <property name="stepIndex">7</property>
</record>
<record>
  <date>2026-09-14T03:34:19.308541200Z</date>
  <millis>1789356859308</millis>
  <nanos>541200</nanos>
  <sequence>512</sequence>
  <level>INFO</level>
  <class>com.kms.katalon.core.logging.XmlKeywordLogger</class>
  <method>logMessage</method>
  <thread>1</thread>
  <message>Klik format Excel</message>
  <nestedLevel>1</nestedLevel>
  <escapedJava>false</escapedJava>
</record>
<record>
  <date>2026-09-14T03:34:19.310886700Z</date>
  <millis>1789356859310</millis>
  <nanos>886700</nanos>
  <sequence>513</sequence>
  <level>END</level>
  <class>com.kms.katalon.core.logging.XmlKeywordLogger</class>
  <method>endKeyword</method>
  <thread>1</thread>
  <message>End action : comment(&amp;quot;Klik format Excel&amp;quot;)</message>
  <nestedLevel>1</nestedLevel>
  <escapedJava>false</escapedJava>
</record>
<record>
  <date>2026-09-14T03:34:19.311386900Z</date>
  <millis>1789356859311</millis>
  <nanos>386900</nanos>
  <sequence>514</sequence>
  <level>START</level>
  <class>com.kms.katalon.core.logging.XmlKeywordLogger</class>
  <method>startKeyword</method>
  <thread>1</thread>
  <message>Start action : click(findTestObject(&amp;quot;Data UI/Download/formatExcel&amp;quot;))</message>
  <nestedLevel>1</nestedLevel>
  <escapedJava>false</escapedJava>
  <property name="startLine">97</property>
  <property name="stepIndex">8</property>
</record>
<record>
  <date>2026-09-14T03:34:20.363285700Z</date>
  <millis>1789356860363</millis>
  <nanos>285700</nanos>
  <sequence>525</sequence>
  <level>PASSED</level>
  <class>com.kms.katalon.core.logging.XmlKeywordLogger</class>
  <method>logMessage</method>
  <thread>1</thread>
  <message>Object: &amp;apos;Object Repository/Data UI/Download/formatExcel&amp;apos; is clicked on</message>
  <nestedLevel>1</nestedLevel>
  <escapedJava>false</escapedJava>
  <property name="testops-method-name">com.kms.katalon.core.webui.keyword.internal.WebUIKeywordMain.runKeywordUntilTimeout</property>
  <property name="testops-execution-stacktrace">com.kms.katalon.core.logging.KeywordLogger.logPassed(KeywordLogger.java:332)
com.kms.katalon.core.logging.KeywordLogger.logPassed(KeywordLogger.java:327)
com.kms.katalon.core.webui.keyword.builtin.ClickKeyword$_click_closure1.doCall(ClickKeyword.groovy:66)
java.base/jdk.internal.reflect.NativeMethodAccessorImpl.invoke0(Native Method)
java.base/jdk.internal.reflect.NativeMethodAccessorImpl.invoke(NativeMethodAccessorImpl.java:77)
java.base/jdk.internal.reflect.DelegatingMethodAccessorImpl.invoke(DelegatingMethodAccessorImpl.java:43)
jdk.proxy2/jdk.proxy2.$Proxy50.execute(Unknown Source)
com.kms.katalon.core.webui.model.SeleniumActionRetryController.performAction(SeleniumActionRetryController.java:96)
com.kms.katalon.core.webui.model.SeleniumActionRetryController.performAction(SeleniumActionRetryController.java:83)
com.kms.katalon.core.webui.keyword.internal.WebUIKeywordMain$_runKeywordUntilTimeout_closure1.doCall(WebUIKeywordMain.groovy:135)
com.kms.katalon.core.webui.keyword.internal.WebUIKeywordMain$_runKeywordUntilTimeout_closure1.call(WebUIKeywordMain.groovy)
com.kms.katalon.core.webui.keyword.internal.WebUIKeywordMain.runKeyword(WebUIKeywordMain.groovy:41)
com.kms.katalon.core.webui.keyword.internal.WebUIKeywordMain.runKeywordUntilTimeout(WebUIKeywordMain.groovy:133)
com.kms.katalon.core.webui.keyword.builtin.ClickKeyword.click(ClickKeyword.groovy:72)
com.kms.katalon.core.webui.keyword.builtin.ClickKeyword.execute(ClickKeyword.groovy:38)
com.kms.katalon.core.keyword.internal.KeywordExecutor.executeKeywordForPlatform(KeywordExecutor.groovy:90)
com.kms.katalon.core.webui.keyword.WebUiBuiltInKeywords.click(WebUiBuiltInKeywords.groovy:721)
ProsesDownload.run(ProsesDownload:97)
</property>
</record>
<record>
  <date>2026-09-14T03:34:20.366015Z</date>
  <millis>1789356860366</millis>
  <nanos>15000</nanos>
  <sequence>526</sequence>
  <level>END</level>
  <class>com.kms.katalon.core.logging.XmlKeywordLogger</class>
  <method>endKeyword</method>
  <thread>1</thread>
  <message>End action : click(findTestObject(&amp;quot;Data UI/Download/formatExcel&amp;quot;))</message>
  <nestedLevel>1</nestedLevel>
  <escapedJava>false</escapedJava>
</record>
<record>
  <date>2026-09-14T03:34:20.367161Z</date>
  <millis>1789356860367</millis>
  <nanos>161000</nanos>
  <sequence>527</sequence>
  <level>START</level>
  <class>com.kms.katalon.core.logging.XmlKeywordLogger</class>
  <method>startKeyword</method>
  <thread>1</thread>
  <message>Start action : delay(5)</message>
  <nestedLevel>1</nestedLevel>
  <escapedJava>false</escapedJava>
  <property name="startLine">100</property>
  <property name="stepIndex">9</property>
</record>
<record>
  <date>2026-09-14T03:34:25.380613900Z</date>
  <millis>1789356865380</millis>
  <nanos>613900</nanos>
  <sequence>530</sequence>
  <level>PASSED</level>
  <class>com.kms.katalon.core.logging.XmlKeywordLogger</class>
  <method>logMessage</method>
  <thread>1</thread>
  <message>Delayed 5 second(s)</message>
  <nestedLevel>1</nestedLevel>
  <escapedJava>false</escapedJava>
  <property name="testops-method-name">com.kms.katalon.core.keyword.builtin.DelayKeyword.delay</property>
  <property name="testops-execution-stacktrace"></property>
</record>
<record>
  <date>2026-09-14T03:34:25.383349900Z</date>
  <millis>1789356865383</millis>
  <nanos>349900</nanos>
  <sequence>531</sequence>
  <level>END</level>
  <class>com.kms.katalon.core.logging.XmlKeywordLogger</class>
  <method>endKeyword</method>
  <thread>1</thread>
  <message>End action : delay(5)</message>
  <nestedLevel>1</nestedLevel>
  <escapedJava>false</escapedJava>
</record>
<record>
  <date>2026-09-14T03:34:25.383349900Z</date>
  <millis>1789356865383</millis>
  <nanos>349900</nanos>
  <sequence>532</sequence>
  <level>START</level>
  <class>com.kms.katalon.core.logging.XmlKeywordLogger</class>
  <method>startKeyword</method>
  <thread>1</thread>
  <message>Start action : downloadPath = System.getProperty(&amp;quot;user.home&amp;quot;) + &amp;quot;\Downloads&amp;quot;</message>
  <nestedLevel>1</nestedLevel>
  <escapedJava>false</escapedJava>
  <property name="startLine">204</property>
  <property name="stepIndex">10</property>
</record>
<record>
  <date>2026-09-14T03:34:25.400488300Z</date>
  <millis>1789356865400</millis>
  <nanos>488300</nanos>
  <sequence>533</sequence>
  <level>END</level>
  <class>com.kms.katalon.core.logging.XmlKeywordLogger</class>
  <method>endKeyword</method>
  <thread>1</thread>
  <message>End action : downloadPath = System.getProperty(&amp;quot;user.home&amp;quot;) + &amp;quot;\Downloads&amp;quot;</message>
  <nestedLevel>1</nestedLevel>
  <escapedJava>false</escapedJava>
</record>
<record>
  <date>2026-09-14T03:34:25.400537600Z</date>
  <millis>1789356865400</millis>
  <nanos>537600</nanos>
  <sequence>534</sequence>
  <level>START</level>
  <class>com.kms.katalon.core.logging.XmlKeywordLogger</class>
  <method>startKeyword</method>
  <thread>1</thread>
  <message>Start action : downloadFolder = new java.io.File(downloadPath)</message>
  <nestedLevel>1</nestedLevel>
  <escapedJava>false</escapedJava>
  <property name="startLine">205</property>
  <property name="stepIndex">11</property>
</record>
<record>
  <date>2026-09-14T03:34:25.403444100Z</date>
  <millis>1789356865403</millis>
  <nanos>444100</nanos>
  <sequence>535</sequence>
  <level>END</level>
  <class>com.kms.katalon.core.logging.XmlKeywordLogger</class>
  <method>endKeyword</method>
  <thread>1</thread>
  <message>End action : downloadFolder = new java.io.File(downloadPath)</message>
  <nestedLevel>1</nestedLevel>
  <escapedJava>false</escapedJava>
</record>
<record>
  <date>2026-09-14T03:34:25.403444100Z</date>
  <millis>1789356865403</millis>
  <nanos>444100</nanos>
  <sequence>536</sequence>
  <level>START</level>
  <class>com.kms.katalon.core.logging.XmlKeywordLogger</class>
  <method>startKeyword</method>
  <thread>1</thread>
  <message>Start action : logInfo(&amp;quot;Mengecek folder download: &amp;quot; + downloadPath)</message>
  <nestedLevel>1</nestedLevel>
  <escapedJava>false</escapedJava>
  <property name="startLine">207</property>
  <property name="stepIndex">12</property>
</record>
<record>
  <date>2026-09-14T03:34:25.425463300Z</date>
  <millis>1789356865425</millis>
  <nanos>463300</nanos>
  <sequence>537</sequence>
  <level>INFO</level>
  <class>com.kms.katalon.core.logging.XmlKeywordLogger</class>
  <method>logMessage</method>
  <thread>1</thread>
  <message>Mengecek folder download: C:\Users\TTECH-0251\Downloads</message>
  <nestedLevel>1</nestedLevel>
  <escapedJava>false</escapedJava>
</record>
<record>
  <date>2026-09-14T03:34:25.428869600Z</date>
  <millis>1789356865428</millis>
  <nanos>869600</nanos>
  <sequence>538</sequence>
  <level>END</level>
  <class>com.kms.katalon.core.logging.XmlKeywordLogger</class>
  <method>endKeyword</method>
  <thread>1</thread>
  <message>End action : logInfo(&amp;quot;Mengecek folder download: &amp;quot; + downloadPath)</message>
  <nestedLevel>1</nestedLevel>
  <escapedJava>false</escapedJava>
</record>
<record>
  <date>2026-09-14T03:34:25.429460900Z</date>
  <millis>1789356865429</millis>
  <nanos>460900</nanos>
  <sequence>539</sequence>
  <level>START</level>
  <class>com.kms.katalon.core.logging.XmlKeywordLogger</class>
  <method>startKeyword</method>
  <thread>1</thread>
  <message>Start action : downloadedFile = null</message>
  <nestedLevel>1</nestedLevel>
  <escapedJava>false</escapedJava>
  <property name="startLine">209</property>
  <property name="stepIndex">13</property>
</record>
<record>
  <date>2026-09-14T03:34:25.432302300Z</date>
  <millis>1789356865432</millis>
  <nanos>302300</nanos>
  <sequence>540</sequence>
  <level>END</level>
  <class>com.kms.katalon.core.logging.XmlKeywordLogger</class>
  <method>endKeyword</method>
  <thread>1</thread>
  <message>End action : downloadedFile = null</message>
  <nestedLevel>1</nestedLevel>
  <escapedJava>false</escapedJava>
</record>
<record>
  <date>2026-09-14T03:34:25.432302300Z</date>
  <millis>1789356865432</millis>
  <nanos>302300</nanos>
  <sequence>541</sequence>
  <level>START</level>
  <class>com.kms.katalon.core.logging.XmlKeywordLogger</class>
  <method>startKeyword</method>
  <thread>1</thread>
  <message>Start action : for ([i = 0, i &amp;lt; 30, (i++)])</message>
  <nestedLevel>1</nestedLevel>
  <escapedJava>false</escapedJava>
  <property name="startLine">212</property>
  <property name="stepIndex">14</property>
</record>
<record>
  <date>2026-09-14T03:34:25.436353600Z</date>
  <millis>1789356865436</millis>
  <nanos>353600</nanos>
  <sequence>542</sequence>
  <level>START</level>
  <class>com.kms.katalon.core.logging.XmlKeywordLogger</class>
  <method>startKeyword</method>
  <thread>1</thread>
  <message>Start action : files = downloadFolder.listFiles()</message>
  <nestedLevel>2</nestedLevel>
  <escapedJava>false</escapedJava>
  <property name="startLine">214</property>
  <property name="stepIndex">1</property>
</record>
<record>
  <date>2026-09-14T03:34:25.439766500Z</date>
  <millis>1789356865439</millis>
  <nanos>766500</nanos>
  <sequence>543</sequence>
  <level>END</level>
  <class>com.kms.katalon.core.logging.XmlKeywordLogger</class>
  <method>endKeyword</method>
  <thread>1</thread>
  <message>End action : files = downloadFolder.listFiles()</message>
  <nestedLevel>2</nestedLevel>
  <escapedJava>false</escapedJava>
</record>
<record>
  <date>2026-09-14T03:34:25.439766500Z</date>
  <millis>1789356865439</millis>
  <nanos>766500</nanos>
  <sequence>544</sequence>
  <level>START</level>
  <class>com.kms.katalon.core.logging.XmlKeywordLogger</class>
  <method>startKeyword</method>
  <thread>1</thread>
  <message>Start action : if (files != null)</message>
  <nestedLevel>2</nestedLevel>
  <escapedJava>false</escapedJava>
  <property name="startLine">216</property>
  <property name="stepIndex">2</property>
</record>
<record>
  <date>2026-09-14T03:34:25.442766200Z</date>
  <millis>1789356865442</millis>
  <nanos>766200</nanos>
  <sequence>545</sequence>
  <level>START</level>
  <class>com.kms.katalon.core.logging.XmlKeywordLogger</class>
  <method>startKeyword</method>
  <thread>1</thread>
  <message>Start action : excelFiles = files.findAll({ java.io.File file -&amp;gt; ... })</message>
  <nestedLevel>3</nestedLevel>
  <escapedJava>false</escapedJava>
  <property name="startLine">218</property>
  <property name="stepIndex">1</property>
</record>
<record>
  <date>2026-09-14T03:34:25.475811100Z</date>
  <millis>1789356865475</millis>
  <nanos>811100</nanos>
  <sequence>546</sequence>
  <level>END</level>
  <class>com.kms.katalon.core.logging.XmlKeywordLogger</class>
  <method>endKeyword</method>
  <thread>1</thread>
  <message>End action : excelFiles = files.findAll({ java.io.File file -&amp;gt; ... })</message>
  <nestedLevel>3</nestedLevel>
  <escapedJava>false</escapedJava>
</record>
<record>
  <date>2026-09-14T03:34:25.475811100Z</date>
  <millis>1789356865475</millis>
  <nanos>811100</nanos>
  <sequence>547</sequence>
  <level>START</level>
  <class>com.kms.katalon.core.logging.XmlKeywordLogger</class>
  <method>startKeyword</method>
  <thread>1</thread>
  <message>Start action : if (!(excelFiles.isEmpty()))</message>
  <nestedLevel>3</nestedLevel>
  <escapedJava>false</escapedJava>
  <property name="startLine">227</property>
  <property name="stepIndex">2</property>
</record>
<record>
  <date>2026-09-14T03:34:25.481002500Z</date>
  <millis>1789356865481</millis>
  <nanos>2500</nanos>
  <sequence>548</sequence>
  <level>START</level>
  <class>com.kms.katalon.core.logging.XmlKeywordLogger</class>
  <method>startKeyword</method>
  <thread>1</thread>
  <message>Start action : downloadedFile = excelFiles.max({ -&amp;gt; ... })</message>
  <nestedLevel>4</nestedLevel>
  <escapedJava>false</escapedJava>
  <property name="startLine">230</property>
  <property name="stepIndex">1</property>
</record>
<record>
  <date>2026-09-14T03:34:25.497602100Z</date>
  <millis>1789356865497</millis>
  <nanos>602100</nanos>
  <sequence>549</sequence>
  <level>END</level>
  <class>com.kms.katalon.core.logging.XmlKeywordLogger</class>
  <method>endKeyword</method>
  <thread>1</thread>
  <message>End action : downloadedFile = excelFiles.max({ -&amp;gt; ... })</message>
  <nestedLevel>4</nestedLevel>
  <escapedJava>false</escapedJava>
</record>
<record>
  <date>2026-09-14T03:34:25.499866400Z</date>
  <millis>1789356865499</millis>
  <nanos>866400</nanos>
  <sequence>550</sequence>
  <level>START</level>
  <class>com.kms.katalon.core.logging.XmlKeywordLogger</class>
  <method>startKeyword</method>
  <thread>1</thread>
  <message>Start action : logInfo(&amp;quot;File Excel ditemukan: &amp;quot; + absolutePath)</message>
  <nestedLevel>4</nestedLevel>
  <escapedJava>false</escapedJava>
  <property name="startLine">234</property>
  <property name="stepIndex">2</property>
</record>
<record>
  <date>2026-09-14T03:34:25.502864700Z</date>
  <millis>1789356865502</millis>
  <nanos>864700</nanos>
  <sequence>551</sequence>
  <level>INFO</level>
  <class>com.kms.katalon.core.logging.XmlKeywordLogger</class>
  <method>logMessage</method>
  <thread>1</thread>
  <message>File Excel ditemukan: C:\Users\TTECH-0251\Downloads\Report FBI Detail (1).xlsx</message>
  <nestedLevel>1</nestedLevel>
  <escapedJava>false</escapedJava>
</record>
<record>
  <date>2026-09-14T03:34:25.505712700Z</date>
  <millis>1789356865505</millis>
  <nanos>712700</nanos>
  <sequence>552</sequence>
  <level>END</level>
  <class>com.kms.katalon.core.logging.XmlKeywordLogger</class>
  <method>endKeyword</method>
  <thread>1</thread>
  <message>End action : logInfo(&amp;quot;File Excel ditemukan: &amp;quot; + absolutePath)</message>
  <nestedLevel>4</nestedLevel>
  <escapedJava>false</escapedJava>
</record>
<record>
  <date>2026-09-14T03:34:25.506213800Z</date>
  <millis>1789356865506</millis>
  <nanos>213800</nanos>
  <sequence>553</sequence>
  <level>START</level>
  <class>com.kms.katalon.core.logging.XmlKeywordLogger</class>
  <method>startKeyword</method>
  <thread>1</thread>
  <message>Start action : break</message>
  <nestedLevel>4</nestedLevel>
  <escapedJava>false</escapedJava>
  <property name="startLine">239</property>
  <property name="stepIndex">3</property>
</record>
<record>
  <date>2026-09-14T03:34:25.509004700Z</date>
  <millis>1789356865509</millis>
  <nanos>4700</nanos>
  <sequence>554</sequence>
  <level>END</level>
  <class>com.kms.katalon.core.logging.XmlKeywordLogger</class>
  <method>endKeyword</method>
  <thread>1</thread>
  <message>End action : break</message>
  <nestedLevel>4</nestedLevel>
  <escapedJava>false</escapedJava>
</record>
<record>
  <date>2026-09-14T03:34:25.509004700Z</date>
  <millis>1789356865509</millis>
  <nanos>4700</nanos>
  <sequence>555</sequence>
  <level>END</level>
  <class>com.kms.katalon.core.logging.XmlKeywordLogger</class>
  <method>endKeyword</method>
  <thread>1</thread>
  <message>End action : if (!(excelFiles.isEmpty()))</message>
  <nestedLevel>3</nestedLevel>
  <escapedJava>false</escapedJava>
</record>
<record>
  <date>2026-09-14T03:34:25.510018600Z</date>
  <millis>1789356865510</millis>
  <nanos>18600</nanos>
  <sequence>556</sequence>
  <level>END</level>
  <class>com.kms.katalon.core.logging.XmlKeywordLogger</class>
  <method>endKeyword</method>
  <thread>1</thread>
  <message>End action : if (files != null)</message>
  <nestedLevel>2</nestedLevel>
  <escapedJava>false</escapedJava>
</record>
<record>
  <date>2026-09-14T03:34:25.510268800Z</date>
  <millis>1789356865510</millis>
  <nanos>268800</nanos>
  <sequence>557</sequence>
  <level>END</level>
  <class>com.kms.katalon.core.logging.XmlKeywordLogger</class>
  <method>endKeyword</method>
  <thread>1</thread>
  <message>End action : for ([i = 0, i &amp;lt; 30, (i++)])</message>
  <nestedLevel>1</nestedLevel>
  <escapedJava>false</escapedJava>
</record>
<record>
  <date>2026-09-14T03:34:25.510817800Z</date>
  <millis>1789356865510</millis>
  <nanos>817800</nanos>
  <sequence>558</sequence>
  <level>START</level>
  <class>com.kms.katalon.core.logging.XmlKeywordLogger</class>
  <method>startKeyword</method>
  <thread>1</thread>
  <message>Start action : if (downloadedFile == null)</message>
  <nestedLevel>1</nestedLevel>
  <escapedJava>false</escapedJava>
  <property name="startLine">255</property>
  <property name="stepIndex">15</property>
</record>
<record>
  <date>2026-09-14T03:34:25.515130400Z</date>
  <millis>1789356865515</millis>
  <nanos>130400</nanos>
  <sequence>559</sequence>
  <level>END</level>
  <class>com.kms.katalon.core.logging.XmlKeywordLogger</class>
  <method>endKeyword</method>
  <thread>1</thread>
  <message>End action : if (downloadedFile == null)</message>
  <nestedLevel>1</nestedLevel>
  <escapedJava>false</escapedJava>
</record>
<record>
  <date>2026-09-14T03:34:25.515829800Z</date>
  <millis>1789356865515</millis>
  <nanos>829800</nanos>
  <sequence>560</sequence>
  <level>START</level>
  <class>com.kms.katalon.core.logging.XmlKeywordLogger</class>
  <method>startKeyword</method>
  <thread>1</thread>
  <message>Start action : else</message>
  <nestedLevel>1</nestedLevel>
  <escapedJava>false</escapedJava>
  <property name="startLine">262</property>
  <property name="stepIndex">16</property>
</record>
<record>
  <date>2026-09-14T03:34:25.517337900Z</date>
  <millis>1789356865517</millis>
  <nanos>337900</nanos>
  <sequence>561</sequence>
  <level>START</level>
  <class>com.kms.katalon.core.logging.XmlKeywordLogger</class>
  <method>startKeyword</method>
  <thread>1</thread>
  <message>Start action : logInfo(&amp;quot;Download Excel berhasil: &amp;quot; + absolutePath)</message>
  <nestedLevel>2</nestedLevel>
  <escapedJava>false</escapedJava>
  <property name="startLine">264</property>
  <property name="stepIndex">1</property>
</record>
<record>
  <date>2026-09-14T03:34:25.519669500Z</date>
  <millis>1789356865519</millis>
  <nanos>669500</nanos>
  <sequence>562</sequence>
  <level>INFO</level>
  <class>com.kms.katalon.core.logging.XmlKeywordLogger</class>
  <method>logMessage</method>
  <thread>1</thread>
  <message>Download Excel berhasil: C:\Users\TTECH-0251\Downloads\Report FBI Detail (1).xlsx</message>
  <nestedLevel>1</nestedLevel>
  <escapedJava>false</escapedJava>
</record>
<record>
  <date>2026-09-14T03:34:25.521716300Z</date>
  <millis>1789356865521</millis>
  <nanos>716300</nanos>
  <sequence>563</sequence>
  <level>END</level>
  <class>com.kms.katalon.core.logging.XmlKeywordLogger</class>
  <method>endKeyword</method>
  <thread>1</thread>
  <message>End action : logInfo(&amp;quot;Download Excel berhasil: &amp;quot; + absolutePath)</message>
  <nestedLevel>2</nestedLevel>
  <escapedJava>false</escapedJava>
</record>
<record>
  <date>2026-09-14T03:34:25.522681400Z</date>
  <millis>1789356865522</millis>
  <nanos>681400</nanos>
  <sequence>564</sequence>
  <level>START</level>
  <class>com.kms.katalon.core.logging.XmlKeywordLogger</class>
  <method>startKeyword</method>
  <thread>1</thread>
  <message>Start action : logInfo(&amp;quot;Nama file: &amp;quot; + name)</message>
  <nestedLevel>2</nestedLevel>
  <escapedJava>false</escapedJava>
  <property name="startLine">269</property>
  <property name="stepIndex">2</property>
</record>
<record>
  <date>2026-09-14T03:34:25.524491Z</date>
  <millis>1789356865524</millis>
  <nanos>491000</nanos>
  <sequence>565</sequence>
  <level>INFO</level>
  <class>com.kms.katalon.core.logging.XmlKeywordLogger</class>
  <method>logMessage</method>
  <thread>1</thread>
  <message>Nama file: Report FBI Detail (1).xlsx</message>
  <nestedLevel>1</nestedLevel>
  <escapedJava>false</escapedJava>
</record>
<record>
  <date>2026-09-14T03:34:25.527712Z</date>
  <millis>1789356865527</millis>
  <nanos>712000</nanos>
  <sequence>566</sequence>
  <level>END</level>
  <class>com.kms.katalon.core.logging.XmlKeywordLogger</class>
  <method>endKeyword</method>
  <thread>1</thread>
  <message>End action : logInfo(&amp;quot;Nama file: &amp;quot; + name)</message>
  <nestedLevel>2</nestedLevel>
  <escapedJava>false</escapedJava>
</record>
<record>
  <date>2026-09-14T03:34:25.527712Z</date>
  <millis>1789356865527</millis>
  <nanos>712000</nanos>
  <sequence>567</sequence>
  <level>START</level>
  <class>com.kms.katalon.core.logging.XmlKeywordLogger</class>
  <method>startKeyword</method>
  <thread>1</thread>
  <message>Start action : logInfo(&amp;quot;Ukuran file: &amp;quot; + downloadedFile.length() + &amp;quot; bytes&amp;quot;)</message>
  <nestedLevel>2</nestedLevel>
  <escapedJava>false</escapedJava>
  <property name="startLine">274</property>
  <property name="stepIndex">3</property>
</record>
<record>
  <date>2026-09-14T03:34:25.532436Z</date>
  <millis>1789356865532</millis>
  <nanos>436000</nanos>
  <sequence>568</sequence>
  <level>INFO</level>
  <class>com.kms.katalon.core.logging.XmlKeywordLogger</class>
  <method>logMessage</method>
  <thread>1</thread>
  <message>Ukuran file: 7191 bytes</message>
  <nestedLevel>1</nestedLevel>
  <escapedJava>false</escapedJava>
</record>
<record>
  <date>2026-09-14T03:34:25.534412200Z</date>
  <millis>1789356865534</millis>
  <nanos>412200</nanos>
  <sequence>569</sequence>
  <level>END</level>
  <class>com.kms.katalon.core.logging.XmlKeywordLogger</class>
  <method>endKeyword</method>
  <thread>1</thread>
  <message>End action : logInfo(&amp;quot;Ukuran file: &amp;quot; + downloadedFile.length() + &amp;quot; bytes&amp;quot;)</message>
  <nestedLevel>2</nestedLevel>
  <escapedJava>false</escapedJava>
</record>
<record>
  <date>2026-09-14T03:34:25.535375700Z</date>
  <millis>1789356865535</millis>
  <nanos>375700</nanos>
  <sequence>570</sequence>
  <level>END</level>
  <class>com.kms.katalon.core.logging.XmlKeywordLogger</class>
  <method>endKeyword</method>
  <thread>1</thread>
  <message>End action : else</message>
  <nestedLevel>1</nestedLevel>
  <escapedJava>false</escapedJava>
</record>
<record>
  <date>2026-09-14T03:34:25.535375700Z</date>
  <millis>1789356865535</millis>
  <nanos>375700</nanos>
  <sequence>571</sequence>
  <level>START</level>
  <class>com.kms.katalon.core.logging.XmlKeywordLogger</class>
  <method>startKeyword</method>
  <thread>1</thread>
  <message>Start action : comment(&amp;quot;Membuka file Excel/WPS...&amp;quot;)</message>
  <nestedLevel>1</nestedLevel>
  <escapedJava>false</escapedJava>
  <property name="startLine">286</property>
  <property name="stepIndex">17</property>
</record>
<record>
  <date>2026-09-14T03:34:25.540809200Z</date>
  <millis>1789356865540</millis>
  <nanos>809200</nanos>
  <sequence>573</sequence>
  <level>INFO</level>
  <class>com.kms.katalon.core.logging.XmlKeywordLogger</class>
  <method>logMessage</method>
  <thread>1</thread>
  <message>Membuka file Excel/WPS...</message>
  <nestedLevel>1</nestedLevel>
  <escapedJava>false</escapedJava>
</record>
<record>
  <date>2026-09-14T03:34:25.549606600Z</date>
  <millis>1789356865549</millis>
  <nanos>606600</nanos>
  <sequence>574</sequence>
  <level>END</level>
  <class>com.kms.katalon.core.logging.XmlKeywordLogger</class>
  <method>endKeyword</method>
  <thread>1</thread>
  <message>End action : comment(&amp;quot;Membuka file Excel/WPS...&amp;quot;)</message>
  <nestedLevel>1</nestedLevel>
  <escapedJava>false</escapedJava>
</record>
<record>
  <date>2026-09-14T03:34:25.550104900Z</date>
  <millis>1789356865550</millis>
  <nanos>104900</nanos>
  <sequence>575</sequence>
  <level>START</level>
  <class>com.kms.katalon.core.logging.XmlKeywordLogger</class>
  <method>startKeyword</method>
  <thread>1</thread>
  <message>Start action : excelPath = absolutePath</message>
  <nestedLevel>1</nestedLevel>
  <escapedJava>false</escapedJava>
  <property name="startLine">288</property>
  <property name="stepIndex">18</property>
</record>
<record>
  <date>2026-09-14T03:34:25.551066200Z</date>
  <millis>1789356865551</millis>
  <nanos>66200</nanos>
  <sequence>576</sequence>
  <level>END</level>
  <class>com.kms.katalon.core.logging.XmlKeywordLogger</class>
  <method>endKeyword</method>
  <thread>1</thread>
  <message>End action : excelPath = absolutePath</message>
  <nestedLevel>1</nestedLevel>
  <escapedJava>false</escapedJava>
</record>
<record>
  <date>2026-09-14T03:34:25.551066200Z</date>
  <millis>1789356865551</millis>
  <nanos>66200</nanos>
  <sequence>577</sequence>
  <level>START</level>
  <class>com.kms.katalon.core.logging.XmlKeywordLogger</class>
  <method>startKeyword</method>
  <thread>1</thread>
  <message>Start action : excelProcess = ProcessBuilder(cmd, /c, start, , excelPath).start()</message>
  <nestedLevel>1</nestedLevel>
  <escapedJava>false</escapedJava>
  <property name="startLine">290</property>
  <property name="stepIndex">19</property>
</record>
<record>
  <date>2026-09-14T03:34:25.625051100Z</date>
  <millis>1789356865625</millis>
  <nanos>51100</nanos>
  <sequence>578</sequence>
  <level>END</level>
  <class>com.kms.katalon.core.logging.XmlKeywordLogger</class>
  <method>endKeyword</method>
  <thread>1</thread>
  <message>End action : excelProcess = ProcessBuilder(cmd, /c, start, , excelPath).start()</message>
  <nestedLevel>1</nestedLevel>
  <escapedJava>false</escapedJava>
</record>
<record>
  <date>2026-09-14T03:34:25.625611900Z</date>
  <millis>1789356865625</millis>
  <nanos>611900</nanos>
  <sequence>579</sequence>
  <level>START</level>
  <class>com.kms.katalon.core.logging.XmlKeywordLogger</class>
  <method>startKeyword</method>
  <thread>1</thread>
  <message>Start action : delay(10)</message>
  <nestedLevel>1</nestedLevel>
  <escapedJava>false</escapedJava>
  <property name="startLine">298</property>
  <property name="stepIndex">20</property>
</record>
<record>
  <date>2026-09-14T03:34:35.645490300Z</date>
  <millis>1789356875645</millis>
  <nanos>490300</nanos>
  <sequence>582</sequence>
  <level>PASSED</level>
  <class>com.kms.katalon.core.logging.XmlKeywordLogger</class>
  <method>logMessage</method>
  <thread>1</thread>
  <message>Delayed 10 second(s)</message>
  <nestedLevel>1</nestedLevel>
  <escapedJava>false</escapedJava>
  <property name="testops-method-name">com.kms.katalon.core.keyword.builtin.DelayKeyword.delay</property>
  <property name="testops-execution-stacktrace"></property>
</record>
<record>
  <date>2026-09-14T03:34:35.648194400Z</date>
  <millis>1789356875648</millis>
  <nanos>194400</nanos>
  <sequence>583</sequence>
  <level>END</level>
  <class>com.kms.katalon.core.logging.XmlKeywordLogger</class>
  <method>endKeyword</method>
  <thread>1</thread>
  <message>End action : delay(10)</message>
  <nestedLevel>1</nestedLevel>
  <escapedJava>false</escapedJava>
</record>
<record>
  <date>2026-09-14T03:34:35.648194400Z</date>
  <millis>1789356875648</millis>
  <nanos>194400</nanos>
  <sequence>584</sequence>
  <level>START</level>
  <class>com.kms.katalon.core.logging.XmlKeywordLogger</class>
  <method>startKeyword</method>
  <thread>1</thread>
  <message>Start action : comment(&amp;quot;Menunggu window Excel/WPS aktif...&amp;quot;)</message>
  <nestedLevel>1</nestedLevel>
  <escapedJava>false</escapedJava>
  <property name="startLine">305</property>
  <property name="stepIndex">21</property>
</record>
<record>
  <date>2026-09-14T03:34:35.655307Z</date>
  <millis>1789356875655</millis>
  <nanos>307000</nanos>
  <sequence>586</sequence>
  <level>INFO</level>
  <class>com.kms.katalon.core.logging.XmlKeywordLogger</class>
  <method>logMessage</method>
  <thread>1</thread>
  <message>Menunggu window Excel/WPS aktif...</message>
  <nestedLevel>1</nestedLevel>
  <escapedJava>false</escapedJava>
</record>
<record>
  <date>2026-09-14T03:34:35.657402600Z</date>
  <millis>1789356875657</millis>
  <nanos>402600</nanos>
  <sequence>587</sequence>
  <level>END</level>
  <class>com.kms.katalon.core.logging.XmlKeywordLogger</class>
  <method>endKeyword</method>
  <thread>1</thread>
  <message>End action : comment(&amp;quot;Menunggu window Excel/WPS aktif...&amp;quot;)</message>
  <nestedLevel>1</nestedLevel>
  <escapedJava>false</escapedJava>
</record>
<record>
  <date>2026-09-14T03:34:35.657402600Z</date>
  <millis>1789356875657</millis>
  <nanos>402600</nanos>
  <sequence>588</sequence>
  <level>START</level>
  <class>com.kms.katalon.core.logging.XmlKeywordLogger</class>
  <method>startKeyword</method>
  <thread>1</thread>
  <message>Start action : activateProcess = MainWindowHandle)
    }
    ).start()</message>
  <nestedLevel>1</nestedLevel>
  <escapedJava>false</escapedJava>
  <property name="startLine">307</property>
  <property name="stepIndex">22</property>
</record>
<record>
  <date>2026-09-14T03:34:35.737308800Z</date>
  <millis>1789356875737</millis>
  <nanos>308800</nanos>
  <sequence>589</sequence>
  <level>END</level>
  <class>com.kms.katalon.core.logging.XmlKeywordLogger</class>
  <method>endKeyword</method>
  <thread>1</thread>
  <message>End action : activateProcess = MainWindowHandle)
    }
    ).start()</message>
  <nestedLevel>1</nestedLevel>
  <escapedJava>false</escapedJava>
</record>
<record>
  <date>2026-09-14T03:34:35.738635Z</date>
  <millis>1789356875738</millis>
  <nanos>635000</nanos>
  <sequence>590</sequence>
  <level>START</level>
  <class>com.kms.katalon.core.logging.XmlKeywordLogger</class>
  <method>startKeyword</method>
  <thread>1</thread>
  <message>Start action : activateProcess.waitFor()</message>
  <nestedLevel>1</nestedLevel>
  <escapedJava>false</escapedJava>
  <property name="startLine">340</property>
  <property name="stepIndex">23</property>
</record>
<record>
  <date>2026-09-14T03:34:38.106385Z</date>
  <millis>1789356878106</millis>
  <nanos>385000</nanos>
  <sequence>591</sequence>
  <level>END</level>
  <class>com.kms.katalon.core.logging.XmlKeywordLogger</class>
  <method>endKeyword</method>
  <thread>1</thread>
  <message>End action : activateProcess.waitFor()</message>
  <nestedLevel>1</nestedLevel>
  <escapedJava>false</escapedJava>
</record>
<record>
  <date>2026-09-14T03:34:38.107384300Z</date>
  <millis>1789356878107</millis>
  <nanos>384300</nanos>
  <sequence>592</sequence>
  <level>START</level>
  <class>com.kms.katalon.core.logging.XmlKeywordLogger</class>
  <method>startKeyword</method>
  <thread>1</thread>
  <message>Start action : delay(3)</message>
  <nestedLevel>1</nestedLevel>
  <escapedJava>false</escapedJava>
  <property name="startLine">342</property>
  <property name="stepIndex">24</property>
</record>
<record>
  <date>2026-09-14T03:34:41.123680400Z</date>
  <millis>1789356881123</millis>
  <nanos>680400</nanos>
  <sequence>595</sequence>
  <level>PASSED</level>
  <class>com.kms.katalon.core.logging.XmlKeywordLogger</class>
  <method>logMessage</method>
  <thread>1</thread>
  <message>Delayed 3 second(s)</message>
  <nestedLevel>1</nestedLevel>
  <escapedJava>false</escapedJava>
  <property name="testops-method-name">com.kms.katalon.core.keyword.builtin.DelayKeyword.delay</property>
  <property name="testops-execution-stacktrace"></property>
</record>
<record>
  <date>2026-09-14T03:34:41.125074400Z</date>
  <millis>1789356881125</millis>
  <nanos>74400</nanos>
  <sequence>596</sequence>
  <level>END</level>
  <class>com.kms.katalon.core.logging.XmlKeywordLogger</class>
  <method>endKeyword</method>
  <thread>1</thread>
  <message>End action : delay(3)</message>
  <nestedLevel>1</nestedLevel>
  <escapedJava>false</escapedJava>
</record>
<record>
  <date>2026-09-14T03:34:41.126079400Z</date>
  <millis>1789356881126</millis>
  <nanos>79400</nanos>
  <sequence>597</sequence>
  <level>START</level>
  <class>com.kms.katalon.core.logging.XmlKeywordLogger</class>
  <method>startKeyword</method>
  <thread>1</thread>
  <message>Start action : comment(&amp;quot;Mencari window WPS/Excel...&amp;quot;)</message>
  <nestedLevel>1</nestedLevel>
  <escapedJava>false</escapedJava>
  <property name="startLine">349</property>
  <property name="stepIndex">25</property>
</record>
<record>
  <date>2026-09-14T03:34:41.130073900Z</date>
  <millis>1789356881130</millis>
  <nanos>73900</nanos>
  <sequence>599</sequence>
  <level>INFO</level>
  <class>com.kms.katalon.core.logging.XmlKeywordLogger</class>
  <method>logMessage</method>
  <thread>1</thread>
  <message>Mencari window WPS/Excel...</message>
  <nestedLevel>1</nestedLevel>
  <escapedJava>false</escapedJava>
</record>
<record>
  <date>2026-09-14T03:34:41.132470300Z</date>
  <millis>1789356881132</millis>
  <nanos>470300</nanos>
  <sequence>600</sequence>
  <level>END</level>
  <class>com.kms.katalon.core.logging.XmlKeywordLogger</class>
  <method>endKeyword</method>
  <thread>1</thread>
  <message>End action : comment(&amp;quot;Mencari window WPS/Excel...&amp;quot;)</message>
  <nestedLevel>1</nestedLevel>
  <escapedJava>false</escapedJava>
</record>
<record>
  <date>2026-09-14T03:34:41.132470300Z</date>
  <millis>1789356881132</millis>
  <nanos>470300</nanos>
  <sequence>601</sequence>
  <level>START</level>
  <class>com.kms.katalon.core.logging.XmlKeywordLogger</class>
  <method>startKeyword</method>
  <thread>1</thread>
  <message>Start action : excelFileNameForPS = name.replace(&amp;quot;&amp;apos;&amp;quot;, &amp;quot;&amp;apos;&amp;apos;&amp;quot;)</message>
  <nestedLevel>1</nestedLevel>
  <escapedJava>false</escapedJava>
  <property name="startLine">351</property>
  <property name="stepIndex">26</property>
</record>
<record>
  <date>2026-09-14T03:34:41.136913300Z</date>
  <millis>1789356881136</millis>
  <nanos>913300</nanos>
  <sequence>602</sequence>
  <level>END</level>
  <class>com.kms.katalon.core.logging.XmlKeywordLogger</class>
  <method>endKeyword</method>
  <thread>1</thread>
  <message>End action : excelFileNameForPS = name.replace(&amp;quot;&amp;apos;&amp;quot;, &amp;quot;&amp;apos;&amp;apos;&amp;quot;)</message>
  <nestedLevel>1</nestedLevel>
  <escapedJava>false</escapedJava>
</record>
<record>
  <date>2026-09-14T03:34:41.137535600Z</date>
  <millis>1789356881137</millis>
  <nanos>535600</nanos>
  <sequence>603</sequence>
  <level>START</level>
  <class>com.kms.katalon.core.logging.XmlKeywordLogger</class>
  <method>startKeyword</method>
  <thread>1</thread>
  <message>Start action : screenshotExcel = $projectDir\Screenshots\EVIDENCE_POSITIVE_Excel_$timestamp.png</message>
  <nestedLevel>1</nestedLevel>
  <escapedJava>false</escapedJava>
  <property name="startLine">354</property>
  <property name="stepIndex">27</property>
</record>
<record>
  <date>2026-09-14T03:34:41.140155Z</date>
  <millis>1789356881140</millis>
  <nanos>155000</nanos>
  <sequence>604</sequence>
  <level>END</level>
  <class>com.kms.katalon.core.logging.XmlKeywordLogger</class>
  <method>endKeyword</method>
  <thread>1</thread>
  <message>End action : screenshotExcel = $projectDir\Screenshots\EVIDENCE_POSITIVE_Excel_$timestamp.png</message>
  <nestedLevel>1</nestedLevel>
  <escapedJava>false</escapedJava>
</record>
<record>
  <date>2026-09-14T03:34:41.140657400Z</date>
  <millis>1789356881140</millis>
  <nanos>657400</nanos>
  <sequence>605</sequence>
  <level>START</level>
  <class>com.kms.katalon.core.logging.XmlKeywordLogger</class>
  <method>startKeyword</method>
  <thread>1</thread>
  <message>Start action : screenshotDir = new java.io.File($projectDir\Screenshots)</message>
  <nestedLevel>1</nestedLevel>
  <escapedJava>false</escapedJava>
  <property name="startLine">357</property>
  <property name="stepIndex">28</property>
</record>
<record>
  <date>2026-09-14T03:34:41.176052900Z</date>
  <millis>1789356881176</millis>
  <nanos>52900</nanos>
  <sequence>606</sequence>
  <level>END</level>
  <class>com.kms.katalon.core.logging.XmlKeywordLogger</class>
  <method>endKeyword</method>
  <thread>1</thread>
  <message>End action : screenshotDir = new java.io.File($projectDir\Screenshots)</message>
  <nestedLevel>1</nestedLevel>
  <escapedJava>false</escapedJava>
</record>
<record>
  <date>2026-09-14T03:34:41.177053300Z</date>
  <millis>1789356881177</millis>
  <nanos>53300</nanos>
  <sequence>607</sequence>
  <level>START</level>
  <class>com.kms.katalon.core.logging.XmlKeywordLogger</class>
  <method>startKeyword</method>
  <thread>1</thread>
  <message>Start action : if (!(screenshotDir.exists()))</message>
  <nestedLevel>1</nestedLevel>
  <escapedJava>false</escapedJava>
  <property name="startLine">360</property>
  <property name="stepIndex">29</property>
</record>
<record>
  <date>2026-09-14T03:34:41.180667800Z</date>
  <millis>1789356881180</millis>
  <nanos>667800</nanos>
  <sequence>608</sequence>
  <level>END</level>
  <class>com.kms.katalon.core.logging.XmlKeywordLogger</class>
  <method>endKeyword</method>
  <thread>1</thread>
  <message>End action : if (!(screenshotDir.exists()))</message>
  <nestedLevel>1</nestedLevel>
  <escapedJava>false</escapedJava>
</record>
<record>
  <date>2026-09-14T03:34:41.181168500Z</date>
  <millis>1789356881181</millis>
  <nanos>168500</nanos>
  <sequence>609</sequence>
  <level>START</level>
  <class>com.kms.katalon.core.logging.XmlKeywordLogger</class>
  <method>startKeyword</method>
  <thread>1</thread>
  <message>Start action : psScript = 
Add-Type @&amp;apos;
using System;
using System.Runtime.InteropServices;

public class WindowCapture {

    [DllImport(&amp;quot;user32.dll&amp;quot;)]
    public static extern bool PrintWindow(
        IntPtr hwnd,
        IntPtr hdcBlt,
        uint nFlags
    );

    [DllImport(&amp;quot;user32.dll&amp;quot;)]
    public static extern bool GetWindowRect(
        IntPtr hwnd,
        out RECT rect
    );

    [StructLayout(LayoutKind.Sequential)]
    public struct RECT {
        public int Left;
        public int Top;
        public int Right;
        public int Bottom;
    }
}
&amp;apos;@

$fileName = &amp;apos;$excelFileNameForPS&amp;apos;

$app = Get-Process | Where-Object {
    $_.MainWindowHandle -ne 0 -and
    (
        $_.MainWindowTitle -like &amp;quot;*$fileName*&amp;quot; -or
        $_.MainWindowTitle -like &amp;quot;*WPS*&amp;quot; -or
        $_.MainWindowTitle -like &amp;quot;*Excel*&amp;quot;
    )
} | Select-Object -First 1

if ($app) {
    Write-Output $app.MainWindowHandle
    Write-Output $app.MainWindowTitle
}
</message>
  <nestedLevel>1</nestedLevel>
  <escapedJava>false</escapedJava>
  <property name="startLine">369</property>
  <property name="stepIndex">30</property>
</record>
<record>
  <date>2026-09-14T03:34:41.185815600Z</date>
  <millis>1789356881185</millis>
  <nanos>815600</nanos>
  <sequence>610</sequence>
  <level>END</level>
  <class>com.kms.katalon.core.logging.XmlKeywordLogger</class>
  <method>endKeyword</method>
  <thread>1</thread>
  <message>End action : psScript = 
Add-Type @&amp;apos;
using System;
using System.Runtime.InteropServices;

public class WindowCapture {

    [DllImport(&amp;quot;user32.dll&amp;quot;)]
    public static extern bool PrintWindow(
        IntPtr hwnd,
        IntPtr hdcBlt,
        uint nFlags
    );

    [DllImport(&amp;quot;user32.dll&amp;quot;)]
    public static extern bool GetWindowRect(
        IntPtr hwnd,
        out RECT rect
    );

    [StructLayout(LayoutKind.Sequential)]
    public struct RECT {
        public int Left;
        public int Top;
        public int Right;
        public int Bottom;
    }
}
&amp;apos;@

$fileName = &amp;apos;$excelFileNameForPS&amp;apos;

$app = Get-Process | Where-Object {
    $_.MainWindowHandle -ne 0 -and
    (
        $_.MainWindowTitle -like &amp;quot;*$fileName*&amp;quot; -or
        $_.MainWindowTitle -like &amp;quot;*WPS*&amp;quot; -or
        $_.MainWindowTitle -like &amp;quot;*Excel*&amp;quot;
    )
} | Select-Object -First 1

if ($app) {
    Write-Output $app.MainWindowHandle
    Write-Output $app.MainWindowTitle
}
</message>
  <nestedLevel>1</nestedLevel>
  <escapedJava>false</escapedJava>
</record>
<record>
  <date>2026-09-14T03:34:41.185815600Z</date>
  <millis>1789356881185</millis>
  <nanos>815600</nanos>
  <sequence>611</sequence>
  <level>START</level>
  <class>com.kms.katalon.core.logging.XmlKeywordLogger</class>
  <method>startKeyword</method>
  <thread>1</thread>
  <message>Start action : psProcess = redirectErrorStream(true).start()</message>
  <nestedLevel>1</nestedLevel>
  <escapedJava>false</escapedJava>
  <property name="startLine">417</property>
  <property name="stepIndex">31</property>
</record>
<record>
  <date>2026-09-14T03:34:41.258894100Z</date>
  <millis>1789356881258</millis>
  <nanos>894100</nanos>
  <sequence>612</sequence>
  <level>END</level>
  <class>com.kms.katalon.core.logging.XmlKeywordLogger</class>
  <method>endKeyword</method>
  <thread>1</thread>
  <message>End action : psProcess = redirectErrorStream(true).start()</message>
  <nestedLevel>1</nestedLevel>
  <escapedJava>false</escapedJava>
</record>
<record>
  <date>2026-09-14T03:34:41.259899800Z</date>
  <millis>1789356881259</millis>
  <nanos>899800</nanos>
  <sequence>613</sequence>
  <level>START</level>
  <class>com.kms.katalon.core.logging.XmlKeywordLogger</class>
  <method>startKeyword</method>
  <thread>1</thread>
  <message>Start action : psResult = text.trim()</message>
  <nestedLevel>1</nestedLevel>
  <escapedJava>false</escapedJava>
  <property name="startLine">426</property>
  <property name="stepIndex">32</property>
</record>
<record>
  <date>2026-09-14T03:34:42.100731800Z</date>
  <millis>1789356882100</millis>
  <nanos>731800</nanos>
  <sequence>614</sequence>
  <level>END</level>
  <class>com.kms.katalon.core.logging.XmlKeywordLogger</class>
  <method>endKeyword</method>
  <thread>1</thread>
  <message>End action : psResult = text.trim()</message>
  <nestedLevel>1</nestedLevel>
  <escapedJava>false</escapedJava>
</record>
<record>
  <date>2026-09-14T03:34:42.101126Z</date>
  <millis>1789356882101</millis>
  <nanos>126000</nanos>
  <sequence>615</sequence>
  <level>START</level>
  <class>com.kms.katalon.core.logging.XmlKeywordLogger</class>
  <method>startKeyword</method>
  <thread>1</thread>
  <message>Start action : psProcess.waitFor()</message>
  <nestedLevel>1</nestedLevel>
  <escapedJava>false</escapedJava>
  <property name="startLine">429</property>
  <property name="stepIndex">33</property>
</record>
<record>
  <date>2026-09-14T03:34:42.110158100Z</date>
  <millis>1789356882110</millis>
  <nanos>158100</nanos>
  <sequence>616</sequence>
  <level>END</level>
  <class>com.kms.katalon.core.logging.XmlKeywordLogger</class>
  <method>endKeyword</method>
  <thread>1</thread>
  <message>End action : psProcess.waitFor()</message>
  <nestedLevel>1</nestedLevel>
  <escapedJava>false</escapedJava>
</record>
<record>
  <date>2026-09-14T03:34:42.110158100Z</date>
  <millis>1789356882110</millis>
  <nanos>158100</nanos>
  <sequence>617</sequence>
  <level>START</level>
  <class>com.kms.katalon.core.logging.XmlKeywordLogger</class>
  <method>startKeyword</method>
  <thread>1</thread>
  <message>Start action : comment(&amp;quot;Hasil pencarian window: &amp;quot; + psResult)</message>
  <nestedLevel>1</nestedLevel>
  <escapedJava>false</escapedJava>
  <property name="startLine">432</property>
  <property name="stepIndex">34</property>
</record>
<record>
  <date>2026-09-14T03:34:42.115262400Z</date>
  <millis>1789356882115</millis>
  <nanos>262400</nanos>
  <sequence>619</sequence>
  <level>INFO</level>
  <class>com.kms.katalon.core.logging.XmlKeywordLogger</class>
  <method>logMessage</method>
  <thread>1</thread>
  <message>Hasil pencarian window: At line:36 char:33
+         $_.MainWindowTitle -like *$fileName* -or
+                                 ~
You must provide a value expression following the &amp;apos;-like&amp;apos; operator.
At line:36 char:45
+         $_.MainWindowTitle -like *$fileName* -or
+                                             ~
You must provide a value expression following the &amp;apos;*&amp;apos; operator.
At line:37 char:33
+         $_.MainWindowTitle -like *WPS* -or
+                                 ~
You must provide a value expression following the &amp;apos;-like&amp;apos; operator.
At line:37 char:35
+         $_.MainWindowTitle -like *WPS* -or
+                                   ~
You must provide a value expression following the &amp;apos;*&amp;apos; operator.
At line:37 char:35
+         $_.MainWindowTitle -like *WPS* -or
+                                   ~~~~
Unexpected token &amp;apos;WPS*&amp;apos; in expression or statement.
At line:37 char:35
+         $_.MainWindowTitle -like *WPS* -or
+                                   ~
Missing closing &amp;apos;)&amp;apos; in expression.
At line:38 char:33
+         $_.MainWindowTitle -like *Excel*
+                                 ~
You must provide a value expression following the &amp;apos;-like&amp;apos; operator.
At line:38 char:35
+         $_.MainWindowTitle -like *Excel*
+                                   ~
You must provide a value expression following the &amp;apos;*&amp;apos; operator.
At line:38 char:35
+         $_.MainWindowTitle -like *Excel*
+                                   ~~~~~~
Unexpected token &amp;apos;Excel*&amp;apos; in expression or statement.
At line:33 char:35
+ $app = Get-Process | Where-Object {
+                                   ~
Missing closing &amp;apos;}&amp;apos; in statement block or type definition.
Not all parse errors were reported.  Correct the reported errors and try again.
    + CategoryInfo          : ParserError: (:) [], ParentContainsErrorRecordException
    + FullyQualifiedErrorId : ExpectedValueExpression</message>
  <nestedLevel>1</nestedLevel>
  <escapedJava>false</escapedJava>
</record>
<record>
  <date>2026-09-14T03:34:42.118463600Z</date>
  <millis>1789356882118</millis>
  <nanos>463600</nanos>
  <sequence>620</sequence>
  <level>END</level>
  <class>com.kms.katalon.core.logging.XmlKeywordLogger</class>
  <method>endKeyword</method>
  <thread>1</thread>
  <message>End action : comment(&amp;quot;Hasil pencarian window: &amp;quot; + psResult)</message>
  <nestedLevel>1</nestedLevel>
  <escapedJava>false</escapedJava>
</record>
<record>
  <date>2026-09-14T03:34:42.119129400Z</date>
  <millis>1789356882119</millis>
  <nanos>129400</nanos>
  <sequence>621</sequence>
  <level>START</level>
  <class>com.kms.katalon.core.logging.XmlKeywordLogger</class>
  <method>startKeyword</method>
  <thread>1</thread>
  <message>Start action : resultLines = psResult.split(&amp;quot;\r?\n&amp;quot;)</message>
  <nestedLevel>1</nestedLevel>
  <escapedJava>false</escapedJava>
  <property name="startLine">441</property>
  <property name="stepIndex">35</property>
</record>
<record>
  <date>2026-09-14T03:34:42.125638Z</date>
  <millis>1789356882125</millis>
  <nanos>638000</nanos>
  <sequence>622</sequence>
  <level>END</level>
  <class>com.kms.katalon.core.logging.XmlKeywordLogger</class>
  <method>endKeyword</method>
  <thread>1</thread>
  <message>End action : resultLines = psResult.split(&amp;quot;\r?\n&amp;quot;)</message>
  <nestedLevel>1</nestedLevel>
  <escapedJava>false</escapedJava>
</record>
<record>
  <date>2026-09-14T03:34:42.126638Z</date>
  <millis>1789356882126</millis>
  <nanos>638000</nanos>
  <sequence>623</sequence>
  <level>START</level>
  <class>com.kms.katalon.core.logging.XmlKeywordLogger</class>
  <method>startKeyword</method>
  <thread>1</thread>
  <message>Start action : if (length &amp;lt; 1 || !(trim().isNumber()))</message>
  <nestedLevel>1</nestedLevel>
  <escapedJava>false</escapedJava>
  <property name="startLine">444</property>
  <property name="stepIndex">36</property>
</record>
<record>
  <date>2026-09-14T03:34:42.142992300Z</date>
  <millis>1789356882142</millis>
  <nanos>992300</nanos>
  <sequence>624</sequence>
  <level>START</level>
  <class>com.kms.katalon.core.logging.XmlKeywordLogger</class>
  <method>startKeyword</method>
  <thread>1</thread>
  <message>Start action : markFailed(&amp;quot;Window WPS/Excel tidak ditemukan. Hasil: &amp;quot; + psResult)</message>
  <nestedLevel>2</nestedLevel>
  <escapedJava>false</escapedJava>
  <property name="startLine">447</property>
  <property name="stepIndex">1</property>
</record>
<record>
  <date>2026-09-14T03:34:42.146847Z</date>
  <millis>1789356882146</millis>
  <nanos>847000</nanos>
  <sequence>626</sequence>
  <level>FAILED</level>
  <class>com.kms.katalon.core.logging.XmlKeywordLogger</class>
  <method>logMessage</method>
  <thread>1</thread>
  <message>Window WPS/Excel tidak ditemukan. Hasil: At line:36 char:33
+         $_.MainWindowTitle -like *$fileName* -or
+                                 ~
You must provide a value expression following the &amp;apos;-like&amp;apos; operator.
At line:36 char:45
+         $_.MainWindowTitle -like *$fileName* -or
+                                             ~
You must provide a value expression following the &amp;apos;*&amp;apos; operator.
At line:37 char:33
+         $_.MainWindowTitle -like *WPS* -or
+                                 ~
You must provide a value expression following the &amp;apos;-like&amp;apos; operator.
At line:37 char:35
+         $_.MainWindowTitle -like *WPS* -or
+                                   ~
You must provide a value expression following the &amp;apos;*&amp;apos; operator.
At line:37 char:35
+         $_.MainWindowTitle -like *WPS* -or
+                                   ~~~~
Unexpected token &amp;apos;WPS*&amp;apos; in expression or statement.
At line:37 char:35
+         $_.MainWindowTitle -like *WPS* -or
+                                   ~
Missing closing &amp;apos;)&amp;apos; in expression.
At line:38 char:33
+         $_.MainWindowTitle -like *Excel*
+                                 ~
You must provide a value expression following the &amp;apos;-like&amp;apos; operator.
At line:38 char:35
+         $_.MainWindowTitle -like *Excel*
+                                   ~
You must provide a value expression following the &amp;apos;*&amp;apos; operator.
At line:38 char:35
+         $_.MainWindowTitle -like *Excel*
+                                   ~~~~~~
Unexpected token &amp;apos;Excel*&amp;apos; in expression or statement.
At line:33 char:35
+ $app = Get-Process | Where-Object {
+                                   ~
Missing closing &amp;apos;}&amp;apos; in statement block or type definition.
Not all parse errors were reported.  Correct the reported errors and try again.
    + CategoryInfo          : ParserError: (:) [], ParentContainsErrorRecordException
    + FullyQualifiedErrorId : ExpectedValueExpression</message>
  <nestedLevel>1</nestedLevel>
  <escapedJava>false</escapedJava>
  <property name="testops-execution-stacktrace">com.kms.katalon.core.logging.testops.TestOpsLogHelper.handleFailedLogEntry(TestOpsLogHelper.java:120)
com.kms.katalon.core.logging.KeywordLogger.logFailed(KeywordLogger.java:295)
com.kms.katalon.core.logging.KeywordLogger.logFailed(KeywordLogger.java:273)
com.kms.katalon.core.util.KeywordUtil.markFailed(KeywordUtil.java:18)
ProsesDownload.run(ProsesDownload:448)
</property>
</record>
<record>
  <date>2026-09-14T03:34:42.151401900Z</date>
  <millis>1789356882151</millis>
  <nanos>401900</nanos>
  <sequence>627</sequence>
  <level>END</level>
  <class>com.kms.katalon.core.logging.XmlKeywordLogger</class>
  <method>endKeyword</method>
  <thread>1</thread>
  <message>End action : markFailed(&amp;quot;Window WPS/Excel tidak ditemukan. Hasil: &amp;quot; + psResult)</message>
  <nestedLevel>2</nestedLevel>
  <escapedJava>false</escapedJava>
</record>
<record>
  <date>2026-09-14T03:34:42.152401800Z</date>
  <millis>1789356882152</millis>
  <nanos>401800</nanos>
  <sequence>628</sequence>
  <level>END</level>
  <class>com.kms.katalon.core.logging.XmlKeywordLogger</class>
  <method>endKeyword</method>
  <thread>1</thread>
  <message>End action : if (length &amp;lt; 1 || !(trim().isNumber()))</message>
  <nestedLevel>1</nestedLevel>
  <escapedJava>false</escapedJava>
</record>
<record>
  <date>2026-09-14T03:34:42.152401800Z</date>
  <millis>1789356882152</millis>
  <nanos>401800</nanos>
  <sequence>629</sequence>
  <level>START</level>
  <class>com.kms.katalon.core.logging.XmlKeywordLogger</class>
  <method>startKeyword</method>
  <thread>1</thread>
  <message>Start action : hwnd = resultLines[0].trim()</message>
  <nestedLevel>1</nestedLevel>
  <escapedJava>false</escapedJava>
  <property name="startLine">455</property>
  <property name="stepIndex">37</property>
</record>
<record>
  <date>2026-09-14T03:34:42.155405700Z</date>
  <millis>1789356882155</millis>
  <nanos>405700</nanos>
  <sequence>630</sequence>
  <level>END</level>
  <class>com.kms.katalon.core.logging.XmlKeywordLogger</class>
  <method>endKeyword</method>
  <thread>1</thread>
  <message>End action : hwnd = resultLines[0].trim()</message>
  <nestedLevel>1</nestedLevel>
  <escapedJava>false</escapedJava>
</record>
<record>
  <date>2026-09-14T03:34:42.156408600Z</date>
  <millis>1789356882156</millis>
  <nanos>408600</nanos>
  <sequence>631</sequence>
  <level>START</level>
  <class>com.kms.katalon.core.logging.XmlKeywordLogger</class>
  <method>startKeyword</method>
  <thread>1</thread>
  <message>Start action : comment(&amp;quot;HWND WPS/Excel: &amp;quot; + hwnd)</message>
  <nestedLevel>1</nestedLevel>
  <escapedJava>false</escapedJava>
  <property name="startLine">458</property>
  <property name="stepIndex">38</property>
</record>
<record>
  <date>2026-09-14T03:34:42.161704800Z</date>
  <millis>1789356882161</millis>
  <nanos>704800</nanos>
  <sequence>633</sequence>
  <level>INFO</level>
  <class>com.kms.katalon.core.logging.XmlKeywordLogger</class>
  <method>logMessage</method>
  <thread>1</thread>
  <message>HWND WPS/Excel: At line:36 char:33</message>
  <nestedLevel>1</nestedLevel>
  <escapedJava>false</escapedJava>
</record>
<record>
  <date>2026-09-14T03:34:42.163642300Z</date>
  <millis>1789356882163</millis>
  <nanos>642300</nanos>
  <sequence>634</sequence>
  <level>END</level>
  <class>com.kms.katalon.core.logging.XmlKeywordLogger</class>
  <method>endKeyword</method>
  <thread>1</thread>
  <message>End action : comment(&amp;quot;HWND WPS/Excel: &amp;quot; + hwnd)</message>
  <nestedLevel>1</nestedLevel>
  <escapedJava>false</escapedJava>
</record>
<record>
  <date>2026-09-14T03:34:42.163642300Z</date>
  <millis>1789356882163</millis>
  <nanos>642300</nanos>
  <sequence>635</sequence>
  <level>START</level>
  <class>com.kms.katalon.core.logging.XmlKeywordLogger</class>
  <method>startKeyword</method>
  <thread>1</thread>
  <message>Start action : captureScript = 
Add-Type -AssemblyName System.Drawing

Add-Type @&amp;apos;
using System;
using System.Runtime.InteropServices;

public class CaptureWindow {

    [DllImport(&amp;quot;user32.dll&amp;quot;)]
    public static extern bool GetWindowRect(
        IntPtr hWnd,
        out RECT lpRect
    );

    [DllImport(&amp;quot;user32.dll&amp;quot;)]
    public static extern bool PrintWindow(
        IntPtr hWnd,
        IntPtr hdcBlt,
        uint nFlags
    );

    [StructLayout(LayoutKind.Sequential)]
    public struct RECT {
        public int Left;
        public int Top;
        public int Right;
        public int Bottom;
    }
}
&amp;apos;@

$hwnd = [IntPtr]::new($hwnd)

$rect = New-Object CaptureWindow+RECT

[CaptureWindow]::GetWindowRect(
    $hwnd,
    [ref]$rect
)

$width =
    $rect.Right - $rect.Left

$height =
    $rect.Bottom - $rect.Top

if ($width -le 0 -or $height -le 0) {
    throw &amp;quot;Ukuran window WPS tidak valid: $width x $height&amp;quot;
}

$bitmap =
    New-Object System.Drawing.Bitmap(
        $width,
        $height
    )

$graphics =
    [System.Drawing.Graphics]::FromImage($bitmap)

$hdc =
    $graphics.GetHdc()

$result =
    [CaptureWindow]::PrintWindow(
        $hwnd,
        $hdc,
        2
    )

$graphics.ReleaseHdc($hdc)
$graphics.Dispose()

if (-not $result) {
    throw &amp;quot;PrintWindow gagal mengambil window WPS/Excel.&amp;quot;
}

$bitmap.Save(
    &amp;apos;$screenshotExcel.replace(&amp;apos;, &amp;apos;&amp;apos;)&amp;apos;,
    [System.Drawing.Imaging.ImageFormat]::Png
)

$bitmap.Dispose()

Write-Output &amp;quot;SCREENSHOT_OK&amp;quot;
</message>
  <nestedLevel>1</nestedLevel>
  <escapedJava>false</escapedJava>
  <property name="startLine">467</property>
  <property name="stepIndex">39</property>
</record>
<record>
  <date>2026-09-14T03:34:42.169523300Z</date>
  <millis>1789356882169</millis>
  <nanos>523300</nanos>
  <sequence>636</sequence>
  <level>END</level>
  <class>com.kms.katalon.core.logging.XmlKeywordLogger</class>
  <method>endKeyword</method>
  <thread>1</thread>
  <message>End action : captureScript = 
Add-Type -AssemblyName System.Drawing

Add-Type @&amp;apos;
using System;
using System.Runtime.InteropServices;

public class CaptureWindow {

    [DllImport(&amp;quot;user32.dll&amp;quot;)]
    public static extern bool GetWindowRect(
        IntPtr hWnd,
        out RECT lpRect
    );

    [DllImport(&amp;quot;user32.dll&amp;quot;)]
    public static extern bool PrintWindow(
        IntPtr hWnd,
        IntPtr hdcBlt,
        uint nFlags
    );

    [StructLayout(LayoutKind.Sequential)]
    public struct RECT {
        public int Left;
        public int Top;
        public int Right;
        public int Bottom;
    }
}
&amp;apos;@

$hwnd = [IntPtr]::new($hwnd)

$rect = New-Object CaptureWindow+RECT

[CaptureWindow]::GetWindowRect(
    $hwnd,
    [ref]$rect
)

$width =
    $rect.Right - $rect.Left

$height =
    $rect.Bottom - $rect.Top

if ($width -le 0 -or $height -le 0) {
    throw &amp;quot;Ukuran window WPS tidak valid: $width x $height&amp;quot;
}

$bitmap =
    New-Object System.Drawing.Bitmap(
        $width,
        $height
    )

$graphics =
    [System.Drawing.Graphics]::FromImage($bitmap)

$hdc =
    $graphics.GetHdc()

$result =
    [CaptureWindow]::PrintWindow(
        $hwnd,
        $hdc,
        2
    )

$graphics.ReleaseHdc($hdc)
$graphics.Dispose()

if (-not $result) {
    throw &amp;quot;PrintWindow gagal mengambil window WPS/Excel.&amp;quot;
}

$bitmap.Save(
    &amp;apos;$screenshotExcel.replace(&amp;apos;, &amp;apos;&amp;apos;)&amp;apos;,
    [System.Drawing.Imaging.ImageFormat]::Png
)

$bitmap.Dispose()

Write-Output &amp;quot;SCREENSHOT_OK&amp;quot;
</message>
  <nestedLevel>1</nestedLevel>
  <escapedJava>false</escapedJava>
</record>
<record>
  <date>2026-09-14T03:34:42.170523100Z</date>
  <millis>1789356882170</millis>
  <nanos>523100</nanos>
  <sequence>637</sequence>
  <level>START</level>
  <class>com.kms.katalon.core.logging.XmlKeywordLogger</class>
  <method>startKeyword</method>
  <thread>1</thread>
  <message>Start action : captureProcess = redirectErrorStream(true).start()</message>
  <nestedLevel>1</nestedLevel>
  <escapedJava>false</escapedJava>
  <property name="startLine">555</property>
  <property name="stepIndex">40</property>
</record>
<record>
  <date>2026-09-14T03:34:42.222361100Z</date>
  <millis>1789356882222</millis>
  <nanos>361100</nanos>
  <sequence>638</sequence>
  <level>END</level>
  <class>com.kms.katalon.core.logging.XmlKeywordLogger</class>
  <method>endKeyword</method>
  <thread>1</thread>
  <message>End action : captureProcess = redirectErrorStream(true).start()</message>
  <nestedLevel>1</nestedLevel>
  <escapedJava>false</escapedJava>
</record>
<record>
  <date>2026-09-14T03:34:42.222546900Z</date>
  <millis>1789356882222</millis>
  <nanos>546900</nanos>
  <sequence>639</sequence>
  <level>START</level>
  <class>com.kms.katalon.core.logging.XmlKeywordLogger</class>
  <method>startKeyword</method>
  <thread>1</thread>
  <message>Start action : captureResult = text.trim()</message>
  <nestedLevel>1</nestedLevel>
  <escapedJava>false</escapedJava>
  <property name="startLine">564</property>
  <property name="stepIndex">41</property>
</record>
<record>
  <date>2026-09-14T03:34:42.980614300Z</date>
  <millis>1789356882980</millis>
  <nanos>614300</nanos>
  <sequence>640</sequence>
  <level>END</level>
  <class>com.kms.katalon.core.logging.XmlKeywordLogger</class>
  <method>endKeyword</method>
  <thread>1</thread>
  <message>End action : captureResult = text.trim()</message>
  <nestedLevel>1</nestedLevel>
  <escapedJava>false</escapedJava>
</record>
<record>
  <date>2026-09-14T03:34:42.981114300Z</date>
  <millis>1789356882981</millis>
  <nanos>114300</nanos>
  <sequence>641</sequence>
  <level>START</level>
  <class>com.kms.katalon.core.logging.XmlKeywordLogger</class>
  <method>startKeyword</method>
  <thread>1</thread>
  <message>Start action : exitCode = captureProcess.waitFor()</message>
  <nestedLevel>1</nestedLevel>
  <escapedJava>false</escapedJava>
  <property name="startLine">567</property>
  <property name="stepIndex">42</property>
</record>
<record>
  <date>2026-09-14T03:34:42.988868700Z</date>
  <millis>1789356882988</millis>
  <nanos>868700</nanos>
  <sequence>642</sequence>
  <level>END</level>
  <class>com.kms.katalon.core.logging.XmlKeywordLogger</class>
  <method>endKeyword</method>
  <thread>1</thread>
  <message>End action : exitCode = captureProcess.waitFor()</message>
  <nestedLevel>1</nestedLevel>
  <escapedJava>false</escapedJava>
</record>
<record>
  <date>2026-09-14T03:34:42.988868700Z</date>
  <millis>1789356882988</millis>
  <nanos>868700</nanos>
  <sequence>643</sequence>
  <level>START</level>
  <class>com.kms.katalon.core.logging.XmlKeywordLogger</class>
  <method>startKeyword</method>
  <thread>1</thread>
  <message>Start action : comment(&amp;quot;Hasil capture WPS: &amp;quot; + captureResult)</message>
  <nestedLevel>1</nestedLevel>
  <escapedJava>false</escapedJava>
  <property name="startLine">571</property>
  <property name="stepIndex">43</property>
</record>
<record>
  <date>2026-09-14T03:34:42.994003100Z</date>
  <millis>1789356882994</millis>
  <nanos>3100</nanos>
  <sequence>645</sequence>
  <level>INFO</level>
  <class>com.kms.katalon.core.logging.XmlKeywordLogger</class>
  <method>logMessage</method>
  <thread>1</thread>
  <message>Hasil capture WPS: At line:33 char:23
+ $hwnd = [IntPtr]::new(At line:36 char:33)
+                       ~
Missing &amp;apos;)&amp;apos; in method call.
At line:33 char:23
+ $hwnd = [IntPtr]::new(At line:36 char:33)
+                       ~~
Unexpected token &amp;apos;At&amp;apos; in expression or statement.
At line:33 char:41
+ $hwnd = [IntPtr]::new(At line:36 char:33)
+                                         ~
Unexpected token &amp;apos;)&amp;apos; in expression or statement.
    + CategoryInfo          : ParserError: (:) [], ParentContainsErrorRecordException
    + FullyQualifiedErrorId : MissingEndParenthesisInMethodCall</message>
  <nestedLevel>1</nestedLevel>
  <escapedJava>false</escapedJava>
</record>
<record>
  <date>2026-09-14T03:34:42.996039200Z</date>
  <millis>1789356882996</millis>
  <nanos>39200</nanos>
  <sequence>646</sequence>
  <level>END</level>
  <class>com.kms.katalon.core.logging.XmlKeywordLogger</class>
  <method>endKeyword</method>
  <thread>1</thread>
  <message>End action : comment(&amp;quot;Hasil capture WPS: &amp;quot; + captureResult)</message>
  <nestedLevel>1</nestedLevel>
  <escapedJava>false</escapedJava>
</record>
<record>
  <date>2026-09-14T03:34:42.996039200Z</date>
  <millis>1789356882996</millis>
  <nanos>39200</nanos>
  <sequence>647</sequence>
  <level>START</level>
  <class>com.kms.katalon.core.logging.XmlKeywordLogger</class>
  <method>startKeyword</method>
  <thread>1</thread>
  <message>Start action : screenshotFile = new java.io.File(screenshotExcel)</message>
  <nestedLevel>1</nestedLevel>
  <escapedJava>false</escapedJava>
  <property name="startLine">580</property>
  <property name="stepIndex">44</property>
</record>
<record>
  <date>2026-09-14T03:34:42.998820800Z</date>
  <millis>1789356882998</millis>
  <nanos>820800</nanos>
  <sequence>648</sequence>
  <level>END</level>
  <class>com.kms.katalon.core.logging.XmlKeywordLogger</class>
  <method>endKeyword</method>
  <thread>1</thread>
  <message>End action : screenshotFile = new java.io.File(screenshotExcel)</message>
  <nestedLevel>1</nestedLevel>
  <escapedJava>false</escapedJava>
</record>
<record>
  <date>2026-09-14T03:34:42.999870500Z</date>
  <millis>1789356882999</millis>
  <nanos>870500</nanos>
  <sequence>649</sequence>
  <level>START</level>
  <class>com.kms.katalon.core.logging.XmlKeywordLogger</class>
  <method>startKeyword</method>
  <thread>1</thread>
  <message>Start action : verifyEqual(exitCode, 0, STOP_ON_FAILURE)</message>
  <nestedLevel>1</nestedLevel>
  <escapedJava>false</escapedJava>
  <property name="startLine">583</property>
  <property name="stepIndex">45</property>
</record>
<record>
  <date>2026-09-14T03:34:43.039739800Z</date>
  <millis>1789356883039</millis>
  <nanos>739800</nanos>
  <sequence>655</sequence>
  <level>FAILED</level>
  <class>com.kms.katalon.core.logging.XmlKeywordLogger</class>
  <method>logMessage</method>
  <thread>1</thread>
  <message>Unable to verify equal between actual object &amp;apos;1&amp;apos; and expected object &amp;apos;0&amp;apos; (Root cause: com.kms.katalon.core.exception.StepFailedException: Actual object &amp;apos;1&amp;apos; and expected object &amp;apos;0&amp;apos; are not equal
	at com.kms.katalon.core.keyword.builtin.VerifyEqualKeyword$_verifyEqual_closure1.doCall(VerifyEqualKeyword.groovy:58)
	at com.kms.katalon.core.keyword.builtin.VerifyEqualKeyword$_verifyEqual_closure1.call(VerifyEqualKeyword.groovy)
	at com.kms.katalon.core.keyword.internal.KeywordMain.runKeyword(KeywordMain.groovy:75)
	at com.kms.katalon.core.keyword.builtin.VerifyEqualKeyword.verifyEqual(VerifyEqualKeyword.groovy:63)
	at com.kms.katalon.core.keyword.builtin.VerifyEqualKeyword.execute(VerifyEqualKeyword.groovy:44)
	at com.kms.katalon.core.keyword.internal.KeywordExecutor.executeKeywordForPlatform(KeywordExecutor.groovy:90)
	at com.kms.katalon.core.keyword.BuiltinKeywords.verifyEqual(BuiltinKeywords.groovy:131)
	at java.base/jdk.internal.reflect.NativeMethodAccessorImpl.invoke0(Native Method)
	at java.base/jdk.internal.reflect.NativeMethodAccessorImpl.invoke(NativeMethodAccessorImpl.java:77)
	at java.base/jdk.internal.reflect.DelegatingMethodAccessorImpl.invoke(DelegatingMethodAccessorImpl.java:43)
	at ProsesDownload.run(ProsesDownload:583)
	at com.kms.katalon.core.main.ScriptEngine.run(ScriptEngine.java:194)
	at com.kms.katalon.core.main.ScriptEngine.runScriptAsRawText(ScriptEngine.java:119)
	at com.kms.katalon.core.main.TestCaseExecutor.runScript(TestCaseExecutor.java:490)
	at com.kms.katalon.core.main.TestCaseExecutor.doExecute(TestCaseExecutor.java:481)
	at com.kms.katalon.core.main.TestCaseExecutor.processExecutionPhase(TestCaseExecutor.java:460)
	at com.kms.katalon.core.main.TestCaseExecutor.accessMainPhase(TestCaseExecutor.java:452)
	at com.kms.katalon.core.main.TestCaseExecutor.execute(TestCaseExecutor.java:322)
	at com.kms.katalon.core.common.CommonExecutor.accessTestCaseMainPhase(CommonExecutor.java:71)
	at com.kms.katalon.core.main.TestSuiteExecutor.accessTestSuiteMainPhase(TestSuiteExecutor.java:153)
	at com.kms.katalon.core.main.TestSuiteExecutor.execute(TestSuiteExecutor.java:110)
	at com.kms.katalon.core.main.TestCaseMain.startTestSuite(TestCaseMain.java:205)
	at TempTestSuite1789356756616.run(TempTestSuite1789356756616.groovy:35)
	at java.base/jdk.internal.reflect.NativeMethodAccessorImpl.invoke0(Native Method)
	at java.base/jdk.internal.reflect.NativeMethodAccessorImpl.invoke(NativeMethodAccessorImpl.java:77)
	at java.base/jdk.internal.reflect.DelegatingMethodAccessorImpl.invoke(DelegatingMethodAccessorImpl.java:43)
)</message>
  <nestedLevel>1</nestedLevel>
  <escapedJava>false</escapedJava>
  <property name="failed.exception.stacktrace">com.kms.katalon.core.exception.StepFailedException: Actual object &apos;1&apos; and expected object &apos;0&apos; are not equal
	at com.kms.katalon.core.keyword.builtin.VerifyEqualKeyword$_verifyEqual_closure1.doCall(VerifyEqualKeyword.groovy:58)
	at com.kms.katalon.core.keyword.builtin.VerifyEqualKeyword$_verifyEqual_closure1.call(VerifyEqualKeyword.groovy)
	at com.kms.katalon.core.keyword.internal.KeywordMain.runKeyword(KeywordMain.groovy:75)
	at com.kms.katalon.core.keyword.builtin.VerifyEqualKeyword.verifyEqual(VerifyEqualKeyword.groovy:63)
	at com.kms.katalon.core.keyword.builtin.VerifyEqualKeyword.execute(VerifyEqualKeyword.groovy:44)
	at com.kms.katalon.core.keyword.internal.KeywordExecutor.executeKeywordForPlatform(KeywordExecutor.groovy:90)
	at com.kms.katalon.core.keyword.BuiltinKeywords.verifyEqual(BuiltinKeywords.groovy:131)
	at java.base/jdk.internal.reflect.NativeMethodAccessorImpl.invoke0(Native Method)
	at java.base/jdk.internal.reflect.NativeMethodAccessorImpl.invoke(NativeMethodAccessorImpl.java:77)
	at java.base/jdk.internal.reflect.DelegatingMethodAccessorImpl.invoke(DelegatingMethodAccessorImpl.java:43)
	at ProsesDownload.run(ProsesDownload:583)
	at com.kms.katalon.core.main.ScriptEngine.run(ScriptEngine.java:194)
	at com.kms.katalon.core.main.ScriptEngine.runScriptAsRawText(ScriptEngine.java:119)
	at com.kms.katalon.core.main.TestCaseExecutor.runScript(TestCaseExecutor.java:490)
	at com.kms.katalon.core.main.TestCaseExecutor.doExecute(TestCaseExecutor.java:481)
	at com.kms.katalon.core.main.TestCaseExecutor.processExecutionPhase(TestCaseExecutor.java:460)
	at com.kms.katalon.core.main.TestCaseExecutor.accessMainPhase(TestCaseExecutor.java:452)
	at com.kms.katalon.core.main.TestCaseExecutor.execute(TestCaseExecutor.java:322)
	at com.kms.katalon.core.common.CommonExecutor.accessTestCaseMainPhase(CommonExecutor.java:71)
	at com.kms.katalon.core.main.TestSuiteExecutor.accessTestSuiteMainPhase(TestSuiteExecutor.java:153)
	at com.kms.katalon.core.main.TestSuiteExecutor.execute(TestSuiteExecutor.java:110)
	at com.kms.katalon.core.main.TestCaseMain.startTestSuite(TestCaseMain.java:205)
	at TempTestSuite1789356756616.run(TempTestSuite1789356756616.groovy:35)
	at java.base/jdk.internal.reflect.NativeMethodAccessorImpl.invoke0(Native Method)
	at java.base/jdk.internal.reflect.NativeMethodAccessorImpl.invoke(NativeMethodAccessorImpl.java:77)
	at java.base/jdk.internal.reflect.DelegatingMethodAccessorImpl.invoke(DelegatingMethodAccessorImpl.java:43)
</property>
  <property name="failed.exception.class">com.kms.katalon.core.exception.StepFailedException</property>
  <property name="testops-is-assertion">true</property>
  <property name="testops-method-name">com.kms.katalon.core.keyword.builtin.VerifyEqualKeyword.verifyEqual</property>
  <property name="testops-execution-stacktrace">com.kms.katalon.core.logging.testops.TestOpsLogHelper.handleFailedLogEntry(TestOpsLogHelper.java:112)
com.kms.katalon.core.logging.KeywordLogger.logFailed(KeywordLogger.java:282)
com.kms.katalon.core.keyword.internal.KeywordMain.stepFailed(KeywordMain.groovy:43)
com.kms.katalon.core.keyword.internal.KeywordMain.stepFailed(KeywordMain.groovy)
com.kms.katalon.core.keyword.internal.KeywordMain.runKeyword(KeywordMain.groovy:77)
com.kms.katalon.core.keyword.builtin.VerifyEqualKeyword.verifyEqual(VerifyEqualKeyword.groovy:63)
com.kms.katalon.core.keyword.builtin.VerifyEqualKeyword.execute(VerifyEqualKeyword.groovy:44)
com.kms.katalon.core.keyword.internal.KeywordExecutor.executeKeywordForPlatform(KeywordExecutor.groovy:90)
com.kms.katalon.core.keyword.BuiltinKeywords.verifyEqual(BuiltinKeywords.groovy:131)
java.base/jdk.internal.reflect.NativeMethodAccessorImpl.invoke0(Native Method)
java.base/jdk.internal.reflect.NativeMethodAccessorImpl.invoke(NativeMethodAccessorImpl.java:77)
java.base/jdk.internal.reflect.DelegatingMethodAccessorImpl.invoke(DelegatingMethodAccessorImpl.java:43)
ProsesDownload.run(ProsesDownload:583)
</property>
  <property name="failed.exception.message">Actual object &apos;1&apos; and expected object &apos;0&apos; are not equal</property>
</record>
<record>
  <date>2026-09-14T03:34:43.040731900Z</date>
  <millis>1789356883040</millis>
  <nanos>731900</nanos>
  <sequence>657</sequence>
  <level>END</level>
  <class>com.kms.katalon.core.logging.XmlKeywordLogger</class>
  <method>endKeyword</method>
  <thread>1</thread>
  <message>End action : verifyEqual(exitCode, 0, STOP_ON_FAILURE)</message>
  <nestedLevel>1</nestedLevel>
  <escapedJava>false</escapedJava>
</record>
<record>
  <date>2026-09-14T03:34:43.042202400Z</date>
  <millis>1789356883042</millis>
  <nanos>202400</nanos>
  <sequence>659</sequence>
  <level>FAILED</level>
  <class>com.kms.katalon.core.logging.XmlKeywordLogger</class>
  <method>logMessage</method>
  <thread>1</thread>
  <message>Test Cases/DATA UI/Download/ProsesDownload FAILED.
Reason:
com.kms.katalon.core.exception.StepFailedException: Window WPS/Excel tidak ditemukan. Hasil: At line:36 char:33
+         $_.MainWindowTitle -like *$fileName* -or
+                                 ~
You must provide a value expression following the &amp;apos;-like&amp;apos; operator.
At line:36 char:45
+         $_.MainWindowTitle -like *$fileName* -or
+                                             ~
You must provide a value expression following the &amp;apos;*&amp;apos; operator.
At line:37 char:33
+         $_.MainWindowTitle -like *WPS* -or
+                                 ~
You must provide a value expression following the &amp;apos;-like&amp;apos; operator.
At line:37 char:35
+         $_.MainWindowTitle -like *WPS* -or
+                                   ~
You must provide a value expression following the &amp;apos;*&amp;apos; operator.
At line:37 char:35
+         $_.MainWindowTitle -like *WPS* -or
+                                   ~~~~
Unexpected token &amp;apos;WPS*&amp;apos; in expression or statement.
At line:37 char:35
+         $_.MainWindowTitle -like *WPS* -or
+                                   ~
Missing closing &amp;apos;)&amp;apos; in expression.
At line:38 char:33
+         $_.MainWindowTitle -like *Excel*
+                                 ~
You must provide a value expression following the &amp;apos;-like&amp;apos; operator.
At line:38 char:35
+         $_.MainWindowTitle -like *Excel*
+                                   ~
You must provide a value expression following the &amp;apos;*&amp;apos; operator.
At line:38 char:35
+         $_.MainWindowTitle -like *Excel*
+                                   ~~~~~~
Unexpected token &amp;apos;Excel*&amp;apos; in expression or statement.
At line:33 char:35
+ $app = Get-Process | Where-Object {
+                                   ~
Missing closing &amp;apos;}&amp;apos; in statement block or type definition.
Not all parse errors were reported.  Correct the reported errors and try again.
    + CategoryInfo          : ParserError: (:) [], ParentContainsErrorRecordException
    + FullyQualifiedErrorId : ExpectedValueExpression
	at com.kms.katalon.core.util.KeywordUtil.markFailed(KeywordUtil.java:19)
	at ProsesDownload.run(ProsesDownload:448)
	at com.kms.katalon.core.main.ScriptEngine.run(ScriptEngine.java:194)
	at com.kms.katalon.core.main.ScriptEngine.runScriptAsRawText(ScriptEngine.java:119)
	at com.kms.katalon.core.main.TestCaseExecutor.runScript(TestCaseExecutor.java:490)
	at com.kms.katalon.core.main.TestCaseExecutor.doExecute(TestCaseExecutor.java:481)
	at com.kms.katalon.core.main.TestCaseExecutor.processExecutionPhase(TestCaseExecutor.java:460)
	at com.kms.katalon.core.main.TestCaseExecutor.accessMainPhase(TestCaseExecutor.java:452)
	at com.kms.katalon.core.main.TestCaseExecutor.execute(TestCaseExecutor.java:322)
	at com.kms.katalon.core.common.CommonExecutor.accessTestCaseMainPhase(CommonExecutor.java:71)
	at com.kms.katalon.core.main.TestSuiteExecutor.accessTestSuiteMainPhase(TestSuiteExecutor.java:153)
	at com.kms.katalon.core.main.TestSuiteExecutor.execute(TestSuiteExecutor.java:110)
	at com.kms.katalon.core.main.TestCaseMain.startTestSuite(TestCaseMain.java:205)
	at TempTestSuite1789356756616.run(TempTestSuite1789356756616.groovy:35)
	at java.base/jdk.internal.reflect.NativeMethodAccessorImpl.invoke0(Native Method)
	at java.base/jdk.internal.reflect.NativeMethodAccessorImpl.invoke(NativeMethodAccessorImpl.java:77)
	at java.base/jdk.internal.reflect.DelegatingMethodAccessorImpl.invoke(DelegatingMethodAccessorImpl.java:43)
</message>
  <exception>
    <message>com.kms.katalon.core.exception.StepFailedException: Window WPS/Excel tidak ditemukan. Hasil: At line:36 char:33
+         $_.MainWindowTitle -like *$fileName* -or
+                                 ~
You must provide a value expression following the '-like' operator.
At line:36 char:45
+         $_.MainWindowTitle -like *$fileName* -or
+                                             ~
You must provide a value expression following the '*' operator.
At line:37 char:33
+         $_.MainWindowTitle -like *WPS* -or
+                                 ~
You must provide a value expression following the '-like' operator.
At line:37 char:35
+         $_.MainWindowTitle -like *WPS* -or
+                                   ~
You must provide a value expression following the '*' operator.
At line:37 char:35
+         $_.MainWindowTitle -like *WPS* -or
+                                   ~~~~
Unexpected token 'WPS*' in expression or statement.
At line:37 char:35
+         $_.MainWindowTitle -like *WPS* -or
+                                   ~
Missing closing ')' in expression.
At line:38 char:33
+         $_.MainWindowTitle -like *Excel*
+                                 ~
You must provide a value expression following the '-like' operator.
At line:38 char:35
+         $_.MainWindowTitle -like *Excel*
+                                   ~
You must provide a value expression following the '*' operator.
At line:38 char:35
+         $_.MainWindowTitle -like *Excel*
+                                   ~~~~~~
Unexpected token 'Excel*' in expression or statement.
At line:33 char:35
+ $app = Get-Process | Where-Object {
+                                   ~
Missing closing '}' in statement block or type definition.
Not all parse errors were reported.  Correct the reported errors and try again.
    + CategoryInfo          : ParserError: (:) [], ParentContainsErrorRecordException
    + FullyQualifiedErrorId : ExpectedValueExpression</message>
    <frame>
      <class>com.kms.katalon.core.logging.XmlKeywordLogger</class>
      <method>logMessage</method>
      <line>512</line>
    </frame>
    <frame>
      <class>com.kms.katalon.core.logging.KeywordLogger</class>
      <method>logMessage</method>
      <line>447</line>
    </frame>
    <frame>
      <class>com.kms.katalon.core.main.TestCaseExecutor</class>
      <method>logError</method>
      <line>599</line>
    </frame>
    <frame>
      <class>com.kms.katalon.core.main.TestCaseExecutor</class>
      <method>onExecutionError</method>
      <line>187</line>
    </frame>
    <frame>
      <class>com.kms.katalon.core.main.TestCaseExecutor</class>
      <method>processExecutionPhase</method>
      <line>470</line>
    </frame>
    <frame>
      <class>com.kms.katalon.core.main.TestCaseExecutor</class>
      <method>accessMainPhase</method>
      <line>452</line>
    </frame>
    <frame>
      <class>com.kms.katalon.core.main.TestCaseExecutor</class>
      <method>execute</method>
      <line>322</line>
    </frame>
    <frame>
      <class>com.kms.katalon.core.common.CommonExecutor</class>
      <method>accessTestCaseMainPhase</method>
      <line>71</line>
    </frame>
    <frame>
      <class>com.kms.katalon.core.main.TestSuiteExecutor</class>
      <method>accessTestSuiteMainPhase</method>
      <line>153</line>
    </frame>
    <frame>
      <class>com.kms.katalon.core.main.TestSuiteExecutor</class>
      <method>execute</method>
      <line>110</line>
    </frame>
    <frame>
      <class>com.kms.katalon.core.main.TestCaseMain</class>
      <method>startTestSuite</method>
      <line>205</line>
    </frame>
    <frame>
      <class>org.codehaus.groovy.vmplugin.v8.IndyInterface</class>
      <method>fromCache</method>
      <line>318</line>
    </frame>
    <frame>
      <class>TempTestSuite1789356756616</class>
      <method>run</method>
      <line>35</line>
    </frame>
    <frame>
      <class>groovy.lang.GroovyShell</class>
      <method>runScriptOrMainOrTestOrRunnable</method>
      <line>254</line>
    </frame>
    <frame>
      <class>groovy.lang.GroovyShell</class>
      <method>run</method>
      <line>360</line>
    </frame>
    <frame>
      <class>groovy.lang.GroovyShell</class>
      <method>run</method>
      <line>349</line>
    </frame>
    <frame>
      <class>groovy.ui.GroovyMain</class>
      <method>processOnce</method>
      <line>652</line>
    </frame>
    <frame>
      <class>groovy.ui.GroovyMain</class>
      <method>run</method>
      <line>398</line>
    </frame>
    <frame>
      <class>groovy.ui.GroovyMain</class>
      <method>access$1400</method>
      <line>68</line>
    </frame>
    <frame>
      <class>groovy.ui.GroovyMain$GroovyCommand</class>
      <method>process</method>
      <line>322</line>
    </frame>
    <frame>
      <class>groovy.ui.GroovyMain</class>
      <method>processArgs</method>
      <line>142</line>
    </frame>
    <frame>
      <class>groovy.ui.GroovyMain</class>
      <method>main</method>
      <line>115</line>
    </frame>
    <frame>
      <class>jdk.internal.reflect.NativeMethodAccessorImpl</class>
      <method>invoke0</method>
    </frame>
    <frame>
      <class>jdk.internal.reflect.NativeMethodAccessorImpl</class>
      <method>invoke</method>
      <line>77</line>
    </frame>
    <frame>
      <class>jdk.internal.reflect.DelegatingMethodAccessorImpl</class>
      <method>invoke</method>
      <line>43</line>
    </frame>
    <frame>
      <class>java.lang.reflect.Method</class>
      <method>invoke</method>
      <line>569</line>
    </frame>
    <frame>
      <class>org.codehaus.groovy.tools.GroovyStarter</class>
      <method>rootLoader</method>
      <line>117</line>
    </frame>
    <frame>
      <class>org.codehaus.groovy.tools.GroovyStarter</class>
      <method>main</method>
      <line>39</line>
    </frame>
  </exception>
  <nestedLevel>0</nestedLevel>
  <escapedJava>false</escapedJava>
  <property name="failed.exception.stacktrace">com.kms.katalon.core.exception.StepFailedException: Window WPS/Excel tidak ditemukan. Hasil: At line:36 char:33
+         $_.MainWindowTitle -like *$fileName* -or
+                                 ~
You must provide a value expression following the &apos;-like&apos; operator.
At line:36 char:45
+         $_.MainWindowTitle -like *$fileName* -or
+                                             ~
You must provide a value expression following the &apos;*&apos; operator.
At line:37 char:33
+         $_.MainWindowTitle -like *WPS* -or
+                                 ~
You must provide a value expression following the &apos;-like&apos; operator.
At line:37 char:35
+         $_.MainWindowTitle -like *WPS* -or
+                                   ~
You must provide a value expression following the &apos;*&apos; operator.
At line:37 char:35
+         $_.MainWindowTitle -like *WPS* -or
+                                   ~~~~
Unexpected token &apos;WPS*&apos; in expression or statement.
At line:37 char:35
+         $_.MainWindowTitle -like *WPS* -or
+                                   ~
Missing closing &apos;)&apos; in expression.
At line:38 char:33
+         $_.MainWindowTitle -like *Excel*
+                                 ~
You must provide a value expression following the &apos;-like&apos; operator.
At line:38 char:35
+         $_.MainWindowTitle -like *Excel*
+                                   ~
You must provide a value expression following the &apos;*&apos; operator.
At line:38 char:35
+         $_.MainWindowTitle -like *Excel*
+                                   ~~~~~~
Unexpected token &apos;Excel*&apos; in expression or statement.
At line:33 char:35
+ $app = Get-Process | Where-Object {
+                                   ~
Missing closing &apos;}&apos; in statement block or type definition.
Not all parse errors were reported.  Correct the reported errors and try again.
    + CategoryInfo          : ParserError: (:) [], ParentContainsErrorRecordException
    + FullyQualifiedErrorId : ExpectedValueExpression
	at com.kms.katalon.core.util.KeywordUtil.markFailed(KeywordUtil.java:19)
	at ProsesDownload.run(ProsesDownload:448)
	at com.kms.katalon.core.main.ScriptEngine.run(ScriptEngine.java:194)
	at com.kms.katalon.core.main.ScriptEngine.runScriptAsRawText(ScriptEngine.java:119)
	at com.kms.katalon.core.main.TestCaseExecutor.runScript(TestCaseExecutor.java:490)
	at com.kms.katalon.core.main.TestCaseExecutor.doExecute(TestCaseExecutor.java:481)
	at com.kms.katalon.core.main.TestCaseExecutor.processExecutionPhase(TestCaseExecutor.java:460)
	at com.kms.katalon.core.main.TestCaseExecutor.accessMainPhase(TestCaseExecutor.java:452)
	at com.kms.katalon.core.main.TestCaseExecutor.execute(TestCaseExecutor.java:322)
	at com.kms.katalon.core.common.CommonExecutor.accessTestCaseMainPhase(CommonExecutor.java:71)
	at com.kms.katalon.core.main.TestSuiteExecutor.accessTestSuiteMainPhase(TestSuiteExecutor.java:153)
	at com.kms.katalon.core.main.TestSuiteExecutor.execute(TestSuiteExecutor.java:110)
	at com.kms.katalon.core.main.TestCaseMain.startTestSuite(TestCaseMain.java:205)
	at TempTestSuite1789356756616.run(TempTestSuite1789356756616.groovy:35)
	at java.base/jdk.internal.reflect.NativeMethodAccessorImpl.invoke0(Native Method)
	at java.base/jdk.internal.reflect.NativeMethodAccessorImpl.invoke(NativeMethodAccessorImpl.java:77)
	at java.base/jdk.internal.reflect.DelegatingMethodAccessorImpl.invoke(DelegatingMethodAccessorImpl.java:43)
</property>
  <property name="failed.exception.class">com.kms.katalon.core.exception.StepFailedException</property>
  <property name="failed.exception.message">Window WPS/Excel tidak ditemukan. Hasil: At line:36 char:33
+         $_.MainWindowTitle -like *$fileName* -or
+                                 ~
You must provide a value expression following the &apos;-like&apos; operator.
At line:36 char:45
+         $_.MainWindowTitle -like *$fileName* -or
+                                             ~
You must provide a value expression following the &apos;*&apos; operator.
At line:37 char:33
+         $_.MainWindowTitle -like *WPS* -or
+                                 ~
You must provide a value expression following the &apos;-like&apos; operator.
At line:37 char:35
+         $_.MainWindowTitle -like *WPS* -or
+                                   ~
You must provide a value expression following the &apos;*&apos; operator.
At line:37 char:35
+         $_.MainWindowTitle -like *WPS* -or
+                                   ~~~~
Unexpected token &apos;WPS*&apos; in expression or statement.
At line:37 char:35
+         $_.MainWindowTitle -like *WPS* -or
+                                   ~
Missing closing &apos;)&apos; in expression.
At line:38 char:33
+         $_.MainWindowTitle -like *Excel*
+                                 ~
You must provide a value expression following the &apos;-like&apos; operator.
At line:38 char:35
+         $_.MainWindowTitle -like *Excel*
+                                   ~
You must provide a value expression following the &apos;*&apos; operator.
At line:38 char:35
+         $_.MainWindowTitle -like *Excel*
+                                   ~~~~~~
Unexpected token &apos;Excel*&apos; in expression or statement.
At line:33 char:35
+ $app = Get-Process | Where-Object {
+                                   ~
Missing closing &apos;}&apos; in statement block or type definition.
Not all parse errors were reported.  Correct the reported errors and try again.
    + CategoryInfo          : ParserError: (:) [], ParentContainsErrorRecordException
    + FullyQualifiedErrorId : ExpectedValueExpression</property>
</record>
<record>
  <date>2026-09-14T03:34:43.046710Z</date>
  <millis>1789356883046</millis>
  <nanos>710000</nanos>
  <sequence>661</sequence>
  <level>START</level>
  <class>com.kms.katalon.core.logging.XmlKeywordLogger</class>
  <method>startKeyword</method>
  <thread>1</thread>
  <message>Start listener action : takeScreenshotAfterTestCase</message>
  <nestedLevel>1</nestedLevel>
  <escapedJava>false</escapedJava>
</record>
<record>
  <date>2026-09-14T03:34:43.048384100Z</date>
  <millis>1789356883048</millis>
  <nanos>384100</nanos>
  <sequence>663</sequence>
  <level>START</level>
  <class>com.kms.katalon.core.logging.XmlKeywordLogger</class>
  <method>startKeyword</method>
  <thread>1</thread>
  <message>Start action : timestamp = Date().format(&amp;quot;dd.MM.yyyy_(HH.mm.ss)&amp;quot;)</message>
  <nestedLevel>1</nestedLevel>
  <escapedJava>false</escapedJava>
  <property name="startLine">17</property>
  <property name="stepIndex">1</property>
</record>
<record>
  <date>2026-09-14T03:34:43.049384300Z</date>
  <millis>1789356883049</millis>
  <nanos>384300</nanos>
  <sequence>664</sequence>
  <level>END</level>
  <class>com.kms.katalon.core.logging.XmlKeywordLogger</class>
  <method>endKeyword</method>
  <thread>1</thread>
  <message>End action : timestamp = Date().format(&amp;quot;dd.MM.yyyy_(HH.mm.ss)&amp;quot;)</message>
  <nestedLevel>1</nestedLevel>
  <escapedJava>false</escapedJava>
</record>
<record>
  <date>2026-09-14T03:34:43.049384300Z</date>
  <millis>1789356883049</millis>
  <nanos>384300</nanos>
  <sequence>665</sequence>
  <level>START</level>
  <class>com.kms.katalon.core.logging.XmlKeywordLogger</class>
  <method>startKeyword</method>
  <thread>1</thread>
  <message>Start action : projectDir = getProjectDir()</message>
  <nestedLevel>1</nestedLevel>
  <escapedJava>false</escapedJava>
  <property name="startLine">18</property>
  <property name="stepIndex">2</property>
</record>
<record>
  <date>2026-09-14T03:34:43.050400700Z</date>
  <millis>1789356883050</millis>
  <nanos>400700</nanos>
  <sequence>666</sequence>
  <level>END</level>
  <class>com.kms.katalon.core.logging.XmlKeywordLogger</class>
  <method>endKeyword</method>
  <thread>1</thread>
  <message>End action : projectDir = getProjectDir()</message>
  <nestedLevel>1</nestedLevel>
  <escapedJava>false</escapedJava>
</record>
<record>
  <date>2026-09-14T03:34:43.051432400Z</date>
  <millis>1789356883051</millis>
  <nanos>432400</nanos>
  <sequence>667</sequence>
  <level>START</level>
  <class>com.kms.katalon.core.logging.XmlKeywordLogger</class>
  <method>startKeyword</method>
  <thread>1</thread>
  <message>Start action : testCaseName = getTestCaseId().replace(&amp;quot;/&amp;quot;, &amp;quot;_&amp;quot;)</message>
  <nestedLevel>1</nestedLevel>
  <escapedJava>false</escapedJava>
  <property name="startLine">19</property>
  <property name="stepIndex">3</property>
</record>
<record>
  <date>2026-09-14T03:34:43.052398700Z</date>
  <millis>1789356883052</millis>
  <nanos>398700</nanos>
  <sequence>668</sequence>
  <level>END</level>
  <class>com.kms.katalon.core.logging.XmlKeywordLogger</class>
  <method>endKeyword</method>
  <thread>1</thread>
  <message>End action : testCaseName = getTestCaseId().replace(&amp;quot;/&amp;quot;, &amp;quot;_&amp;quot;)</message>
  <nestedLevel>1</nestedLevel>
  <escapedJava>false</escapedJava>
</record>
<record>
  <date>2026-09-14T03:34:43.052398700Z</date>
  <millis>1789356883052</millis>
  <nanos>398700</nanos>
  <sequence>669</sequence>
  <level>START</level>
  <class>com.kms.katalon.core.logging.XmlKeywordLogger</class>
  <method>startKeyword</method>
  <thread>1</thread>
  <message>Start action : status = testCaseContext.getTestCaseStatus()</message>
  <nestedLevel>1</nestedLevel>
  <escapedJava>false</escapedJava>
  <property name="startLine">21</property>
  <property name="stepIndex">4</property>
</record>
<record>
  <date>2026-09-14T03:34:43.053394500Z</date>
  <millis>1789356883053</millis>
  <nanos>394500</nanos>
  <sequence>670</sequence>
  <level>END</level>
  <class>com.kms.katalon.core.logging.XmlKeywordLogger</class>
  <method>endKeyword</method>
  <thread>1</thread>
  <message>End action : status = testCaseContext.getTestCaseStatus()</message>
  <nestedLevel>1</nestedLevel>
  <escapedJava>false</escapedJava>
</record>
<record>
  <date>2026-09-14T03:34:43.054401Z</date>
  <millis>1789356883054</millis>
  <nanos>401000</nanos>
  <sequence>671</sequence>
  <level>START</level>
  <class>com.kms.katalon.core.logging.XmlKeywordLogger</class>
  <method>startKeyword</method>
  <thread>1</thread>
  <message>Start action : fullPath = $projectDir/Screenshots/Evidence_$status_$timestamp.png</message>
  <nestedLevel>1</nestedLevel>
  <escapedJava>false</escapedJava>
  <property name="startLine">25</property>
  <property name="stepIndex">5</property>
</record>
<record>
  <date>2026-09-14T03:34:43.054401Z</date>
  <millis>1789356883054</millis>
  <nanos>401000</nanos>
  <sequence>672</sequence>
  <level>END</level>
  <class>com.kms.katalon.core.logging.XmlKeywordLogger</class>
  <method>endKeyword</method>
  <thread>1</thread>
  <message>End action : fullPath = $projectDir/Screenshots/Evidence_$status_$timestamp.png</message>
  <nestedLevel>1</nestedLevel>
  <escapedJava>false</escapedJava>
</record>
<record>
  <date>2026-09-14T03:34:43.055394Z</date>
  <millis>1789356883055</millis>
  <nanos>394000</nanos>
  <sequence>673</sequence>
  <level>START</level>
  <class>com.kms.katalon.core.logging.XmlKeywordLogger</class>
  <method>startKeyword</method>
  <thread>1</thread>
  <message>Start action : takeScreenshot(fullPath)</message>
  <nestedLevel>1</nestedLevel>
  <escapedJava>false</escapedJava>
  <property name="startLine">28</property>
  <property name="stepIndex">6</property>
</record>
<record>
  <date>2026-09-14T03:34:43.540388600Z</date>
  <millis>1789356883540</millis>
  <nanos>388600</nanos>
  <sequence>676</sequence>
  <level>PASSED</level>
  <class>com.kms.katalon.core.logging.XmlKeywordLogger</class>
  <method>logMessage</method>
  <thread>1</thread>
  <message>Taking screenshot successfully</message>
  <nestedLevel>1</nestedLevel>
  <escapedJava>false</escapedJava>
  <property name="attachment">C:/Users/TTECH-0251/git/AutoAPI/Screenshots/Evidence_FAILED_14.09.2026_(10.34.43).png</property>
  <property name="testops-method-name">com.kms.katalon.core.webui.keyword.builtin.TakeScreenshotKeyword.takeScreenshot</property>
  <property name="testops-execution-stacktrace"></property>
</record>
<record>
  <date>2026-09-14T03:34:43.540995500Z</date>
  <millis>1789356883540</millis>
  <nanos>995500</nanos>
  <sequence>677</sequence>
  <level>END</level>
  <class>com.kms.katalon.core.logging.XmlKeywordLogger</class>
  <method>endKeyword</method>
  <thread>1</thread>
  <message>End action : takeScreenshot(fullPath)</message>
  <nestedLevel>1</nestedLevel>
  <escapedJava>false</escapedJava>
</record>
<record>
  <date>2026-09-14T03:34:43.541920100Z</date>
  <millis>1789356883541</millis>
  <nanos>920100</nanos>
  <sequence>678</sequence>
  <level>START</level>
  <class>com.kms.katalon.core.logging.XmlKeywordLogger</class>
  <method>startKeyword</method>
  <thread>1</thread>
  <message>Start action : println(&amp;quot;Screenshot disimpan: &amp;quot; + fullPath)</message>
  <nestedLevel>1</nestedLevel>
  <escapedJava>false</escapedJava>
  <property name="startLine">30</property>
  <property name="stepIndex">7</property>
</record>
<record>
  <date>2026-09-14T03:34:43.542601600Z</date>
  <millis>1789356883542</millis>
  <nanos>601600</nanos>
  <sequence>680</sequence>
  <level>END</level>
  <class>com.kms.katalon.core.logging.XmlKeywordLogger</class>
  <method>endKeyword</method>
  <thread>1</thread>
  <message>End action : println(&amp;quot;Screenshot disimpan: &amp;quot; + fullPath)</message>
  <nestedLevel>1</nestedLevel>
  <escapedJava>false</escapedJava>
</record>
<record>
  <date>2026-09-14T03:34:43.542601600Z</date>
  <millis>1789356883542</millis>
  <nanos>601600</nanos>
  <sequence>681</sequence>
  <level>END</level>
  <class>com.kms.katalon.core.logging.XmlKeywordLogger</class>
  <method>endKeyword</method>
  <thread>1</thread>
  <message>End listener action : takeScreenshotAfterTestCase</message>
  <nestedLevel>1</nestedLevel>
  <escapedJava>false</escapedJava>
</record>
<record>
  <date>2026-09-14T03:34:43.543332900Z</date>
  <millis>1789356883543</millis>
  <nanos>332900</nanos>
  <sequence>682</sequence>
  <level>END</level>
  <class>com.kms.katalon.core.logging.XmlKeywordLogger</class>
  <method>endTest</method>
  <thread>1</thread>
  <message>End Test Case : Test Cases/DATA UI/Download/ProsesDownload</message>
  <nestedLevel>0</nestedLevel>
  <escapedJava>false</escapedJava>
  <property name="executionBindingVariables">[]</property>
  <property name="applitools">false</property>
  <property name="remainingRetryCount">3</property>
  <property name="executedKeywords">{
  &quot;WebUI.verifyElementPresent&quot;: 1,
  &quot;BuiltIn.verifyEqual&quot;: 1,
  &quot;WebUI.click&quot;: 2,
  &quot;BuiltIn.comment&quot;: 7,
  &quot;WebUI.takeScreenshot&quot;: 2,
  &quot;BuiltIn.delay&quot;: 3
}</property>
  <property name="currentRetryCount">0</property>
  <property name="keywordsUsage">{
  &quot;web_ui&quot;: true,
  &quot;web_service&quot;: false,
  &quot;cucumber&quot;: false,
  &quot;builtin&quot;: true,
  &quot;mobile&quot;: false,
  &quot;windows&quot;: false,
  &quot;testng&quot;: false
}</property>
</record>
<record>
  <date>2026-09-14T03:34:43.550991100Z</date>
  <millis>1789356883550</millis>
  <nanos>991100</nanos>
  <sequence>683</sequence>
  <level>START</level>
  <class>com.kms.katalon.core.logging.XmlKeywordLogger</class>
  <method>startTest</method>
  <thread>1</thread>
  <message>Start Test Case : Test Cases/DATA UI/Download/ProsesDownload</message>
  <nestedLevel>1</nestedLevel>
  <escapedJava>false</escapedJava>
  <property name="remainingRetryCount">2</property>
  <property name="origin"></property>
  <property name="name">Test Cases/DATA UI/Download/ProsesDownload</property>
  <property name="description"></property>
  <property name="iteration"></property>
  <property name="id">Test Cases/DATA UI/Download/ProsesDownload</property>
  <property name="source">C:\Users\TTECH-0251\git\AutoAPI\Test Cases\DATA UI\Download\ProsesDownload.tc</property>
  <property name="tag"></property>
  <property name="isOptional">false</property>
  <property name="currentRetryCount">1</property>
</record>
<record>
  <date>2026-09-14T03:34:43.643997Z</date>
  <millis>1789356883643</millis>
  <nanos>997000</nanos>
  <sequence>685</sequence>
  <level>START</level>
  <class>com.kms.katalon.core.logging.XmlKeywordLogger</class>
  <method>startKeyword</method>
  <thread>1</thread>
  <message>Start action : projectDir = getProjectDir()</message>
  <nestedLevel>1</nestedLevel>
  <escapedJava>false</escapedJava>
  <property name="startLine">30</property>
  <property name="stepIndex">1</property>
</record>
<record>
  <date>2026-09-14T03:34:43.645273100Z</date>
  <millis>1789356883645</millis>
  <nanos>273100</nanos>
  <sequence>686</sequence>
  <level>END</level>
  <class>com.kms.katalon.core.logging.XmlKeywordLogger</class>
  <method>endKeyword</method>
  <thread>1</thread>
  <message>End action : projectDir = getProjectDir()</message>
  <nestedLevel>1</nestedLevel>
  <escapedJava>false</escapedJava>
</record>
<record>
  <date>2026-09-14T03:34:43.645776400Z</date>
  <millis>1789356883645</millis>
  <nanos>776400</nanos>
  <sequence>687</sequence>
  <level>START</level>
  <class>com.kms.katalon.core.logging.XmlKeywordLogger</class>
  <method>startKeyword</method>
  <thread>1</thread>
  <message>Start action : timestamp = Date().format(&amp;quot;dd.MM.yyyy_(HH.mm.ss)&amp;quot;)</message>
  <nestedLevel>1</nestedLevel>
  <escapedJava>false</escapedJava>
  <property name="startLine">32</property>
  <property name="stepIndex">2</property>
</record>
<record>
  <date>2026-09-14T03:34:43.647053800Z</date>
  <millis>1789356883647</millis>
  <nanos>53800</nanos>
  <sequence>688</sequence>
  <level>END</level>
  <class>com.kms.katalon.core.logging.XmlKeywordLogger</class>
  <method>endKeyword</method>
  <thread>1</thread>
  <message>End action : timestamp = Date().format(&amp;quot;dd.MM.yyyy_(HH.mm.ss)&amp;quot;)</message>
  <nestedLevel>1</nestedLevel>
  <escapedJava>false</escapedJava>
</record>
<record>
  <date>2026-09-14T03:34:43.648331700Z</date>
  <millis>1789356883648</millis>
  <nanos>331700</nanos>
  <sequence>689</sequence>
  <level>START</level>
  <class>com.kms.katalon.core.logging.XmlKeywordLogger</class>
  <method>startKeyword</method>
  <thread>1</thread>
  <message>Start action : click(findTestObject(&amp;quot;Data UI/Download/btnDownload&amp;quot;))</message>
  <nestedLevel>1</nestedLevel>
  <escapedJava>false</escapedJava>
  <property name="startLine">34</property>
  <property name="stepIndex">3</property>
</record>
<record>
  <date>2026-09-14T03:34:53.713549700Z</date>
  <millis>1789356893713</millis>
  <nanos>549700</nanos>
  <sequence>698</sequence>
  <level>WARNING</level>
  <class>com.kms.katalon.core.logging.XmlKeywordLogger</class>
  <method>logMessage</method>
  <thread>1</thread>
  <message>Waiting for element timed out</message>
  <nestedLevel>1</nestedLevel>
  <escapedJava>false</escapedJava>
</record>
<record>
  <date>2026-09-14T03:34:54.939096Z</date>
  <millis>1789356894939</millis>
  <nanos>96000</nanos>
  <sequence>703</sequence>
  <level>FAILED</level>
  <class>com.kms.katalon.core.logging.XmlKeywordLogger</class>
  <method>logMessage</method>
  <thread>1</thread>
  <message>Unable to click on object &amp;apos;Object Repository/Data UI/Download/btnDownload&amp;apos; (Root cause: com.kms.katalon.core.exception.StepFailedException: Unable to click on object &amp;apos;Object Repository/Data UI/Download/btnDownload&amp;apos;
	at com.kms.katalon.core.webui.keyword.internal.WebUIKeywordMain.stepFailed(WebUIKeywordMain.groovy:177)
	at com.kms.katalon.core.webui.keyword.internal.WebUIKeywordMain.runKeyword(WebUIKeywordMain.groovy:49)
	at com.kms.katalon.core.webui.keyword.internal.WebUIKeywordMain.runKeywordUntilTimeout(WebUIKeywordMain.groovy:133)
	at com.kms.katalon.core.webui.keyword.builtin.ClickKeyword.click(ClickKeyword.groovy:72)
	at com.kms.katalon.core.webui.keyword.builtin.ClickKeyword.execute(ClickKeyword.groovy:38)
	at com.kms.katalon.core.keyword.internal.KeywordExecutor.executeKeywordForPlatform(KeywordExecutor.groovy:90)
	at com.kms.katalon.core.webui.keyword.WebUiBuiltInKeywords.click(WebUiBuiltInKeywords.groovy:721)
	at ProsesDownload.run(ProsesDownload:34)
	at com.kms.katalon.core.main.ScriptEngine.run(ScriptEngine.java:194)
	at com.kms.katalon.core.main.ScriptEngine.runScriptAsRawText(ScriptEngine.java:119)
	at com.kms.katalon.core.main.TestCaseExecutor.runScript(TestCaseExecutor.java:490)
	at com.kms.katalon.core.main.TestCaseExecutor.doExecute(TestCaseExecutor.java:481)
	at com.kms.katalon.core.main.TestCaseExecutor.processExecutionPhase(TestCaseExecutor.java:460)
	at com.kms.katalon.core.main.TestCaseExecutor.accessMainPhase(TestCaseExecutor.java:452)
	at com.kms.katalon.core.main.TestCaseExecutor.execute(TestCaseExecutor.java:322)
	at com.kms.katalon.core.main.TestCaseExecutor.execute(TestCaseExecutor.java:410)
	at com.kms.katalon.core.common.CommonExecutor.accessTestCaseMainPhase(CommonExecutor.java:71)
	at com.kms.katalon.core.main.TestSuiteExecutor.accessTestSuiteMainPhase(TestSuiteExecutor.java:153)
	at com.kms.katalon.core.main.TestSuiteExecutor.execute(TestSuiteExecutor.java:110)
	at com.kms.katalon.core.main.TestCaseMain.startTestSuite(TestCaseMain.java:205)
	at TempTestSuite1789356756616.run(TempTestSuite1789356756616.groovy:35)
	at java.base/jdk.internal.reflect.NativeMethodAccessorImpl.invoke0(Native Method)
	at java.base/jdk.internal.reflect.NativeMethodAccessorImpl.invoke(NativeMethodAccessorImpl.java:77)
	at java.base/jdk.internal.reflect.DelegatingMethodAccessorImpl.invoke(DelegatingMethodAccessorImpl.java:43)
Caused by: org.openqa.selenium.ElementClickInterceptedException: element click intercepted: Element &amp;lt;button type=&amp;quot;button&amp;quot; id=&amp;quot;downloadBtn&amp;quot; class=&amp;quot;btn btn-primary mr-1 mx-1 mb-3&amp;quot; onclick=&amp;quot;checkDataBeforeDownload()&amp;quot;&amp;gt;...&amp;lt;/button&amp;gt; is not clickable at point (985, 318). Other element would receive the click: &amp;lt;div class=&amp;quot;modal fade show&amp;quot; id=&amp;quot;downloadModal&amp;quot; tabindex=&amp;quot;-1&amp;quot; aria-modal=&amp;quot;true&amp;quot; role=&amp;quot;dialog&amp;quot; style=&amp;quot;padding-right: 15px; display: block;&amp;quot;&amp;gt;...&amp;lt;/div&amp;gt;
  (Session info: chrome=152.0.7977.83)
Build info: version: &amp;apos;4.34.0&amp;apos;, revision: &amp;apos;707dcb4246*&amp;apos;
System info: os.name: &amp;apos;Windows 10&amp;apos;, os.arch: &amp;apos;amd64&amp;apos;, os.version: &amp;apos;10.0&amp;apos;, java.version: &amp;apos;17.0.14&amp;apos;
Driver info: com.kms.katalon.selenium.driver.CChromeDriver
Command: [d0c4aad3fb384a3296215b7ba47e7224, clickElement {id=f.1E6E9298840B980A250F96BD320A9F62.d.3386380C80FCAB471F48AD58F0D016B5.e.345}]
Capabilities {acceptInsecureCerts: false, browserName: chrome, browserVersion: 152.0.7977.83, chrome: {chromedriverVersion: 152.0.7977.75 (4999cc1efed3..., userDataDir: C:\Users\TTECH-~1\AppData\L...}, fedcm:accounts: true, goog:chromeOptions: {debuggerAddress: localhost:51269}, goog:processID: 21156, networkConnectionEnabled: false, pageLoadStrategy: normal, platformName: windows, proxy: Proxy(), se:cdp: ws://localhost:51269/devtoo..., se:cdpVersion: 152.0.7977.83, setWindowRect: true, strictFileInteractability: false, timeouts: {implicit: 0, pageLoad: 300000, script: 30000}, unhandledPromptBehavior: {alert: ignore, beforeUnload: ignore, confirm: ignore, default: ignore, file: ignore, prompt: ignore}, webSocketUrl: ws://localhost:21947/sessio..., webauthn:extension:credBlob: true, webauthn:extension:largeBlob: true, webauthn:extension:minPinLength: true, webauthn:extension:prf: true, webauthn:virtualAuthenticators: true}
Element: [[CChromeDriver: chrome on windows (d0c4aad3fb384a3296215b7ba47e7224)] -&amp;gt; xpath: //button[@id=&amp;apos;downloadBtn&amp;apos; and normalize-space()=&amp;apos;Download&amp;apos;]]
Session ID: d0c4aad3fb384a3296215b7ba47e7224
	at java.base/jdk.internal.reflect.NativeConstructorAccessorImpl.newInstance0(Native Method)
	at java.base/jdk.internal.reflect.NativeConstructorAccessorImpl.newInstance(NativeConstructorAccessorImpl.java:77)
	at java.base/jdk.internal.reflect.DelegatingConstructorAccessorImpl.newInstance(DelegatingConstructorAccessorImpl.java:45)
	at org.openqa.selenium.remote.ErrorCodec.decode(ErrorCodec.java:167)
	at org.openqa.selenium.remote.codec.w3c.W3CHttpResponseCodec.decode(W3CHttpResponseCodec.java:138)
	at org.openqa.selenium.remote.codec.w3c.W3CHttpResponseCodec.decode(W3CHttpResponseCodec.java:50)
	at org.openqa.selenium.remote.HttpCommandExecutor.execute(HttpCommandExecutor.java:215)
	at org.openqa.selenium.remote.service.DriverCommandExecutor.invokeExecute(DriverCommandExecutor.java:216)
	at org.openqa.selenium.remote.service.DriverCommandExecutor.execute(DriverCommandExecutor.java:174)
	at org.openqa.selenium.remote.RemoteWebDriver.execute(RemoteWebDriver.java:544)
	at org.openqa.selenium.remote.RemoteWebElement.execute(RemoteWebElement.java:223)
	at org.openqa.selenium.remote.RemoteWebElement.click(RemoteWebElement.java:76)
	at java.base/jdk.internal.reflect.NativeMethodAccessorImpl.invoke0(Native Method)
	at java.base/jdk.internal.reflect.NativeMethodAccessorImpl.invoke(NativeMethodAccessorImpl.java:77)
	at java.base/jdk.internal.reflect.DelegatingMethodAccessorImpl.invoke(DelegatingMethodAccessorImpl.java:43)
	at org.openqa.selenium.support.decorators.WebDriverDecorator.call(WebDriverDecorator.java:315)
	at org.openqa.selenium.support.decorators.DefaultDecorated.call(DefaultDecorated.java:48)
	at org.openqa.selenium.support.decorators.WebDriverDecorator.lambda$createProxyFactory$3(WebDriverDecorator.java:405)
	at net.bytebuddy.renamed.java.lang.Object$ByteBuddy$VJ2xQ5Kx.click(Unknown Source)
	at com.kms.katalon.core.webui.keyword.builtin.ClickKeyword$_click_closure1.doCall(ClickKeyword.groovy:63)
	at java.base/jdk.internal.reflect.NativeMethodAccessorImpl.invoke0(Native Method)
	at java.base/jdk.internal.reflect.NativeMethodAccessorImpl.invoke(NativeMethodAccessorImpl.java:77)
	at java.base/jdk.internal.reflect.DelegatingMethodAccessorImpl.invoke(DelegatingMethodAccessorImpl.java:43)
	at jdk.proxy2/jdk.proxy2.$Proxy50.execute(Unknown Source)
	at com.kms.katalon.core.webui.model.SeleniumActionRetryController.performAction(SeleniumActionRetryController.java:96)
	at com.kms.katalon.core.webui.model.SeleniumActionRetryController.performAction(SeleniumActionRetryController.java:83)
	at com.kms.katalon.core.webui.keyword.internal.WebUIKeywordMain$_runKeywordUntilTimeout_closure1.doCall(WebUIKeywordMain.groovy:135)
	at com.kms.katalon.core.webui.keyword.internal.WebUIKeywordMain$_runKeywordUntilTimeout_closure1.call(WebUIKeywordMain.groovy)
	at com.kms.katalon.core.webui.keyword.internal.WebUIKeywordMain.runKeyword(WebUIKeywordMain.groovy:41)
	at com.kms.katalon.core.webui.keyword.internal.WebUIKeywordMain.runKeywordUntilTimeout(WebUIKeywordMain.groovy:133)
	at com.kms.katalon.core.webui.keyword.builtin.ClickKeyword.click(ClickKeyword.groovy:72)
	at com.kms.katalon.core.webui.keyword.builtin.ClickKeyword.execute(ClickKeyword.groovy:38)
	at com.kms.katalon.core.keyword.internal.KeywordExecutor.executeKeywordForPlatform(KeywordExecutor.groovy:90)
	at com.kms.katalon.core.webui.keyword.WebUiBuiltInKeywords.click(WebUiBuiltInKeywords.groovy:721)
	at Script1789109061992.run(Script1789109061992.groovy:34)
	... 16 more
)</message>
  <nestedLevel>1</nestedLevel>
  <escapedJava>false</escapedJava>
  <property name="failed.exception.class">org.openqa.selenium.ElementClickInterceptedException</property>
  <property name="attachment">1789356894815.png</property>
  <property name="failed.exception.stacktrace">org.openqa.selenium.ElementClickInterceptedException: element click intercepted: Element &lt;button type=&quot;button&quot; id=&quot;downloadBtn&quot; class=&quot;btn btn-primary mr-1 mx-1 mb-3&quot; onclick=&quot;checkDataBeforeDownload()&quot;&gt;...&lt;/button&gt; is not clickable at point (985, 318). Other element would receive the click: &lt;div class=&quot;modal fade show&quot; id=&quot;downloadModal&quot; tabindex=&quot;-1&quot; aria-modal=&quot;true&quot; role=&quot;dialog&quot; style=&quot;padding-right: 15px; display: block;&quot;&gt;...&lt;/div&gt;
  (Session info: chrome=152.0.7977.83)
Build info: version: &apos;4.34.0&apos;, revision: &apos;707dcb4246*&apos;
System info: os.name: &apos;Windows 10&apos;, os.arch: &apos;amd64&apos;, os.version: &apos;10.0&apos;, java.version: &apos;17.0.14&apos;
Driver info: com.kms.katalon.selenium.driver.CChromeDriver
Command: [d0c4aad3fb384a3296215b7ba47e7224, clickElement {id=f.1E6E9298840B980A250F96BD320A9F62.d.3386380C80FCAB471F48AD58F0D016B5.e.345}]
Capabilities {acceptInsecureCerts: false, browserName: chrome, browserVersion: 152.0.7977.83, chrome: {chromedriverVersion: 152.0.7977.75 (4999cc1efed3..., userDataDir: C:\Users\TTECH-~1\AppData\L...}, fedcm:accounts: true, goog:chromeOptions: {debuggerAddress: localhost:51269}, goog:processID: 21156, networkConnectionEnabled: false, pageLoadStrategy: normal, platformName: windows, proxy: Proxy(), se:cdp: ws://localhost:51269/devtoo..., se:cdpVersion: 152.0.7977.83, setWindowRect: true, strictFileInteractability: false, timeouts: {implicit: 0, pageLoad: 300000, script: 30000}, unhandledPromptBehavior: {alert: ignore, beforeUnload: ignore, confirm: ignore, default: ignore, file: ignore, prompt: ignore}, webSocketUrl: ws://localhost:21947/sessio..., webauthn:extension:credBlob: true, webauthn:extension:largeBlob: true, webauthn:extension:minPinLength: true, webauthn:extension:prf: true, webauthn:virtualAuthenticators: true}
Element: [[CChromeDriver: chrome on windows (d0c4aad3fb384a3296215b7ba47e7224)] -&gt; xpath: //button[@id=&apos;downloadBtn&apos; and normalize-space()=&apos;Download&apos;]]
Session ID: d0c4aad3fb384a3296215b7ba47e7224
	at java.base/jdk.internal.reflect.NativeConstructorAccessorImpl.newInstance0(Native Method)
	at java.base/jdk.internal.reflect.NativeConstructorAccessorImpl.newInstance(NativeConstructorAccessorImpl.java:77)
	at java.base/jdk.internal.reflect.DelegatingConstructorAccessorImpl.newInstance(DelegatingConstructorAccessorImpl.java:45)
	at org.openqa.selenium.remote.ErrorCodec.decode(ErrorCodec.java:167)
	at org.openqa.selenium.remote.codec.w3c.W3CHttpResponseCodec.decode(W3CHttpResponseCodec.java:138)
	at org.openqa.selenium.remote.codec.w3c.W3CHttpResponseCodec.decode(W3CHttpResponseCodec.java:50)
	at org.openqa.selenium.remote.HttpCommandExecutor.execute(HttpCommandExecutor.java:215)
	at org.openqa.selenium.remote.service.DriverCommandExecutor.invokeExecute(DriverCommandExecutor.java:216)
	at org.openqa.selenium.remote.service.DriverCommandExecutor.execute(DriverCommandExecutor.java:174)
	at org.openqa.selenium.remote.RemoteWebDriver.execute(RemoteWebDriver.java:544)
	at org.openqa.selenium.remote.RemoteWebElement.execute(RemoteWebElement.java:223)
	at org.openqa.selenium.remote.RemoteWebElement.click(RemoteWebElement.java:76)
	at java.base/jdk.internal.reflect.NativeMethodAccessorImpl.invoke0(Native Method)
	at java.base/jdk.internal.reflect.NativeMethodAccessorImpl.invoke(NativeMethodAccessorImpl.java:77)
	at java.base/jdk.internal.reflect.DelegatingMethodAccessorImpl.invoke(DelegatingMethodAccessorImpl.java:43)
	at org.openqa.selenium.support.decorators.WebDriverDecorator.call(WebDriverDecorator.java:315)
	at org.openqa.selenium.support.decorators.DefaultDecorated.call(DefaultDecorated.java:48)
	at org.openqa.selenium.support.decorators.WebDriverDecorator.lambda$createProxyFactory$3(WebDriverDecorator.java:405)
	at net.bytebuddy.renamed.java.lang.Object$ByteBuddy$VJ2xQ5Kx.click(Unknown Source)
	at com.kms.katalon.core.webui.keyword.builtin.ClickKeyword$_click_closure1.doCall(ClickKeyword.groovy:63)
	at java.base/jdk.internal.reflect.NativeMethodAccessorImpl.invoke0(Native Method)
	at java.base/jdk.internal.reflect.NativeMethodAccessorImpl.invoke(NativeMethodAccessorImpl.java:77)
	at java.base/jdk.internal.reflect.DelegatingMethodAccessorImpl.invoke(DelegatingMethodAccessorImpl.java:43)
	at jdk.proxy2/jdk.proxy2.$Proxy50.execute(Unknown Source)
	at com.kms.katalon.core.webui.model.SeleniumActionRetryController.performAction(SeleniumActionRetryController.java:96)
	at com.kms.katalon.core.webui.model.SeleniumActionRetryController.performAction(SeleniumActionRetryController.java:83)
	at com.kms.katalon.core.webui.keyword.internal.WebUIKeywordMain$_runKeywordUntilTimeout_closure1.doCall(WebUIKeywordMain.groovy:135)
	at com.kms.katalon.core.webui.keyword.internal.WebUIKeywordMain$_runKeywordUntilTimeout_closure1.call(WebUIKeywordMain.groovy)
	at com.kms.katalon.core.webui.keyword.internal.WebUIKeywordMain.runKeyword(WebUIKeywordMain.groovy:41)
	at com.kms.katalon.core.webui.keyword.internal.WebUIKeywordMain.runKeywordUntilTimeout(WebUIKeywordMain.groovy:133)
	at com.kms.katalon.core.webui.keyword.builtin.ClickKeyword.click(ClickKeyword.groovy:72)
	at com.kms.katalon.core.webui.keyword.builtin.ClickKeyword.execute(ClickKeyword.groovy:38)
	at com.kms.katalon.core.keyword.internal.KeywordExecutor.executeKeywordForPlatform(KeywordExecutor.groovy:90)
	at com.kms.katalon.core.webui.keyword.WebUiBuiltInKeywords.click(WebUiBuiltInKeywords.groovy:721)
	at ProsesDownload.run(ProsesDownload:34)
	at com.kms.katalon.core.main.ScriptEngine.run(ScriptEngine.java:194)
	at com.kms.katalon.core.main.ScriptEngine.runScriptAsRawText(ScriptEngine.java:119)
	at com.kms.katalon.core.main.TestCaseExecutor.runScript(TestCaseExecutor.java:490)
	at com.kms.katalon.core.main.TestCaseExecutor.doExecute(TestCaseExecutor.java:481)
	at com.kms.katalon.core.main.TestCaseExecutor.processExecutionPhase(TestCaseExecutor.java:460)
	at com.kms.katalon.core.main.TestCaseExecutor.accessMainPhase(TestCaseExecutor.java:452)
	at com.kms.katalon.core.main.TestCaseExecutor.execute(TestCaseExecutor.java:322)
	at com.kms.katalon.core.main.TestCaseExecutor.execute(TestCaseExecutor.java:410)
	at com.kms.katalon.core.common.CommonExecutor.accessTestCaseMainPhase(CommonExecutor.java:71)
	at com.kms.katalon.core.main.TestSuiteExecutor.accessTestSuiteMainPhase(TestSuiteExecutor.java:153)
	at com.kms.katalon.core.main.TestSuiteExecutor.execute(TestSuiteExecutor.java:110)
	at com.kms.katalon.core.main.TestCaseMain.startTestSuite(TestCaseMain.java:205)
	at TempTestSuite1789356756616.run(TempTestSuite1789356756616.groovy:35)
	at java.base/jdk.internal.reflect.NativeMethodAccessorImpl.invoke0(Native Method)
	at java.base/jdk.internal.reflect.NativeMethodAccessorImpl.invoke(NativeMethodAccessorImpl.java:77)
	at java.base/jdk.internal.reflect.DelegatingMethodAccessorImpl.invoke(DelegatingMethodAccessorImpl.java:43)
</property>
  <property name="failed.exception.message">element click intercepted: Element &lt;button type=&quot;button&quot; id=&quot;downloadBtn&quot; class=&quot;btn btn-primary mr-1 mx-1 mb-3&quot; onclick=&quot;checkDataBeforeDownload()&quot;&gt;...&lt;/button&gt; is not clickable at point (985, 318). Other element would receive the click: &lt;div class=&quot;modal fade show&quot; id=&quot;downloadModal&quot; tabindex=&quot;-1&quot; aria-modal=&quot;true&quot; role=&quot;dialog&quot; style=&quot;padding-right: 15px; display: block;&quot;&gt;...&lt;/div&gt;
  (Session info: chrome=152.0.7977.83)
Build info: version: &apos;4.34.0&apos;, revision: &apos;707dcb4246*&apos;
System info: os.name: &apos;Windows 10&apos;, os.arch: &apos;amd64&apos;, os.version: &apos;10.0&apos;, java.version: &apos;17.0.14&apos;
Driver info: com.kms.katalon.selenium.driver.CChromeDriver
Command: [d0c4aad3fb384a3296215b7ba47e7224, clickElement {id=f.1E6E9298840B980A250F96BD320A9F62.d.3386380C80FCAB471F48AD58F0D016B5.e.345}]
Capabilities {acceptInsecureCerts: false, browserName: chrome, browserVersion: 152.0.7977.83, chrome: {chromedriverVersion: 152.0.7977.75 (4999cc1efed3..., userDataDir: C:\Users\TTECH-~1\AppData\L...}, fedcm:accounts: true, goog:chromeOptions: {debuggerAddress: localhost:51269}, goog:processID: 21156, networkConnectionEnabled: false, pageLoadStrategy: normal, platformName: windows, proxy: Proxy(), se:cdp: ws://localhost:51269/devtoo..., se:cdpVersion: 152.0.7977.83, setWindowRect: true, strictFileInteractability: false, timeouts: {implicit: 0, pageLoad: 300000, script: 30000}, unhandledPromptBehavior: {alert: ignore, beforeUnload: ignore, confirm: ignore, default: ignore, file: ignore, prompt: ignore}, webSocketUrl: ws://localhost:21947/sessio..., webauthn:extension:credBlob: true, webauthn:extension:largeBlob: true, webauthn:extension:minPinLength: true, webauthn:extension:prf: true, webauthn:virtualAuthenticators: true}
Element: [[CChromeDriver: chrome on windows (d0c4aad3fb384a3296215b7ba47e7224)] -&gt; xpath: //button[@id=&apos;downloadBtn&apos; and normalize-space()=&apos;Download&apos;]]
Session ID: d0c4aad3fb384a3296215b7ba47e7224</property>
</record>
<record>
  <date>2026-09-14T03:34:54.943790800Z</date>
  <millis>1789356894943</millis>
  <nanos>790800</nanos>
  <sequence>706</sequence>
  <level>END</level>
  <class>com.kms.katalon.core.logging.XmlKeywordLogger</class>
  <method>endKeyword</method>
  <thread>1</thread>
  <message>End action : click(findTestObject(&amp;quot;Data UI/Download/btnDownload&amp;quot;))</message>
  <nestedLevel>1</nestedLevel>
  <escapedJava>false</escapedJava>
</record>
<record>
  <date>2026-09-14T03:34:54.945786100Z</date>
  <millis>1789356894945</millis>
  <nanos>786100</nanos>
  <sequence>709</sequence>
  <level>FAILED</level>
  <class>com.kms.katalon.core.logging.XmlKeywordLogger</class>
  <method>logMessage</method>
  <thread>1</thread>
  <message>Test Cases/DATA UI/Download/ProsesDownload FAILED.
Reason:
com.kms.katalon.core.exception.StepFailedException: Unable to click on object &amp;apos;Object Repository/Data UI/Download/btnDownload&amp;apos;
	at com.kms.katalon.core.webui.keyword.internal.WebUIKeywordMain.stepFailed(WebUIKeywordMain.groovy:177)
	at com.kms.katalon.core.webui.keyword.internal.WebUIKeywordMain.runKeyword(WebUIKeywordMain.groovy:49)
	at com.kms.katalon.core.webui.keyword.internal.WebUIKeywordMain.runKeywordUntilTimeout(WebUIKeywordMain.groovy:133)
	at com.kms.katalon.core.webui.keyword.builtin.ClickKeyword.click(ClickKeyword.groovy:72)
	at com.kms.katalon.core.webui.keyword.builtin.ClickKeyword.execute(ClickKeyword.groovy:38)
	at com.kms.katalon.core.keyword.internal.KeywordExecutor.executeKeywordForPlatform(KeywordExecutor.groovy:90)
	at com.kms.katalon.core.webui.keyword.WebUiBuiltInKeywords.click(WebUiBuiltInKeywords.groovy:721)
	at ProsesDownload.run(ProsesDownload:34)
	at com.kms.katalon.core.main.ScriptEngine.run(ScriptEngine.java:194)
	at com.kms.katalon.core.main.ScriptEngine.runScriptAsRawText(ScriptEngine.java:119)
	at com.kms.katalon.core.main.TestCaseExecutor.runScript(TestCaseExecutor.java:490)
	at com.kms.katalon.core.main.TestCaseExecutor.doExecute(TestCaseExecutor.java:481)
	at com.kms.katalon.core.main.TestCaseExecutor.processExecutionPhase(TestCaseExecutor.java:460)
	at com.kms.katalon.core.main.TestCaseExecutor.accessMainPhase(TestCaseExecutor.java:452)
	at com.kms.katalon.core.main.TestCaseExecutor.execute(TestCaseExecutor.java:322)
	at com.kms.katalon.core.main.TestCaseExecutor.execute(TestCaseExecutor.java:410)
	at com.kms.katalon.core.common.CommonExecutor.accessTestCaseMainPhase(CommonExecutor.java:71)
	at com.kms.katalon.core.main.TestSuiteExecutor.accessTestSuiteMainPhase(TestSuiteExecutor.java:153)
	at com.kms.katalon.core.main.TestSuiteExecutor.execute(TestSuiteExecutor.java:110)
	at com.kms.katalon.core.main.TestCaseMain.startTestSuite(TestCaseMain.java:205)
	at TempTestSuite1789356756616.run(TempTestSuite1789356756616.groovy:35)
	at java.base/jdk.internal.reflect.NativeMethodAccessorImpl.invoke0(Native Method)
	at java.base/jdk.internal.reflect.NativeMethodAccessorImpl.invoke(NativeMethodAccessorImpl.java:77)
	at java.base/jdk.internal.reflect.DelegatingMethodAccessorImpl.invoke(DelegatingMethodAccessorImpl.java:43)
Caused by: org.openqa.selenium.ElementClickInterceptedException: element click intercepted: Element &amp;lt;button type=&amp;quot;button&amp;quot; id=&amp;quot;downloadBtn&amp;quot; class=&amp;quot;btn btn-primary mr-1 mx-1 mb-3&amp;quot; onclick=&amp;quot;checkDataBeforeDownload()&amp;quot;&amp;gt;...&amp;lt;/button&amp;gt; is not clickable at point (985, 318). Other element would receive the click: &amp;lt;div class=&amp;quot;modal fade show&amp;quot; id=&amp;quot;downloadModal&amp;quot; tabindex=&amp;quot;-1&amp;quot; aria-modal=&amp;quot;true&amp;quot; role=&amp;quot;dialog&amp;quot; style=&amp;quot;padding-right: 15px; display: block;&amp;quot;&amp;gt;...&amp;lt;/div&amp;gt;
  (Session info: chrome=152.0.7977.83)
Build info: version: &amp;apos;4.34.0&amp;apos;, revision: &amp;apos;707dcb4246*&amp;apos;
System info: os.name: &amp;apos;Windows 10&amp;apos;, os.arch: &amp;apos;amd64&amp;apos;, os.version: &amp;apos;10.0&amp;apos;, java.version: &amp;apos;17.0.14&amp;apos;
Driver info: com.kms.katalon.selenium.driver.CChromeDriver
Command: [d0c4aad3fb384a3296215b7ba47e7224, clickElement {id=f.1E6E9298840B980A250F96BD320A9F62.d.3386380C80FCAB471F48AD58F0D016B5.e.345}]
Capabilities {acceptInsecureCerts: false, browserName: chrome, browserVersion: 152.0.7977.83, chrome: {chromedriverVersion: 152.0.7977.75 (4999cc1efed3..., userDataDir: C:\Users\TTECH-~1\AppData\L...}, fedcm:accounts: true, goog:chromeOptions: {debuggerAddress: localhost:51269}, goog:processID: 21156, networkConnectionEnabled: false, pageLoadStrategy: normal, platformName: windows, proxy: Proxy(), se:cdp: ws://localhost:51269/devtoo..., se:cdpVersion: 152.0.7977.83, setWindowRect: true, strictFileInteractability: false, timeouts: {implicit: 0, pageLoad: 300000, script: 30000}, unhandledPromptBehavior: {alert: ignore, beforeUnload: ignore, confirm: ignore, default: ignore, file: ignore, prompt: ignore}, webSocketUrl: ws://localhost:21947/sessio..., webauthn:extension:credBlob: true, webauthn:extension:largeBlob: true, webauthn:extension:minPinLength: true, webauthn:extension:prf: true, webauthn:virtualAuthenticators: true}
Element: [[CChromeDriver: chrome on windows (d0c4aad3fb384a3296215b7ba47e7224)] -&amp;gt; xpath: //button[@id=&amp;apos;downloadBtn&amp;apos; and normalize-space()=&amp;apos;Download&amp;apos;]]
Session ID: d0c4aad3fb384a3296215b7ba47e7224
	at java.base/jdk.internal.reflect.NativeConstructorAccessorImpl.newInstance0(Native Method)
	at java.base/jdk.internal.reflect.NativeConstructorAccessorImpl.newInstance(NativeConstructorAccessorImpl.java:77)
	at java.base/jdk.internal.reflect.DelegatingConstructorAccessorImpl.newInstance(DelegatingConstructorAccessorImpl.java:45)
	at org.openqa.selenium.remote.ErrorCodec.decode(ErrorCodec.java:167)
	at org.openqa.selenium.remote.codec.w3c.W3CHttpResponseCodec.decode(W3CHttpResponseCodec.java:138)
	at org.openqa.selenium.remote.codec.w3c.W3CHttpResponseCodec.decode(W3CHttpResponseCodec.java:50)
	at org.openqa.selenium.remote.HttpCommandExecutor.execute(HttpCommandExecutor.java:215)
	at org.openqa.selenium.remote.service.DriverCommandExecutor.invokeExecute(DriverCommandExecutor.java:216)
	at org.openqa.selenium.remote.service.DriverCommandExecutor.execute(DriverCommandExecutor.java:174)
	at org.openqa.selenium.remote.RemoteWebDriver.execute(RemoteWebDriver.java:544)
	at org.openqa.selenium.remote.RemoteWebElement.execute(RemoteWebElement.java:223)
	at org.openqa.selenium.remote.RemoteWebElement.click(RemoteWebElement.java:76)
	at java.base/jdk.internal.reflect.NativeMethodAccessorImpl.invoke0(Native Method)
	at java.base/jdk.internal.reflect.NativeMethodAccessorImpl.invoke(NativeMethodAccessorImpl.java:77)
	at java.base/jdk.internal.reflect.DelegatingMethodAccessorImpl.invoke(DelegatingMethodAccessorImpl.java:43)
	at org.openqa.selenium.support.decorators.WebDriverDecorator.call(WebDriverDecorator.java:315)
	at org.openqa.selenium.support.decorators.DefaultDecorated.call(DefaultDecorated.java:48)
	at org.openqa.selenium.support.decorators.WebDriverDecorator.lambda$createProxyFactory$3(WebDriverDecorator.java:405)
	at net.bytebuddy.renamed.java.lang.Object$ByteBuddy$VJ2xQ5Kx.click(Unknown Source)
	at com.kms.katalon.core.webui.keyword.builtin.ClickKeyword$_click_closure1.doCall(ClickKeyword.groovy:63)
	at java.base/jdk.internal.reflect.NativeMethodAccessorImpl.invoke0(Native Method)
	at java.base/jdk.internal.reflect.NativeMethodAccessorImpl.invoke(NativeMethodAccessorImpl.java:77)
	at java.base/jdk.internal.reflect.DelegatingMethodAccessorImpl.invoke(DelegatingMethodAccessorImpl.java:43)
	at jdk.proxy2/jdk.proxy2.$Proxy50.execute(Unknown Source)
	at com.kms.katalon.core.webui.model.SeleniumActionRetryController.performAction(SeleniumActionRetryController.java:96)
	at com.kms.katalon.core.webui.model.SeleniumActionRetryController.performAction(SeleniumActionRetryController.java:83)
	at com.kms.katalon.core.webui.keyword.internal.WebUIKeywordMain$_runKeywordUntilTimeout_closure1.doCall(WebUIKeywordMain.groovy:135)
	at com.kms.katalon.core.webui.keyword.internal.WebUIKeywordMain$_runKeywordUntilTimeout_closure1.call(WebUIKeywordMain.groovy)
	at com.kms.katalon.core.webui.keyword.internal.WebUIKeywordMain.runKeyword(WebUIKeywordMain.groovy:41)
	... 22 more
</message>
  <exception>
    <message>com.kms.katalon.core.exception.StepFailedException: Unable to click on object 'Object Repository/Data UI/Download/btnDownload'</message>
    <frame>
      <class>com.kms.katalon.core.logging.XmlKeywordLogger</class>
      <method>logMessage</method>
      <line>512</line>
    </frame>
    <frame>
      <class>com.kms.katalon.core.logging.KeywordLogger</class>
      <method>logMessage</method>
      <line>447</line>
    </frame>
    <frame>
      <class>com.kms.katalon.core.main.TestCaseExecutor</class>
      <method>logError</method>
      <line>599</line>
    </frame>
    <frame>
      <class>com.kms.katalon.core.main.TestCaseExecutor</class>
      <method>onExecutionError</method>
      <line>187</line>
    </frame>
    <frame>
      <class>com.kms.katalon.core.main.TestCaseExecutor</class>
      <method>processExecutionPhase</method>
      <line>470</line>
    </frame>
    <frame>
      <class>com.kms.katalon.core.main.TestCaseExecutor</class>
      <method>accessMainPhase</method>
      <line>452</line>
    </frame>
    <frame>
      <class>com.kms.katalon.core.main.TestCaseExecutor</class>
      <method>execute</method>
      <line>322</line>
    </frame>
    <frame>
      <class>com.kms.katalon.core.main.TestCaseExecutor</class>
      <method>execute</method>
      <line>410</line>
    </frame>
    <frame>
      <class>com.kms.katalon.core.common.CommonExecutor</class>
      <method>accessTestCaseMainPhase</method>
      <line>71</line>
    </frame>
    <frame>
      <class>com.kms.katalon.core.main.TestSuiteExecutor</class>
      <method>accessTestSuiteMainPhase</method>
      <line>153</line>
    </frame>
    <frame>
      <class>com.kms.katalon.core.main.TestSuiteExecutor</class>
      <method>execute</method>
      <line>110</line>
    </frame>
    <frame>
      <class>com.kms.katalon.core.main.TestCaseMain</class>
      <method>startTestSuite</method>
      <line>205</line>
    </frame>
    <frame>
      <class>org.codehaus.groovy.vmplugin.v8.IndyInterface</class>
      <method>fromCache</method>
      <line>318</line>
    </frame>
    <frame>
      <class>TempTestSuite1789356756616</class>
      <method>run</method>
      <line>35</line>
    </frame>
    <frame>
      <class>groovy.lang.GroovyShell</class>
      <method>runScriptOrMainOrTestOrRunnable</method>
      <line>254</line>
    </frame>
    <frame>
      <class>groovy.lang.GroovyShell</class>
      <method>run</method>
      <line>360</line>
    </frame>
    <frame>
      <class>groovy.lang.GroovyShell</class>
      <method>run</method>
      <line>349</line>
    </frame>
    <frame>
      <class>groovy.ui.GroovyMain</class>
      <method>processOnce</method>
      <line>652</line>
    </frame>
    <frame>
      <class>groovy.ui.GroovyMain</class>
      <method>run</method>
      <line>398</line>
    </frame>
    <frame>
      <class>groovy.ui.GroovyMain</class>
      <method>access$1400</method>
      <line>68</line>
    </frame>
    <frame>
      <class>groovy.ui.GroovyMain$GroovyCommand</class>
      <method>process</method>
      <line>322</line>
    </frame>
    <frame>
      <class>groovy.ui.GroovyMain</class>
      <method>processArgs</method>
      <line>142</line>
    </frame>
    <frame>
      <class>groovy.ui.GroovyMain</class>
      <method>main</method>
      <line>115</line>
    </frame>
    <frame>
      <class>jdk.internal.reflect.NativeMethodAccessorImpl</class>
      <method>invoke0</method>
    </frame>
    <frame>
      <class>jdk.internal.reflect.NativeMethodAccessorImpl</class>
      <method>invoke</method>
      <line>77</line>
    </frame>
    <frame>
      <class>jdk.internal.reflect.DelegatingMethodAccessorImpl</class>
      <method>invoke</method>
      <line>43</line>
    </frame>
    <frame>
      <class>java.lang.reflect.Method</class>
      <method>invoke</method>
      <line>569</line>
    </frame>
    <frame>
      <class>org.codehaus.groovy.tools.GroovyStarter</class>
      <method>rootLoader</method>
      <line>117</line>
    </frame>
    <frame>
      <class>org.codehaus.groovy.tools.GroovyStarter</class>
      <method>main</method>
      <line>39</line>
    </frame>
  </exception>
  <nestedLevel>0</nestedLevel>
  <escapedJava>false</escapedJava>
  <property name="failed.exception.stacktrace">org.openqa.selenium.ElementClickInterceptedException: element click intercepted: Element &lt;button type=&quot;button&quot; id=&quot;downloadBtn&quot; class=&quot;btn btn-primary mr-1 mx-1 mb-3&quot; onclick=&quot;checkDataBeforeDownload()&quot;&gt;...&lt;/button&gt; is not clickable at point (985, 318). Other element would receive the click: &lt;div class=&quot;modal fade show&quot; id=&quot;downloadModal&quot; tabindex=&quot;-1&quot; aria-modal=&quot;true&quot; role=&quot;dialog&quot; style=&quot;padding-right: 15px; display: block;&quot;&gt;...&lt;/div&gt;
  (Session info: chrome=152.0.7977.83)
Build info: version: &apos;4.34.0&apos;, revision: &apos;707dcb4246*&apos;
System info: os.name: &apos;Windows 10&apos;, os.arch: &apos;amd64&apos;, os.version: &apos;10.0&apos;, java.version: &apos;17.0.14&apos;
Driver info: com.kms.katalon.selenium.driver.CChromeDriver
Command: [d0c4aad3fb384a3296215b7ba47e7224, clickElement {id=f.1E6E9298840B980A250F96BD320A9F62.d.3386380C80FCAB471F48AD58F0D016B5.e.345}]
Capabilities {acceptInsecureCerts: false, browserName: chrome, browserVersion: 152.0.7977.83, chrome: {chromedriverVersion: 152.0.7977.75 (4999cc1efed3..., userDataDir: C:\Users\TTECH-~1\AppData\L...}, fedcm:accounts: true, goog:chromeOptions: {debuggerAddress: localhost:51269}, goog:processID: 21156, networkConnectionEnabled: false, pageLoadStrategy: normal, platformName: windows, proxy: Proxy(), se:cdp: ws://localhost:51269/devtoo..., se:cdpVersion: 152.0.7977.83, setWindowRect: true, strictFileInteractability: false, timeouts: {implicit: 0, pageLoad: 300000, script: 30000}, unhandledPromptBehavior: {alert: ignore, beforeUnload: ignore, confirm: ignore, default: ignore, file: ignore, prompt: ignore}, webSocketUrl: ws://localhost:21947/sessio..., webauthn:extension:credBlob: true, webauthn:extension:largeBlob: true, webauthn:extension:minPinLength: true, webauthn:extension:prf: true, webauthn:virtualAuthenticators: true}
Element: [[CChromeDriver: chrome on windows (d0c4aad3fb384a3296215b7ba47e7224)] -&gt; xpath: //button[@id=&apos;downloadBtn&apos; and normalize-space()=&apos;Download&apos;]]
Session ID: d0c4aad3fb384a3296215b7ba47e7224
	at java.base/jdk.internal.reflect.NativeConstructorAccessorImpl.newInstance0(Native Method)
	at java.base/jdk.internal.reflect.NativeConstructorAccessorImpl.newInstance(NativeConstructorAccessorImpl.java:77)
	at java.base/jdk.internal.reflect.DelegatingConstructorAccessorImpl.newInstance(DelegatingConstructorAccessorImpl.java:45)
	at org.openqa.selenium.remote.ErrorCodec.decode(ErrorCodec.java:167)
	at org.openqa.selenium.remote.codec.w3c.W3CHttpResponseCodec.decode(W3CHttpResponseCodec.java:138)
	at org.openqa.selenium.remote.codec.w3c.W3CHttpResponseCodec.decode(W3CHttpResponseCodec.java:50)
	at org.openqa.selenium.remote.HttpCommandExecutor.execute(HttpCommandExecutor.java:215)
	at org.openqa.selenium.remote.service.DriverCommandExecutor.invokeExecute(DriverCommandExecutor.java:216)
	at org.openqa.selenium.remote.service.DriverCommandExecutor.execute(DriverCommandExecutor.java:174)
	at org.openqa.selenium.remote.RemoteWebDriver.execute(RemoteWebDriver.java:544)
	at org.openqa.selenium.remote.RemoteWebElement.execute(RemoteWebElement.java:223)
	at org.openqa.selenium.remote.RemoteWebElement.click(RemoteWebElement.java:76)
	at java.base/jdk.internal.reflect.NativeMethodAccessorImpl.invoke0(Native Method)
	at java.base/jdk.internal.reflect.NativeMethodAccessorImpl.invoke(NativeMethodAccessorImpl.java:77)
	at java.base/jdk.internal.reflect.DelegatingMethodAccessorImpl.invoke(DelegatingMethodAccessorImpl.java:43)
	at org.openqa.selenium.support.decorators.WebDriverDecorator.call(WebDriverDecorator.java:315)
	at org.openqa.selenium.support.decorators.DefaultDecorated.call(DefaultDecorated.java:48)
	at org.openqa.selenium.support.decorators.WebDriverDecorator.lambda$createProxyFactory$3(WebDriverDecorator.java:405)
	at net.bytebuddy.renamed.java.lang.Object$ByteBuddy$VJ2xQ5Kx.click(Unknown Source)
	at com.kms.katalon.core.webui.keyword.builtin.ClickKeyword$_click_closure1.doCall(ClickKeyword.groovy:63)
	at java.base/jdk.internal.reflect.NativeMethodAccessorImpl.invoke0(Native Method)
	at java.base/jdk.internal.reflect.NativeMethodAccessorImpl.invoke(NativeMethodAccessorImpl.java:77)
	at java.base/jdk.internal.reflect.DelegatingMethodAccessorImpl.invoke(DelegatingMethodAccessorImpl.java:43)
	at jdk.proxy2/jdk.proxy2.$Proxy50.execute(Unknown Source)
	at com.kms.katalon.core.webui.model.SeleniumActionRetryController.performAction(SeleniumActionRetryController.java:96)
	at com.kms.katalon.core.webui.model.SeleniumActionRetryController.performAction(SeleniumActionRetryController.java:83)
	at com.kms.katalon.core.webui.keyword.internal.WebUIKeywordMain$_runKeywordUntilTimeout_closure1.doCall(WebUIKeywordMain.groovy:135)
	at com.kms.katalon.core.webui.keyword.internal.WebUIKeywordMain$_runKeywordUntilTimeout_closure1.call(WebUIKeywordMain.groovy)
	at com.kms.katalon.core.webui.keyword.internal.WebUIKeywordMain.runKeyword(WebUIKeywordMain.groovy:41)
	at com.kms.katalon.core.webui.keyword.internal.WebUIKeywordMain.runKeywordUntilTimeout(WebUIKeywordMain.groovy:133)
	at com.kms.katalon.core.webui.keyword.builtin.ClickKeyword.click(ClickKeyword.groovy:72)
	at com.kms.katalon.core.webui.keyword.builtin.ClickKeyword.execute(ClickKeyword.groovy:38)
	at com.kms.katalon.core.keyword.internal.KeywordExecutor.executeKeywordForPlatform(KeywordExecutor.groovy:90)
	at com.kms.katalon.core.webui.keyword.WebUiBuiltInKeywords.click(WebUiBuiltInKeywords.groovy:721)
	at ProsesDownload.run(ProsesDownload:34)
	at com.kms.katalon.core.main.ScriptEngine.run(ScriptEngine.java:194)
	at com.kms.katalon.core.main.ScriptEngine.runScriptAsRawText(ScriptEngine.java:119)
	at com.kms.katalon.core.main.TestCaseExecutor.runScript(TestCaseExecutor.java:490)
	at com.kms.katalon.core.main.TestCaseExecutor.doExecute(TestCaseExecutor.java:481)
	at com.kms.katalon.core.main.TestCaseExecutor.processExecutionPhase(TestCaseExecutor.java:460)
	at com.kms.katalon.core.main.TestCaseExecutor.accessMainPhase(TestCaseExecutor.java:452)
	at com.kms.katalon.core.main.TestCaseExecutor.execute(TestCaseExecutor.java:322)
	at com.kms.katalon.core.main.TestCaseExecutor.execute(TestCaseExecutor.java:410)
	at com.kms.katalon.core.common.CommonExecutor.accessTestCaseMainPhase(CommonExecutor.java:71)
	at com.kms.katalon.core.main.TestSuiteExecutor.accessTestSuiteMainPhase(TestSuiteExecutor.java:153)
	at com.kms.katalon.core.main.TestSuiteExecutor.execute(TestSuiteExecutor.java:110)
	at com.kms.katalon.core.main.TestCaseMain.startTestSuite(TestCaseMain.java:205)
	at TempTestSuite1789356756616.run(TempTestSuite1789356756616.groovy:35)
	at java.base/jdk.internal.reflect.NativeMethodAccessorImpl.invoke0(Native Method)
	at java.base/jdk.internal.reflect.NativeMethodAccessorImpl.invoke(NativeMethodAccessorImpl.java:77)
	at java.base/jdk.internal.reflect.DelegatingMethodAccessorImpl.invoke(DelegatingMethodAccessorImpl.java:43)
</property>
  <property name="failed.exception.class">org.openqa.selenium.ElementClickInterceptedException</property>
  <property name="failed.exception.message">element click intercepted: Element &lt;button type=&quot;button&quot; id=&quot;downloadBtn&quot; class=&quot;btn btn-primary mr-1 mx-1 mb-3&quot; onclick=&quot;checkDataBeforeDownload()&quot;&gt;...&lt;/button&gt; is not clickable at point (985, 318). Other element would receive the click: &lt;div class=&quot;modal fade show&quot; id=&quot;downloadModal&quot; tabindex=&quot;-1&quot; aria-modal=&quot;true&quot; role=&quot;dialog&quot; style=&quot;padding-right: 15px; display: block;&quot;&gt;...&lt;/div&gt;
  (Session info: chrome=152.0.7977.83)
Build info: version: &apos;4.34.0&apos;, revision: &apos;707dcb4246*&apos;
System info: os.name: &apos;Windows 10&apos;, os.arch: &apos;amd64&apos;, os.version: &apos;10.0&apos;, java.version: &apos;17.0.14&apos;
Driver info: com.kms.katalon.selenium.driver.CChromeDriver
Command: [d0c4aad3fb384a3296215b7ba47e7224, clickElement {id=f.1E6E9298840B980A250F96BD320A9F62.d.3386380C80FCAB471F48AD58F0D016B5.e.345}]
Capabilities {acceptInsecureCerts: false, browserName: chrome, browserVersion: 152.0.7977.83, chrome: {chromedriverVersion: 152.0.7977.75 (4999cc1efed3..., userDataDir: C:\Users\TTECH-~1\AppData\L...}, fedcm:accounts: true, goog:chromeOptions: {debuggerAddress: localhost:51269}, goog:processID: 21156, networkConnectionEnabled: false, pageLoadStrategy: normal, platformName: windows, proxy: Proxy(), se:cdp: ws://localhost:51269/devtoo..., se:cdpVersion: 152.0.7977.83, setWindowRect: true, strictFileInteractability: false, timeouts: {implicit: 0, pageLoad: 300000, script: 30000}, unhandledPromptBehavior: {alert: ignore, beforeUnload: ignore, confirm: ignore, default: ignore, file: ignore, prompt: ignore}, webSocketUrl: ws://localhost:21947/sessio..., webauthn:extension:credBlob: true, webauthn:extension:largeBlob: true, webauthn:extension:minPinLength: true, webauthn:extension:prf: true, webauthn:virtualAuthenticators: true}
Element: [[CChromeDriver: chrome on windows (d0c4aad3fb384a3296215b7ba47e7224)] -&gt; xpath: //button[@id=&apos;downloadBtn&apos; and normalize-space()=&apos;Download&apos;]]
Session ID: d0c4aad3fb384a3296215b7ba47e7224</property>
</record>
<record>
  <date>2026-09-14T03:34:54.951064100Z</date>
  <millis>1789356894951</millis>
  <nanos>64100</nanos>
  <sequence>711</sequence>
  <level>START</level>
  <class>com.kms.katalon.core.logging.XmlKeywordLogger</class>
  <method>startKeyword</method>
  <thread>1</thread>
  <message>Start listener action : takeScreenshotAfterTestCase</message>
  <nestedLevel>1</nestedLevel>
  <escapedJava>false</escapedJava>
</record>
<record>
  <date>2026-09-14T03:34:54.952216300Z</date>
  <millis>1789356894952</millis>
  <nanos>216300</nanos>
  <sequence>713</sequence>
  <level>START</level>
  <class>com.kms.katalon.core.logging.XmlKeywordLogger</class>
  <method>startKeyword</method>
  <thread>1</thread>
  <message>Start action : timestamp = Date().format(&amp;quot;dd.MM.yyyy_(HH.mm.ss)&amp;quot;)</message>
  <nestedLevel>1</nestedLevel>
  <escapedJava>false</escapedJava>
  <property name="startLine">17</property>
  <property name="stepIndex">1</property>
</record>
<record>
  <date>2026-09-14T03:34:54.952216300Z</date>
  <millis>1789356894952</millis>
  <nanos>216300</nanos>
  <sequence>714</sequence>
  <level>END</level>
  <class>com.kms.katalon.core.logging.XmlKeywordLogger</class>
  <method>endKeyword</method>
  <thread>1</thread>
  <message>End action : timestamp = Date().format(&amp;quot;dd.MM.yyyy_(HH.mm.ss)&amp;quot;)</message>
  <nestedLevel>1</nestedLevel>
  <escapedJava>false</escapedJava>
</record>
<record>
  <date>2026-09-14T03:34:54.953570200Z</date>
  <millis>1789356894953</millis>
  <nanos>570200</nanos>
  <sequence>715</sequence>
  <level>START</level>
  <class>com.kms.katalon.core.logging.XmlKeywordLogger</class>
  <method>startKeyword</method>
  <thread>1</thread>
  <message>Start action : projectDir = getProjectDir()</message>
  <nestedLevel>1</nestedLevel>
  <escapedJava>false</escapedJava>
  <property name="startLine">18</property>
  <property name="stepIndex">2</property>
</record>
<record>
  <date>2026-09-14T03:34:54.953570200Z</date>
  <millis>1789356894953</millis>
  <nanos>570200</nanos>
  <sequence>716</sequence>
  <level>END</level>
  <class>com.kms.katalon.core.logging.XmlKeywordLogger</class>
  <method>endKeyword</method>
  <thread>1</thread>
  <message>End action : projectDir = getProjectDir()</message>
  <nestedLevel>1</nestedLevel>
  <escapedJava>false</escapedJava>
</record>
<record>
  <date>2026-09-14T03:34:54.953570200Z</date>
  <millis>1789356894953</millis>
  <nanos>570200</nanos>
  <sequence>717</sequence>
  <level>START</level>
  <class>com.kms.katalon.core.logging.XmlKeywordLogger</class>
  <method>startKeyword</method>
  <thread>1</thread>
  <message>Start action : testCaseName = getTestCaseId().replace(&amp;quot;/&amp;quot;, &amp;quot;_&amp;quot;)</message>
  <nestedLevel>1</nestedLevel>
  <escapedJava>false</escapedJava>
  <property name="startLine">19</property>
  <property name="stepIndex">3</property>
</record>
<record>
  <date>2026-09-14T03:34:54.954566500Z</date>
  <millis>1789356894954</millis>
  <nanos>566500</nanos>
  <sequence>718</sequence>
  <level>END</level>
  <class>com.kms.katalon.core.logging.XmlKeywordLogger</class>
  <method>endKeyword</method>
  <thread>1</thread>
  <message>End action : testCaseName = getTestCaseId().replace(&amp;quot;/&amp;quot;, &amp;quot;_&amp;quot;)</message>
  <nestedLevel>1</nestedLevel>
  <escapedJava>false</escapedJava>
</record>
<record>
  <date>2026-09-14T03:34:54.954566500Z</date>
  <millis>1789356894954</millis>
  <nanos>566500</nanos>
  <sequence>719</sequence>
  <level>START</level>
  <class>com.kms.katalon.core.logging.XmlKeywordLogger</class>
  <method>startKeyword</method>
  <thread>1</thread>
  <message>Start action : status = testCaseContext.getTestCaseStatus()</message>
  <nestedLevel>1</nestedLevel>
  <escapedJava>false</escapedJava>
  <property name="startLine">21</property>
  <property name="stepIndex">4</property>
</record>
<record>
  <date>2026-09-14T03:34:54.955557700Z</date>
  <millis>1789356894955</millis>
  <nanos>557700</nanos>
  <sequence>720</sequence>
  <level>END</level>
  <class>com.kms.katalon.core.logging.XmlKeywordLogger</class>
  <method>endKeyword</method>
  <thread>1</thread>
  <message>End action : status = testCaseContext.getTestCaseStatus()</message>
  <nestedLevel>1</nestedLevel>
  <escapedJava>false</escapedJava>
</record>
<record>
  <date>2026-09-14T03:34:54.955852500Z</date>
  <millis>1789356894955</millis>
  <nanos>852500</nanos>
  <sequence>721</sequence>
  <level>START</level>
  <class>com.kms.katalon.core.logging.XmlKeywordLogger</class>
  <method>startKeyword</method>
  <thread>1</thread>
  <message>Start action : fullPath = $projectDir/Screenshots/Evidence_$status_$timestamp.png</message>
  <nestedLevel>1</nestedLevel>
  <escapedJava>false</escapedJava>
  <property name="startLine">25</property>
  <property name="stepIndex">5</property>
</record>
<record>
  <date>2026-09-14T03:34:54.956339100Z</date>
  <millis>1789356894956</millis>
  <nanos>339100</nanos>
  <sequence>722</sequence>
  <level>END</level>
  <class>com.kms.katalon.core.logging.XmlKeywordLogger</class>
  <method>endKeyword</method>
  <thread>1</thread>
  <message>End action : fullPath = $projectDir/Screenshots/Evidence_$status_$timestamp.png</message>
  <nestedLevel>1</nestedLevel>
  <escapedJava>false</escapedJava>
</record>
<record>
  <date>2026-09-14T03:34:54.956339100Z</date>
  <millis>1789356894956</millis>
  <nanos>339100</nanos>
  <sequence>723</sequence>
  <level>START</level>
  <class>com.kms.katalon.core.logging.XmlKeywordLogger</class>
  <method>startKeyword</method>
  <thread>1</thread>
  <message>Start action : takeScreenshot(fullPath)</message>
  <nestedLevel>1</nestedLevel>
  <escapedJava>false</escapedJava>
  <property name="startLine">28</property>
  <property name="stepIndex">6</property>
</record>
<record>
  <date>2026-09-14T03:34:55.337996600Z</date>
  <millis>1789356895337</millis>
  <nanos>996600</nanos>
  <sequence>726</sequence>
  <level>PASSED</level>
  <class>com.kms.katalon.core.logging.XmlKeywordLogger</class>
  <method>logMessage</method>
  <thread>1</thread>
  <message>Taking screenshot successfully</message>
  <nestedLevel>1</nestedLevel>
  <escapedJava>false</escapedJava>
  <property name="attachment">C:/Users/TTECH-0251/git/AutoAPI/Screenshots/Evidence_FAILED_14.09.2026_(10.34.54).png</property>
  <property name="testops-method-name">com.kms.katalon.core.webui.keyword.builtin.TakeScreenshotKeyword.takeScreenshot</property>
  <property name="testops-execution-stacktrace"></property>
</record>
<record>
  <date>2026-09-14T03:34:55.338997300Z</date>
  <millis>1789356895338</millis>
  <nanos>997300</nanos>
  <sequence>727</sequence>
  <level>END</level>
  <class>com.kms.katalon.core.logging.XmlKeywordLogger</class>
  <method>endKeyword</method>
  <thread>1</thread>
  <message>End action : takeScreenshot(fullPath)</message>
  <nestedLevel>1</nestedLevel>
  <escapedJava>false</escapedJava>
</record>
<record>
  <date>2026-09-14T03:34:55.338997300Z</date>
  <millis>1789356895338</millis>
  <nanos>997300</nanos>
  <sequence>728</sequence>
  <level>START</level>
  <class>com.kms.katalon.core.logging.XmlKeywordLogger</class>
  <method>startKeyword</method>
  <thread>1</thread>
  <message>Start action : println(&amp;quot;Screenshot disimpan: &amp;quot; + fullPath)</message>
  <nestedLevel>1</nestedLevel>
  <escapedJava>false</escapedJava>
  <property name="startLine">30</property>
  <property name="stepIndex">7</property>
</record>
<record>
  <date>2026-09-14T03:34:55.340500300Z</date>
  <millis>1789356895340</millis>
  <nanos>500300</nanos>
  <sequence>730</sequence>
  <level>END</level>
  <class>com.kms.katalon.core.logging.XmlKeywordLogger</class>
  <method>endKeyword</method>
  <thread>1</thread>
  <message>End action : println(&amp;quot;Screenshot disimpan: &amp;quot; + fullPath)</message>
  <nestedLevel>1</nestedLevel>
  <escapedJava>false</escapedJava>
</record>
<record>
  <date>2026-09-14T03:34:55.340500300Z</date>
  <millis>1789356895340</millis>
  <nanos>500300</nanos>
  <sequence>731</sequence>
  <level>END</level>
  <class>com.kms.katalon.core.logging.XmlKeywordLogger</class>
  <method>endKeyword</method>
  <thread>1</thread>
  <message>End listener action : takeScreenshotAfterTestCase</message>
  <nestedLevel>1</nestedLevel>
  <escapedJava>false</escapedJava>
</record>
<record>
  <date>2026-09-14T03:34:55.341587300Z</date>
  <millis>1789356895341</millis>
  <nanos>587300</nanos>
  <sequence>732</sequence>
  <level>END</level>
  <class>com.kms.katalon.core.logging.XmlKeywordLogger</class>
  <method>endTest</method>
  <thread>1</thread>
  <message>End Test Case : Test Cases/DATA UI/Download/ProsesDownload</message>
  <nestedLevel>0</nestedLevel>
  <escapedJava>false</escapedJava>
  <property name="executionBindingVariables">[]</property>
  <property name="applitools">false</property>
  <property name="remainingRetryCount">2</property>
  <property name="executedKeywords">{
  &quot;WebUI.takeScreenshot&quot;: 1,
  &quot;WebUI.click&quot;: 1
}</property>
  <property name="currentRetryCount">1</property>
  <property name="keywordsUsage">{
  &quot;web_ui&quot;: true,
  &quot;web_service&quot;: false,
  &quot;cucumber&quot;: false,
  &quot;builtin&quot;: false,
  &quot;mobile&quot;: false,
  &quot;windows&quot;: false,
  &quot;testng&quot;: false
}</property>
</record>
<record>
  <date>2026-09-14T03:34:55.349006700Z</date>
  <millis>1789356895349</millis>
  <nanos>6700</nanos>
  <sequence>733</sequence>
  <level>START</level>
  <class>com.kms.katalon.core.logging.XmlKeywordLogger</class>
  <method>startTest</method>
  <thread>1</thread>
  <message>Start Test Case : Test Cases/DATA UI/Download/ProsesDownload</message>
  <nestedLevel>1</nestedLevel>
  <escapedJava>false</escapedJava>
  <property name="remainingRetryCount">1</property>
  <property name="origin"></property>
  <property name="name">Test Cases/DATA UI/Download/ProsesDownload</property>
  <property name="description"></property>
  <property name="iteration"></property>
  <property name="id">Test Cases/DATA UI/Download/ProsesDownload</property>
  <property name="source">C:\Users\TTECH-0251\git\AutoAPI\Test Cases\DATA UI\Download\ProsesDownload.tc</property>
  <property name="tag"></property>
  <property name="isOptional">false</property>
  <property name="currentRetryCount">2</property>
</record>
<record>
  <date>2026-09-14T03:34:55.422426400Z</date>
  <millis>1789356895422</millis>
  <nanos>426400</nanos>
  <sequence>735</sequence>
  <level>START</level>
  <class>com.kms.katalon.core.logging.XmlKeywordLogger</class>
  <method>startKeyword</method>
  <thread>1</thread>
  <message>Start action : projectDir = getProjectDir()</message>
  <nestedLevel>1</nestedLevel>
  <escapedJava>false</escapedJava>
  <property name="startLine">30</property>
  <property name="stepIndex">1</property>
</record>
<record>
  <date>2026-09-14T03:34:55.423426600Z</date>
  <millis>1789356895423</millis>
  <nanos>426600</nanos>
  <sequence>736</sequence>
  <level>END</level>
  <class>com.kms.katalon.core.logging.XmlKeywordLogger</class>
  <method>endKeyword</method>
  <thread>1</thread>
  <message>End action : projectDir = getProjectDir()</message>
  <nestedLevel>1</nestedLevel>
  <escapedJava>false</escapedJava>
</record>
<record>
  <date>2026-09-14T03:34:55.423426600Z</date>
  <millis>1789356895423</millis>
  <nanos>426600</nanos>
  <sequence>737</sequence>
  <level>START</level>
  <class>com.kms.katalon.core.logging.XmlKeywordLogger</class>
  <method>startKeyword</method>
  <thread>1</thread>
  <message>Start action : timestamp = Date().format(&amp;quot;dd.MM.yyyy_(HH.mm.ss)&amp;quot;)</message>
  <nestedLevel>1</nestedLevel>
  <escapedJava>false</escapedJava>
  <property name="startLine">32</property>
  <property name="stepIndex">2</property>
</record>
<record>
  <date>2026-09-14T03:34:55.424346400Z</date>
  <millis>1789356895424</millis>
  <nanos>346400</nanos>
  <sequence>738</sequence>
  <level>END</level>
  <class>com.kms.katalon.core.logging.XmlKeywordLogger</class>
  <method>endKeyword</method>
  <thread>1</thread>
  <message>End action : timestamp = Date().format(&amp;quot;dd.MM.yyyy_(HH.mm.ss)&amp;quot;)</message>
  <nestedLevel>1</nestedLevel>
  <escapedJava>false</escapedJava>
</record>
<record>
  <date>2026-09-14T03:34:55.425818200Z</date>
  <millis>1789356895425</millis>
  <nanos>818200</nanos>
  <sequence>739</sequence>
  <level>START</level>
  <class>com.kms.katalon.core.logging.XmlKeywordLogger</class>
  <method>startKeyword</method>
  <thread>1</thread>
  <message>Start action : click(findTestObject(&amp;quot;Data UI/Download/btnDownload&amp;quot;))</message>
  <nestedLevel>1</nestedLevel>
  <escapedJava>false</escapedJava>
  <property name="startLine">34</property>
  <property name="stepIndex">3</property>
</record>
<record>
  <date>2026-09-14T03:35:05.496799300Z</date>
  <millis>1789356905496</millis>
  <nanos>799300</nanos>
  <sequence>748</sequence>
  <level>WARNING</level>
  <class>com.kms.katalon.core.logging.XmlKeywordLogger</class>
  <method>logMessage</method>
  <thread>1</thread>
  <message>Waiting for element timed out</message>
  <nestedLevel>1</nestedLevel>
  <escapedJava>false</escapedJava>
</record>
