2026-06-18 10:51:48.925 INFO  c.k.katalon.core.main.TestSuiteExecutor  - START Test Suites/API/Pembukuan/pembukuanAPI
2026-06-18 10:51:49.125 INFO  c.k.katalon.core.main.TestSuiteExecutor  - userFullName = Quality Assurance
2026-06-18 10:51:49.128 INFO  c.k.katalon.core.main.TestSuiteExecutor  - projectName = AutoAPI
2026-06-18 10:51:49.130 INFO  c.k.katalon.core.main.TestSuiteExecutor  - hostName = ACER - DESKTOP-RC89JE8
2026-06-18 10:51:49.135 INFO  c.k.katalon.core.main.TestSuiteExecutor  - os = Windows 10 64bit
2026-06-18 10:51:49.143 INFO  c.k.katalon.core.main.TestSuiteExecutor  - hostAddress = 10.1.48.125
2026-06-18 10:51:49.145 INFO  c.k.katalon.core.main.TestSuiteExecutor  - katalonVersion = 10.3.1.0
2026-06-18 10:51:50.325 INFO  c.k.katalon.core.main.TestCaseExecutor   - --------------------
2026-06-18 10:51:50.328 INFO  c.k.katalon.core.main.TestCaseExecutor   - START Test Cases/API/CoveringValidation/CovVal_26692
2026-06-18 10:51:51.409 DEBUG testcase.CovVal_26692                    - 1: data = findTestData("Data Files/CoveringValidation/CoveringVal")
2026-06-18 10:51:52.496 DEBUG testcase.CovVal_26692                    - 2: totalRow = data.getRowNumbers()
2026-06-18 10:51:52.554 DEBUG testcase.CovVal_26692                    - 3: println("Total Data : " + totalRow)
Total Data : 100
2026-06-18 10:51:52.602 DEBUG testcase.CovVal_26692                    - 4: for ([row = 1, row <= totalRow, (row++)])
2026-06-18 10:51:52.617 DEBUG testcase.CovVal_26692                    - 1: nik = data.getValue("NomorIdentitas", row)
2026-06-18 10:51:52.671 DEBUG testcase.CovVal_26692                    - 2: response = sendRequest(findTestObject("API/Posts/CoveringValidation/CovVal_26692", ["NomorIdentitas":nik]))
2026-06-18 10:52:00.210 INFO  c.k.k.core.webservice.common.HarLogger   - HAR: C:\Users\ACER\git\AutoAPI\Reports\20260618_105141\API\Pembukuan\pembukuanAPI\20260618_105141\requests\main\CovVal_26692_0.har
2026-06-18 10:52:00.366 DEBUG testcase.CovVal_26692                    - 3: println("==============================")
==============================
2026-06-18 10:52:00.372 DEBUG testcase.CovVal_26692                    - 4: println("Row                : " + row)
Row                : 1
2026-06-18 10:52:00.381 DEBUG testcase.CovVal_26692                    - 5: println("NomorIdentitas     : " + nik)
NomorIdentitas     : 2605210000000123
2026-06-18 10:52:00.388 DEBUG testcase.CovVal_26692                    - 6: println("HTTP Status        : " + response.getStatusCode())
HTTP Status        : 200
2026-06-18 10:52:00.408 DEBUG testcase.CovVal_26692                    - 7: println("Response Body      : " + response.getResponseBodyContent())
Response Body      : {"ResponseCode":"00","ResponseDescription":"Success","ResponseException":"","FIDJenisPengajuan":"1","JenisPengajuan":"New","UrutanPengajuan":"1","FIDJenisCovering":"1","JenisCovering":"Conditional Automatic Cover","TanggalMulaiCovering":"01\/01\/1900","TanggalAkhirCovering":"01\/01\/1900","NominalPremi":"40000.00","RemarkPremi":"BRISURF_COV_26692_2605210000000123_01","NomorRekeningGiroPremi":"020601000102311","NamaRekeningGiroPremi":"PT BRI ASURANSI INDONESIA (Dummy)","NominalPertanggungan":"0.00","NominalCoverage":"0.00","NominalFeeCovering":"6000.00","NominalPajakCovering":"660.00","RemarkFeePremi":"BRISURF_COV_26692_2605210000000123_01","PersentasePertanggungan":"100","PersentaseCoverage":"100","OriginalPremi":"40000.00","DiscountPremi":0,"NominalPremiExtra":0,"NominalPremiBebanNasabah":0,"NominalPremiBebanBRI":0,"Signature":"37f17babfd3e96ea886af33c7fc23e97"}
2026-06-18 10:52:00.438 DEBUG testcase.CovVal_26692                    - 1: nik = data.getValue("NomorIdentitas", row)
2026-06-18 10:52:00.442 DEBUG testcase.CovVal_26692                    - 2: response = sendRequest(findTestObject("API/Posts/CoveringValidation/CovVal_26692", ["NomorIdentitas":nik]))
2026-06-18 10:52:03.470 INFO  c.k.k.core.webservice.common.HarLogger   - HAR: C:\Users\ACER\git\AutoAPI\Reports\20260618_105141\API\Pembukuan\pembukuanAPI\20260618_105141\requests\main\CovVal_26692_1.har
2026-06-18 10:52:03.484 DEBUG testcase.CovVal_26692                    - 3: println("==============================")
==============================
2026-06-18 10:52:03.487 DEBUG testcase.CovVal_26692                    - 4: println("Row                : " + row)
Row                : 2
2026-06-18 10:52:03.491 DEBUG testcase.CovVal_26692                    - 5: println("NomorIdentitas     : " + nik)
NomorIdentitas     : 2605210000000124
2026-06-18 10:52:03.494 DEBUG testcase.CovVal_26692                    - 6: println("HTTP Status        : " + response.getStatusCode())
HTTP Status        : 200
2026-06-18 10:52:03.500 DEBUG testcase.CovVal_26692                    - 7: println("Response Body      : " + response.getResponseBodyContent())
Response Body      : {"ResponseCode":"00","ResponseDescription":"Success","ResponseException":"","FIDJenisPengajuan":"1","JenisPengajuan":"New","UrutanPengajuan":"1","FIDJenisCovering":"1","JenisCovering":"Conditional Automatic Cover","TanggalMulaiCovering":"01\/01\/1900","TanggalAkhirCovering":"01\/01\/1900","NominalPremi":"40000.00","RemarkPremi":"BRISURF_COV_26692_2605210000000124_01","NomorRekeningGiroPremi":"020601000102311","NamaRekeningGiroPremi":"PT BRI ASURANSI INDONESIA (Dummy)","NominalPertanggungan":"0.00","NominalCoverage":"0.00","NominalFeeCovering":"6000.00","NominalPajakCovering":"660.00","RemarkFeePremi":"BRISURF_COV_26692_2605210000000124_01","PersentasePertanggungan":"100","PersentaseCoverage":"100","OriginalPremi":"40000.00","DiscountPremi":0,"NominalPremiExtra":0,"NominalPremiBebanNasabah":0,"NominalPremiBebanBRI":0,"Signature":"37f17babfd3e96ea886af33c7fc23e97"}
2026-06-18 10:52:03.505 DEBUG testcase.CovVal_26692                    - 1: nik = data.getValue("NomorIdentitas", row)
2026-06-18 10:52:03.510 DEBUG testcase.CovVal_26692                    - 2: response = sendRequest(findTestObject("API/Posts/CoveringValidation/CovVal_26692", ["NomorIdentitas":nik]))
2026-06-18 10:52:06.458 INFO  c.k.k.core.webservice.common.HarLogger   - HAR: C:\Users\ACER\git\AutoAPI\Reports\20260618_105141\API\Pembukuan\pembukuanAPI\20260618_105141\requests\main\CovVal_26692_2.har
2026-06-18 10:52:06.469 DEBUG testcase.CovVal_26692                    - 3: println("==============================")
==============================
2026-06-18 10:52:06.473 DEBUG testcase.CovVal_26692                    - 4: println("Row                : " + row)
Row                : 3
2026-06-18 10:52:06.477 DEBUG testcase.CovVal_26692                    - 5: println("NomorIdentitas     : " + nik)
NomorIdentitas     : 2605210000000125
2026-06-18 10:52:06.482 DEBUG testcase.CovVal_26692                    - 6: println("HTTP Status        : " + response.getStatusCode())
HTTP Status        : 200
2026-06-18 10:52:06.485 DEBUG testcase.CovVal_26692                    - 7: println("Response Body      : " + response.getResponseBodyContent())
Response Body      : {"ResponseCode":"00","ResponseDescription":"Success","ResponseException":"","FIDJenisPengajuan":"1","JenisPengajuan":"New","UrutanPengajuan":"1","FIDJenisCovering":"1","JenisCovering":"Conditional Automatic Cover","TanggalMulaiCovering":"01\/01\/1900","TanggalAkhirCovering":"01\/01\/1900","NominalPremi":"40000.00","RemarkPremi":"BRISURF_COV_26692_2605210000000125_01","NomorRekeningGiroPremi":"020601000102311","NamaRekeningGiroPremi":"PT BRI ASURANSI INDONESIA (Dummy)","NominalPertanggungan":"0.00","NominalCoverage":"0.00","NominalFeeCovering":"6000.00","NominalPajakCovering":"660.00","RemarkFeePremi":"BRISURF_COV_26692_2605210000000125_01","PersentasePertanggungan":"100","PersentaseCoverage":"100","OriginalPremi":"40000.00","DiscountPremi":0,"NominalPremiExtra":0,"NominalPremiBebanNasabah":0,"NominalPremiBebanBRI":0,"Signature":"37f17babfd3e96ea886af33c7fc23e97"}
2026-06-18 10:52:06.489 DEBUG testcase.CovVal_26692                    - 1: nik = data.getValue("NomorIdentitas", row)
2026-06-18 10:52:06.493 DEBUG testcase.CovVal_26692                    - 2: response = sendRequest(findTestObject("API/Posts/CoveringValidation/CovVal_26692", ["NomorIdentitas":nik]))
2026-06-18 10:52:09.307 INFO  c.k.k.core.webservice.common.HarLogger   - HAR: C:\Users\ACER\git\AutoAPI\Reports\20260618_105141\API\Pembukuan\pembukuanAPI\20260618_105141\requests\main\CovVal_26692_3.har
2026-06-18 10:52:09.319 DEBUG testcase.CovVal_26692                    - 3: println("==============================")
==============================
2026-06-18 10:52:09.324 DEBUG testcase.CovVal_26692                    - 4: println("Row                : " + row)
Row                : 4
2026-06-18 10:52:09.328 DEBUG testcase.CovVal_26692                    - 5: println("NomorIdentitas     : " + nik)
NomorIdentitas     : 2605210000000126
2026-06-18 10:52:09.331 DEBUG testcase.CovVal_26692                    - 6: println("HTTP Status        : " + response.getStatusCode())
HTTP Status        : 200
2026-06-18 10:52:09.334 DEBUG testcase.CovVal_26692                    - 7: println("Response Body      : " + response.getResponseBodyContent())
Response Body      : {"ResponseCode":"00","ResponseDescription":"Success","ResponseException":"","FIDJenisPengajuan":"1","JenisPengajuan":"New","UrutanPengajuan":"1","FIDJenisCovering":"1","JenisCovering":"Conditional Automatic Cover","TanggalMulaiCovering":"01\/01\/1900","TanggalAkhirCovering":"01\/01\/1900","NominalPremi":"40000.00","RemarkPremi":"BRISURF_COV_26692_2605210000000126_01","NomorRekeningGiroPremi":"020601000102311","NamaRekeningGiroPremi":"PT BRI ASURANSI INDONESIA (Dummy)","NominalPertanggungan":"0.00","NominalCoverage":"0.00","NominalFeeCovering":"6000.00","NominalPajakCovering":"660.00","RemarkFeePremi":"BRISURF_COV_26692_2605210000000126_01","PersentasePertanggungan":"100","PersentaseCoverage":"100","OriginalPremi":"40000.00","DiscountPremi":0,"NominalPremiExtra":0,"NominalPremiBebanNasabah":0,"NominalPremiBebanBRI":0,"Signature":"37f17babfd3e96ea886af33c7fc23e97"}
2026-06-18 10:52:09.337 DEBUG testcase.CovVal_26692                    - 1: nik = data.getValue("NomorIdentitas", row)
2026-06-18 10:52:09.340 DEBUG testcase.CovVal_26692                    - 2: response = sendRequest(findTestObject("API/Posts/CoveringValidation/CovVal_26692", ["NomorIdentitas":nik]))
2026-06-18 10:52:12.140 INFO  c.k.k.core.webservice.common.HarLogger   - HAR: C:\Users\ACER\git\AutoAPI\Reports\20260618_105141\API\Pembukuan\pembukuanAPI\20260618_105141\requests\main\CovVal_26692_4.har
2026-06-18 10:52:12.149 DEBUG testcase.CovVal_26692                    - 3: println("==============================")
==============================
2026-06-18 10:52:12.151 DEBUG testcase.CovVal_26692                    - 4: println("Row                : " + row)
Row                : 5
2026-06-18 10:52:12.155 DEBUG testcase.CovVal_26692                    - 5: println("NomorIdentitas     : " + nik)
NomorIdentitas     : 2605210000000127
2026-06-18 10:52:12.162 DEBUG testcase.CovVal_26692                    - 6: println("HTTP Status        : " + response.getStatusCode())
HTTP Status        : 200
2026-06-18 10:52:12.165 DEBUG testcase.CovVal_26692                    - 7: println("Response Body      : " + response.getResponseBodyContent())
Response Body      : {"ResponseCode":"00","ResponseDescription":"Success","ResponseException":"","FIDJenisPengajuan":"1","JenisPengajuan":"New","UrutanPengajuan":"1","FIDJenisCovering":"1","JenisCovering":"Conditional Automatic Cover","TanggalMulaiCovering":"01\/01\/1900","TanggalAkhirCovering":"01\/01\/1900","NominalPremi":"40000.00","RemarkPremi":"BRISURF_COV_26692_2605210000000127_01","NomorRekeningGiroPremi":"020601000102311","NamaRekeningGiroPremi":"PT BRI ASURANSI INDONESIA (Dummy)","NominalPertanggungan":"0.00","NominalCoverage":"0.00","NominalFeeCovering":"6000.00","NominalPajakCovering":"660.00","RemarkFeePremi":"BRISURF_COV_26692_2605210000000127_01","PersentasePertanggungan":"100","PersentaseCoverage":"100","OriginalPremi":"40000.00","DiscountPremi":0,"NominalPremiExtra":0,"NominalPremiBebanNasabah":0,"NominalPremiBebanBRI":0,"Signature":"37f17babfd3e96ea886af33c7fc23e97"}
2026-06-18 10:52:12.167 DEBUG testcase.CovVal_26692                    - 1: nik = data.getValue("NomorIdentitas", row)
2026-06-18 10:52:12.170 DEBUG testcase.CovVal_26692                    - 2: response = sendRequest(findTestObject("API/Posts/CoveringValidation/CovVal_26692", ["NomorIdentitas":nik]))
2026-06-18 10:52:14.953 INFO  c.k.k.core.webservice.common.HarLogger   - HAR: C:\Users\ACER\git\AutoAPI\Reports\20260618_105141\API\Pembukuan\pembukuanAPI\20260618_105141\requests\main\CovVal_26692_5.har
2026-06-18 10:52:14.963 DEBUG testcase.CovVal_26692                    - 3: println("==============================")
==============================
2026-06-18 10:52:14.967 DEBUG testcase.CovVal_26692                    - 4: println("Row                : " + row)
Row                : 6
2026-06-18 10:52:14.970 DEBUG testcase.CovVal_26692                    - 5: println("NomorIdentitas     : " + nik)
NomorIdentitas     : 2605210000000128
2026-06-18 10:52:14.972 DEBUG testcase.CovVal_26692                    - 6: println("HTTP Status        : " + response.getStatusCode())
HTTP Status        : 200
2026-06-18 10:52:14.977 DEBUG testcase.CovVal_26692                    - 7: println("Response Body      : " + response.getResponseBodyContent())
Response Body      : {"ResponseCode":"00","ResponseDescription":"Success","ResponseException":"","FIDJenisPengajuan":"1","JenisPengajuan":"New","UrutanPengajuan":"1","FIDJenisCovering":"1","JenisCovering":"Conditional Automatic Cover","TanggalMulaiCovering":"01\/01\/1900","TanggalAkhirCovering":"01\/01\/1900","NominalPremi":"40000.00","RemarkPremi":"BRISURF_COV_26692_2605210000000128_01","NomorRekeningGiroPremi":"020601000102311","NamaRekeningGiroPremi":"PT BRI ASURANSI INDONESIA (Dummy)","NominalPertanggungan":"0.00","NominalCoverage":"0.00","NominalFeeCovering":"6000.00","NominalPajakCovering":"660.00","RemarkFeePremi":"BRISURF_COV_26692_2605210000000128_01","PersentasePertanggungan":"100","PersentaseCoverage":"100","OriginalPremi":"40000.00","DiscountPremi":0,"NominalPremiExtra":0,"NominalPremiBebanNasabah":0,"NominalPremiBebanBRI":0,"Signature":"37f17babfd3e96ea886af33c7fc23e97"}
2026-06-18 10:52:14.979 DEBUG testcase.CovVal_26692                    - 1: nik = data.getValue("NomorIdentitas", row)
2026-06-18 10:52:14.986 DEBUG testcase.CovVal_26692                    - 2: response = sendRequest(findTestObject("API/Posts/CoveringValidation/CovVal_26692", ["NomorIdentitas":nik]))
2026-06-18 10:52:17.778 INFO  c.k.k.core.webservice.common.HarLogger   - HAR: C:\Users\ACER\git\AutoAPI\Reports\20260618_105141\API\Pembukuan\pembukuanAPI\20260618_105141\requests\main\CovVal_26692_6.har
2026-06-18 10:52:17.784 DEBUG testcase.CovVal_26692                    - 3: println("==============================")
==============================
2026-06-18 10:52:17.788 DEBUG testcase.CovVal_26692                    - 4: println("Row                : " + row)
Row                : 7
2026-06-18 10:52:17.794 DEBUG testcase.CovVal_26692                    - 5: println("NomorIdentitas     : " + nik)
NomorIdentitas     : 2605210000000129
2026-06-18 10:52:17.798 DEBUG testcase.CovVal_26692                    - 6: println("HTTP Status        : " + response.getStatusCode())
HTTP Status        : 200
2026-06-18 10:52:17.801 DEBUG testcase.CovVal_26692                    - 7: println("Response Body      : " + response.getResponseBodyContent())
Response Body      : {"ResponseCode":"00","ResponseDescription":"Success","ResponseException":"","FIDJenisPengajuan":"1","JenisPengajuan":"New","UrutanPengajuan":"1","FIDJenisCovering":"1","JenisCovering":"Conditional Automatic Cover","TanggalMulaiCovering":"01\/01\/1900","TanggalAkhirCovering":"01\/01\/1900","NominalPremi":"40000.00","RemarkPremi":"BRISURF_COV_26692_2605210000000129_01","NomorRekeningGiroPremi":"020601000102311","NamaRekeningGiroPremi":"PT BRI ASURANSI INDONESIA (Dummy)","NominalPertanggungan":"0.00","NominalCoverage":"0.00","NominalFeeCovering":"6000.00","NominalPajakCovering":"660.00","RemarkFeePremi":"BRISURF_COV_26692_2605210000000129_01","PersentasePertanggungan":"100","PersentaseCoverage":"100","OriginalPremi":"40000.00","DiscountPremi":0,"NominalPremiExtra":0,"NominalPremiBebanNasabah":0,"NominalPremiBebanBRI":0,"Signature":"37f17babfd3e96ea886af33c7fc23e97"}
2026-06-18 10:52:17.805 DEBUG testcase.CovVal_26692                    - 1: nik = data.getValue("NomorIdentitas", row)
2026-06-18 10:52:17.810 DEBUG testcase.CovVal_26692                    - 2: response = sendRequest(findTestObject("API/Posts/CoveringValidation/CovVal_26692", ["NomorIdentitas":nik]))
2026-06-18 10:52:20.829 INFO  c.k.k.core.webservice.common.HarLogger   - HAR: C:\Users\ACER\git\AutoAPI\Reports\20260618_105141\API\Pembukuan\pembukuanAPI\20260618_105141\requests\main\CovVal_26692_7.har
2026-06-18 10:52:20.834 DEBUG testcase.CovVal_26692                    - 3: println("==============================")
==============================
2026-06-18 10:52:20.836 DEBUG testcase.CovVal_26692                    - 4: println("Row                : " + row)
Row                : 8
2026-06-18 10:52:20.841 DEBUG testcase.CovVal_26692                    - 5: println("NomorIdentitas     : " + nik)
NomorIdentitas     : 2605210000000130
2026-06-18 10:52:20.844 DEBUG testcase.CovVal_26692                    - 6: println("HTTP Status        : " + response.getStatusCode())
HTTP Status        : 200
2026-06-18 10:52:20.847 DEBUG testcase.CovVal_26692                    - 7: println("Response Body      : " + response.getResponseBodyContent())
Response Body      : {"ResponseCode":"00","ResponseDescription":"Success","ResponseException":"","FIDJenisPengajuan":"1","JenisPengajuan":"New","UrutanPengajuan":"1","FIDJenisCovering":"1","JenisCovering":"Conditional Automatic Cover","TanggalMulaiCovering":"01\/01\/1900","TanggalAkhirCovering":"01\/01\/1900","NominalPremi":"40000.00","RemarkPremi":"BRISURF_COV_26692_2605210000000130_01","NomorRekeningGiroPremi":"020601000102311","NamaRekeningGiroPremi":"PT BRI ASURANSI INDONESIA (Dummy)","NominalPertanggungan":"0.00","NominalCoverage":"0.00","NominalFeeCovering":"6000.00","NominalPajakCovering":"660.00","RemarkFeePremi":"BRISURF_COV_26692_2605210000000130_01","PersentasePertanggungan":"100","PersentaseCoverage":"100","OriginalPremi":"40000.00","DiscountPremi":0,"NominalPremiExtra":0,"NominalPremiBebanNasabah":0,"NominalPremiBebanBRI":0,"Signature":"37f17babfd3e96ea886af33c7fc23e97"}
2026-06-18 10:52:20.849 DEBUG testcase.CovVal_26692                    - 1: nik = data.getValue("NomorIdentitas", row)
2026-06-18 10:52:20.851 DEBUG testcase.CovVal_26692                    - 2: response = sendRequest(findTestObject("API/Posts/CoveringValidation/CovVal_26692", ["NomorIdentitas":nik]))
2026-06-18 10:52:23.636 INFO  c.k.k.core.webservice.common.HarLogger   - HAR: C:\Users\ACER\git\AutoAPI\Reports\20260618_105141\API\Pembukuan\pembukuanAPI\20260618_105141\requests\main\CovVal_26692_8.har
2026-06-18 10:52:23.643 DEBUG testcase.CovVal_26692                    - 3: println("==============================")
==============================
2026-06-18 10:52:23.645 DEBUG testcase.CovVal_26692                    - 4: println("Row                : " + row)
Row                : 9
2026-06-18 10:52:23.648 DEBUG testcase.CovVal_26692                    - 5: println("NomorIdentitas     : " + nik)
NomorIdentitas     : 2605210000000131
2026-06-18 10:52:23.651 DEBUG testcase.CovVal_26692                    - 6: println("HTTP Status        : " + response.getStatusCode())
HTTP Status        : 200
2026-06-18 10:52:23.653 DEBUG testcase.CovVal_26692                    - 7: println("Response Body      : " + response.getResponseBodyContent())
Response Body      : {"ResponseCode":"00","ResponseDescription":"Success","ResponseException":"","FIDJenisPengajuan":"1","JenisPengajuan":"New","UrutanPengajuan":"1","FIDJenisCovering":"1","JenisCovering":"Conditional Automatic Cover","TanggalMulaiCovering":"01\/01\/1900","TanggalAkhirCovering":"01\/01\/1900","NominalPremi":"40000.00","RemarkPremi":"BRISURF_COV_26692_2605210000000131_01","NomorRekeningGiroPremi":"020601000102311","NamaRekeningGiroPremi":"PT BRI ASURANSI INDONESIA (Dummy)","NominalPertanggungan":"0.00","NominalCoverage":"0.00","NominalFeeCovering":"6000.00","NominalPajakCovering":"660.00","RemarkFeePremi":"BRISURF_COV_26692_2605210000000131_01","PersentasePertanggungan":"100","PersentaseCoverage":"100","OriginalPremi":"40000.00","DiscountPremi":0,"NominalPremiExtra":0,"NominalPremiBebanNasabah":0,"NominalPremiBebanBRI":0,"Signature":"37f17babfd3e96ea886af33c7fc23e97"}
2026-06-18 10:52:23.656 DEBUG testcase.CovVal_26692                    - 1: nik = data.getValue("NomorIdentitas", row)
2026-06-18 10:52:23.659 DEBUG testcase.CovVal_26692                    - 2: response = sendRequest(findTestObject("API/Posts/CoveringValidation/CovVal_26692", ["NomorIdentitas":nik]))
2026-06-18 10:52:26.475 INFO  c.k.k.core.webservice.common.HarLogger   - HAR: C:\Users\ACER\git\AutoAPI\Reports\20260618_105141\API\Pembukuan\pembukuanAPI\20260618_105141\requests\main\CovVal_26692_9.har
2026-06-18 10:52:26.480 DEBUG testcase.CovVal_26692                    - 3: println("==============================")
==============================
2026-06-18 10:52:26.483 DEBUG testcase.CovVal_26692                    - 4: println("Row                : " + row)
Row                : 10
2026-06-18 10:52:26.485 DEBUG testcase.CovVal_26692                    - 5: println("NomorIdentitas     : " + nik)
NomorIdentitas     : 2605210000000132
2026-06-18 10:52:26.489 DEBUG testcase.CovVal_26692                    - 6: println("HTTP Status        : " + response.getStatusCode())
HTTP Status        : 200
2026-06-18 10:52:26.492 DEBUG testcase.CovVal_26692                    - 7: println("Response Body      : " + response.getResponseBodyContent())
Response Body      : {"ResponseCode":"00","ResponseDescription":"Success","ResponseException":"","FIDJenisPengajuan":"1","JenisPengajuan":"New","UrutanPengajuan":"1","FIDJenisCovering":"1","JenisCovering":"Conditional Automatic Cover","TanggalMulaiCovering":"01\/01\/1900","TanggalAkhirCovering":"01\/01\/1900","NominalPremi":"40000.00","RemarkPremi":"BRISURF_COV_26692_2605210000000132_01","NomorRekeningGiroPremi":"020601000102311","NamaRekeningGiroPremi":"PT BRI ASURANSI INDONESIA (Dummy)","NominalPertanggungan":"0.00","NominalCoverage":"0.00","NominalFeeCovering":"6000.00","NominalPajakCovering":"660.00","RemarkFeePremi":"BRISURF_COV_26692_2605210000000132_01","PersentasePertanggungan":"100","PersentaseCoverage":"100","OriginalPremi":"40000.00","DiscountPremi":0,"NominalPremiExtra":0,"NominalPremiBebanNasabah":0,"NominalPremiBebanBRI":0,"Signature":"37f17babfd3e96ea886af33c7fc23e97"}
2026-06-18 10:52:26.496 DEBUG testcase.CovVal_26692                    - 1: nik = data.getValue("NomorIdentitas", row)
2026-06-18 10:52:26.498 DEBUG testcase.CovVal_26692                    - 2: response = sendRequest(findTestObject("API/Posts/CoveringValidation/CovVal_26692", ["NomorIdentitas":nik]))
2026-06-18 10:52:29.308 INFO  c.k.k.core.webservice.common.HarLogger   - HAR: C:\Users\ACER\git\AutoAPI\Reports\20260618_105141\API\Pembukuan\pembukuanAPI\20260618_105141\requests\main\CovVal_26692_10.har
2026-06-18 10:52:29.314 DEBUG testcase.CovVal_26692                    - 3: println("==============================")
==============================
2026-06-18 10:52:29.317 DEBUG testcase.CovVal_26692                    - 4: println("Row                : " + row)
Row                : 11
2026-06-18 10:52:29.322 DEBUG testcase.CovVal_26692                    - 5: println("NomorIdentitas     : " + nik)
NomorIdentitas     : 2605210000000133
2026-06-18 10:52:29.324 DEBUG testcase.CovVal_26692                    - 6: println("HTTP Status        : " + response.getStatusCode())
HTTP Status        : 200
2026-06-18 10:52:29.326 DEBUG testcase.CovVal_26692                    - 7: println("Response Body      : " + response.getResponseBodyContent())
Response Body      : {"ResponseCode":"00","ResponseDescription":"Success","ResponseException":"","FIDJenisPengajuan":"1","JenisPengajuan":"New","UrutanPengajuan":"1","FIDJenisCovering":"1","JenisCovering":"Conditional Automatic Cover","TanggalMulaiCovering":"01\/01\/1900","TanggalAkhirCovering":"01\/01\/1900","NominalPremi":"40000.00","RemarkPremi":"BRISURF_COV_26692_2605210000000133_01","NomorRekeningGiroPremi":"020601000102311","NamaRekeningGiroPremi":"PT BRI ASURANSI INDONESIA (Dummy)","NominalPertanggungan":"0.00","NominalCoverage":"0.00","NominalFeeCovering":"6000.00","NominalPajakCovering":"660.00","RemarkFeePremi":"BRISURF_COV_26692_2605210000000133_01","PersentasePertanggungan":"100","PersentaseCoverage":"100","OriginalPremi":"40000.00","DiscountPremi":0,"NominalPremiExtra":0,"NominalPremiBebanNasabah":0,"NominalPremiBebanBRI":0,"Signature":"37f17babfd3e96ea886af33c7fc23e97"}
2026-06-18 10:52:29.328 DEBUG testcase.CovVal_26692                    - 1: nik = data.getValue("NomorIdentitas", row)
2026-06-18 10:52:29.330 DEBUG testcase.CovVal_26692                    - 2: response = sendRequest(findTestObject("API/Posts/CoveringValidation/CovVal_26692", ["NomorIdentitas":nik]))
2026-06-18 10:52:32.140 INFO  c.k.k.core.webservice.common.HarLogger   - HAR: C:\Users\ACER\git\AutoAPI\Reports\20260618_105141\API\Pembukuan\pembukuanAPI\20260618_105141\requests\main\CovVal_26692_11.har
2026-06-18 10:52:32.145 DEBUG testcase.CovVal_26692                    - 3: println("==============================")
==============================
2026-06-18 10:52:32.148 DEBUG testcase.CovVal_26692                    - 4: println("Row                : " + row)
Row                : 12
2026-06-18 10:52:32.150 DEBUG testcase.CovVal_26692                    - 5: println("NomorIdentitas     : " + nik)
NomorIdentitas     : 2605210000000134
2026-06-18 10:52:32.152 DEBUG testcase.CovVal_26692                    - 6: println("HTTP Status        : " + response.getStatusCode())
HTTP Status        : 200
2026-06-18 10:52:32.156 DEBUG testcase.CovVal_26692                    - 7: println("Response Body      : " + response.getResponseBodyContent())
Response Body      : {"ResponseCode":"00","ResponseDescription":"Success","ResponseException":"","FIDJenisPengajuan":"1","JenisPengajuan":"New","UrutanPengajuan":"1","FIDJenisCovering":"1","JenisCovering":"Conditional Automatic Cover","TanggalMulaiCovering":"01\/01\/1900","TanggalAkhirCovering":"01\/01\/1900","NominalPremi":"40000.00","RemarkPremi":"BRISURF_COV_26692_2605210000000134_01","NomorRekeningGiroPremi":"020601000102311","NamaRekeningGiroPremi":"PT BRI ASURANSI INDONESIA (Dummy)","NominalPertanggungan":"0.00","NominalCoverage":"0.00","NominalFeeCovering":"6000.00","NominalPajakCovering":"660.00","RemarkFeePremi":"BRISURF_COV_26692_2605210000000134_01","PersentasePertanggungan":"100","PersentaseCoverage":"100","OriginalPremi":"40000.00","DiscountPremi":0,"NominalPremiExtra":0,"NominalPremiBebanNasabah":0,"NominalPremiBebanBRI":0,"Signature":"37f17babfd3e96ea886af33c7fc23e97"}
2026-06-18 10:52:32.159 DEBUG testcase.CovVal_26692                    - 1: nik = data.getValue("NomorIdentitas", row)
2026-06-18 10:52:32.161 DEBUG testcase.CovVal_26692                    - 2: response = sendRequest(findTestObject("API/Posts/CoveringValidation/CovVal_26692", ["NomorIdentitas":nik]))
2026-06-18 10:52:35.025 INFO  c.k.k.core.webservice.common.HarLogger   - HAR: C:\Users\ACER\git\AutoAPI\Reports\20260618_105141\API\Pembukuan\pembukuanAPI\20260618_105141\requests\main\CovVal_26692_12.har
2026-06-18 10:52:35.030 DEBUG testcase.CovVal_26692                    - 3: println("==============================")
==============================
2026-06-18 10:52:35.033 DEBUG testcase.CovVal_26692                    - 4: println("Row                : " + row)
Row                : 13
2026-06-18 10:52:35.038 DEBUG testcase.CovVal_26692                    - 5: println("NomorIdentitas     : " + nik)
NomorIdentitas     : 2605210000000135
2026-06-18 10:52:35.041 DEBUG testcase.CovVal_26692                    - 6: println("HTTP Status        : " + response.getStatusCode())
HTTP Status        : 200
2026-06-18 10:52:35.046 DEBUG testcase.CovVal_26692                    - 7: println("Response Body      : " + response.getResponseBodyContent())
Response Body      : {"ResponseCode":"00","ResponseDescription":"Success","ResponseException":"","FIDJenisPengajuan":"1","JenisPengajuan":"New","UrutanPengajuan":"1","FIDJenisCovering":"1","JenisCovering":"Conditional Automatic Cover","TanggalMulaiCovering":"01\/01\/1900","TanggalAkhirCovering":"01\/01\/1900","NominalPremi":"40000.00","RemarkPremi":"BRISURF_COV_26692_2605210000000135_01","NomorRekeningGiroPremi":"020601000102311","NamaRekeningGiroPremi":"PT BRI ASURANSI INDONESIA (Dummy)","NominalPertanggungan":"0.00","NominalCoverage":"0.00","NominalFeeCovering":"6000.00","NominalPajakCovering":"660.00","RemarkFeePremi":"BRISURF_COV_26692_2605210000000135_01","PersentasePertanggungan":"100","PersentaseCoverage":"100","OriginalPremi":"40000.00","DiscountPremi":0,"NominalPremiExtra":0,"NominalPremiBebanNasabah":0,"NominalPremiBebanBRI":0,"Signature":"37f17babfd3e96ea886af33c7fc23e97"}
2026-06-18 10:52:35.048 DEBUG testcase.CovVal_26692                    - 1: nik = data.getValue("NomorIdentitas", row)
2026-06-18 10:52:35.050 DEBUG testcase.CovVal_26692                    - 2: response = sendRequest(findTestObject("API/Posts/CoveringValidation/CovVal_26692", ["NomorIdentitas":nik]))
2026-06-18 10:52:37.805 INFO  c.k.k.core.webservice.common.HarLogger   - HAR: C:\Users\ACER\git\AutoAPI\Reports\20260618_105141\API\Pembukuan\pembukuanAPI\20260618_105141\requests\main\CovVal_26692_13.har
2026-06-18 10:52:37.809 DEBUG testcase.CovVal_26692                    - 3: println("==============================")
==============================
2026-06-18 10:52:37.811 DEBUG testcase.CovVal_26692                    - 4: println("Row                : " + row)
Row                : 14
2026-06-18 10:52:37.813 DEBUG testcase.CovVal_26692                    - 5: println("NomorIdentitas     : " + nik)
NomorIdentitas     : 2605210000000136
2026-06-18 10:52:37.815 DEBUG testcase.CovVal_26692                    - 6: println("HTTP Status        : " + response.getStatusCode())
HTTP Status        : 200
2026-06-18 10:52:37.820 DEBUG testcase.CovVal_26692                    - 7: println("Response Body      : " + response.getResponseBodyContent())
Response Body      : {"ResponseCode":"00","ResponseDescription":"Success","ResponseException":"","FIDJenisPengajuan":"1","JenisPengajuan":"New","UrutanPengajuan":"1","FIDJenisCovering":"1","JenisCovering":"Conditional Automatic Cover","TanggalMulaiCovering":"01\/01\/1900","TanggalAkhirCovering":"01\/01\/1900","NominalPremi":"40000.00","RemarkPremi":"BRISURF_COV_26692_2605210000000136_01","NomorRekeningGiroPremi":"020601000102311","NamaRekeningGiroPremi":"PT BRI ASURANSI INDONESIA (Dummy)","NominalPertanggungan":"0.00","NominalCoverage":"0.00","NominalFeeCovering":"6000.00","NominalPajakCovering":"660.00","RemarkFeePremi":"BRISURF_COV_26692_2605210000000136_01","PersentasePertanggungan":"100","PersentaseCoverage":"100","OriginalPremi":"40000.00","DiscountPremi":0,"NominalPremiExtra":0,"NominalPremiBebanNasabah":0,"NominalPremiBebanBRI":0,"Signature":"37f17babfd3e96ea886af33c7fc23e97"}
2026-06-18 10:52:37.822 DEBUG testcase.CovVal_26692                    - 1: nik = data.getValue("NomorIdentitas", row)
2026-06-18 10:52:37.826 DEBUG testcase.CovVal_26692                    - 2: response = sendRequest(findTestObject("API/Posts/CoveringValidation/CovVal_26692", ["NomorIdentitas":nik]))
2026-06-18 10:52:40.597 INFO  c.k.k.core.webservice.common.HarLogger   - HAR: C:\Users\ACER\git\AutoAPI\Reports\20260618_105141\API\Pembukuan\pembukuanAPI\20260618_105141\requests\main\CovVal_26692_14.har
2026-06-18 10:52:40.603 DEBUG testcase.CovVal_26692                    - 3: println("==============================")
==============================
2026-06-18 10:52:40.605 DEBUG testcase.CovVal_26692                    - 4: println("Row                : " + row)
Row                : 15
2026-06-18 10:52:40.607 DEBUG testcase.CovVal_26692                    - 5: println("NomorIdentitas     : " + nik)
NomorIdentitas     : 2605210000000137
2026-06-18 10:52:40.608 DEBUG testcase.CovVal_26692                    - 6: println("HTTP Status        : " + response.getStatusCode())
HTTP Status        : 200
2026-06-18 10:52:40.610 DEBUG testcase.CovVal_26692                    - 7: println("Response Body      : " + response.getResponseBodyContent())
Response Body      : {"ResponseCode":"00","ResponseDescription":"Success","ResponseException":"","FIDJenisPengajuan":"1","JenisPengajuan":"New","UrutanPengajuan":"1","FIDJenisCovering":"1","JenisCovering":"Conditional Automatic Cover","TanggalMulaiCovering":"01\/01\/1900","TanggalAkhirCovering":"01\/01\/1900","NominalPremi":"40000.00","RemarkPremi":"BRISURF_COV_26692_2605210000000137_01","NomorRekeningGiroPremi":"020601000102311","NamaRekeningGiroPremi":"PT BRI ASURANSI INDONESIA (Dummy)","NominalPertanggungan":"0.00","NominalCoverage":"0.00","NominalFeeCovering":"6000.00","NominalPajakCovering":"660.00","RemarkFeePremi":"BRISURF_COV_26692_2605210000000137_01","PersentasePertanggungan":"100","PersentaseCoverage":"100","OriginalPremi":"40000.00","DiscountPremi":0,"NominalPremiExtra":0,"NominalPremiBebanNasabah":0,"NominalPremiBebanBRI":0,"Signature":"37f17babfd3e96ea886af33c7fc23e97"}
2026-06-18 10:52:40.612 DEBUG testcase.CovVal_26692                    - 1: nik = data.getValue("NomorIdentitas", row)
2026-06-18 10:52:40.616 DEBUG testcase.CovVal_26692                    - 2: response = sendRequest(findTestObject("API/Posts/CoveringValidation/CovVal_26692", ["NomorIdentitas":nik]))
2026-06-18 10:52:43.382 INFO  c.k.k.core.webservice.common.HarLogger   - HAR: C:\Users\ACER\git\AutoAPI\Reports\20260618_105141\API\Pembukuan\pembukuanAPI\20260618_105141\requests\main\CovVal_26692_15.har
2026-06-18 10:52:43.412 DEBUG testcase.CovVal_26692                    - 3: println("==============================")
==============================
2026-06-18 10:52:43.414 DEBUG testcase.CovVal_26692                    - 4: println("Row                : " + row)
Row                : 16
2026-06-18 10:52:43.416 DEBUG testcase.CovVal_26692                    - 5: println("NomorIdentitas     : " + nik)
NomorIdentitas     : 2605210000000138
2026-06-18 10:52:43.420 DEBUG testcase.CovVal_26692                    - 6: println("HTTP Status        : " + response.getStatusCode())
HTTP Status        : 200
2026-06-18 10:52:43.423 DEBUG testcase.CovVal_26692                    - 7: println("Response Body      : " + response.getResponseBodyContent())
Response Body      : {"ResponseCode":"00","ResponseDescription":"Success","ResponseException":"","FIDJenisPengajuan":"1","JenisPengajuan":"New","UrutanPengajuan":"1","FIDJenisCovering":"1","JenisCovering":"Conditional Automatic Cover","TanggalMulaiCovering":"01\/01\/1900","TanggalAkhirCovering":"01\/01\/1900","NominalPremi":"40000.00","RemarkPremi":"BRISURF_COV_26692_2605210000000138_01","NomorRekeningGiroPremi":"020601000102311","NamaRekeningGiroPremi":"PT BRI ASURANSI INDONESIA (Dummy)","NominalPertanggungan":"0.00","NominalCoverage":"0.00","NominalFeeCovering":"6000.00","NominalPajakCovering":"660.00","RemarkFeePremi":"BRISURF_COV_26692_2605210000000138_01","PersentasePertanggungan":"100","PersentaseCoverage":"100","OriginalPremi":"40000.00","DiscountPremi":0,"NominalPremiExtra":0,"NominalPremiBebanNasabah":0,"NominalPremiBebanBRI":0,"Signature":"37f17babfd3e96ea886af33c7fc23e97"}
2026-06-18 10:52:43.427 DEBUG testcase.CovVal_26692                    - 1: nik = data.getValue("NomorIdentitas", row)
2026-06-18 10:52:43.429 DEBUG testcase.CovVal_26692                    - 2: response = sendRequest(findTestObject("API/Posts/CoveringValidation/CovVal_26692", ["NomorIdentitas":nik]))
2026-06-18 10:52:46.171 INFO  c.k.k.core.webservice.common.HarLogger   - HAR: C:\Users\ACER\git\AutoAPI\Reports\20260618_105141\API\Pembukuan\pembukuanAPI\20260618_105141\requests\main\CovVal_26692_16.har
2026-06-18 10:52:46.177 DEBUG testcase.CovVal_26692                    - 3: println("==============================")
==============================
2026-06-18 10:52:46.179 DEBUG testcase.CovVal_26692                    - 4: println("Row                : " + row)
Row                : 17
2026-06-18 10:52:46.181 DEBUG testcase.CovVal_26692                    - 5: println("NomorIdentitas     : " + nik)
NomorIdentitas     : 2605210000000139
2026-06-18 10:52:46.186 DEBUG testcase.CovVal_26692                    - 6: println("HTTP Status        : " + response.getStatusCode())
HTTP Status        : 200
2026-06-18 10:52:46.188 DEBUG testcase.CovVal_26692                    - 7: println("Response Body      : " + response.getResponseBodyContent())
Response Body      : {"ResponseCode":"00","ResponseDescription":"Success","ResponseException":"","FIDJenisPengajuan":"1","JenisPengajuan":"New","UrutanPengajuan":"1","FIDJenisCovering":"1","JenisCovering":"Conditional Automatic Cover","TanggalMulaiCovering":"01\/01\/1900","TanggalAkhirCovering":"01\/01\/1900","NominalPremi":"40000.00","RemarkPremi":"BRISURF_COV_26692_2605210000000139_01","NomorRekeningGiroPremi":"020601000102311","NamaRekeningGiroPremi":"PT BRI ASURANSI INDONESIA (Dummy)","NominalPertanggungan":"0.00","NominalCoverage":"0.00","NominalFeeCovering":"6000.00","NominalPajakCovering":"660.00","RemarkFeePremi":"BRISURF_COV_26692_2605210000000139_01","PersentasePertanggungan":"100","PersentaseCoverage":"100","OriginalPremi":"40000.00","DiscountPremi":0,"NominalPremiExtra":0,"NominalPremiBebanNasabah":0,"NominalPremiBebanBRI":0,"Signature":"37f17babfd3e96ea886af33c7fc23e97"}
2026-06-18 10:52:46.190 DEBUG testcase.CovVal_26692                    - 1: nik = data.getValue("NomorIdentitas", row)
2026-06-18 10:52:46.192 DEBUG testcase.CovVal_26692                    - 2: response = sendRequest(findTestObject("API/Posts/CoveringValidation/CovVal_26692", ["NomorIdentitas":nik]))
2026-06-18 10:52:49.035 INFO  c.k.k.core.webservice.common.HarLogger   - HAR: C:\Users\ACER\git\AutoAPI\Reports\20260618_105141\API\Pembukuan\pembukuanAPI\20260618_105141\requests\main\CovVal_26692_17.har
2026-06-18 10:52:49.039 DEBUG testcase.CovVal_26692                    - 3: println("==============================")
==============================
2026-06-18 10:52:49.041 DEBUG testcase.CovVal_26692                    - 4: println("Row                : " + row)
Row                : 18
2026-06-18 10:52:49.043 DEBUG testcase.CovVal_26692                    - 5: println("NomorIdentitas     : " + nik)
NomorIdentitas     : 2605210000000140
2026-06-18 10:52:49.045 DEBUG testcase.CovVal_26692                    - 6: println("HTTP Status        : " + response.getStatusCode())
HTTP Status        : 200
2026-06-18 10:52:49.046 DEBUG testcase.CovVal_26692                    - 7: println("Response Body      : " + response.getResponseBodyContent())
Response Body      : {"ResponseCode":"00","ResponseDescription":"Success","ResponseException":"","FIDJenisPengajuan":"1","JenisPengajuan":"New","UrutanPengajuan":"1","FIDJenisCovering":"1","JenisCovering":"Conditional Automatic Cover","TanggalMulaiCovering":"01\/01\/1900","TanggalAkhirCovering":"01\/01\/1900","NominalPremi":"40000.00","RemarkPremi":"BRISURF_COV_26692_2605210000000140_01","NomorRekeningGiroPremi":"020601000102311","NamaRekeningGiroPremi":"PT BRI ASURANSI INDONESIA (Dummy)","NominalPertanggungan":"0.00","NominalCoverage":"0.00","NominalFeeCovering":"6000.00","NominalPajakCovering":"660.00","RemarkFeePremi":"BRISURF_COV_26692_2605210000000140_01","PersentasePertanggungan":"100","PersentaseCoverage":"100","OriginalPremi":"40000.00","DiscountPremi":0,"NominalPremiExtra":0,"NominalPremiBebanNasabah":0,"NominalPremiBebanBRI":0,"Signature":"37f17babfd3e96ea886af33c7fc23e97"}
2026-06-18 10:52:49.051 DEBUG testcase.CovVal_26692                    - 1: nik = data.getValue("NomorIdentitas", row)
2026-06-18 10:52:49.052 DEBUG testcase.CovVal_26692                    - 2: response = sendRequest(findTestObject("API/Posts/CoveringValidation/CovVal_26692", ["NomorIdentitas":nik]))
2026-06-18 10:52:51.816 INFO  c.k.k.core.webservice.common.HarLogger   - HAR: C:\Users\ACER\git\AutoAPI\Reports\20260618_105141\API\Pembukuan\pembukuanAPI\20260618_105141\requests\main\CovVal_26692_18.har
2026-06-18 10:52:51.821 DEBUG testcase.CovVal_26692                    - 3: println("==============================")
==============================
2026-06-18 10:52:51.822 DEBUG testcase.CovVal_26692                    - 4: println("Row                : " + row)
Row                : 19
2026-06-18 10:52:51.824 DEBUG testcase.CovVal_26692                    - 5: println("NomorIdentitas     : " + nik)
NomorIdentitas     : 2605210000000141
2026-06-18 10:52:51.826 DEBUG testcase.CovVal_26692                    - 6: println("HTTP Status        : " + response.getStatusCode())
HTTP Status        : 200
2026-06-18 10:52:51.827 DEBUG testcase.CovVal_26692                    - 7: println("Response Body      : " + response.getResponseBodyContent())
Response Body      : {"ResponseCode":"00","ResponseDescription":"Success","ResponseException":"","FIDJenisPengajuan":"1","JenisPengajuan":"New","UrutanPengajuan":"1","FIDJenisCovering":"1","JenisCovering":"Conditional Automatic Cover","TanggalMulaiCovering":"01\/01\/1900","TanggalAkhirCovering":"01\/01\/1900","NominalPremi":"40000.00","RemarkPremi":"BRISURF_COV_26692_2605210000000141_01","NomorRekeningGiroPremi":"020601000102311","NamaRekeningGiroPremi":"PT BRI ASURANSI INDONESIA (Dummy)","NominalPertanggungan":"0.00","NominalCoverage":"0.00","NominalFeeCovering":"6000.00","NominalPajakCovering":"660.00","RemarkFeePremi":"BRISURF_COV_26692_2605210000000141_01","PersentasePertanggungan":"100","PersentaseCoverage":"100","OriginalPremi":"40000.00","DiscountPremi":0,"NominalPremiExtra":0,"NominalPremiBebanNasabah":0,"NominalPremiBebanBRI":0,"Signature":"37f17babfd3e96ea886af33c7fc23e97"}
2026-06-18 10:52:51.829 DEBUG testcase.CovVal_26692                    - 1: nik = data.getValue("NomorIdentitas", row)
2026-06-18 10:52:51.833 DEBUG testcase.CovVal_26692                    - 2: response = sendRequest(findTestObject("API/Posts/CoveringValidation/CovVal_26692", ["NomorIdentitas":nik]))
2026-06-18 10:52:54.625 INFO  c.k.k.core.webservice.common.HarLogger   - HAR: C:\Users\ACER\git\AutoAPI\Reports\20260618_105141\API\Pembukuan\pembukuanAPI\20260618_105141\requests\main\CovVal_26692_19.har
2026-06-18 10:52:54.629 DEBUG testcase.CovVal_26692                    - 3: println("==============================")
==============================
2026-06-18 10:52:54.633 DEBUG testcase.CovVal_26692                    - 4: println("Row                : " + row)
Row                : 20
2026-06-18 10:52:54.634 DEBUG testcase.CovVal_26692                    - 5: println("NomorIdentitas     : " + nik)
NomorIdentitas     : 2605210000000142
2026-06-18 10:52:54.636 DEBUG testcase.CovVal_26692                    - 6: println("HTTP Status        : " + response.getStatusCode())
HTTP Status        : 200
2026-06-18 10:52:54.638 DEBUG testcase.CovVal_26692                    - 7: println("Response Body      : " + response.getResponseBodyContent())
Response Body      : {"ResponseCode":"00","ResponseDescription":"Success","ResponseException":"","FIDJenisPengajuan":"1","JenisPengajuan":"New","UrutanPengajuan":"1","FIDJenisCovering":"1","JenisCovering":"Conditional Automatic Cover","TanggalMulaiCovering":"01\/01\/1900","TanggalAkhirCovering":"01\/01\/1900","NominalPremi":"40000.00","RemarkPremi":"BRISURF_COV_26692_2605210000000142_01","NomorRekeningGiroPremi":"020601000102311","NamaRekeningGiroPremi":"PT BRI ASURANSI INDONESIA (Dummy)","NominalPertanggungan":"0.00","NominalCoverage":"0.00","NominalFeeCovering":"6000.00","NominalPajakCovering":"660.00","RemarkFeePremi":"BRISURF_COV_26692_2605210000000142_01","PersentasePertanggungan":"100","PersentaseCoverage":"100","OriginalPremi":"40000.00","DiscountPremi":0,"NominalPremiExtra":0,"NominalPremiBebanNasabah":0,"NominalPremiBebanBRI":0,"Signature":"37f17babfd3e96ea886af33c7fc23e97"}
2026-06-18 10:52:54.640 DEBUG testcase.CovVal_26692                    - 1: nik = data.getValue("NomorIdentitas", row)
2026-06-18 10:52:54.641 DEBUG testcase.CovVal_26692                    - 2: response = sendRequest(findTestObject("API/Posts/CoveringValidation/CovVal_26692", ["NomorIdentitas":nik]))
2026-06-18 10:52:57.502 INFO  c.k.k.core.webservice.common.HarLogger   - HAR: C:\Users\ACER\git\AutoAPI\Reports\20260618_105141\API\Pembukuan\pembukuanAPI\20260618_105141\requests\main\CovVal_26692_20.har
2026-06-18 10:52:57.508 DEBUG testcase.CovVal_26692                    - 3: println("==============================")
==============================
2026-06-18 10:52:57.510 DEBUG testcase.CovVal_26692                    - 4: println("Row                : " + row)
Row                : 21
2026-06-18 10:52:57.511 DEBUG testcase.CovVal_26692                    - 5: println("NomorIdentitas     : " + nik)
NomorIdentitas     : 2605210000000143
2026-06-18 10:52:57.515 DEBUG testcase.CovVal_26692                    - 6: println("HTTP Status        : " + response.getStatusCode())
HTTP Status        : 200
2026-06-18 10:52:57.516 DEBUG testcase.CovVal_26692                    - 7: println("Response Body      : " + response.getResponseBodyContent())
Response Body      : {"ResponseCode":"00","ResponseDescription":"Success","ResponseException":"","FIDJenisPengajuan":"1","JenisPengajuan":"New","UrutanPengajuan":"1","FIDJenisCovering":"1","JenisCovering":"Conditional Automatic Cover","TanggalMulaiCovering":"01\/01\/1900","TanggalAkhirCovering":"01\/01\/1900","NominalPremi":"40000.00","RemarkPremi":"BRISURF_COV_26692_2605210000000143_01","NomorRekeningGiroPremi":"020601000102311","NamaRekeningGiroPremi":"PT BRI ASURANSI INDONESIA (Dummy)","NominalPertanggungan":"0.00","NominalCoverage":"0.00","NominalFeeCovering":"6000.00","NominalPajakCovering":"660.00","RemarkFeePremi":"BRISURF_COV_26692_2605210000000143_01","PersentasePertanggungan":"100","PersentaseCoverage":"100","OriginalPremi":"40000.00","DiscountPremi":0,"NominalPremiExtra":0,"NominalPremiBebanNasabah":0,"NominalPremiBebanBRI":0,"Signature":"37f17babfd3e96ea886af33c7fc23e97"}
2026-06-18 10:52:57.518 DEBUG testcase.CovVal_26692                    - 1: nik = data.getValue("NomorIdentitas", row)
2026-06-18 10:52:57.520 DEBUG testcase.CovVal_26692                    - 2: response = sendRequest(findTestObject("API/Posts/CoveringValidation/CovVal_26692", ["NomorIdentitas":nik]))
2026-06-18 10:53:00.438 INFO  c.k.k.core.webservice.common.HarLogger   - HAR: C:\Users\ACER\git\AutoAPI\Reports\20260618_105141\API\Pembukuan\pembukuanAPI\20260618_105141\requests\main\CovVal_26692_21.har
2026-06-18 10:53:00.442 DEBUG testcase.CovVal_26692                    - 3: println("==============================")
==============================
2026-06-18 10:53:00.444 DEBUG testcase.CovVal_26692                    - 4: println("Row                : " + row)
Row                : 22
2026-06-18 10:53:00.448 DEBUG testcase.CovVal_26692                    - 5: println("NomorIdentitas     : " + nik)
NomorIdentitas     : 2605210000000144
2026-06-18 10:53:00.450 DEBUG testcase.CovVal_26692                    - 6: println("HTTP Status        : " + response.getStatusCode())
HTTP Status        : 200
2026-06-18 10:53:00.451 DEBUG testcase.CovVal_26692                    - 7: println("Response Body      : " + response.getResponseBodyContent())
Response Body      : {"ResponseCode":"00","ResponseDescription":"Success","ResponseException":"","FIDJenisPengajuan":"1","JenisPengajuan":"New","UrutanPengajuan":"1","FIDJenisCovering":"1","JenisCovering":"Conditional Automatic Cover","TanggalMulaiCovering":"01\/01\/1900","TanggalAkhirCovering":"01\/01\/1900","NominalPremi":"40000.00","RemarkPremi":"BRISURF_COV_26692_2605210000000144_01","NomorRekeningGiroPremi":"020601000102311","NamaRekeningGiroPremi":"PT BRI ASURANSI INDONESIA (Dummy)","NominalPertanggungan":"0.00","NominalCoverage":"0.00","NominalFeeCovering":"6000.00","NominalPajakCovering":"660.00","RemarkFeePremi":"BRISURF_COV_26692_2605210000000144_01","PersentasePertanggungan":"100","PersentaseCoverage":"100","OriginalPremi":"40000.00","DiscountPremi":0,"NominalPremiExtra":0,"NominalPremiBebanNasabah":0,"NominalPremiBebanBRI":0,"Signature":"37f17babfd3e96ea886af33c7fc23e97"}
2026-06-18 10:53:00.453 DEBUG testcase.CovVal_26692                    - 1: nik = data.getValue("NomorIdentitas", row)
2026-06-18 10:53:00.454 DEBUG testcase.CovVal_26692                    - 2: response = sendRequest(findTestObject("API/Posts/CoveringValidation/CovVal_26692", ["NomorIdentitas":nik]))
2026-06-18 10:53:03.247 INFO  c.k.k.core.webservice.common.HarLogger   - HAR: C:\Users\ACER\git\AutoAPI\Reports\20260618_105141\API\Pembukuan\pembukuanAPI\20260618_105141\requests\main\CovVal_26692_22.har
2026-06-18 10:53:03.252 DEBUG testcase.CovVal_26692                    - 3: println("==============================")
==============================
2026-06-18 10:53:03.253 DEBUG testcase.CovVal_26692                    - 4: println("Row                : " + row)
Row                : 23
2026-06-18 10:53:03.255 DEBUG testcase.CovVal_26692                    - 5: println("NomorIdentitas     : " + nik)
NomorIdentitas     : 2605210000000145
2026-06-18 10:53:03.257 DEBUG testcase.CovVal_26692                    - 6: println("HTTP Status        : " + response.getStatusCode())
HTTP Status        : 200
2026-06-18 10:53:03.258 DEBUG testcase.CovVal_26692                    - 7: println("Response Body      : " + response.getResponseBodyContent())
Response Body      : {"ResponseCode":"00","ResponseDescription":"Success","ResponseException":"","FIDJenisPengajuan":"1","JenisPengajuan":"New","UrutanPengajuan":"1","FIDJenisCovering":"1","JenisCovering":"Conditional Automatic Cover","TanggalMulaiCovering":"01\/01\/1900","TanggalAkhirCovering":"01\/01\/1900","NominalPremi":"40000.00","RemarkPremi":"BRISURF_COV_26692_2605210000000145_01","NomorRekeningGiroPremi":"020601000102311","NamaRekeningGiroPremi":"PT BRI ASURANSI INDONESIA (Dummy)","NominalPertanggungan":"0.00","NominalCoverage":"0.00","NominalFeeCovering":"6000.00","NominalPajakCovering":"660.00","RemarkFeePremi":"BRISURF_COV_26692_2605210000000145_01","PersentasePertanggungan":"100","PersentaseCoverage":"100","OriginalPremi":"40000.00","DiscountPremi":0,"NominalPremiExtra":0,"NominalPremiBebanNasabah":0,"NominalPremiBebanBRI":0,"Signature":"37f17babfd3e96ea886af33c7fc23e97"}
2026-06-18 10:53:03.260 DEBUG testcase.CovVal_26692                    - 1: nik = data.getValue("NomorIdentitas", row)
2026-06-18 10:53:03.263 DEBUG testcase.CovVal_26692                    - 2: response = sendRequest(findTestObject("API/Posts/CoveringValidation/CovVal_26692", ["NomorIdentitas":nik]))
2026-06-18 10:53:06.062 INFO  c.k.k.core.webservice.common.HarLogger   - HAR: C:\Users\ACER\git\AutoAPI\Reports\20260618_105141\API\Pembukuan\pembukuanAPI\20260618_105141\requests\main\CovVal_26692_23.har
2026-06-18 10:53:06.067 DEBUG testcase.CovVal_26692                    - 3: println("==============================")
==============================
2026-06-18 10:53:06.068 DEBUG testcase.CovVal_26692                    - 4: println("Row                : " + row)
Row                : 24
2026-06-18 10:53:06.070 DEBUG testcase.CovVal_26692                    - 5: println("NomorIdentitas     : " + nik)
NomorIdentitas     : 2605210000000146
2026-06-18 10:53:06.071 DEBUG testcase.CovVal_26692                    - 6: println("HTTP Status        : " + response.getStatusCode())
HTTP Status        : 200
2026-06-18 10:53:06.072 DEBUG testcase.CovVal_26692                    - 7: println("Response Body      : " + response.getResponseBodyContent())
Response Body      : {"ResponseCode":"00","ResponseDescription":"Success","ResponseException":"","FIDJenisPengajuan":"1","JenisPengajuan":"New","UrutanPengajuan":"1","FIDJenisCovering":"1","JenisCovering":"Conditional Automatic Cover","TanggalMulaiCovering":"01\/01\/1900","TanggalAkhirCovering":"01\/01\/1900","NominalPremi":"40000.00","RemarkPremi":"BRISURF_COV_26692_2605210000000146_01","NomorRekeningGiroPremi":"020601000102311","NamaRekeningGiroPremi":"PT BRI ASURANSI INDONESIA (Dummy)","NominalPertanggungan":"0.00","NominalCoverage":"0.00","NominalFeeCovering":"6000.00","NominalPajakCovering":"660.00","RemarkFeePremi":"BRISURF_COV_26692_2605210000000146_01","PersentasePertanggungan":"100","PersentaseCoverage":"100","OriginalPremi":"40000.00","DiscountPremi":0,"NominalPremiExtra":0,"NominalPremiBebanNasabah":0,"NominalPremiBebanBRI":0,"Signature":"37f17babfd3e96ea886af33c7fc23e97"}
2026-06-18 10:53:06.074 DEBUG testcase.CovVal_26692                    - 1: nik = data.getValue("NomorIdentitas", row)
2026-06-18 10:53:06.075 DEBUG testcase.CovVal_26692                    - 2: response = sendRequest(findTestObject("API/Posts/CoveringValidation/CovVal_26692", ["NomorIdentitas":nik]))
2026-06-18 10:53:08.838 INFO  c.k.k.core.webservice.common.HarLogger   - HAR: C:\Users\ACER\git\AutoAPI\Reports\20260618_105141\API\Pembukuan\pembukuanAPI\20260618_105141\requests\main\CovVal_26692_24.har
2026-06-18 10:53:08.842 DEBUG testcase.CovVal_26692                    - 3: println("==============================")
==============================
2026-06-18 10:53:08.845 DEBUG testcase.CovVal_26692                    - 4: println("Row                : " + row)
Row                : 25
2026-06-18 10:53:08.846 DEBUG testcase.CovVal_26692                    - 5: println("NomorIdentitas     : " + nik)
NomorIdentitas     : 2605210000000147
2026-06-18 10:53:08.849 DEBUG testcase.CovVal_26692                    - 6: println("HTTP Status        : " + response.getStatusCode())
HTTP Status        : 200
2026-06-18 10:53:08.850 DEBUG testcase.CovVal_26692                    - 7: println("Response Body      : " + response.getResponseBodyContent())
Response Body      : {"ResponseCode":"00","ResponseDescription":"Success","ResponseException":"","FIDJenisPengajuan":"1","JenisPengajuan":"New","UrutanPengajuan":"1","FIDJenisCovering":"1","JenisCovering":"Conditional Automatic Cover","TanggalMulaiCovering":"01\/01\/1900","TanggalAkhirCovering":"01\/01\/1900","NominalPremi":"40000.00","RemarkPremi":"BRISURF_COV_26692_2605210000000147_01","NomorRekeningGiroPremi":"020601000102311","NamaRekeningGiroPremi":"PT BRI ASURANSI INDONESIA (Dummy)","NominalPertanggungan":"0.00","NominalCoverage":"0.00","NominalFeeCovering":"6000.00","NominalPajakCovering":"660.00","RemarkFeePremi":"BRISURF_COV_26692_2605210000000147_01","PersentasePertanggungan":"100","PersentaseCoverage":"100","OriginalPremi":"40000.00","DiscountPremi":0,"NominalPremiExtra":0,"NominalPremiBebanNasabah":0,"NominalPremiBebanBRI":0,"Signature":"37f17babfd3e96ea886af33c7fc23e97"}
2026-06-18 10:53:08.852 DEBUG testcase.CovVal_26692                    - 1: nik = data.getValue("NomorIdentitas", row)
2026-06-18 10:53:08.854 DEBUG testcase.CovVal_26692                    - 2: response = sendRequest(findTestObject("API/Posts/CoveringValidation/CovVal_26692", ["NomorIdentitas":nik]))
2026-06-18 10:53:11.648 INFO  c.k.k.core.webservice.common.HarLogger   - HAR: C:\Users\ACER\git\AutoAPI\Reports\20260618_105141\API\Pembukuan\pembukuanAPI\20260618_105141\requests\main\CovVal_26692_25.har
2026-06-18 10:53:11.652 DEBUG testcase.CovVal_26692                    - 3: println("==============================")
==============================
2026-06-18 10:53:11.653 DEBUG testcase.CovVal_26692                    - 4: println("Row                : " + row)
Row                : 26
2026-06-18 10:53:11.655 DEBUG testcase.CovVal_26692                    - 5: println("NomorIdentitas     : " + nik)
NomorIdentitas     : 2605210000000148
2026-06-18 10:53:11.656 DEBUG testcase.CovVal_26692                    - 6: println("HTTP Status        : " + response.getStatusCode())
HTTP Status        : 200
2026-06-18 10:53:11.658 DEBUG testcase.CovVal_26692                    - 7: println("Response Body      : " + response.getResponseBodyContent())
Response Body      : {"ResponseCode":"00","ResponseDescription":"Success","ResponseException":"","FIDJenisPengajuan":"1","JenisPengajuan":"New","UrutanPengajuan":"1","FIDJenisCovering":"1","JenisCovering":"Conditional Automatic Cover","TanggalMulaiCovering":"01\/01\/1900","TanggalAkhirCovering":"01\/01\/1900","NominalPremi":"40000.00","RemarkPremi":"BRISURF_COV_26692_2605210000000148_01","NomorRekeningGiroPremi":"020601000102311","NamaRekeningGiroPremi":"PT BRI ASURANSI INDONESIA (Dummy)","NominalPertanggungan":"0.00","NominalCoverage":"0.00","NominalFeeCovering":"6000.00","NominalPajakCovering":"660.00","RemarkFeePremi":"BRISURF_COV_26692_2605210000000148_01","PersentasePertanggungan":"100","PersentaseCoverage":"100","OriginalPremi":"40000.00","DiscountPremi":0,"NominalPremiExtra":0,"NominalPremiBebanNasabah":0,"NominalPremiBebanBRI":0,"Signature":"37f17babfd3e96ea886af33c7fc23e97"}
2026-06-18 10:53:11.662 DEBUG testcase.CovVal_26692                    - 1: nik = data.getValue("NomorIdentitas", row)
2026-06-18 10:53:11.664 DEBUG testcase.CovVal_26692                    - 2: response = sendRequest(findTestObject("API/Posts/CoveringValidation/CovVal_26692", ["NomorIdentitas":nik]))
2026-06-18 10:53:14.520 INFO  c.k.k.core.webservice.common.HarLogger   - HAR: C:\Users\ACER\git\AutoAPI\Reports\20260618_105141\API\Pembukuan\pembukuanAPI\20260618_105141\requests\main\CovVal_26692_26.har
2026-06-18 10:53:14.526 DEBUG testcase.CovVal_26692                    - 3: println("==============================")
==============================
2026-06-18 10:53:14.527 DEBUG testcase.CovVal_26692                    - 4: println("Row                : " + row)
Row                : 27
2026-06-18 10:53:14.528 DEBUG testcase.CovVal_26692                    - 5: println("NomorIdentitas     : " + nik)
NomorIdentitas     : 2605210000000149
2026-06-18 10:53:14.530 DEBUG testcase.CovVal_26692                    - 6: println("HTTP Status        : " + response.getStatusCode())
HTTP Status        : 200
2026-06-18 10:53:14.532 DEBUG testcase.CovVal_26692                    - 7: println("Response Body      : " + response.getResponseBodyContent())
Response Body      : {"ResponseCode":"00","ResponseDescription":"Success","ResponseException":"","FIDJenisPengajuan":"1","JenisPengajuan":"New","UrutanPengajuan":"1","FIDJenisCovering":"1","JenisCovering":"Conditional Automatic Cover","TanggalMulaiCovering":"01\/01\/1900","TanggalAkhirCovering":"01\/01\/1900","NominalPremi":"40000.00","RemarkPremi":"BRISURF_COV_26692_2605210000000149_01","NomorRekeningGiroPremi":"020601000102311","NamaRekeningGiroPremi":"PT BRI ASURANSI INDONESIA (Dummy)","NominalPertanggungan":"0.00","NominalCoverage":"0.00","NominalFeeCovering":"6000.00","NominalPajakCovering":"660.00","RemarkFeePremi":"BRISURF_COV_26692_2605210000000149_01","PersentasePertanggungan":"100","PersentaseCoverage":"100","OriginalPremi":"40000.00","DiscountPremi":0,"NominalPremiExtra":0,"NominalPremiBebanNasabah":0,"NominalPremiBebanBRI":0,"Signature":"37f17babfd3e96ea886af33c7fc23e97"}
2026-06-18 10:53:14.535 DEBUG testcase.CovVal_26692                    - 1: nik = data.getValue("NomorIdentitas", row)
2026-06-18 10:53:14.537 DEBUG testcase.CovVal_26692                    - 2: response = sendRequest(findTestObject("API/Posts/CoveringValidation/CovVal_26692", ["NomorIdentitas":nik]))
2026-06-18 10:53:17.346 INFO  c.k.k.core.webservice.common.HarLogger   - HAR: C:\Users\ACER\git\AutoAPI\Reports\20260618_105141\API\Pembukuan\pembukuanAPI\20260618_105141\requests\main\CovVal_26692_27.har
2026-06-18 10:53:17.350 DEBUG testcase.CovVal_26692                    - 3: println("==============================")
==============================
2026-06-18 10:53:17.352 DEBUG testcase.CovVal_26692                    - 4: println("Row                : " + row)
Row                : 28
2026-06-18 10:53:17.353 DEBUG testcase.CovVal_26692                    - 5: println("NomorIdentitas     : " + nik)
NomorIdentitas     : 2605210000000150
2026-06-18 10:53:17.354 DEBUG testcase.CovVal_26692                    - 6: println("HTTP Status        : " + response.getStatusCode())
HTTP Status        : 200
2026-06-18 10:53:17.356 DEBUG testcase.CovVal_26692                    - 7: println("Response Body      : " + response.getResponseBodyContent())
Response Body      : {"ResponseCode":"00","ResponseDescription":"Success","ResponseException":"","FIDJenisPengajuan":"1","JenisPengajuan":"New","UrutanPengajuan":"1","FIDJenisCovering":"1","JenisCovering":"Conditional Automatic Cover","TanggalMulaiCovering":"01\/01\/1900","TanggalAkhirCovering":"01\/01\/1900","NominalPremi":"40000.00","RemarkPremi":"BRISURF_COV_26692_2605210000000150_01","NomorRekeningGiroPremi":"020601000102311","NamaRekeningGiroPremi":"PT BRI ASURANSI INDONESIA (Dummy)","NominalPertanggungan":"0.00","NominalCoverage":"0.00","NominalFeeCovering":"6000.00","NominalPajakCovering":"660.00","RemarkFeePremi":"BRISURF_COV_26692_2605210000000150_01","PersentasePertanggungan":"100","PersentaseCoverage":"100","OriginalPremi":"40000.00","DiscountPremi":0,"NominalPremiExtra":0,"NominalPremiBebanNasabah":0,"NominalPremiBebanBRI":0,"Signature":"37f17babfd3e96ea886af33c7fc23e97"}
2026-06-18 10:53:17.360 DEBUG testcase.CovVal_26692                    - 1: nik = data.getValue("NomorIdentitas", row)
2026-06-18 10:53:17.361 DEBUG testcase.CovVal_26692                    - 2: response = sendRequest(findTestObject("API/Posts/CoveringValidation/CovVal_26692", ["NomorIdentitas":nik]))
2026-06-18 10:53:20.183 INFO  c.k.k.core.webservice.common.HarLogger   - HAR: C:\Users\ACER\git\AutoAPI\Reports\20260618_105141\API\Pembukuan\pembukuanAPI\20260618_105141\requests\main\CovVal_26692_28.har
2026-06-18 10:53:20.187 DEBUG testcase.CovVal_26692                    - 3: println("==============================")
==============================
2026-06-18 10:53:20.188 DEBUG testcase.CovVal_26692                    - 4: println("Row                : " + row)
Row                : 29
2026-06-18 10:53:20.190 DEBUG testcase.CovVal_26692                    - 5: println("NomorIdentitas     : " + nik)
NomorIdentitas     : 2605210000000151
2026-06-18 10:53:20.193 DEBUG testcase.CovVal_26692                    - 6: println("HTTP Status        : " + response.getStatusCode())
HTTP Status        : 200
2026-06-18 10:53:20.195 DEBUG testcase.CovVal_26692                    - 7: println("Response Body      : " + response.getResponseBodyContent())
Response Body      : {"ResponseCode":"00","ResponseDescription":"Success","ResponseException":"","FIDJenisPengajuan":"1","JenisPengajuan":"New","UrutanPengajuan":"1","FIDJenisCovering":"1","JenisCovering":"Conditional Automatic Cover","TanggalMulaiCovering":"01\/01\/1900","TanggalAkhirCovering":"01\/01\/1900","NominalPremi":"40000.00","RemarkPremi":"BRISURF_COV_26692_2605210000000151_01","NomorRekeningGiroPremi":"020601000102311","NamaRekeningGiroPremi":"PT BRI ASURANSI INDONESIA (Dummy)","NominalPertanggungan":"0.00","NominalCoverage":"0.00","NominalFeeCovering":"6000.00","NominalPajakCovering":"660.00","RemarkFeePremi":"BRISURF_COV_26692_2605210000000151_01","PersentasePertanggungan":"100","PersentaseCoverage":"100","OriginalPremi":"40000.00","DiscountPremi":0,"NominalPremiExtra":0,"NominalPremiBebanNasabah":0,"NominalPremiBebanBRI":0,"Signature":"37f17babfd3e96ea886af33c7fc23e97"}
2026-06-18 10:53:20.197 DEBUG testcase.CovVal_26692                    - 1: nik = data.getValue("NomorIdentitas", row)
2026-06-18 10:53:20.199 DEBUG testcase.CovVal_26692                    - 2: response = sendRequest(findTestObject("API/Posts/CoveringValidation/CovVal_26692", ["NomorIdentitas":nik]))
2026-06-18 10:53:23.133 INFO  c.k.k.core.webservice.common.HarLogger   - HAR: C:\Users\ACER\git\AutoAPI\Reports\20260618_105141\API\Pembukuan\pembukuanAPI\20260618_105141\requests\main\CovVal_26692_29.har
2026-06-18 10:53:23.137 DEBUG testcase.CovVal_26692                    - 3: println("==============================")
==============================
2026-06-18 10:53:23.142 DEBUG testcase.CovVal_26692                    - 4: println("Row                : " + row)
Row                : 30
2026-06-18 10:53:23.144 DEBUG testcase.CovVal_26692                    - 5: println("NomorIdentitas     : " + nik)
NomorIdentitas     : 2605210000000152
2026-06-18 10:53:23.145 DEBUG testcase.CovVal_26692                    - 6: println("HTTP Status        : " + response.getStatusCode())
HTTP Status        : 200
2026-06-18 10:53:23.147 DEBUG testcase.CovVal_26692                    - 7: println("Response Body      : " + response.getResponseBodyContent())
Response Body      : {"ResponseCode":"00","ResponseDescription":"Success","ResponseException":"","FIDJenisPengajuan":"1","JenisPengajuan":"New","UrutanPengajuan":"1","FIDJenisCovering":"1","JenisCovering":"Conditional Automatic Cover","TanggalMulaiCovering":"01\/01\/1900","TanggalAkhirCovering":"01\/01\/1900","NominalPremi":"40000.00","RemarkPremi":"BRISURF_COV_26692_2605210000000152_01","NomorRekeningGiroPremi":"020601000102311","NamaRekeningGiroPremi":"PT BRI ASURANSI INDONESIA (Dummy)","NominalPertanggungan":"0.00","NominalCoverage":"0.00","NominalFeeCovering":"6000.00","NominalPajakCovering":"660.00","RemarkFeePremi":"BRISURF_COV_26692_2605210000000152_01","PersentasePertanggungan":"100","PersentaseCoverage":"100","OriginalPremi":"40000.00","DiscountPremi":0,"NominalPremiExtra":0,"NominalPremiBebanNasabah":0,"NominalPremiBebanBRI":0,"Signature":"37f17babfd3e96ea886af33c7fc23e97"}
2026-06-18 10:53:23.149 DEBUG testcase.CovVal_26692                    - 1: nik = data.getValue("NomorIdentitas", row)
2026-06-18 10:53:23.151 DEBUG testcase.CovVal_26692                    - 2: response = sendRequest(findTestObject("API/Posts/CoveringValidation/CovVal_26692", ["NomorIdentitas":nik]))
2026-06-18 10:53:26.143 INFO  c.k.k.core.webservice.common.HarLogger   - HAR: C:\Users\ACER\git\AutoAPI\Reports\20260618_105141\API\Pembukuan\pembukuanAPI\20260618_105141\requests\main\CovVal_26692_30.har
2026-06-18 10:53:26.147 DEBUG testcase.CovVal_26692                    - 3: println("==============================")
==============================
2026-06-18 10:53:26.149 DEBUG testcase.CovVal_26692                    - 4: println("Row                : " + row)
Row                : 31
2026-06-18 10:53:26.150 DEBUG testcase.CovVal_26692                    - 5: println("NomorIdentitas     : " + nik)
NomorIdentitas     : 2605210000000153
2026-06-18 10:53:26.152 DEBUG testcase.CovVal_26692                    - 6: println("HTTP Status        : " + response.getStatusCode())
HTTP Status        : 200
2026-06-18 10:53:26.153 DEBUG testcase.CovVal_26692                    - 7: println("Response Body      : " + response.getResponseBodyContent())
Response Body      : {"ResponseCode":"00","ResponseDescription":"Success","ResponseException":"","FIDJenisPengajuan":"1","JenisPengajuan":"New","UrutanPengajuan":"1","FIDJenisCovering":"1","JenisCovering":"Conditional Automatic Cover","TanggalMulaiCovering":"01\/01\/1900","TanggalAkhirCovering":"01\/01\/1900","NominalPremi":"40000.00","RemarkPremi":"BRISURF_COV_26692_2605210000000153_01","NomorRekeningGiroPremi":"020601000102311","NamaRekeningGiroPremi":"PT BRI ASURANSI INDONESIA (Dummy)","NominalPertanggungan":"0.00","NominalCoverage":"0.00","NominalFeeCovering":"6000.00","NominalPajakCovering":"660.00","RemarkFeePremi":"BRISURF_COV_26692_2605210000000153_01","PersentasePertanggungan":"100","PersentaseCoverage":"100","OriginalPremi":"40000.00","DiscountPremi":0,"NominalPremiExtra":0,"NominalPremiBebanNasabah":0,"NominalPremiBebanBRI":0,"Signature":"37f17babfd3e96ea886af33c7fc23e97"}
2026-06-18 10:53:26.157 DEBUG testcase.CovVal_26692                    - 1: nik = data.getValue("NomorIdentitas", row)
2026-06-18 10:53:26.159 DEBUG testcase.CovVal_26692                    - 2: response = sendRequest(findTestObject("API/Posts/CoveringValidation/CovVal_26692", ["NomorIdentitas":nik]))
2026-06-18 10:53:28.960 INFO  c.k.k.core.webservice.common.HarLogger   - HAR: C:\Users\ACER\git\AutoAPI\Reports\20260618_105141\API\Pembukuan\pembukuanAPI\20260618_105141\requests\main\CovVal_26692_31.har
2026-06-18 10:53:28.965 DEBUG testcase.CovVal_26692                    - 3: println("==============================")
==============================
2026-06-18 10:53:28.968 DEBUG testcase.CovVal_26692                    - 4: println("Row                : " + row)
Row                : 32
2026-06-18 10:53:28.970 DEBUG testcase.CovVal_26692                    - 5: println("NomorIdentitas     : " + nik)
NomorIdentitas     : 2605210000000154
2026-06-18 10:53:28.977 DEBUG testcase.CovVal_26692                    - 6: println("HTTP Status        : " + response.getStatusCode())
HTTP Status        : 200
2026-06-18 10:53:28.979 DEBUG testcase.CovVal_26692                    - 7: println("Response Body      : " + response.getResponseBodyContent())
Response Body      : {"ResponseCode":"00","ResponseDescription":"Success","ResponseException":"","FIDJenisPengajuan":"1","JenisPengajuan":"New","UrutanPengajuan":"1","FIDJenisCovering":"1","JenisCovering":"Conditional Automatic Cover","TanggalMulaiCovering":"01\/01\/1900","TanggalAkhirCovering":"01\/01\/1900","NominalPremi":"40000.00","RemarkPremi":"BRISURF_COV_26692_2605210000000154_01","NomorRekeningGiroPremi":"020601000102311","NamaRekeningGiroPremi":"PT BRI ASURANSI INDONESIA (Dummy)","NominalPertanggungan":"0.00","NominalCoverage":"0.00","NominalFeeCovering":"6000.00","NominalPajakCovering":"660.00","RemarkFeePremi":"BRISURF_COV_26692_2605210000000154_01","PersentasePertanggungan":"100","PersentaseCoverage":"100","OriginalPremi":"40000.00","DiscountPremi":0,"NominalPremiExtra":0,"NominalPremiBebanNasabah":0,"NominalPremiBebanBRI":0,"Signature":"37f17babfd3e96ea886af33c7fc23e97"}
2026-06-18 10:53:28.980 DEBUG testcase.CovVal_26692                    - 1: nik = data.getValue("NomorIdentitas", row)
2026-06-18 10:53:28.983 DEBUG testcase.CovVal_26692                    - 2: response = sendRequest(findTestObject("API/Posts/CoveringValidation/CovVal_26692", ["NomorIdentitas":nik]))
2026-06-18 10:53:31.934 INFO  c.k.k.core.webservice.common.HarLogger   - HAR: C:\Users\ACER\git\AutoAPI\Reports\20260618_105141\API\Pembukuan\pembukuanAPI\20260618_105141\requests\main\CovVal_26692_32.har
2026-06-18 10:53:31.940 DEBUG testcase.CovVal_26692                    - 3: println("==============================")
==============================
2026-06-18 10:53:31.941 DEBUG testcase.CovVal_26692                    - 4: println("Row                : " + row)
Row                : 33
2026-06-18 10:53:31.943 DEBUG testcase.CovVal_26692                    - 5: println("NomorIdentitas     : " + nik)
NomorIdentitas     : 2605210000000155
2026-06-18 10:53:31.944 DEBUG testcase.CovVal_26692                    - 6: println("HTTP Status        : " + response.getStatusCode())
HTTP Status        : 200
2026-06-18 10:53:31.946 DEBUG testcase.CovVal_26692                    - 7: println("Response Body      : " + response.getResponseBodyContent())
Response Body      : {"ResponseCode":"00","ResponseDescription":"Success","ResponseException":"","FIDJenisPengajuan":"1","JenisPengajuan":"New","UrutanPengajuan":"1","FIDJenisCovering":"1","JenisCovering":"Conditional Automatic Cover","TanggalMulaiCovering":"01\/01\/1900","TanggalAkhirCovering":"01\/01\/1900","NominalPremi":"40000.00","RemarkPremi":"BRISURF_COV_26692_2605210000000155_01","NomorRekeningGiroPremi":"020601000102311","NamaRekeningGiroPremi":"PT BRI ASURANSI INDONESIA (Dummy)","NominalPertanggungan":"0.00","NominalCoverage":"0.00","NominalFeeCovering":"6000.00","NominalPajakCovering":"660.00","RemarkFeePremi":"BRISURF_COV_26692_2605210000000155_01","PersentasePertanggungan":"100","PersentaseCoverage":"100","OriginalPremi":"40000.00","DiscountPremi":0,"NominalPremiExtra":0,"NominalPremiBebanNasabah":0,"NominalPremiBebanBRI":0,"Signature":"37f17babfd3e96ea886af33c7fc23e97"}
2026-06-18 10:53:31.947 DEBUG testcase.CovVal_26692                    - 1: nik = data.getValue("NomorIdentitas", row)
2026-06-18 10:53:31.949 DEBUG testcase.CovVal_26692                    - 2: response = sendRequest(findTestObject("API/Posts/CoveringValidation/CovVal_26692", ["NomorIdentitas":nik]))
2026-06-18 10:53:34.724 INFO  c.k.k.core.webservice.common.HarLogger   - HAR: C:\Users\ACER\git\AutoAPI\Reports\20260618_105141\API\Pembukuan\pembukuanAPI\20260618_105141\requests\main\CovVal_26692_33.har
2026-06-18 10:53:34.727 DEBUG testcase.CovVal_26692                    - 3: println("==============================")
==============================
2026-06-18 10:53:34.729 DEBUG testcase.CovVal_26692                    - 4: println("Row                : " + row)
Row                : 34
2026-06-18 10:53:34.733 DEBUG testcase.CovVal_26692                    - 5: println("NomorIdentitas     : " + nik)
NomorIdentitas     : 2605210000000156
2026-06-18 10:53:34.735 DEBUG testcase.CovVal_26692                    - 6: println("HTTP Status        : " + response.getStatusCode())
HTTP Status        : 200
2026-06-18 10:53:34.740 DEBUG testcase.CovVal_26692                    - 7: println("Response Body      : " + response.getResponseBodyContent())
Response Body      : {"ResponseCode":"00","ResponseDescription":"Success","ResponseException":"","FIDJenisPengajuan":"1","JenisPengajuan":"New","UrutanPengajuan":"1","FIDJenisCovering":"1","JenisCovering":"Conditional Automatic Cover","TanggalMulaiCovering":"01\/01\/1900","TanggalAkhirCovering":"01\/01\/1900","NominalPremi":"40000.00","RemarkPremi":"BRISURF_COV_26692_2605210000000156_01","NomorRekeningGiroPremi":"020601000102311","NamaRekeningGiroPremi":"PT BRI ASURANSI INDONESIA (Dummy)","NominalPertanggungan":"0.00","NominalCoverage":"0.00","NominalFeeCovering":"6000.00","NominalPajakCovering":"660.00","RemarkFeePremi":"BRISURF_COV_26692_2605210000000156_01","PersentasePertanggungan":"100","PersentaseCoverage":"100","OriginalPremi":"40000.00","DiscountPremi":0,"NominalPremiExtra":0,"NominalPremiBebanNasabah":0,"NominalPremiBebanBRI":0,"Signature":"37f17babfd3e96ea886af33c7fc23e97"}
2026-06-18 10:53:34.743 DEBUG testcase.CovVal_26692                    - 1: nik = data.getValue("NomorIdentitas", row)
2026-06-18 10:53:34.744 DEBUG testcase.CovVal_26692                    - 2: response = sendRequest(findTestObject("API/Posts/CoveringValidation/CovVal_26692", ["NomorIdentitas":nik]))
2026-06-18 10:53:37.522 INFO  c.k.k.core.webservice.common.HarLogger   - HAR: C:\Users\ACER\git\AutoAPI\Reports\20260618_105141\API\Pembukuan\pembukuanAPI\20260618_105141\requests\main\CovVal_26692_34.har
2026-06-18 10:53:37.525 DEBUG testcase.CovVal_26692                    - 3: println("==============================")
==============================
2026-06-18 10:53:37.527 DEBUG testcase.CovVal_26692                    - 4: println("Row                : " + row)
Row                : 35
2026-06-18 10:53:37.528 DEBUG testcase.CovVal_26692                    - 5: println("NomorIdentitas     : " + nik)
NomorIdentitas     : 2605210000000157
2026-06-18 10:53:37.529 DEBUG testcase.CovVal_26692                    - 6: println("HTTP Status        : " + response.getStatusCode())
HTTP Status        : 200
2026-06-18 10:53:37.530 DEBUG testcase.CovVal_26692                    - 7: println("Response Body      : " + response.getResponseBodyContent())
Response Body      : {"ResponseCode":"00","ResponseDescription":"Success","ResponseException":"","FIDJenisPengajuan":"1","JenisPengajuan":"New","UrutanPengajuan":"1","FIDJenisCovering":"1","JenisCovering":"Conditional Automatic Cover","TanggalMulaiCovering":"01\/01\/1900","TanggalAkhirCovering":"01\/01\/1900","NominalPremi":"40000.00","RemarkPremi":"BRISURF_COV_26692_2605210000000157_01","NomorRekeningGiroPremi":"020601000102311","NamaRekeningGiroPremi":"PT BRI ASURANSI INDONESIA (Dummy)","NominalPertanggungan":"0.00","NominalCoverage":"0.00","NominalFeeCovering":"6000.00","NominalPajakCovering":"660.00","RemarkFeePremi":"BRISURF_COV_26692_2605210000000157_01","PersentasePertanggungan":"100","PersentaseCoverage":"100","OriginalPremi":"40000.00","DiscountPremi":0,"NominalPremiExtra":0,"NominalPremiBebanNasabah":0,"NominalPremiBebanBRI":0,"Signature":"37f17babfd3e96ea886af33c7fc23e97"}
2026-06-18 10:53:37.532 DEBUG testcase.CovVal_26692                    - 1: nik = data.getValue("NomorIdentitas", row)
2026-06-18 10:53:37.533 DEBUG testcase.CovVal_26692                    - 2: response = sendRequest(findTestObject("API/Posts/CoveringValidation/CovVal_26692", ["NomorIdentitas":nik]))
2026-06-18 10:53:40.396 INFO  c.k.k.core.webservice.common.HarLogger   - HAR: C:\Users\ACER\git\AutoAPI\Reports\20260618_105141\API\Pembukuan\pembukuanAPI\20260618_105141\requests\main\CovVal_26692_35.har
2026-06-18 10:53:40.400 DEBUG testcase.CovVal_26692                    - 3: println("==============================")
==============================
2026-06-18 10:53:40.403 DEBUG testcase.CovVal_26692                    - 4: println("Row                : " + row)
Row                : 36
2026-06-18 10:53:40.405 DEBUG testcase.CovVal_26692                    - 5: println("NomorIdentitas     : " + nik)
NomorIdentitas     : 2605210000000158
2026-06-18 10:53:40.406 DEBUG testcase.CovVal_26692                    - 6: println("HTTP Status        : " + response.getStatusCode())
HTTP Status        : 200
2026-06-18 10:53:40.408 DEBUG testcase.CovVal_26692                    - 7: println("Response Body      : " + response.getResponseBodyContent())
Response Body      : {"ResponseCode":"00","ResponseDescription":"Success","ResponseException":"","FIDJenisPengajuan":"1","JenisPengajuan":"New","UrutanPengajuan":"1","FIDJenisCovering":"1","JenisCovering":"Conditional Automatic Cover","TanggalMulaiCovering":"01\/01\/1900","TanggalAkhirCovering":"01\/01\/1900","NominalPremi":"40000.00","RemarkPremi":"BRISURF_COV_26692_2605210000000158_01","NomorRekeningGiroPremi":"020601000102311","NamaRekeningGiroPremi":"PT BRI ASURANSI INDONESIA (Dummy)","NominalPertanggungan":"0.00","NominalCoverage":"0.00","NominalFeeCovering":"6000.00","NominalPajakCovering":"660.00","RemarkFeePremi":"BRISURF_COV_26692_2605210000000158_01","PersentasePertanggungan":"100","PersentaseCoverage":"100","OriginalPremi":"40000.00","DiscountPremi":0,"NominalPremiExtra":0,"NominalPremiBebanNasabah":0,"NominalPremiBebanBRI":0,"Signature":"37f17babfd3e96ea886af33c7fc23e97"}
2026-06-18 10:53:40.410 DEBUG testcase.CovVal_26692                    - 1: nik = data.getValue("NomorIdentitas", row)
2026-06-18 10:53:40.412 DEBUG testcase.CovVal_26692                    - 2: response = sendRequest(findTestObject("API/Posts/CoveringValidation/CovVal_26692", ["NomorIdentitas":nik]))
2026-06-18 10:53:43.502 INFO  c.k.k.core.webservice.common.HarLogger   - HAR: C:\Users\ACER\git\AutoAPI\Reports\20260618_105141\API\Pembukuan\pembukuanAPI\20260618_105141\requests\main\CovVal_26692_36.har
2026-06-18 10:53:43.507 DEBUG testcase.CovVal_26692                    - 3: println("==============================")
==============================
2026-06-18 10:53:43.508 DEBUG testcase.CovVal_26692                    - 4: println("Row                : " + row)
Row                : 37
2026-06-18 10:53:43.510 DEBUG testcase.CovVal_26692                    - 5: println("NomorIdentitas     : " + nik)
NomorIdentitas     : 2605210000000159
2026-06-18 10:53:43.511 DEBUG testcase.CovVal_26692                    - 6: println("HTTP Status        : " + response.getStatusCode())
HTTP Status        : 200
2026-06-18 10:53:43.513 DEBUG testcase.CovVal_26692                    - 7: println("Response Body      : " + response.getResponseBodyContent())
Response Body      : {"ResponseCode":"00","ResponseDescription":"Success","ResponseException":"","FIDJenisPengajuan":"1","JenisPengajuan":"New","UrutanPengajuan":"1","FIDJenisCovering":"1","JenisCovering":"Conditional Automatic Cover","TanggalMulaiCovering":"01\/01\/1900","TanggalAkhirCovering":"01\/01\/1900","NominalPremi":"40000.00","RemarkPremi":"BRISURF_COV_26692_2605210000000159_01","NomorRekeningGiroPremi":"020601000102311","NamaRekeningGiroPremi":"PT BRI ASURANSI INDONESIA (Dummy)","NominalPertanggungan":"0.00","NominalCoverage":"0.00","NominalFeeCovering":"6000.00","NominalPajakCovering":"660.00","RemarkFeePremi":"BRISURF_COV_26692_2605210000000159_01","PersentasePertanggungan":"100","PersentaseCoverage":"100","OriginalPremi":"40000.00","DiscountPremi":0,"NominalPremiExtra":0,"NominalPremiBebanNasabah":0,"NominalPremiBebanBRI":0,"Signature":"37f17babfd3e96ea886af33c7fc23e97"}
2026-06-18 10:53:43.515 DEBUG testcase.CovVal_26692                    - 1: nik = data.getValue("NomorIdentitas", row)
2026-06-18 10:53:43.519 DEBUG testcase.CovVal_26692                    - 2: response = sendRequest(findTestObject("API/Posts/CoveringValidation/CovVal_26692", ["NomorIdentitas":nik]))
2026-06-18 10:53:46.332 INFO  c.k.k.core.webservice.common.HarLogger   - HAR: C:\Users\ACER\git\AutoAPI\Reports\20260618_105141\API\Pembukuan\pembukuanAPI\20260618_105141\requests\main\CovVal_26692_37.har
2026-06-18 10:53:46.339 DEBUG testcase.CovVal_26692                    - 3: println("==============================")
==============================
2026-06-18 10:53:46.340 DEBUG testcase.CovVal_26692                    - 4: println("Row                : " + row)
Row                : 38
2026-06-18 10:53:46.342 DEBUG testcase.CovVal_26692                    - 5: println("NomorIdentitas     : " + nik)
NomorIdentitas     : 2605210000000160
2026-06-18 10:53:46.343 DEBUG testcase.CovVal_26692                    - 6: println("HTTP Status        : " + response.getStatusCode())
HTTP Status        : 200
2026-06-18 10:53:46.345 DEBUG testcase.CovVal_26692                    - 7: println("Response Body      : " + response.getResponseBodyContent())
Response Body      : {"ResponseCode":"00","ResponseDescription":"Success","ResponseException":"","FIDJenisPengajuan":"1","JenisPengajuan":"New","UrutanPengajuan":"1","FIDJenisCovering":"1","JenisCovering":"Conditional Automatic Cover","TanggalMulaiCovering":"01\/01\/1900","TanggalAkhirCovering":"01\/01\/1900","NominalPremi":"40000.00","RemarkPremi":"BRISURF_COV_26692_2605210000000160_01","NomorRekeningGiroPremi":"020601000102311","NamaRekeningGiroPremi":"PT BRI ASURANSI INDONESIA (Dummy)","NominalPertanggungan":"0.00","NominalCoverage":"0.00","NominalFeeCovering":"6000.00","NominalPajakCovering":"660.00","RemarkFeePremi":"BRISURF_COV_26692_2605210000000160_01","PersentasePertanggungan":"100","PersentaseCoverage":"100","OriginalPremi":"40000.00","DiscountPremi":0,"NominalPremiExtra":0,"NominalPremiBebanNasabah":0,"NominalPremiBebanBRI":0,"Signature":"37f17babfd3e96ea886af33c7fc23e97"}
2026-06-18 10:53:46.347 DEBUG testcase.CovVal_26692                    - 1: nik = data.getValue("NomorIdentitas", row)
2026-06-18 10:53:46.349 DEBUG testcase.CovVal_26692                    - 2: response = sendRequest(findTestObject("API/Posts/CoveringValidation/CovVal_26692", ["NomorIdentitas":nik]))
2026-06-18 10:53:49.160 INFO  c.k.k.core.webservice.common.HarLogger   - HAR: C:\Users\ACER\git\AutoAPI\Reports\20260618_105141\API\Pembukuan\pembukuanAPI\20260618_105141\requests\main\CovVal_26692_38.har
2026-06-18 10:53:49.166 DEBUG testcase.CovVal_26692                    - 3: println("==============================")
==============================
2026-06-18 10:53:49.168 DEBUG testcase.CovVal_26692                    - 4: println("Row                : " + row)
Row                : 39
2026-06-18 10:53:49.169 DEBUG testcase.CovVal_26692                    - 5: println("NomorIdentitas     : " + nik)
NomorIdentitas     : 2605210000000161
2026-06-18 10:53:49.170 DEBUG testcase.CovVal_26692                    - 6: println("HTTP Status        : " + response.getStatusCode())
HTTP Status        : 200
2026-06-18 10:53:49.172 DEBUG testcase.CovVal_26692                    - 7: println("Response Body      : " + response.getResponseBodyContent())
Response Body      : {"ResponseCode":"00","ResponseDescription":"Success","ResponseException":"","FIDJenisPengajuan":"1","JenisPengajuan":"New","UrutanPengajuan":"1","FIDJenisCovering":"1","JenisCovering":"Conditional Automatic Cover","TanggalMulaiCovering":"01\/01\/1900","TanggalAkhirCovering":"01\/01\/1900","NominalPremi":"40000.00","RemarkPremi":"BRISURF_COV_26692_2605210000000161_01","NomorRekeningGiroPremi":"020601000102311","NamaRekeningGiroPremi":"PT BRI ASURANSI INDONESIA (Dummy)","NominalPertanggungan":"0.00","NominalCoverage":"0.00","NominalFeeCovering":"6000.00","NominalPajakCovering":"660.00","RemarkFeePremi":"BRISURF_COV_26692_2605210000000161_01","PersentasePertanggungan":"100","PersentaseCoverage":"100","OriginalPremi":"40000.00","DiscountPremi":0,"NominalPremiExtra":0,"NominalPremiBebanNasabah":0,"NominalPremiBebanBRI":0,"Signature":"37f17babfd3e96ea886af33c7fc23e97"}
2026-06-18 10:53:49.173 DEBUG testcase.CovVal_26692                    - 1: nik = data.getValue("NomorIdentitas", row)
2026-06-18 10:53:49.175 DEBUG testcase.CovVal_26692                    - 2: response = sendRequest(findTestObject("API/Posts/CoveringValidation/CovVal_26692", ["NomorIdentitas":nik]))
2026-06-18 10:53:51.965 INFO  c.k.k.core.webservice.common.HarLogger   - HAR: C:\Users\ACER\git\AutoAPI\Reports\20260618_105141\API\Pembukuan\pembukuanAPI\20260618_105141\requests\main\CovVal_26692_39.har
2026-06-18 10:53:51.970 DEBUG testcase.CovVal_26692                    - 3: println("==============================")
==============================
2026-06-18 10:53:51.971 DEBUG testcase.CovVal_26692                    - 4: println("Row                : " + row)
Row                : 40
2026-06-18 10:53:51.972 DEBUG testcase.CovVal_26692                    - 5: println("NomorIdentitas     : " + nik)
NomorIdentitas     : 2605210000000162
2026-06-18 10:53:51.974 DEBUG testcase.CovVal_26692                    - 6: println("HTTP Status        : " + response.getStatusCode())
HTTP Status        : 200
2026-06-18 10:53:51.975 DEBUG testcase.CovVal_26692                    - 7: println("Response Body      : " + response.getResponseBodyContent())
Response Body      : {"ResponseCode":"00","ResponseDescription":"Success","ResponseException":"","FIDJenisPengajuan":"1","JenisPengajuan":"New","UrutanPengajuan":"1","FIDJenisCovering":"1","JenisCovering":"Conditional Automatic Cover","TanggalMulaiCovering":"01\/01\/1900","TanggalAkhirCovering":"01\/01\/1900","NominalPremi":"40000.00","RemarkPremi":"BRISURF_COV_26692_2605210000000162_01","NomorRekeningGiroPremi":"020601000102311","NamaRekeningGiroPremi":"PT BRI ASURANSI INDONESIA (Dummy)","NominalPertanggungan":"0.00","NominalCoverage":"0.00","NominalFeeCovering":"6000.00","NominalPajakCovering":"660.00","RemarkFeePremi":"BRISURF_COV_26692_2605210000000162_01","PersentasePertanggungan":"100","PersentaseCoverage":"100","OriginalPremi":"40000.00","DiscountPremi":0,"NominalPremiExtra":0,"NominalPremiBebanNasabah":0,"NominalPremiBebanBRI":0,"Signature":"37f17babfd3e96ea886af33c7fc23e97"}
2026-06-18 10:53:51.977 DEBUG testcase.CovVal_26692                    - 1: nik = data.getValue("NomorIdentitas", row)
2026-06-18 10:53:51.978 DEBUG testcase.CovVal_26692                    - 2: response = sendRequest(findTestObject("API/Posts/CoveringValidation/CovVal_26692", ["NomorIdentitas":nik]))
2026-06-18 10:53:54.796 INFO  c.k.k.core.webservice.common.HarLogger   - HAR: C:\Users\ACER\git\AutoAPI\Reports\20260618_105141\API\Pembukuan\pembukuanAPI\20260618_105141\requests\main\CovVal_26692_40.har
2026-06-18 10:53:54.803 DEBUG testcase.CovVal_26692                    - 3: println("==============================")
==============================
2026-06-18 10:53:54.805 DEBUG testcase.CovVal_26692                    - 4: println("Row                : " + row)
Row                : 41
2026-06-18 10:53:54.806 DEBUG testcase.CovVal_26692                    - 5: println("NomorIdentitas     : " + nik)
NomorIdentitas     : 2605210000000163
2026-06-18 10:53:54.808 DEBUG testcase.CovVal_26692                    - 6: println("HTTP Status        : " + response.getStatusCode())
HTTP Status        : 200
2026-06-18 10:53:54.811 DEBUG testcase.CovVal_26692                    - 7: println("Response Body      : " + response.getResponseBodyContent())
Response Body      : {"ResponseCode":"00","ResponseDescription":"Success","ResponseException":"","FIDJenisPengajuan":"1","JenisPengajuan":"New","UrutanPengajuan":"1","FIDJenisCovering":"1","JenisCovering":"Conditional Automatic Cover","TanggalMulaiCovering":"01\/01\/1900","TanggalAkhirCovering":"01\/01\/1900","NominalPremi":"40000.00","RemarkPremi":"BRISURF_COV_26692_2605210000000163_01","NomorRekeningGiroPremi":"020601000102311","NamaRekeningGiroPremi":"PT BRI ASURANSI INDONESIA (Dummy)","NominalPertanggungan":"0.00","NominalCoverage":"0.00","NominalFeeCovering":"6000.00","NominalPajakCovering":"660.00","RemarkFeePremi":"BRISURF_COV_26692_2605210000000163_01","PersentasePertanggungan":"100","PersentaseCoverage":"100","OriginalPremi":"40000.00","DiscountPremi":0,"NominalPremiExtra":0,"NominalPremiBebanNasabah":0,"NominalPremiBebanBRI":0,"Signature":"37f17babfd3e96ea886af33c7fc23e97"}
2026-06-18 10:53:54.813 DEBUG testcase.CovVal_26692                    - 1: nik = data.getValue("NomorIdentitas", row)
2026-06-18 10:53:54.816 DEBUG testcase.CovVal_26692                    - 2: response = sendRequest(findTestObject("API/Posts/CoveringValidation/CovVal_26692", ["NomorIdentitas":nik]))
2026-06-18 10:53:57.676 INFO  c.k.k.core.webservice.common.HarLogger   - HAR: C:\Users\ACER\git\AutoAPI\Reports\20260618_105141\API\Pembukuan\pembukuanAPI\20260618_105141\requests\main\CovVal_26692_41.har
2026-06-18 10:53:57.681 DEBUG testcase.CovVal_26692                    - 3: println("==============================")
==============================
2026-06-18 10:53:57.682 DEBUG testcase.CovVal_26692                    - 4: println("Row                : " + row)
Row                : 42
2026-06-18 10:53:57.684 DEBUG testcase.CovVal_26692                    - 5: println("NomorIdentitas     : " + nik)
NomorIdentitas     : 2605210000000164
2026-06-18 10:53:57.686 DEBUG testcase.CovVal_26692                    - 6: println("HTTP Status        : " + response.getStatusCode())
HTTP Status        : 200
2026-06-18 10:53:57.690 DEBUG testcase.CovVal_26692                    - 7: println("Response Body      : " + response.getResponseBodyContent())
Response Body      : {"ResponseCode":"00","ResponseDescription":"Success","ResponseException":"","FIDJenisPengajuan":"1","JenisPengajuan":"New","UrutanPengajuan":"1","FIDJenisCovering":"1","JenisCovering":"Conditional Automatic Cover","TanggalMulaiCovering":"01\/01\/1900","TanggalAkhirCovering":"01\/01\/1900","NominalPremi":"40000.00","RemarkPremi":"BRISURF_COV_26692_2605210000000164_01","NomorRekeningGiroPremi":"020601000102311","NamaRekeningGiroPremi":"PT BRI ASURANSI INDONESIA (Dummy)","NominalPertanggungan":"0.00","NominalCoverage":"0.00","NominalFeeCovering":"6000.00","NominalPajakCovering":"660.00","RemarkFeePremi":"BRISURF_COV_26692_2605210000000164_01","PersentasePertanggungan":"100","PersentaseCoverage":"100","OriginalPremi":"40000.00","DiscountPremi":0,"NominalPremiExtra":0,"NominalPremiBebanNasabah":0,"NominalPremiBebanBRI":0,"Signature":"37f17babfd3e96ea886af33c7fc23e97"}
2026-06-18 10:53:57.693 DEBUG testcase.CovVal_26692                    - 1: nik = data.getValue("NomorIdentitas", row)
2026-06-18 10:53:57.695 DEBUG testcase.CovVal_26692                    - 2: response = sendRequest(findTestObject("API/Posts/CoveringValidation/CovVal_26692", ["NomorIdentitas":nik]))
2026-06-18 10:54:00.495 INFO  c.k.k.core.webservice.common.HarLogger   - HAR: C:\Users\ACER\git\AutoAPI\Reports\20260618_105141\API\Pembukuan\pembukuanAPI\20260618_105141\requests\main\CovVal_26692_42.har
2026-06-18 10:54:00.502 DEBUG testcase.CovVal_26692                    - 3: println("==============================")
==============================
2026-06-18 10:54:00.503 DEBUG testcase.CovVal_26692                    - 4: println("Row                : " + row)
Row                : 43
2026-06-18 10:54:00.505 DEBUG testcase.CovVal_26692                    - 5: println("NomorIdentitas     : " + nik)
NomorIdentitas     : 2605210000000165
2026-06-18 10:54:00.506 DEBUG testcase.CovVal_26692                    - 6: println("HTTP Status        : " + response.getStatusCode())
HTTP Status        : 200
2026-06-18 10:54:00.507 DEBUG testcase.CovVal_26692                    - 7: println("Response Body      : " + response.getResponseBodyContent())
Response Body      : {"ResponseCode":"00","ResponseDescription":"Success","ResponseException":"","FIDJenisPengajuan":"1","JenisPengajuan":"New","UrutanPengajuan":"1","FIDJenisCovering":"1","JenisCovering":"Conditional Automatic Cover","TanggalMulaiCovering":"01\/01\/1900","TanggalAkhirCovering":"01\/01\/1900","NominalPremi":"40000.00","RemarkPremi":"BRISURF_COV_26692_2605210000000165_01","NomorRekeningGiroPremi":"020601000102311","NamaRekeningGiroPremi":"PT BRI ASURANSI INDONESIA (Dummy)","NominalPertanggungan":"0.00","NominalCoverage":"0.00","NominalFeeCovering":"6000.00","NominalPajakCovering":"660.00","RemarkFeePremi":"BRISURF_COV_26692_2605210000000165_01","PersentasePertanggungan":"100","PersentaseCoverage":"100","OriginalPremi":"40000.00","DiscountPremi":0,"NominalPremiExtra":0,"NominalPremiBebanNasabah":0,"NominalPremiBebanBRI":0,"Signature":"37f17babfd3e96ea886af33c7fc23e97"}
2026-06-18 10:54:00.509 DEBUG testcase.CovVal_26692                    - 1: nik = data.getValue("NomorIdentitas", row)
2026-06-18 10:54:00.511 DEBUG testcase.CovVal_26692                    - 2: response = sendRequest(findTestObject("API/Posts/CoveringValidation/CovVal_26692", ["NomorIdentitas":nik]))
2026-06-18 10:54:03.381 INFO  c.k.k.core.webservice.common.HarLogger   - HAR: C:\Users\ACER\git\AutoAPI\Reports\20260618_105141\API\Pembukuan\pembukuanAPI\20260618_105141\requests\main\CovVal_26692_43.har
2026-06-18 10:54:03.385 DEBUG testcase.CovVal_26692                    - 3: println("==============================")
==============================
2026-06-18 10:54:03.386 DEBUG testcase.CovVal_26692                    - 4: println("Row                : " + row)
Row                : 44
2026-06-18 10:54:03.388 DEBUG testcase.CovVal_26692                    - 5: println("NomorIdentitas     : " + nik)
NomorIdentitas     : 2605210000000166
2026-06-18 10:54:03.389 DEBUG testcase.CovVal_26692                    - 6: println("HTTP Status        : " + response.getStatusCode())
HTTP Status        : 200
2026-06-18 10:54:03.390 DEBUG testcase.CovVal_26692                    - 7: println("Response Body      : " + response.getResponseBodyContent())
Response Body      : {"ResponseCode":"00","ResponseDescription":"Success","ResponseException":"","FIDJenisPengajuan":"1","JenisPengajuan":"New","UrutanPengajuan":"1","FIDJenisCovering":"1","JenisCovering":"Conditional Automatic Cover","TanggalMulaiCovering":"01\/01\/1900","TanggalAkhirCovering":"01\/01\/1900","NominalPremi":"40000.00","RemarkPremi":"BRISURF_COV_26692_2605210000000166_01","NomorRekeningGiroPremi":"020601000102311","NamaRekeningGiroPremi":"PT BRI ASURANSI INDONESIA (Dummy)","NominalPertanggungan":"0.00","NominalCoverage":"0.00","NominalFeeCovering":"6000.00","NominalPajakCovering":"660.00","RemarkFeePremi":"BRISURF_COV_26692_2605210000000166_01","PersentasePertanggungan":"100","PersentaseCoverage":"100","OriginalPremi":"40000.00","DiscountPremi":0,"NominalPremiExtra":0,"NominalPremiBebanNasabah":0,"NominalPremiBebanBRI":0,"Signature":"37f17babfd3e96ea886af33c7fc23e97"}
2026-06-18 10:54:03.391 DEBUG testcase.CovVal_26692                    - 1: nik = data.getValue("NomorIdentitas", row)
2026-06-18 10:54:03.392 DEBUG testcase.CovVal_26692                    - 2: response = sendRequest(findTestObject("API/Posts/CoveringValidation/CovVal_26692", ["NomorIdentitas":nik]))
2026-06-18 10:54:06.168 INFO  c.k.k.core.webservice.common.HarLogger   - HAR: C:\Users\ACER\git\AutoAPI\Reports\20260618_105141\API\Pembukuan\pembukuanAPI\20260618_105141\requests\main\CovVal_26692_44.har
2026-06-18 10:54:06.172 DEBUG testcase.CovVal_26692                    - 3: println("==============================")
==============================
2026-06-18 10:54:06.174 DEBUG testcase.CovVal_26692                    - 4: println("Row                : " + row)
Row                : 45
2026-06-18 10:54:06.175 DEBUG testcase.CovVal_26692                    - 5: println("NomorIdentitas     : " + nik)
NomorIdentitas     : 2605210000000167
2026-06-18 10:54:06.177 DEBUG testcase.CovVal_26692                    - 6: println("HTTP Status        : " + response.getStatusCode())
HTTP Status        : 200
2026-06-18 10:54:06.180 DEBUG testcase.CovVal_26692                    - 7: println("Response Body      : " + response.getResponseBodyContent())
Response Body      : {"ResponseCode":"00","ResponseDescription":"Success","ResponseException":"","FIDJenisPengajuan":"1","JenisPengajuan":"New","UrutanPengajuan":"1","FIDJenisCovering":"1","JenisCovering":"Conditional Automatic Cover","TanggalMulaiCovering":"01\/01\/1900","TanggalAkhirCovering":"01\/01\/1900","NominalPremi":"40000.00","RemarkPremi":"BRISURF_COV_26692_2605210000000167_01","NomorRekeningGiroPremi":"020601000102311","NamaRekeningGiroPremi":"PT BRI ASURANSI INDONESIA (Dummy)","NominalPertanggungan":"0.00","NominalCoverage":"0.00","NominalFeeCovering":"6000.00","NominalPajakCovering":"660.00","RemarkFeePremi":"BRISURF_COV_26692_2605210000000167_01","PersentasePertanggungan":"100","PersentaseCoverage":"100","OriginalPremi":"40000.00","DiscountPremi":0,"NominalPremiExtra":0,"NominalPremiBebanNasabah":0,"NominalPremiBebanBRI":0,"Signature":"37f17babfd3e96ea886af33c7fc23e97"}
2026-06-18 10:54:06.182 DEBUG testcase.CovVal_26692                    - 1: nik = data.getValue("NomorIdentitas", row)
2026-06-18 10:54:06.186 DEBUG testcase.CovVal_26692                    - 2: response = sendRequest(findTestObject("API/Posts/CoveringValidation/CovVal_26692", ["NomorIdentitas":nik]))
2026-06-18 10:54:08.951 INFO  c.k.k.core.webservice.common.HarLogger   - HAR: C:\Users\ACER\git\AutoAPI\Reports\20260618_105141\API\Pembukuan\pembukuanAPI\20260618_105141\requests\main\CovVal_26692_45.har
2026-06-18 10:54:08.955 DEBUG testcase.CovVal_26692                    - 3: println("==============================")
==============================
2026-06-18 10:54:08.956 DEBUG testcase.CovVal_26692                    - 4: println("Row                : " + row)
Row                : 46
2026-06-18 10:54:08.958 DEBUG testcase.CovVal_26692                    - 5: println("NomorIdentitas     : " + nik)
NomorIdentitas     : 2605210000000168
2026-06-18 10:54:08.961 DEBUG testcase.CovVal_26692                    - 6: println("HTTP Status        : " + response.getStatusCode())
HTTP Status        : 200
2026-06-18 10:54:08.963 DEBUG testcase.CovVal_26692                    - 7: println("Response Body      : " + response.getResponseBodyContent())
Response Body      : {"ResponseCode":"00","ResponseDescription":"Success","ResponseException":"","FIDJenisPengajuan":"1","JenisPengajuan":"New","UrutanPengajuan":"1","FIDJenisCovering":"1","JenisCovering":"Conditional Automatic Cover","TanggalMulaiCovering":"01\/01\/1900","TanggalAkhirCovering":"01\/01\/1900","NominalPremi":"40000.00","RemarkPremi":"BRISURF_COV_26692_2605210000000168_01","NomorRekeningGiroPremi":"020601000102311","NamaRekeningGiroPremi":"PT BRI ASURANSI INDONESIA (Dummy)","NominalPertanggungan":"0.00","NominalCoverage":"0.00","NominalFeeCovering":"6000.00","NominalPajakCovering":"660.00","RemarkFeePremi":"BRISURF_COV_26692_2605210000000168_01","PersentasePertanggungan":"100","PersentaseCoverage":"100","OriginalPremi":"40000.00","DiscountPremi":0,"NominalPremiExtra":0,"NominalPremiBebanNasabah":0,"NominalPremiBebanBRI":0,"Signature":"37f17babfd3e96ea886af33c7fc23e97"}
2026-06-18 10:54:08.964 DEBUG testcase.CovVal_26692                    - 1: nik = data.getValue("NomorIdentitas", row)
2026-06-18 10:54:08.966 DEBUG testcase.CovVal_26692                    - 2: response = sendRequest(findTestObject("API/Posts/CoveringValidation/CovVal_26692", ["NomorIdentitas":nik]))
2026-06-18 10:54:11.744 INFO  c.k.k.core.webservice.common.HarLogger   - HAR: C:\Users\ACER\git\AutoAPI\Reports\20260618_105141\API\Pembukuan\pembukuanAPI\20260618_105141\requests\main\CovVal_26692_46.har
2026-06-18 10:54:11.748 DEBUG testcase.CovVal_26692                    - 3: println("==============================")
==============================
2026-06-18 10:54:11.749 DEBUG testcase.CovVal_26692                    - 4: println("Row                : " + row)
Row                : 47
2026-06-18 10:54:11.750 DEBUG testcase.CovVal_26692                    - 5: println("NomorIdentitas     : " + nik)
NomorIdentitas     : 2605210000000169
2026-06-18 10:54:11.752 DEBUG testcase.CovVal_26692                    - 6: println("HTTP Status        : " + response.getStatusCode())
HTTP Status        : 200
2026-06-18 10:54:11.753 DEBUG testcase.CovVal_26692                    - 7: println("Response Body      : " + response.getResponseBodyContent())
Response Body      : {"ResponseCode":"00","ResponseDescription":"Success","ResponseException":"","FIDJenisPengajuan":"1","JenisPengajuan":"New","UrutanPengajuan":"1","FIDJenisCovering":"1","JenisCovering":"Conditional Automatic Cover","TanggalMulaiCovering":"01\/01\/1900","TanggalAkhirCovering":"01\/01\/1900","NominalPremi":"40000.00","RemarkPremi":"BRISURF_COV_26692_2605210000000169_01","NomorRekeningGiroPremi":"020601000102311","NamaRekeningGiroPremi":"PT BRI ASURANSI INDONESIA (Dummy)","NominalPertanggungan":"0.00","NominalCoverage":"0.00","NominalFeeCovering":"6000.00","NominalPajakCovering":"660.00","RemarkFeePremi":"BRISURF_COV_26692_2605210000000169_01","PersentasePertanggungan":"100","PersentaseCoverage":"100","OriginalPremi":"40000.00","DiscountPremi":0,"NominalPremiExtra":0,"NominalPremiBebanNasabah":0,"NominalPremiBebanBRI":0,"Signature":"37f17babfd3e96ea886af33c7fc23e97"}
2026-06-18 10:54:11.755 DEBUG testcase.CovVal_26692                    - 1: nik = data.getValue("NomorIdentitas", row)
2026-06-18 10:54:11.756 DEBUG testcase.CovVal_26692                    - 2: response = sendRequest(findTestObject("API/Posts/CoveringValidation/CovVal_26692", ["NomorIdentitas":nik]))
2026-06-18 10:54:14.580 INFO  c.k.k.core.webservice.common.HarLogger   - HAR: C:\Users\ACER\git\AutoAPI\Reports\20260618_105141\API\Pembukuan\pembukuanAPI\20260618_105141\requests\main\CovVal_26692_47.har
2026-06-18 10:54:14.584 DEBUG testcase.CovVal_26692                    - 3: println("==============================")
==============================
2026-06-18 10:54:14.586 DEBUG testcase.CovVal_26692                    - 4: println("Row                : " + row)
Row                : 48
2026-06-18 10:54:14.587 DEBUG testcase.CovVal_26692                    - 5: println("NomorIdentitas     : " + nik)
NomorIdentitas     : 2605210000000170
2026-06-18 10:54:14.588 DEBUG testcase.CovVal_26692                    - 6: println("HTTP Status        : " + response.getStatusCode())
HTTP Status        : 200
2026-06-18 10:54:14.590 DEBUG testcase.CovVal_26692                    - 7: println("Response Body      : " + response.getResponseBodyContent())
Response Body      : {"ResponseCode":"00","ResponseDescription":"Success","ResponseException":"","FIDJenisPengajuan":"1","JenisPengajuan":"New","UrutanPengajuan":"1","FIDJenisCovering":"1","JenisCovering":"Conditional Automatic Cover","TanggalMulaiCovering":"01\/01\/1900","TanggalAkhirCovering":"01\/01\/1900","NominalPremi":"40000.00","RemarkPremi":"BRISURF_COV_26692_2605210000000170_01","NomorRekeningGiroPremi":"020601000102311","NamaRekeningGiroPremi":"PT BRI ASURANSI INDONESIA (Dummy)","NominalPertanggungan":"0.00","NominalCoverage":"0.00","NominalFeeCovering":"6000.00","NominalPajakCovering":"660.00","RemarkFeePremi":"BRISURF_COV_26692_2605210000000170_01","PersentasePertanggungan":"100","PersentaseCoverage":"100","OriginalPremi":"40000.00","DiscountPremi":0,"NominalPremiExtra":0,"NominalPremiBebanNasabah":0,"NominalPremiBebanBRI":0,"Signature":"37f17babfd3e96ea886af33c7fc23e97"}
2026-06-18 10:54:14.594 DEBUG testcase.CovVal_26692                    - 1: nik = data.getValue("NomorIdentitas", row)
2026-06-18 10:54:14.595 DEBUG testcase.CovVal_26692                    - 2: response = sendRequest(findTestObject("API/Posts/CoveringValidation/CovVal_26692", ["NomorIdentitas":nik]))
2026-06-18 10:54:17.389 INFO  c.k.k.core.webservice.common.HarLogger   - HAR: C:\Users\ACER\git\AutoAPI\Reports\20260618_105141\API\Pembukuan\pembukuanAPI\20260618_105141\requests\main\CovVal_26692_48.har
2026-06-18 10:54:17.395 DEBUG testcase.CovVal_26692                    - 3: println("==============================")
==============================
2026-06-18 10:54:17.397 DEBUG testcase.CovVal_26692                    - 4: println("Row                : " + row)
Row                : 49
2026-06-18 10:54:17.399 DEBUG testcase.CovVal_26692                    - 5: println("NomorIdentitas     : " + nik)
NomorIdentitas     : 2605210000000171
2026-06-18 10:54:17.400 DEBUG testcase.CovVal_26692                    - 6: println("HTTP Status        : " + response.getStatusCode())
HTTP Status        : 200
2026-06-18 10:54:17.402 DEBUG testcase.CovVal_26692                    - 7: println("Response Body      : " + response.getResponseBodyContent())
Response Body      : {"ResponseCode":"00","ResponseDescription":"Success","ResponseException":"","FIDJenisPengajuan":"1","JenisPengajuan":"New","UrutanPengajuan":"1","FIDJenisCovering":"1","JenisCovering":"Conditional Automatic Cover","TanggalMulaiCovering":"01\/01\/1900","TanggalAkhirCovering":"01\/01\/1900","NominalPremi":"40000.00","RemarkPremi":"BRISURF_COV_26692_2605210000000171_01","NomorRekeningGiroPremi":"020601000102311","NamaRekeningGiroPremi":"PT BRI ASURANSI INDONESIA (Dummy)","NominalPertanggungan":"0.00","NominalCoverage":"0.00","NominalFeeCovering":"6000.00","NominalPajakCovering":"660.00","RemarkFeePremi":"BRISURF_COV_26692_2605210000000171_01","PersentasePertanggungan":"100","PersentaseCoverage":"100","OriginalPremi":"40000.00","DiscountPremi":0,"NominalPremiExtra":0,"NominalPremiBebanNasabah":0,"NominalPremiBebanBRI":0,"Signature":"37f17babfd3e96ea886af33c7fc23e97"}
2026-06-18 10:54:17.404 DEBUG testcase.CovVal_26692                    - 1: nik = data.getValue("NomorIdentitas", row)
2026-06-18 10:54:17.406 DEBUG testcase.CovVal_26692                    - 2: response = sendRequest(findTestObject("API/Posts/CoveringValidation/CovVal_26692", ["NomorIdentitas":nik]))
2026-06-18 10:54:20.333 INFO  c.k.k.core.webservice.common.HarLogger   - HAR: C:\Users\ACER\git\AutoAPI\Reports\20260618_105141\API\Pembukuan\pembukuanAPI\20260618_105141\requests\main\CovVal_26692_49.har
2026-06-18 10:54:20.337 DEBUG testcase.CovVal_26692                    - 3: println("==============================")
==============================
2026-06-18 10:54:20.339 DEBUG testcase.CovVal_26692                    - 4: println("Row                : " + row)
Row                : 50
2026-06-18 10:54:20.341 DEBUG testcase.CovVal_26692                    - 5: println("NomorIdentitas     : " + nik)
NomorIdentitas     : 2605210000000172
2026-06-18 10:54:20.342 DEBUG testcase.CovVal_26692                    - 6: println("HTTP Status        : " + response.getStatusCode())
HTTP Status        : 200
2026-06-18 10:54:20.343 DEBUG testcase.CovVal_26692                    - 7: println("Response Body      : " + response.getResponseBodyContent())
Response Body      : {"ResponseCode":"00","ResponseDescription":"Success","ResponseException":"","FIDJenisPengajuan":"1","JenisPengajuan":"New","UrutanPengajuan":"1","FIDJenisCovering":"1","JenisCovering":"Conditional Automatic Cover","TanggalMulaiCovering":"01\/01\/1900","TanggalAkhirCovering":"01\/01\/1900","NominalPremi":"40000.00","RemarkPremi":"BRISURF_COV_26692_2605210000000172_01","NomorRekeningGiroPremi":"020601000102311","NamaRekeningGiroPremi":"PT BRI ASURANSI INDONESIA (Dummy)","NominalPertanggungan":"0.00","NominalCoverage":"0.00","NominalFeeCovering":"6000.00","NominalPajakCovering":"660.00","RemarkFeePremi":"BRISURF_COV_26692_2605210000000172_01","PersentasePertanggungan":"100","PersentaseCoverage":"100","OriginalPremi":"40000.00","DiscountPremi":0,"NominalPremiExtra":0,"NominalPremiBebanNasabah":0,"NominalPremiBebanBRI":0,"Signature":"37f17babfd3e96ea886af33c7fc23e97"}
2026-06-18 10:54:20.344 DEBUG testcase.CovVal_26692                    - 1: nik = data.getValue("NomorIdentitas", row)
2026-06-18 10:54:20.346 DEBUG testcase.CovVal_26692                    - 2: response = sendRequest(findTestObject("API/Posts/CoveringValidation/CovVal_26692", ["NomorIdentitas":nik]))
2026-06-18 10:54:23.121 INFO  c.k.k.core.webservice.common.HarLogger   - HAR: C:\Users\ACER\git\AutoAPI\Reports\20260618_105141\API\Pembukuan\pembukuanAPI\20260618_105141\requests\main\CovVal_26692_50.har
2026-06-18 10:54:23.127 DEBUG testcase.CovVal_26692                    - 3: println("==============================")
==============================
2026-06-18 10:54:23.128 DEBUG testcase.CovVal_26692                    - 4: println("Row                : " + row)
Row                : 51
2026-06-18 10:54:23.130 DEBUG testcase.CovVal_26692                    - 5: println("NomorIdentitas     : " + nik)
NomorIdentitas     : 2605210000000173
2026-06-18 10:54:23.131 DEBUG testcase.CovVal_26692                    - 6: println("HTTP Status        : " + response.getStatusCode())
HTTP Status        : 200
2026-06-18 10:54:23.132 DEBUG testcase.CovVal_26692                    - 7: println("Response Body      : " + response.getResponseBodyContent())
Response Body      : {"ResponseCode":"00","ResponseDescription":"Success","ResponseException":"","FIDJenisPengajuan":"1","JenisPengajuan":"New","UrutanPengajuan":"1","FIDJenisCovering":"1","JenisCovering":"Conditional Automatic Cover","TanggalMulaiCovering":"01\/01\/1900","TanggalAkhirCovering":"01\/01\/1900","NominalPremi":"40000.00","RemarkPremi":"BRISURF_COV_26692_2605210000000173_01","NomorRekeningGiroPremi":"020601000102311","NamaRekeningGiroPremi":"PT BRI ASURANSI INDONESIA (Dummy)","NominalPertanggungan":"0.00","NominalCoverage":"0.00","NominalFeeCovering":"6000.00","NominalPajakCovering":"660.00","RemarkFeePremi":"BRISURF_COV_26692_2605210000000173_01","PersentasePertanggungan":"100","PersentaseCoverage":"100","OriginalPremi":"40000.00","DiscountPremi":0,"NominalPremiExtra":0,"NominalPremiBebanNasabah":0,"NominalPremiBebanBRI":0,"Signature":"37f17babfd3e96ea886af33c7fc23e97"}
2026-06-18 10:54:23.134 DEBUG testcase.CovVal_26692                    - 1: nik = data.getValue("NomorIdentitas", row)
2026-06-18 10:54:23.136 DEBUG testcase.CovVal_26692                    - 2: response = sendRequest(findTestObject("API/Posts/CoveringValidation/CovVal_26692", ["NomorIdentitas":nik]))
2026-06-18 10:54:25.930 INFO  c.k.k.core.webservice.common.HarLogger   - HAR: C:\Users\ACER\git\AutoAPI\Reports\20260618_105141\API\Pembukuan\pembukuanAPI\20260618_105141\requests\main\CovVal_26692_51.har
2026-06-18 10:54:25.933 DEBUG testcase.CovVal_26692                    - 3: println("==============================")
==============================
2026-06-18 10:54:25.935 DEBUG testcase.CovVal_26692                    - 4: println("Row                : " + row)
Row                : 52
2026-06-18 10:54:25.936 DEBUG testcase.CovVal_26692                    - 5: println("NomorIdentitas     : " + nik)
NomorIdentitas     : 2605210000000174
2026-06-18 10:54:25.937 DEBUG testcase.CovVal_26692                    - 6: println("HTTP Status        : " + response.getStatusCode())
HTTP Status        : 200
2026-06-18 10:54:25.938 DEBUG testcase.CovVal_26692                    - 7: println("Response Body      : " + response.getResponseBodyContent())
Response Body      : {"ResponseCode":"00","ResponseDescription":"Success","ResponseException":"","FIDJenisPengajuan":"1","JenisPengajuan":"New","UrutanPengajuan":"1","FIDJenisCovering":"1","JenisCovering":"Conditional Automatic Cover","TanggalMulaiCovering":"01\/01\/1900","TanggalAkhirCovering":"01\/01\/1900","NominalPremi":"40000.00","RemarkPremi":"BRISURF_COV_26692_2605210000000174_01","NomorRekeningGiroPremi":"020601000102311","NamaRekeningGiroPremi":"PT BRI ASURANSI INDONESIA (Dummy)","NominalPertanggungan":"0.00","NominalCoverage":"0.00","NominalFeeCovering":"6000.00","NominalPajakCovering":"660.00","RemarkFeePremi":"BRISURF_COV_26692_2605210000000174_01","PersentasePertanggungan":"100","PersentaseCoverage":"100","OriginalPremi":"40000.00","DiscountPremi":0,"NominalPremiExtra":0,"NominalPremiBebanNasabah":0,"NominalPremiBebanBRI":0,"Signature":"37f17babfd3e96ea886af33c7fc23e97"}
2026-06-18 10:54:25.941 DEBUG testcase.CovVal_26692                    - 1: nik = data.getValue("NomorIdentitas", row)
2026-06-18 10:54:25.942 DEBUG testcase.CovVal_26692                    - 2: response = sendRequest(findTestObject("API/Posts/CoveringValidation/CovVal_26692", ["NomorIdentitas":nik]))
2026-06-18 10:54:28.774 INFO  c.k.k.core.webservice.common.HarLogger   - HAR: C:\Users\ACER\git\AutoAPI\Reports\20260618_105141\API\Pembukuan\pembukuanAPI\20260618_105141\requests\main\CovVal_26692_52.har
2026-06-18 10:54:28.779 DEBUG testcase.CovVal_26692                    - 3: println("==============================")
==============================
2026-06-18 10:54:28.780 DEBUG testcase.CovVal_26692                    - 4: println("Row                : " + row)
Row                : 53
2026-06-18 10:54:28.782 DEBUG testcase.CovVal_26692                    - 5: println("NomorIdentitas     : " + nik)
NomorIdentitas     : 2605210000000175
2026-06-18 10:54:28.783 DEBUG testcase.CovVal_26692                    - 6: println("HTTP Status        : " + response.getStatusCode())
HTTP Status        : 200
2026-06-18 10:54:28.784 DEBUG testcase.CovVal_26692                    - 7: println("Response Body      : " + response.getResponseBodyContent())
Response Body      : {"ResponseCode":"00","ResponseDescription":"Success","ResponseException":"","FIDJenisPengajuan":"1","JenisPengajuan":"New","UrutanPengajuan":"1","FIDJenisCovering":"1","JenisCovering":"Conditional Automatic Cover","TanggalMulaiCovering":"01\/01\/1900","TanggalAkhirCovering":"01\/01\/1900","NominalPremi":"40000.00","RemarkPremi":"BRISURF_COV_26692_2605210000000175_01","NomorRekeningGiroPremi":"020601000102311","NamaRekeningGiroPremi":"PT BRI ASURANSI INDONESIA (Dummy)","NominalPertanggungan":"0.00","NominalCoverage":"0.00","NominalFeeCovering":"6000.00","NominalPajakCovering":"660.00","RemarkFeePremi":"BRISURF_COV_26692_2605210000000175_01","PersentasePertanggungan":"100","PersentaseCoverage":"100","OriginalPremi":"40000.00","DiscountPremi":0,"NominalPremiExtra":0,"NominalPremiBebanNasabah":0,"NominalPremiBebanBRI":0,"Signature":"37f17babfd3e96ea886af33c7fc23e97"}
2026-06-18 10:54:28.786 DEBUG testcase.CovVal_26692                    - 1: nik = data.getValue("NomorIdentitas", row)
2026-06-18 10:54:28.790 DEBUG testcase.CovVal_26692                    - 2: response = sendRequest(findTestObject("API/Posts/CoveringValidation/CovVal_26692", ["NomorIdentitas":nik]))
2026-06-18 10:54:31.945 INFO  c.k.k.core.webservice.common.HarLogger   - HAR: C:\Users\ACER\git\AutoAPI\Reports\20260618_105141\API\Pembukuan\pembukuanAPI\20260618_105141\requests\main\CovVal_26692_53.har
2026-06-18 10:54:31.950 DEBUG testcase.CovVal_26692                    - 3: println("==============================")
==============================
2026-06-18 10:54:31.951 DEBUG testcase.CovVal_26692                    - 4: println("Row                : " + row)
Row                : 54
2026-06-18 10:54:31.952 DEBUG testcase.CovVal_26692                    - 5: println("NomorIdentitas     : " + nik)
NomorIdentitas     : 2605210000000176
2026-06-18 10:54:31.955 DEBUG testcase.CovVal_26692                    - 6: println("HTTP Status        : " + response.getStatusCode())
HTTP Status        : 200
2026-06-18 10:54:31.956 DEBUG testcase.CovVal_26692                    - 7: println("Response Body      : " + response.getResponseBodyContent())
Response Body      : {"ResponseCode":"00","ResponseDescription":"Success","ResponseException":"","FIDJenisPengajuan":"1","JenisPengajuan":"New","UrutanPengajuan":"1","FIDJenisCovering":"1","JenisCovering":"Conditional Automatic Cover","TanggalMulaiCovering":"01\/01\/1900","TanggalAkhirCovering":"01\/01\/1900","NominalPremi":"40000.00","RemarkPremi":"BRISURF_COV_26692_2605210000000176_01","NomorRekeningGiroPremi":"020601000102311","NamaRekeningGiroPremi":"PT BRI ASURANSI INDONESIA (Dummy)","NominalPertanggungan":"0.00","NominalCoverage":"0.00","NominalFeeCovering":"6000.00","NominalPajakCovering":"660.00","RemarkFeePremi":"BRISURF_COV_26692_2605210000000176_01","PersentasePertanggungan":"100","PersentaseCoverage":"100","OriginalPremi":"40000.00","DiscountPremi":0,"NominalPremiExtra":0,"NominalPremiBebanNasabah":0,"NominalPremiBebanBRI":0,"Signature":"37f17babfd3e96ea886af33c7fc23e97"}
2026-06-18 10:54:31.958 DEBUG testcase.CovVal_26692                    - 1: nik = data.getValue("NomorIdentitas", row)
2026-06-18 10:54:31.960 DEBUG testcase.CovVal_26692                    - 2: response = sendRequest(findTestObject("API/Posts/CoveringValidation/CovVal_26692", ["NomorIdentitas":nik]))
2026-06-18 10:54:34.692 INFO  c.k.k.core.webservice.common.HarLogger   - HAR: C:\Users\ACER\git\AutoAPI\Reports\20260618_105141\API\Pembukuan\pembukuanAPI\20260618_105141\requests\main\CovVal_26692_54.har
2026-06-18 10:54:34.696 DEBUG testcase.CovVal_26692                    - 3: println("==============================")
==============================
2026-06-18 10:54:34.698 DEBUG testcase.CovVal_26692                    - 4: println("Row                : " + row)
Row                : 55
2026-06-18 10:54:34.699 DEBUG testcase.CovVal_26692                    - 5: println("NomorIdentitas     : " + nik)
NomorIdentitas     : 2605210000000177
2026-06-18 10:54:34.700 DEBUG testcase.CovVal_26692                    - 6: println("HTTP Status        : " + response.getStatusCode())
HTTP Status        : 200
2026-06-18 10:54:34.701 DEBUG testcase.CovVal_26692                    - 7: println("Response Body      : " + response.getResponseBodyContent())
Response Body      : {"ResponseCode":"00","ResponseDescription":"Success","ResponseException":"","FIDJenisPengajuan":"1","JenisPengajuan":"New","UrutanPengajuan":"1","FIDJenisCovering":"1","JenisCovering":"Conditional Automatic Cover","TanggalMulaiCovering":"01\/01\/1900","TanggalAkhirCovering":"01\/01\/1900","NominalPremi":"40000.00","RemarkPremi":"BRISURF_COV_26692_2605210000000177_01","NomorRekeningGiroPremi":"020601000102311","NamaRekeningGiroPremi":"PT BRI ASURANSI INDONESIA (Dummy)","NominalPertanggungan":"0.00","NominalCoverage":"0.00","NominalFeeCovering":"6000.00","NominalPajakCovering":"660.00","RemarkFeePremi":"BRISURF_COV_26692_2605210000000177_01","PersentasePertanggungan":"100","PersentaseCoverage":"100","OriginalPremi":"40000.00","DiscountPremi":0,"NominalPremiExtra":0,"NominalPremiBebanNasabah":0,"NominalPremiBebanBRI":0,"Signature":"37f17babfd3e96ea886af33c7fc23e97"}
2026-06-18 10:54:34.705 DEBUG testcase.CovVal_26692                    - 1: nik = data.getValue("NomorIdentitas", row)
2026-06-18 10:54:34.707 DEBUG testcase.CovVal_26692                    - 2: response = sendRequest(findTestObject("API/Posts/CoveringValidation/CovVal_26692", ["NomorIdentitas":nik]))
2026-06-18 10:54:37.490 INFO  c.k.k.core.webservice.common.HarLogger   - HAR: C:\Users\ACER\git\AutoAPI\Reports\20260618_105141\API\Pembukuan\pembukuanAPI\20260618_105141\requests\main\CovVal_26692_55.har
2026-06-18 10:54:37.494 DEBUG testcase.CovVal_26692                    - 3: println("==============================")
==============================
2026-06-18 10:54:37.496 DEBUG testcase.CovVal_26692                    - 4: println("Row                : " + row)
Row                : 56
2026-06-18 10:54:37.497 DEBUG testcase.CovVal_26692                    - 5: println("NomorIdentitas     : " + nik)
NomorIdentitas     : 2605210000000178
2026-06-18 10:54:37.498 DEBUG testcase.CovVal_26692                    - 6: println("HTTP Status        : " + response.getStatusCode())
HTTP Status        : 200
2026-06-18 10:54:37.500 DEBUG testcase.CovVal_26692                    - 7: println("Response Body      : " + response.getResponseBodyContent())
Response Body      : {"ResponseCode":"00","ResponseDescription":"Success","ResponseException":"","FIDJenisPengajuan":"1","JenisPengajuan":"New","UrutanPengajuan":"1","FIDJenisCovering":"1","JenisCovering":"Conditional Automatic Cover","TanggalMulaiCovering":"01\/01\/1900","TanggalAkhirCovering":"01\/01\/1900","NominalPremi":"40000.00","RemarkPremi":"BRISURF_COV_26692_2605210000000178_01","NomorRekeningGiroPremi":"020601000102311","NamaRekeningGiroPremi":"PT BRI ASURANSI INDONESIA (Dummy)","NominalPertanggungan":"0.00","NominalCoverage":"0.00","NominalFeeCovering":"6000.00","NominalPajakCovering":"660.00","RemarkFeePremi":"BRISURF_COV_26692_2605210000000178_01","PersentasePertanggungan":"100","PersentaseCoverage":"100","OriginalPremi":"40000.00","DiscountPremi":0,"NominalPremiExtra":0,"NominalPremiBebanNasabah":0,"NominalPremiBebanBRI":0,"Signature":"37f17babfd3e96ea886af33c7fc23e97"}
2026-06-18 10:54:37.501 DEBUG testcase.CovVal_26692                    - 1: nik = data.getValue("NomorIdentitas", row)
2026-06-18 10:54:37.504 DEBUG testcase.CovVal_26692                    - 2: response = sendRequest(findTestObject("API/Posts/CoveringValidation/CovVal_26692", ["NomorIdentitas":nik]))
2026-06-18 10:54:40.257 INFO  c.k.k.core.webservice.common.HarLogger   - HAR: C:\Users\ACER\git\AutoAPI\Reports\20260618_105141\API\Pembukuan\pembukuanAPI\20260618_105141\requests\main\CovVal_26692_56.har
2026-06-18 10:54:40.261 DEBUG testcase.CovVal_26692                    - 3: println("==============================")
==============================
2026-06-18 10:54:40.263 DEBUG testcase.CovVal_26692                    - 4: println("Row                : " + row)
Row                : 57
2026-06-18 10:54:40.264 DEBUG testcase.CovVal_26692                    - 5: println("NomorIdentitas     : " + nik)
NomorIdentitas     : 2605210000000179
2026-06-18 10:54:40.265 DEBUG testcase.CovVal_26692                    - 6: println("HTTP Status        : " + response.getStatusCode())
HTTP Status        : 200
2026-06-18 10:54:40.266 DEBUG testcase.CovVal_26692                    - 7: println("Response Body      : " + response.getResponseBodyContent())
Response Body      : {"ResponseCode":"00","ResponseDescription":"Success","ResponseException":"","FIDJenisPengajuan":"1","JenisPengajuan":"New","UrutanPengajuan":"1","FIDJenisCovering":"1","JenisCovering":"Conditional Automatic Cover","TanggalMulaiCovering":"01\/01\/1900","TanggalAkhirCovering":"01\/01\/1900","NominalPremi":"40000.00","RemarkPremi":"BRISURF_COV_26692_2605210000000179_01","NomorRekeningGiroPremi":"020601000102311","NamaRekeningGiroPremi":"PT BRI ASURANSI INDONESIA (Dummy)","NominalPertanggungan":"0.00","NominalCoverage":"0.00","NominalFeeCovering":"6000.00","NominalPajakCovering":"660.00","RemarkFeePremi":"BRISURF_COV_26692_2605210000000179_01","PersentasePertanggungan":"100","PersentaseCoverage":"100","OriginalPremi":"40000.00","DiscountPremi":0,"NominalPremiExtra":0,"NominalPremiBebanNasabah":0,"NominalPremiBebanBRI":0,"Signature":"37f17babfd3e96ea886af33c7fc23e97"}
2026-06-18 10:54:40.267 DEBUG testcase.CovVal_26692                    - 1: nik = data.getValue("NomorIdentitas", row)
2026-06-18 10:54:40.270 DEBUG testcase.CovVal_26692                    - 2: response = sendRequest(findTestObject("API/Posts/CoveringValidation/CovVal_26692", ["NomorIdentitas":nik]))
2026-06-18 10:54:43.034 INFO  c.k.k.core.webservice.common.HarLogger   - HAR: C:\Users\ACER\git\AutoAPI\Reports\20260618_105141\API\Pembukuan\pembukuanAPI\20260618_105141\requests\main\CovVal_26692_57.har
2026-06-18 10:54:43.038 DEBUG testcase.CovVal_26692                    - 3: println("==============================")
==============================
2026-06-18 10:54:43.039 DEBUG testcase.CovVal_26692                    - 4: println("Row                : " + row)
Row                : 58
2026-06-18 10:54:43.040 DEBUG testcase.CovVal_26692                    - 5: println("NomorIdentitas     : " + nik)
NomorIdentitas     : 2605210000000180
2026-06-18 10:54:43.041 DEBUG testcase.CovVal_26692                    - 6: println("HTTP Status        : " + response.getStatusCode())
HTTP Status        : 200
2026-06-18 10:54:43.042 DEBUG testcase.CovVal_26692                    - 7: println("Response Body      : " + response.getResponseBodyContent())
Response Body      : {"ResponseCode":"00","ResponseDescription":"Success","ResponseException":"","FIDJenisPengajuan":"1","JenisPengajuan":"New","UrutanPengajuan":"1","FIDJenisCovering":"1","JenisCovering":"Conditional Automatic Cover","TanggalMulaiCovering":"01\/01\/1900","TanggalAkhirCovering":"01\/01\/1900","NominalPremi":"40000.00","RemarkPremi":"BRISURF_COV_26692_2605210000000180_01","NomorRekeningGiroPremi":"020601000102311","NamaRekeningGiroPremi":"PT BRI ASURANSI INDONESIA (Dummy)","NominalPertanggungan":"0.00","NominalCoverage":"0.00","NominalFeeCovering":"6000.00","NominalPajakCovering":"660.00","RemarkFeePremi":"BRISURF_COV_26692_2605210000000180_01","PersentasePertanggungan":"100","PersentaseCoverage":"100","OriginalPremi":"40000.00","DiscountPremi":0,"NominalPremiExtra":0,"NominalPremiBebanNasabah":0,"NominalPremiBebanBRI":0,"Signature":"37f17babfd3e96ea886af33c7fc23e97"}
2026-06-18 10:54:43.043 DEBUG testcase.CovVal_26692                    - 1: nik = data.getValue("NomorIdentitas", row)
2026-06-18 10:54:43.044 DEBUG testcase.CovVal_26692                    - 2: response = sendRequest(findTestObject("API/Posts/CoveringValidation/CovVal_26692", ["NomorIdentitas":nik]))
2026-06-18 10:54:45.820 INFO  c.k.k.core.webservice.common.HarLogger   - HAR: C:\Users\ACER\git\AutoAPI\Reports\20260618_105141\API\Pembukuan\pembukuanAPI\20260618_105141\requests\main\CovVal_26692_58.har
2026-06-18 10:54:45.823 DEBUG testcase.CovVal_26692                    - 3: println("==============================")
==============================
2026-06-18 10:54:45.825 DEBUG testcase.CovVal_26692                    - 4: println("Row                : " + row)
Row                : 59
2026-06-18 10:54:45.826 DEBUG testcase.CovVal_26692                    - 5: println("NomorIdentitas     : " + nik)
NomorIdentitas     : 2605210000000181
2026-06-18 10:54:45.827 DEBUG testcase.CovVal_26692                    - 6: println("HTTP Status        : " + response.getStatusCode())
HTTP Status        : 200
2026-06-18 10:54:45.828 DEBUG testcase.CovVal_26692                    - 7: println("Response Body      : " + response.getResponseBodyContent())
Response Body      : {"ResponseCode":"00","ResponseDescription":"Success","ResponseException":"","FIDJenisPengajuan":"1","JenisPengajuan":"New","UrutanPengajuan":"1","FIDJenisCovering":"1","JenisCovering":"Conditional Automatic Cover","TanggalMulaiCovering":"01\/01\/1900","TanggalAkhirCovering":"01\/01\/1900","NominalPremi":"40000.00","RemarkPremi":"BRISURF_COV_26692_2605210000000181_01","NomorRekeningGiroPremi":"020601000102311","NamaRekeningGiroPremi":"PT BRI ASURANSI INDONESIA (Dummy)","NominalPertanggungan":"0.00","NominalCoverage":"0.00","NominalFeeCovering":"6000.00","NominalPajakCovering":"660.00","RemarkFeePremi":"BRISURF_COV_26692_2605210000000181_01","PersentasePertanggungan":"100","PersentaseCoverage":"100","OriginalPremi":"40000.00","DiscountPremi":0,"NominalPremiExtra":0,"NominalPremiBebanNasabah":0,"NominalPremiBebanBRI":0,"Signature":"37f17babfd3e96ea886af33c7fc23e97"}
2026-06-18 10:54:45.830 DEBUG testcase.CovVal_26692                    - 1: nik = data.getValue("NomorIdentitas", row)
2026-06-18 10:54:45.831 DEBUG testcase.CovVal_26692                    - 2: response = sendRequest(findTestObject("API/Posts/CoveringValidation/CovVal_26692", ["NomorIdentitas":nik]))
2026-06-18 10:54:48.606 INFO  c.k.k.core.webservice.common.HarLogger   - HAR: C:\Users\ACER\git\AutoAPI\Reports\20260618_105141\API\Pembukuan\pembukuanAPI\20260618_105141\requests\main\CovVal_26692_59.har
2026-06-18 10:54:48.610 DEBUG testcase.CovVal_26692                    - 3: println("==============================")
==============================
2026-06-18 10:54:48.612 DEBUG testcase.CovVal_26692                    - 4: println("Row                : " + row)
Row                : 60
2026-06-18 10:54:48.613 DEBUG testcase.CovVal_26692                    - 5: println("NomorIdentitas     : " + nik)
NomorIdentitas     : 2605210000000182
2026-06-18 10:54:48.614 DEBUG testcase.CovVal_26692                    - 6: println("HTTP Status        : " + response.getStatusCode())
HTTP Status        : 200
2026-06-18 10:54:48.618 DEBUG testcase.CovVal_26692                    - 7: println("Response Body      : " + response.getResponseBodyContent())
Response Body      : {"ResponseCode":"00","ResponseDescription":"Success","ResponseException":"","FIDJenisPengajuan":"1","JenisPengajuan":"New","UrutanPengajuan":"1","FIDJenisCovering":"1","JenisCovering":"Conditional Automatic Cover","TanggalMulaiCovering":"01\/01\/1900","TanggalAkhirCovering":"01\/01\/1900","NominalPremi":"40000.00","RemarkPremi":"BRISURF_COV_26692_2605210000000182_01","NomorRekeningGiroPremi":"020601000102311","NamaRekeningGiroPremi":"PT BRI ASURANSI INDONESIA (Dummy)","NominalPertanggungan":"0.00","NominalCoverage":"0.00","NominalFeeCovering":"6000.00","NominalPajakCovering":"660.00","RemarkFeePremi":"BRISURF_COV_26692_2605210000000182_01","PersentasePertanggungan":"100","PersentaseCoverage":"100","OriginalPremi":"40000.00","DiscountPremi":0,"NominalPremiExtra":0,"NominalPremiBebanNasabah":0,"NominalPremiBebanBRI":0,"Signature":"37f17babfd3e96ea886af33c7fc23e97"}
2026-06-18 10:54:48.620 DEBUG testcase.CovVal_26692                    - 1: nik = data.getValue("NomorIdentitas", row)
2026-06-18 10:54:48.622 DEBUG testcase.CovVal_26692                    - 2: response = sendRequest(findTestObject("API/Posts/CoveringValidation/CovVal_26692", ["NomorIdentitas":nik]))
2026-06-18 10:54:51.417 INFO  c.k.k.core.webservice.common.HarLogger   - HAR: C:\Users\ACER\git\AutoAPI\Reports\20260618_105141\API\Pembukuan\pembukuanAPI\20260618_105141\requests\main\CovVal_26692_60.har
2026-06-18 10:54:51.420 DEBUG testcase.CovVal_26692                    - 3: println("==============================")
==============================
2026-06-18 10:54:51.422 DEBUG testcase.CovVal_26692                    - 4: println("Row                : " + row)
Row                : 61
2026-06-18 10:54:51.422 DEBUG testcase.CovVal_26692                    - 5: println("NomorIdentitas     : " + nik)
NomorIdentitas     : 2605210000000183
2026-06-18 10:54:51.423 DEBUG testcase.CovVal_26692                    - 6: println("HTTP Status        : " + response.getStatusCode())
HTTP Status        : 200
2026-06-18 10:54:51.424 DEBUG testcase.CovVal_26692                    - 7: println("Response Body      : " + response.getResponseBodyContent())
Response Body      : {"ResponseCode":"00","ResponseDescription":"Success","ResponseException":"","FIDJenisPengajuan":"1","JenisPengajuan":"New","UrutanPengajuan":"1","FIDJenisCovering":"1","JenisCovering":"Conditional Automatic Cover","TanggalMulaiCovering":"01\/01\/1900","TanggalAkhirCovering":"01\/01\/1900","NominalPremi":"40000.00","RemarkPremi":"BRISURF_COV_26692_2605210000000183_01","NomorRekeningGiroPremi":"020601000102311","NamaRekeningGiroPremi":"PT BRI ASURANSI INDONESIA (Dummy)","NominalPertanggungan":"0.00","NominalCoverage":"0.00","NominalFeeCovering":"6000.00","NominalPajakCovering":"660.00","RemarkFeePremi":"BRISURF_COV_26692_2605210000000183_01","PersentasePertanggungan":"100","PersentaseCoverage":"100","OriginalPremi":"40000.00","DiscountPremi":0,"NominalPremiExtra":0,"NominalPremiBebanNasabah":0,"NominalPremiBebanBRI":0,"Signature":"37f17babfd3e96ea886af33c7fc23e97"}
2026-06-18 10:54:51.425 DEBUG testcase.CovVal_26692                    - 1: nik = data.getValue("NomorIdentitas", row)
2026-06-18 10:54:51.427 DEBUG testcase.CovVal_26692                    - 2: response = sendRequest(findTestObject("API/Posts/CoveringValidation/CovVal_26692", ["NomorIdentitas":nik]))
2026-06-18 10:54:54.196 INFO  c.k.k.core.webservice.common.HarLogger   - HAR: C:\Users\ACER\git\AutoAPI\Reports\20260618_105141\API\Pembukuan\pembukuanAPI\20260618_105141\requests\main\CovVal_26692_61.har
2026-06-18 10:54:54.201 DEBUG testcase.CovVal_26692                    - 3: println("==============================")
==============================
2026-06-18 10:54:54.202 DEBUG testcase.CovVal_26692                    - 4: println("Row                : " + row)
Row                : 62
2026-06-18 10:54:54.204 DEBUG testcase.CovVal_26692                    - 5: println("NomorIdentitas     : " + nik)
NomorIdentitas     : 2605210000000184
2026-06-18 10:54:54.205 DEBUG testcase.CovVal_26692                    - 6: println("HTTP Status        : " + response.getStatusCode())
HTTP Status        : 200
2026-06-18 10:54:54.206 DEBUG testcase.CovVal_26692                    - 7: println("Response Body      : " + response.getResponseBodyContent())
Response Body      : {"ResponseCode":"00","ResponseDescription":"Success","ResponseException":"","FIDJenisPengajuan":"1","JenisPengajuan":"New","UrutanPengajuan":"1","FIDJenisCovering":"1","JenisCovering":"Conditional Automatic Cover","TanggalMulaiCovering":"01\/01\/1900","TanggalAkhirCovering":"01\/01\/1900","NominalPremi":"40000.00","RemarkPremi":"BRISURF_COV_26692_2605210000000184_01","NomorRekeningGiroPremi":"020601000102311","NamaRekeningGiroPremi":"PT BRI ASURANSI INDONESIA (Dummy)","NominalPertanggungan":"0.00","NominalCoverage":"0.00","NominalFeeCovering":"6000.00","NominalPajakCovering":"660.00","RemarkFeePremi":"BRISURF_COV_26692_2605210000000184_01","PersentasePertanggungan":"100","PersentaseCoverage":"100","OriginalPremi":"40000.00","DiscountPremi":0,"NominalPremiExtra":0,"NominalPremiBebanNasabah":0,"NominalPremiBebanBRI":0,"Signature":"37f17babfd3e96ea886af33c7fc23e97"}
2026-06-18 10:54:54.207 DEBUG testcase.CovVal_26692                    - 1: nik = data.getValue("NomorIdentitas", row)
2026-06-18 10:54:54.209 DEBUG testcase.CovVal_26692                    - 2: response = sendRequest(findTestObject("API/Posts/CoveringValidation/CovVal_26692", ["NomorIdentitas":nik]))
2026-06-18 10:54:56.997 INFO  c.k.k.core.webservice.common.HarLogger   - HAR: C:\Users\ACER\git\AutoAPI\Reports\20260618_105141\API\Pembukuan\pembukuanAPI\20260618_105141\requests\main\CovVal_26692_62.har
2026-06-18 10:54:57.002 DEBUG testcase.CovVal_26692                    - 3: println("==============================")
==============================
2026-06-18 10:54:57.004 DEBUG testcase.CovVal_26692                    - 4: println("Row                : " + row)
Row                : 63
2026-06-18 10:54:57.006 DEBUG testcase.CovVal_26692                    - 5: println("NomorIdentitas     : " + nik)
NomorIdentitas     : 2605210000000185
2026-06-18 10:54:57.007 DEBUG testcase.CovVal_26692                    - 6: println("HTTP Status        : " + response.getStatusCode())
HTTP Status        : 200
2026-06-18 10:54:57.010 DEBUG testcase.CovVal_26692                    - 7: println("Response Body      : " + response.getResponseBodyContent())
Response Body      : {"ResponseCode":"00","ResponseDescription":"Success","ResponseException":"","FIDJenisPengajuan":"1","JenisPengajuan":"New","UrutanPengajuan":"1","FIDJenisCovering":"1","JenisCovering":"Conditional Automatic Cover","TanggalMulaiCovering":"01\/01\/1900","TanggalAkhirCovering":"01\/01\/1900","NominalPremi":"40000.00","RemarkPremi":"BRISURF_COV_26692_2605210000000185_01","NomorRekeningGiroPremi":"020601000102311","NamaRekeningGiroPremi":"PT BRI ASURANSI INDONESIA (Dummy)","NominalPertanggungan":"0.00","NominalCoverage":"0.00","NominalFeeCovering":"6000.00","NominalPajakCovering":"660.00","RemarkFeePremi":"BRISURF_COV_26692_2605210000000185_01","PersentasePertanggungan":"100","PersentaseCoverage":"100","OriginalPremi":"40000.00","DiscountPremi":0,"NominalPremiExtra":0,"NominalPremiBebanNasabah":0,"NominalPremiBebanBRI":0,"Signature":"37f17babfd3e96ea886af33c7fc23e97"}
2026-06-18 10:54:57.012 DEBUG testcase.CovVal_26692                    - 1: nik = data.getValue("NomorIdentitas", row)
2026-06-18 10:54:57.015 DEBUG testcase.CovVal_26692                    - 2: response = sendRequest(findTestObject("API/Posts/CoveringValidation/CovVal_26692", ["NomorIdentitas":nik]))
2026-06-18 10:54:59.796 INFO  c.k.k.core.webservice.common.HarLogger   - HAR: C:\Users\ACER\git\AutoAPI\Reports\20260618_105141\API\Pembukuan\pembukuanAPI\20260618_105141\requests\main\CovVal_26692_63.har
2026-06-18 10:54:59.801 DEBUG testcase.CovVal_26692                    - 3: println("==============================")
==============================
2026-06-18 10:54:59.803 DEBUG testcase.CovVal_26692                    - 4: println("Row                : " + row)
Row                : 64
2026-06-18 10:54:59.804 DEBUG testcase.CovVal_26692                    - 5: println("NomorIdentitas     : " + nik)
NomorIdentitas     : 2605210000000186
2026-06-18 10:54:59.805 DEBUG testcase.CovVal_26692                    - 6: println("HTTP Status        : " + response.getStatusCode())
HTTP Status        : 200
2026-06-18 10:54:59.809 DEBUG testcase.CovVal_26692                    - 7: println("Response Body      : " + response.getResponseBodyContent())
Response Body      : {"ResponseCode":"00","ResponseDescription":"Success","ResponseException":"","FIDJenisPengajuan":"1","JenisPengajuan":"New","UrutanPengajuan":"1","FIDJenisCovering":"1","JenisCovering":"Conditional Automatic Cover","TanggalMulaiCovering":"01\/01\/1900","TanggalAkhirCovering":"01\/01\/1900","NominalPremi":"40000.00","RemarkPremi":"BRISURF_COV_26692_2605210000000186_01","NomorRekeningGiroPremi":"020601000102311","NamaRekeningGiroPremi":"PT BRI ASURANSI INDONESIA (Dummy)","NominalPertanggungan":"0.00","NominalCoverage":"0.00","NominalFeeCovering":"6000.00","NominalPajakCovering":"660.00","RemarkFeePremi":"BRISURF_COV_26692_2605210000000186_01","PersentasePertanggungan":"100","PersentaseCoverage":"100","OriginalPremi":"40000.00","DiscountPremi":0,"NominalPremiExtra":0,"NominalPremiBebanNasabah":0,"NominalPremiBebanBRI":0,"Signature":"37f17babfd3e96ea886af33c7fc23e97"}
2026-06-18 10:54:59.811 DEBUG testcase.CovVal_26692                    - 1: nik = data.getValue("NomorIdentitas", row)
2026-06-18 10:54:59.814 DEBUG testcase.CovVal_26692                    - 2: response = sendRequest(findTestObject("API/Posts/CoveringValidation/CovVal_26692", ["NomorIdentitas":nik]))
2026-06-18 10:55:02.616 INFO  c.k.k.core.webservice.common.HarLogger   - HAR: C:\Users\ACER\git\AutoAPI\Reports\20260618_105141\API\Pembukuan\pembukuanAPI\20260618_105141\requests\main\CovVal_26692_64.har
2026-06-18 10:55:02.619 DEBUG testcase.CovVal_26692                    - 3: println("==============================")
==============================
2026-06-18 10:55:02.621 DEBUG testcase.CovVal_26692                    - 4: println("Row                : " + row)
Row                : 65
2026-06-18 10:55:02.622 DEBUG testcase.CovVal_26692                    - 5: println("NomorIdentitas     : " + nik)
NomorIdentitas     : 2605210000000187
2026-06-18 10:55:02.623 DEBUG testcase.CovVal_26692                    - 6: println("HTTP Status        : " + response.getStatusCode())
HTTP Status        : 200
2026-06-18 10:55:02.623 DEBUG testcase.CovVal_26692                    - 7: println("Response Body      : " + response.getResponseBodyContent())
Response Body      : {"ResponseCode":"00","ResponseDescription":"Success","ResponseException":"","FIDJenisPengajuan":"1","JenisPengajuan":"New","UrutanPengajuan":"1","FIDJenisCovering":"1","JenisCovering":"Conditional Automatic Cover","TanggalMulaiCovering":"01\/01\/1900","TanggalAkhirCovering":"01\/01\/1900","NominalPremi":"40000.00","RemarkPremi":"BRISURF_COV_26692_2605210000000187_01","NomorRekeningGiroPremi":"020601000102311","NamaRekeningGiroPremi":"PT BRI ASURANSI INDONESIA (Dummy)","NominalPertanggungan":"0.00","NominalCoverage":"0.00","NominalFeeCovering":"6000.00","NominalPajakCovering":"660.00","RemarkFeePremi":"BRISURF_COV_26692_2605210000000187_01","PersentasePertanggungan":"100","PersentaseCoverage":"100","OriginalPremi":"40000.00","DiscountPremi":0,"NominalPremiExtra":0,"NominalPremiBebanNasabah":0,"NominalPremiBebanBRI":0,"Signature":"37f17babfd3e96ea886af33c7fc23e97"}
2026-06-18 10:55:02.624 DEBUG testcase.CovVal_26692                    - 1: nik = data.getValue("NomorIdentitas", row)
2026-06-18 10:55:02.626 DEBUG testcase.CovVal_26692                    - 2: response = sendRequest(findTestObject("API/Posts/CoveringValidation/CovVal_26692", ["NomorIdentitas":nik]))
2026-06-18 10:55:05.517 INFO  c.k.k.core.webservice.common.HarLogger   - HAR: C:\Users\ACER\git\AutoAPI\Reports\20260618_105141\API\Pembukuan\pembukuanAPI\20260618_105141\requests\main\CovVal_26692_65.har
2026-06-18 10:55:05.521 DEBUG testcase.CovVal_26692                    - 3: println("==============================")
==============================
2026-06-18 10:55:05.522 DEBUG testcase.CovVal_26692                    - 4: println("Row                : " + row)
Row                : 66
2026-06-18 10:55:05.523 DEBUG testcase.CovVal_26692                    - 5: println("NomorIdentitas     : " + nik)
NomorIdentitas     : 2605210000000188
2026-06-18 10:55:05.523 DEBUG testcase.CovVal_26692                    - 6: println("HTTP Status        : " + response.getStatusCode())
HTTP Status        : 200
2026-06-18 10:55:05.524 DEBUG testcase.CovVal_26692                    - 7: println("Response Body      : " + response.getResponseBodyContent())
Response Body      : {"ResponseCode":"00","ResponseDescription":"Success","ResponseException":"","FIDJenisPengajuan":"1","JenisPengajuan":"New","UrutanPengajuan":"1","FIDJenisCovering":"1","JenisCovering":"Conditional Automatic Cover","TanggalMulaiCovering":"01\/01\/1900","TanggalAkhirCovering":"01\/01\/1900","NominalPremi":"40000.00","RemarkPremi":"BRISURF_COV_26692_2605210000000188_01","NomorRekeningGiroPremi":"020601000102311","NamaRekeningGiroPremi":"PT BRI ASURANSI INDONESIA (Dummy)","NominalPertanggungan":"0.00","NominalCoverage":"0.00","NominalFeeCovering":"6000.00","NominalPajakCovering":"660.00","RemarkFeePremi":"BRISURF_COV_26692_2605210000000188_01","PersentasePertanggungan":"100","PersentaseCoverage":"100","OriginalPremi":"40000.00","DiscountPremi":0,"NominalPremiExtra":0,"NominalPremiBebanNasabah":0,"NominalPremiBebanBRI":0,"Signature":"37f17babfd3e96ea886af33c7fc23e97"}
2026-06-18 10:55:05.525 DEBUG testcase.CovVal_26692                    - 1: nik = data.getValue("NomorIdentitas", row)
2026-06-18 10:55:05.526 DEBUG testcase.CovVal_26692                    - 2: response = sendRequest(findTestObject("API/Posts/CoveringValidation/CovVal_26692", ["NomorIdentitas":nik]))
2026-06-18 10:55:08.325 INFO  c.k.k.core.webservice.common.HarLogger   - HAR: C:\Users\ACER\git\AutoAPI\Reports\20260618_105141\API\Pembukuan\pembukuanAPI\20260618_105141\requests\main\CovVal_26692_66.har
2026-06-18 10:55:08.331 DEBUG testcase.CovVal_26692                    - 3: println("==============================")
==============================
2026-06-18 10:55:08.333 DEBUG testcase.CovVal_26692                    - 4: println("Row                : " + row)
Row                : 67
2026-06-18 10:55:08.334 DEBUG testcase.CovVal_26692                    - 5: println("NomorIdentitas     : " + nik)
NomorIdentitas     : 2605210000000189
2026-06-18 10:55:08.335 DEBUG testcase.CovVal_26692                    - 6: println("HTTP Status        : " + response.getStatusCode())
HTTP Status        : 200
2026-06-18 10:55:08.336 DEBUG testcase.CovVal_26692                    - 7: println("Response Body      : " + response.getResponseBodyContent())
Response Body      : {"ResponseCode":"00","ResponseDescription":"Success","ResponseException":"","FIDJenisPengajuan":"1","JenisPengajuan":"New","UrutanPengajuan":"1","FIDJenisCovering":"1","JenisCovering":"Conditional Automatic Cover","TanggalMulaiCovering":"01\/01\/1900","TanggalAkhirCovering":"01\/01\/1900","NominalPremi":"40000.00","RemarkPremi":"BRISURF_COV_26692_2605210000000189_01","NomorRekeningGiroPremi":"020601000102311","NamaRekeningGiroPremi":"PT BRI ASURANSI INDONESIA (Dummy)","NominalPertanggungan":"0.00","NominalCoverage":"0.00","NominalFeeCovering":"6000.00","NominalPajakCovering":"660.00","RemarkFeePremi":"BRISURF_COV_26692_2605210000000189_01","PersentasePertanggungan":"100","PersentaseCoverage":"100","OriginalPremi":"40000.00","DiscountPremi":0,"NominalPremiExtra":0,"NominalPremiBebanNasabah":0,"NominalPremiBebanBRI":0,"Signature":"37f17babfd3e96ea886af33c7fc23e97"}
2026-06-18 10:55:08.338 DEBUG testcase.CovVal_26692                    - 1: nik = data.getValue("NomorIdentitas", row)
2026-06-18 10:55:08.339 DEBUG testcase.CovVal_26692                    - 2: response = sendRequest(findTestObject("API/Posts/CoveringValidation/CovVal_26692", ["NomorIdentitas":nik]))
2026-06-18 10:55:11.138 INFO  c.k.k.core.webservice.common.HarLogger   - HAR: C:\Users\ACER\git\AutoAPI\Reports\20260618_105141\API\Pembukuan\pembukuanAPI\20260618_105141\requests\main\CovVal_26692_67.har
2026-06-18 10:55:11.141 DEBUG testcase.CovVal_26692                    - 3: println("==============================")
==============================
2026-06-18 10:55:11.144 DEBUG testcase.CovVal_26692                    - 4: println("Row                : " + row)
Row                : 68
2026-06-18 10:55:11.145 DEBUG testcase.CovVal_26692                    - 5: println("NomorIdentitas     : " + nik)
NomorIdentitas     : 2605210000000190
2026-06-18 10:55:11.146 DEBUG testcase.CovVal_26692                    - 6: println("HTTP Status        : " + response.getStatusCode())
HTTP Status        : 200
2026-06-18 10:55:11.148 DEBUG testcase.CovVal_26692                    - 7: println("Response Body      : " + response.getResponseBodyContent())
Response Body      : {"ResponseCode":"00","ResponseDescription":"Success","ResponseException":"","FIDJenisPengajuan":"1","JenisPengajuan":"New","UrutanPengajuan":"1","FIDJenisCovering":"1","JenisCovering":"Conditional Automatic Cover","TanggalMulaiCovering":"01\/01\/1900","TanggalAkhirCovering":"01\/01\/1900","NominalPremi":"40000.00","RemarkPremi":"BRISURF_COV_26692_2605210000000190_01","NomorRekeningGiroPremi":"020601000102311","NamaRekeningGiroPremi":"PT BRI ASURANSI INDONESIA (Dummy)","NominalPertanggungan":"0.00","NominalCoverage":"0.00","NominalFeeCovering":"6000.00","NominalPajakCovering":"660.00","RemarkFeePremi":"BRISURF_COV_26692_2605210000000190_01","PersentasePertanggungan":"100","PersentaseCoverage":"100","OriginalPremi":"40000.00","DiscountPremi":0,"NominalPremiExtra":0,"NominalPremiBebanNasabah":0,"NominalPremiBebanBRI":0,"Signature":"37f17babfd3e96ea886af33c7fc23e97"}
2026-06-18 10:55:11.149 DEBUG testcase.CovVal_26692                    - 1: nik = data.getValue("NomorIdentitas", row)
2026-06-18 10:55:11.150 DEBUG testcase.CovVal_26692                    - 2: response = sendRequest(findTestObject("API/Posts/CoveringValidation/CovVal_26692", ["NomorIdentitas":nik]))
2026-06-18 10:55:13.933 INFO  c.k.k.core.webservice.common.HarLogger   - HAR: C:\Users\ACER\git\AutoAPI\Reports\20260618_105141\API\Pembukuan\pembukuanAPI\20260618_105141\requests\main\CovVal_26692_68.har
2026-06-18 10:55:13.936 DEBUG testcase.CovVal_26692                    - 3: println("==============================")
==============================
2026-06-18 10:55:13.938 DEBUG testcase.CovVal_26692                    - 4: println("Row                : " + row)
Row                : 69
2026-06-18 10:55:13.939 DEBUG testcase.CovVal_26692                    - 5: println("NomorIdentitas     : " + nik)
NomorIdentitas     : 2605210000000191
2026-06-18 10:55:13.939 DEBUG testcase.CovVal_26692                    - 6: println("HTTP Status        : " + response.getStatusCode())
HTTP Status        : 200
2026-06-18 10:55:13.941 DEBUG testcase.CovVal_26692                    - 7: println("Response Body      : " + response.getResponseBodyContent())
Response Body      : {"ResponseCode":"00","ResponseDescription":"Success","ResponseException":"","FIDJenisPengajuan":"1","JenisPengajuan":"New","UrutanPengajuan":"1","FIDJenisCovering":"1","JenisCovering":"Conditional Automatic Cover","TanggalMulaiCovering":"01\/01\/1900","TanggalAkhirCovering":"01\/01\/1900","NominalPremi":"40000.00","RemarkPremi":"BRISURF_COV_26692_2605210000000191_01","NomorRekeningGiroPremi":"020601000102311","NamaRekeningGiroPremi":"PT BRI ASURANSI INDONESIA (Dummy)","NominalPertanggungan":"0.00","NominalCoverage":"0.00","NominalFeeCovering":"6000.00","NominalPajakCovering":"660.00","RemarkFeePremi":"BRISURF_COV_26692_2605210000000191_01","PersentasePertanggungan":"100","PersentaseCoverage":"100","OriginalPremi":"40000.00","DiscountPremi":0,"NominalPremiExtra":0,"NominalPremiBebanNasabah":0,"NominalPremiBebanBRI":0,"Signature":"37f17babfd3e96ea886af33c7fc23e97"}
2026-06-18 10:55:13.943 DEBUG testcase.CovVal_26692                    - 1: nik = data.getValue("NomorIdentitas", row)
2026-06-18 10:55:13.944 DEBUG testcase.CovVal_26692                    - 2: response = sendRequest(findTestObject("API/Posts/CoveringValidation/CovVal_26692", ["NomorIdentitas":nik]))
2026-06-18 10:55:16.727 INFO  c.k.k.core.webservice.common.HarLogger   - HAR: C:\Users\ACER\git\AutoAPI\Reports\20260618_105141\API\Pembukuan\pembukuanAPI\20260618_105141\requests\main\CovVal_26692_69.har
2026-06-18 10:55:16.731 DEBUG testcase.CovVal_26692                    - 3: println("==============================")
==============================
2026-06-18 10:55:16.732 DEBUG testcase.CovVal_26692                    - 4: println("Row                : " + row)
Row                : 70
2026-06-18 10:55:16.733 DEBUG testcase.CovVal_26692                    - 5: println("NomorIdentitas     : " + nik)
NomorIdentitas     : 2605210000000192
2026-06-18 10:55:16.734 DEBUG testcase.CovVal_26692                    - 6: println("HTTP Status        : " + response.getStatusCode())
HTTP Status        : 200
2026-06-18 10:55:16.735 DEBUG testcase.CovVal_26692                    - 7: println("Response Body      : " + response.getResponseBodyContent())
Response Body      : {"ResponseCode":"00","ResponseDescription":"Success","ResponseException":"","FIDJenisPengajuan":"1","JenisPengajuan":"New","UrutanPengajuan":"1","FIDJenisCovering":"1","JenisCovering":"Conditional Automatic Cover","TanggalMulaiCovering":"01\/01\/1900","TanggalAkhirCovering":"01\/01\/1900","NominalPremi":"40000.00","RemarkPremi":"BRISURF_COV_26692_2605210000000192_01","NomorRekeningGiroPremi":"020601000102311","NamaRekeningGiroPremi":"PT BRI ASURANSI INDONESIA (Dummy)","NominalPertanggungan":"0.00","NominalCoverage":"0.00","NominalFeeCovering":"6000.00","NominalPajakCovering":"660.00","RemarkFeePremi":"BRISURF_COV_26692_2605210000000192_01","PersentasePertanggungan":"100","PersentaseCoverage":"100","OriginalPremi":"40000.00","DiscountPremi":0,"NominalPremiExtra":0,"NominalPremiBebanNasabah":0,"NominalPremiBebanBRI":0,"Signature":"37f17babfd3e96ea886af33c7fc23e97"}
2026-06-18 10:55:16.736 DEBUG testcase.CovVal_26692                    - 1: nik = data.getValue("NomorIdentitas", row)
2026-06-18 10:55:16.738 DEBUG testcase.CovVal_26692                    - 2: response = sendRequest(findTestObject("API/Posts/CoveringValidation/CovVal_26692", ["NomorIdentitas":nik]))
2026-06-18 10:55:19.497 INFO  c.k.k.core.webservice.common.HarLogger   - HAR: C:\Users\ACER\git\AutoAPI\Reports\20260618_105141\API\Pembukuan\pembukuanAPI\20260618_105141\requests\main\CovVal_26692_70.har
2026-06-18 10:55:19.501 DEBUG testcase.CovVal_26692                    - 3: println("==============================")
==============================
2026-06-18 10:55:19.503 DEBUG testcase.CovVal_26692                    - 4: println("Row                : " + row)
Row                : 71
2026-06-18 10:55:19.504 DEBUG testcase.CovVal_26692                    - 5: println("NomorIdentitas     : " + nik)
NomorIdentitas     : 2605210000000193
2026-06-18 10:55:19.505 DEBUG testcase.CovVal_26692                    - 6: println("HTTP Status        : " + response.getStatusCode())
HTTP Status        : 200
2026-06-18 10:55:19.505 DEBUG testcase.CovVal_26692                    - 7: println("Response Body      : " + response.getResponseBodyContent())
Response Body      : {"ResponseCode":"00","ResponseDescription":"Success","ResponseException":"","FIDJenisPengajuan":"1","JenisPengajuan":"New","UrutanPengajuan":"1","FIDJenisCovering":"1","JenisCovering":"Conditional Automatic Cover","TanggalMulaiCovering":"01\/01\/1900","TanggalAkhirCovering":"01\/01\/1900","NominalPremi":"40000.00","RemarkPremi":"BRISURF_COV_26692_2605210000000193_01","NomorRekeningGiroPremi":"020601000102311","NamaRekeningGiroPremi":"PT BRI ASURANSI INDONESIA (Dummy)","NominalPertanggungan":"0.00","NominalCoverage":"0.00","NominalFeeCovering":"6000.00","NominalPajakCovering":"660.00","RemarkFeePremi":"BRISURF_COV_26692_2605210000000193_01","PersentasePertanggungan":"100","PersentaseCoverage":"100","OriginalPremi":"40000.00","DiscountPremi":0,"NominalPremiExtra":0,"NominalPremiBebanNasabah":0,"NominalPremiBebanBRI":0,"Signature":"37f17babfd3e96ea886af33c7fc23e97"}
2026-06-18 10:55:19.507 DEBUG testcase.CovVal_26692                    - 1: nik = data.getValue("NomorIdentitas", row)
2026-06-18 10:55:19.509 DEBUG testcase.CovVal_26692                    - 2: response = sendRequest(findTestObject("API/Posts/CoveringValidation/CovVal_26692", ["NomorIdentitas":nik]))
2026-06-18 10:55:22.369 INFO  c.k.k.core.webservice.common.HarLogger   - HAR: C:\Users\ACER\git\AutoAPI\Reports\20260618_105141\API\Pembukuan\pembukuanAPI\20260618_105141\requests\main\CovVal_26692_71.har
2026-06-18 10:55:22.373 DEBUG testcase.CovVal_26692                    - 3: println("==============================")
==============================
2026-06-18 10:55:22.377 DEBUG testcase.CovVal_26692                    - 4: println("Row                : " + row)
Row                : 72
2026-06-18 10:55:22.378 DEBUG testcase.CovVal_26692                    - 5: println("NomorIdentitas     : " + nik)
NomorIdentitas     : 2605210000000194
2026-06-18 10:55:22.379 DEBUG testcase.CovVal_26692                    - 6: println("HTTP Status        : " + response.getStatusCode())
HTTP Status        : 200
2026-06-18 10:55:22.380 DEBUG testcase.CovVal_26692                    - 7: println("Response Body      : " + response.getResponseBodyContent())
Response Body      : {"ResponseCode":"00","ResponseDescription":"Success","ResponseException":"","FIDJenisPengajuan":"1","JenisPengajuan":"New","UrutanPengajuan":"1","FIDJenisCovering":"1","JenisCovering":"Conditional Automatic Cover","TanggalMulaiCovering":"01\/01\/1900","TanggalAkhirCovering":"01\/01\/1900","NominalPremi":"40000.00","RemarkPremi":"BRISURF_COV_26692_2605210000000194_01","NomorRekeningGiroPremi":"020601000102311","NamaRekeningGiroPremi":"PT BRI ASURANSI INDONESIA (Dummy)","NominalPertanggungan":"0.00","NominalCoverage":"0.00","NominalFeeCovering":"6000.00","NominalPajakCovering":"660.00","RemarkFeePremi":"BRISURF_COV_26692_2605210000000194_01","PersentasePertanggungan":"100","PersentaseCoverage":"100","OriginalPremi":"40000.00","DiscountPremi":0,"NominalPremiExtra":0,"NominalPremiBebanNasabah":0,"NominalPremiBebanBRI":0,"Signature":"37f17babfd3e96ea886af33c7fc23e97"}
2026-06-18 10:55:22.382 DEBUG testcase.CovVal_26692                    - 1: nik = data.getValue("NomorIdentitas", row)
2026-06-18 10:55:22.383 DEBUG testcase.CovVal_26692                    - 2: response = sendRequest(findTestObject("API/Posts/CoveringValidation/CovVal_26692", ["NomorIdentitas":nik]))
2026-06-18 10:55:25.171 INFO  c.k.k.core.webservice.common.HarLogger   - HAR: C:\Users\ACER\git\AutoAPI\Reports\20260618_105141\API\Pembukuan\pembukuanAPI\20260618_105141\requests\main\CovVal_26692_72.har
2026-06-18 10:55:25.175 DEBUG testcase.CovVal_26692                    - 3: println("==============================")
==============================
2026-06-18 10:55:25.177 DEBUG testcase.CovVal_26692                    - 4: println("Row                : " + row)
Row                : 73
2026-06-18 10:55:25.178 DEBUG testcase.CovVal_26692                    - 5: println("NomorIdentitas     : " + nik)
NomorIdentitas     : 2605210000000195
2026-06-18 10:55:25.180 DEBUG testcase.CovVal_26692                    - 6: println("HTTP Status        : " + response.getStatusCode())
HTTP Status        : 200
2026-06-18 10:55:25.181 DEBUG testcase.CovVal_26692                    - 7: println("Response Body      : " + response.getResponseBodyContent())
Response Body      : {"ResponseCode":"00","ResponseDescription":"Success","ResponseException":"","FIDJenisPengajuan":"1","JenisPengajuan":"New","UrutanPengajuan":"1","FIDJenisCovering":"1","JenisCovering":"Conditional Automatic Cover","TanggalMulaiCovering":"01\/01\/1900","TanggalAkhirCovering":"01\/01\/1900","NominalPremi":"40000.00","RemarkPremi":"BRISURF_COV_26692_2605210000000195_01","NomorRekeningGiroPremi":"020601000102311","NamaRekeningGiroPremi":"PT BRI ASURANSI INDONESIA (Dummy)","NominalPertanggungan":"0.00","NominalCoverage":"0.00","NominalFeeCovering":"6000.00","NominalPajakCovering":"660.00","RemarkFeePremi":"BRISURF_COV_26692_2605210000000195_01","PersentasePertanggungan":"100","PersentaseCoverage":"100","OriginalPremi":"40000.00","DiscountPremi":0,"NominalPremiExtra":0,"NominalPremiBebanNasabah":0,"NominalPremiBebanBRI":0,"Signature":"37f17babfd3e96ea886af33c7fc23e97"}
2026-06-18 10:55:25.183 DEBUG testcase.CovVal_26692                    - 1: nik = data.getValue("NomorIdentitas", row)
2026-06-18 10:55:25.184 DEBUG testcase.CovVal_26692                    - 2: response = sendRequest(findTestObject("API/Posts/CoveringValidation/CovVal_26692", ["NomorIdentitas":nik]))
2026-06-18 10:55:27.969 INFO  c.k.k.core.webservice.common.HarLogger   - HAR: C:\Users\ACER\git\AutoAPI\Reports\20260618_105141\API\Pembukuan\pembukuanAPI\20260618_105141\requests\main\CovVal_26692_73.har
2026-06-18 10:55:27.974 DEBUG testcase.CovVal_26692                    - 3: println("==============================")
==============================
2026-06-18 10:55:27.975 DEBUG testcase.CovVal_26692                    - 4: println("Row                : " + row)
Row                : 74
2026-06-18 10:55:27.977 DEBUG testcase.CovVal_26692                    - 5: println("NomorIdentitas     : " + nik)
NomorIdentitas     : 2605210000000196
2026-06-18 10:55:27.978 DEBUG testcase.CovVal_26692                    - 6: println("HTTP Status        : " + response.getStatusCode())
HTTP Status        : 200
2026-06-18 10:55:27.979 DEBUG testcase.CovVal_26692                    - 7: println("Response Body      : " + response.getResponseBodyContent())
Response Body      : {"ResponseCode":"00","ResponseDescription":"Success","ResponseException":"","FIDJenisPengajuan":"1","JenisPengajuan":"New","UrutanPengajuan":"1","FIDJenisCovering":"1","JenisCovering":"Conditional Automatic Cover","TanggalMulaiCovering":"01\/01\/1900","TanggalAkhirCovering":"01\/01\/1900","NominalPremi":"40000.00","RemarkPremi":"BRISURF_COV_26692_2605210000000196_01","NomorRekeningGiroPremi":"020601000102311","NamaRekeningGiroPremi":"PT BRI ASURANSI INDONESIA (Dummy)","NominalPertanggungan":"0.00","NominalCoverage":"0.00","NominalFeeCovering":"6000.00","NominalPajakCovering":"660.00","RemarkFeePremi":"BRISURF_COV_26692_2605210000000196_01","PersentasePertanggungan":"100","PersentaseCoverage":"100","OriginalPremi":"40000.00","DiscountPremi":0,"NominalPremiExtra":0,"NominalPremiBebanNasabah":0,"NominalPremiBebanBRI":0,"Signature":"37f17babfd3e96ea886af33c7fc23e97"}
2026-06-18 10:55:27.980 DEBUG testcase.CovVal_26692                    - 1: nik = data.getValue("NomorIdentitas", row)
2026-06-18 10:55:27.982 DEBUG testcase.CovVal_26692                    - 2: response = sendRequest(findTestObject("API/Posts/CoveringValidation/CovVal_26692", ["NomorIdentitas":nik]))
2026-06-18 10:55:31.202 INFO  c.k.k.core.webservice.common.HarLogger   - HAR: C:\Users\ACER\git\AutoAPI\Reports\20260618_105141\API\Pembukuan\pembukuanAPI\20260618_105141\requests\main\CovVal_26692_74.har
2026-06-18 10:55:31.207 DEBUG testcase.CovVal_26692                    - 3: println("==============================")
==============================
2026-06-18 10:55:31.208 DEBUG testcase.CovVal_26692                    - 4: println("Row                : " + row)
Row                : 75
2026-06-18 10:55:31.209 DEBUG testcase.CovVal_26692                    - 5: println("NomorIdentitas     : " + nik)
NomorIdentitas     : 2605210000000197
2026-06-18 10:55:31.210 DEBUG testcase.CovVal_26692                    - 6: println("HTTP Status        : " + response.getStatusCode())
HTTP Status        : 200
2026-06-18 10:55:31.211 DEBUG testcase.CovVal_26692                    - 7: println("Response Body      : " + response.getResponseBodyContent())
Response Body      : {"ResponseCode":"00","ResponseDescription":"Success","ResponseException":"","FIDJenisPengajuan":"1","JenisPengajuan":"New","UrutanPengajuan":"1","FIDJenisCovering":"1","JenisCovering":"Conditional Automatic Cover","TanggalMulaiCovering":"01\/01\/1900","TanggalAkhirCovering":"01\/01\/1900","NominalPremi":"40000.00","RemarkPremi":"BRISURF_COV_26692_2605210000000197_01","NomorRekeningGiroPremi":"020601000102311","NamaRekeningGiroPremi":"PT BRI ASURANSI INDONESIA (Dummy)","NominalPertanggungan":"0.00","NominalCoverage":"0.00","NominalFeeCovering":"6000.00","NominalPajakCovering":"660.00","RemarkFeePremi":"BRISURF_COV_26692_2605210000000197_01","PersentasePertanggungan":"100","PersentaseCoverage":"100","OriginalPremi":"40000.00","DiscountPremi":0,"NominalPremiExtra":0,"NominalPremiBebanNasabah":0,"NominalPremiBebanBRI":0,"Signature":"37f17babfd3e96ea886af33c7fc23e97"}
2026-06-18 10:55:31.212 DEBUG testcase.CovVal_26692                    - 1: nik = data.getValue("NomorIdentitas", row)
2026-06-18 10:55:31.213 DEBUG testcase.CovVal_26692                    - 2: response = sendRequest(findTestObject("API/Posts/CoveringValidation/CovVal_26692", ["NomorIdentitas":nik]))
2026-06-18 10:55:33.989 INFO  c.k.k.core.webservice.common.HarLogger   - HAR: C:\Users\ACER\git\AutoAPI\Reports\20260618_105141\API\Pembukuan\pembukuanAPI\20260618_105141\requests\main\CovVal_26692_75.har
2026-06-18 10:55:33.992 DEBUG testcase.CovVal_26692                    - 3: println("==============================")
==============================
2026-06-18 10:55:33.993 DEBUG testcase.CovVal_26692                    - 4: println("Row                : " + row)
Row                : 76
2026-06-18 10:55:33.994 DEBUG testcase.CovVal_26692                    - 5: println("NomorIdentitas     : " + nik)
NomorIdentitas     : 2605210000000198
2026-06-18 10:55:33.995 DEBUG testcase.CovVal_26692                    - 6: println("HTTP Status        : " + response.getStatusCode())
HTTP Status        : 200
2026-06-18 10:55:33.996 DEBUG testcase.CovVal_26692                    - 7: println("Response Body      : " + response.getResponseBodyContent())
Response Body      : {"ResponseCode":"00","ResponseDescription":"Success","ResponseException":"","FIDJenisPengajuan":"1","JenisPengajuan":"New","UrutanPengajuan":"1","FIDJenisCovering":"1","JenisCovering":"Conditional Automatic Cover","TanggalMulaiCovering":"01\/01\/1900","TanggalAkhirCovering":"01\/01\/1900","NominalPremi":"40000.00","RemarkPremi":"BRISURF_COV_26692_2605210000000198_01","NomorRekeningGiroPremi":"020601000102311","NamaRekeningGiroPremi":"PT BRI ASURANSI INDONESIA (Dummy)","NominalPertanggungan":"0.00","NominalCoverage":"0.00","NominalFeeCovering":"6000.00","NominalPajakCovering":"660.00","RemarkFeePremi":"BRISURF_COV_26692_2605210000000198_01","PersentasePertanggungan":"100","PersentaseCoverage":"100","OriginalPremi":"40000.00","DiscountPremi":0,"NominalPremiExtra":0,"NominalPremiBebanNasabah":0,"NominalPremiBebanBRI":0,"Signature":"37f17babfd3e96ea886af33c7fc23e97"}
2026-06-18 10:55:33.997 DEBUG testcase.CovVal_26692                    - 1: nik = data.getValue("NomorIdentitas", row)
2026-06-18 10:55:33.998 DEBUG testcase.CovVal_26692                    - 2: response = sendRequest(findTestObject("API/Posts/CoveringValidation/CovVal_26692", ["NomorIdentitas":nik]))
2026-06-18 10:55:36.860 INFO  c.k.k.core.webservice.common.HarLogger   - HAR: C:\Users\ACER\git\AutoAPI\Reports\20260618_105141\API\Pembukuan\pembukuanAPI\20260618_105141\requests\main\CovVal_26692_76.har
2026-06-18 10:55:36.866 DEBUG testcase.CovVal_26692                    - 3: println("==============================")
==============================
2026-06-18 10:55:36.867 DEBUG testcase.CovVal_26692                    - 4: println("Row                : " + row)
Row                : 77
2026-06-18 10:55:36.868 DEBUG testcase.CovVal_26692                    - 5: println("NomorIdentitas     : " + nik)
NomorIdentitas     : 2605210000000199
2026-06-18 10:55:36.871 DEBUG testcase.CovVal_26692                    - 6: println("HTTP Status        : " + response.getStatusCode())
HTTP Status        : 200
2026-06-18 10:55:36.873 DEBUG testcase.CovVal_26692                    - 7: println("Response Body      : " + response.getResponseBodyContent())
Response Body      : {"ResponseCode":"00","ResponseDescription":"Success","ResponseException":"","FIDJenisPengajuan":"1","JenisPengajuan":"New","UrutanPengajuan":"1","FIDJenisCovering":"1","JenisCovering":"Conditional Automatic Cover","TanggalMulaiCovering":"01\/01\/1900","TanggalAkhirCovering":"01\/01\/1900","NominalPremi":"40000.00","RemarkPremi":"BRISURF_COV_26692_2605210000000199_01","NomorRekeningGiroPremi":"020601000102311","NamaRekeningGiroPremi":"PT BRI ASURANSI INDONESIA (Dummy)","NominalPertanggungan":"0.00","NominalCoverage":"0.00","NominalFeeCovering":"6000.00","NominalPajakCovering":"660.00","RemarkFeePremi":"BRISURF_COV_26692_2605210000000199_01","PersentasePertanggungan":"100","PersentaseCoverage":"100","OriginalPremi":"40000.00","DiscountPremi":0,"NominalPremiExtra":0,"NominalPremiBebanNasabah":0,"NominalPremiBebanBRI":0,"Signature":"37f17babfd3e96ea886af33c7fc23e97"}
2026-06-18 10:55:36.875 DEBUG testcase.CovVal_26692                    - 1: nik = data.getValue("NomorIdentitas", row)
2026-06-18 10:55:36.877 DEBUG testcase.CovVal_26692                    - 2: response = sendRequest(findTestObject("API/Posts/CoveringValidation/CovVal_26692", ["NomorIdentitas":nik]))
2026-06-18 10:55:39.641 INFO  c.k.k.core.webservice.common.HarLogger   - HAR: C:\Users\ACER\git\AutoAPI\Reports\20260618_105141\API\Pembukuan\pembukuanAPI\20260618_105141\requests\main\CovVal_26692_77.har
2026-06-18 10:55:39.645 DEBUG testcase.CovVal_26692                    - 3: println("==============================")
==============================
2026-06-18 10:55:39.646 DEBUG testcase.CovVal_26692                    - 4: println("Row                : " + row)
Row                : 78
2026-06-18 10:55:39.647 DEBUG testcase.CovVal_26692                    - 5: println("NomorIdentitas     : " + nik)
NomorIdentitas     : 2605210000000200
2026-06-18 10:55:39.648 DEBUG testcase.CovVal_26692                    - 6: println("HTTP Status        : " + response.getStatusCode())
HTTP Status        : 200
2026-06-18 10:55:39.649 DEBUG testcase.CovVal_26692                    - 7: println("Response Body      : " + response.getResponseBodyContent())
Response Body      : {"ResponseCode":"00","ResponseDescription":"Success","ResponseException":"","FIDJenisPengajuan":"1","JenisPengajuan":"New","UrutanPengajuan":"1","FIDJenisCovering":"1","JenisCovering":"Conditional Automatic Cover","TanggalMulaiCovering":"01\/01\/1900","TanggalAkhirCovering":"01\/01\/1900","NominalPremi":"40000.00","RemarkPremi":"BRISURF_COV_26692_2605210000000200_01","NomorRekeningGiroPremi":"020601000102311","NamaRekeningGiroPremi":"PT BRI ASURANSI INDONESIA (Dummy)","NominalPertanggungan":"0.00","NominalCoverage":"0.00","NominalFeeCovering":"6000.00","NominalPajakCovering":"660.00","RemarkFeePremi":"BRISURF_COV_26692_2605210000000200_01","PersentasePertanggungan":"100","PersentaseCoverage":"100","OriginalPremi":"40000.00","DiscountPremi":0,"NominalPremiExtra":0,"NominalPremiBebanNasabah":0,"NominalPremiBebanBRI":0,"Signature":"37f17babfd3e96ea886af33c7fc23e97"}
2026-06-18 10:55:39.650 DEBUG testcase.CovVal_26692                    - 1: nik = data.getValue("NomorIdentitas", row)
2026-06-18 10:55:39.653 DEBUG testcase.CovVal_26692                    - 2: response = sendRequest(findTestObject("API/Posts/CoveringValidation/CovVal_26692", ["NomorIdentitas":nik]))
2026-06-18 10:55:42.448 INFO  c.k.k.core.webservice.common.HarLogger   - HAR: C:\Users\ACER\git\AutoAPI\Reports\20260618_105141\API\Pembukuan\pembukuanAPI\20260618_105141\requests\main\CovVal_26692_78.har
2026-06-18 10:55:42.457 DEBUG testcase.CovVal_26692                    - 3: println("==============================")
==============================
2026-06-18 10:55:42.458 DEBUG testcase.CovVal_26692                    - 4: println("Row                : " + row)
Row                : 79
2026-06-18 10:55:42.459 DEBUG testcase.CovVal_26692                    - 5: println("NomorIdentitas     : " + nik)
NomorIdentitas     : 2605210000000201
2026-06-18 10:55:42.460 DEBUG testcase.CovVal_26692                    - 6: println("HTTP Status        : " + response.getStatusCode())
HTTP Status        : 200
2026-06-18 10:55:42.462 DEBUG testcase.CovVal_26692                    - 7: println("Response Body      : " + response.getResponseBodyContent())
Response Body      : {"ResponseCode":"00","ResponseDescription":"Success","ResponseException":"","FIDJenisPengajuan":"1","JenisPengajuan":"New","UrutanPengajuan":"1","FIDJenisCovering":"1","JenisCovering":"Conditional Automatic Cover","TanggalMulaiCovering":"01\/01\/1900","TanggalAkhirCovering":"01\/01\/1900","NominalPremi":"40000.00","RemarkPremi":"BRISURF_COV_26692_2605210000000201_01","NomorRekeningGiroPremi":"020601000102311","NamaRekeningGiroPremi":"PT BRI ASURANSI INDONESIA (Dummy)","NominalPertanggungan":"0.00","NominalCoverage":"0.00","NominalFeeCovering":"6000.00","NominalPajakCovering":"660.00","RemarkFeePremi":"BRISURF_COV_26692_2605210000000201_01","PersentasePertanggungan":"100","PersentaseCoverage":"100","OriginalPremi":"40000.00","DiscountPremi":0,"NominalPremiExtra":0,"NominalPremiBebanNasabah":0,"NominalPremiBebanBRI":0,"Signature":"37f17babfd3e96ea886af33c7fc23e97"}
2026-06-18 10:55:42.464 DEBUG testcase.CovVal_26692                    - 1: nik = data.getValue("NomorIdentitas", row)
2026-06-18 10:55:42.465 DEBUG testcase.CovVal_26692                    - 2: response = sendRequest(findTestObject("API/Posts/CoveringValidation/CovVal_26692", ["NomorIdentitas":nik]))
2026-06-18 10:55:45.262 INFO  c.k.k.core.webservice.common.HarLogger   - HAR: C:\Users\ACER\git\AutoAPI\Reports\20260618_105141\API\Pembukuan\pembukuanAPI\20260618_105141\requests\main\CovVal_26692_79.har
2026-06-18 10:55:45.268 DEBUG testcase.CovVal_26692                    - 3: println("==============================")
==============================
2026-06-18 10:55:45.270 DEBUG testcase.CovVal_26692                    - 4: println("Row                : " + row)
Row                : 80
2026-06-18 10:55:45.271 DEBUG testcase.CovVal_26692                    - 5: println("NomorIdentitas     : " + nik)
NomorIdentitas     : 2605210000000202
2026-06-18 10:55:45.272 DEBUG testcase.CovVal_26692                    - 6: println("HTTP Status        : " + response.getStatusCode())
HTTP Status        : 200
2026-06-18 10:55:45.273 DEBUG testcase.CovVal_26692                    - 7: println("Response Body      : " + response.getResponseBodyContent())
Response Body      : {"ResponseCode":"00","ResponseDescription":"Success","ResponseException":"","FIDJenisPengajuan":"1","JenisPengajuan":"New","UrutanPengajuan":"1","FIDJenisCovering":"1","JenisCovering":"Conditional Automatic Cover","TanggalMulaiCovering":"01\/01\/1900","TanggalAkhirCovering":"01\/01\/1900","NominalPremi":"40000.00","RemarkPremi":"BRISURF_COV_26692_2605210000000202_01","NomorRekeningGiroPremi":"020601000102311","NamaRekeningGiroPremi":"PT BRI ASURANSI INDONESIA (Dummy)","NominalPertanggungan":"0.00","NominalCoverage":"0.00","NominalFeeCovering":"6000.00","NominalPajakCovering":"660.00","RemarkFeePremi":"BRISURF_COV_26692_2605210000000202_01","PersentasePertanggungan":"100","PersentaseCoverage":"100","OriginalPremi":"40000.00","DiscountPremi":0,"NominalPremiExtra":0,"NominalPremiBebanNasabah":0,"NominalPremiBebanBRI":0,"Signature":"37f17babfd3e96ea886af33c7fc23e97"}
2026-06-18 10:55:45.275 DEBUG testcase.CovVal_26692                    - 1: nik = data.getValue("NomorIdentitas", row)
2026-06-18 10:55:45.276 DEBUG testcase.CovVal_26692                    - 2: response = sendRequest(findTestObject("API/Posts/CoveringValidation/CovVal_26692", ["NomorIdentitas":nik]))
2026-06-18 10:55:48.119 INFO  c.k.k.core.webservice.common.HarLogger   - HAR: C:\Users\ACER\git\AutoAPI\Reports\20260618_105141\API\Pembukuan\pembukuanAPI\20260618_105141\requests\main\CovVal_26692_80.har
2026-06-18 10:55:48.123 DEBUG testcase.CovVal_26692                    - 3: println("==============================")
==============================
2026-06-18 10:55:48.124 DEBUG testcase.CovVal_26692                    - 4: println("Row                : " + row)
Row                : 81
2026-06-18 10:55:48.125 DEBUG testcase.CovVal_26692                    - 5: println("NomorIdentitas     : " + nik)
NomorIdentitas     : 2605210000000203
2026-06-18 10:55:48.126 DEBUG testcase.CovVal_26692                    - 6: println("HTTP Status        : " + response.getStatusCode())
HTTP Status        : 200
2026-06-18 10:55:48.127 DEBUG testcase.CovVal_26692                    - 7: println("Response Body      : " + response.getResponseBodyContent())
Response Body      : {"ResponseCode":"00","ResponseDescription":"Success","ResponseException":"","FIDJenisPengajuan":"1","JenisPengajuan":"New","UrutanPengajuan":"1","FIDJenisCovering":"1","JenisCovering":"Conditional Automatic Cover","TanggalMulaiCovering":"01\/01\/1900","TanggalAkhirCovering":"01\/01\/1900","NominalPremi":"40000.00","RemarkPremi":"BRISURF_COV_26692_2605210000000203_01","NomorRekeningGiroPremi":"020601000102311","NamaRekeningGiroPremi":"PT BRI ASURANSI INDONESIA (Dummy)","NominalPertanggungan":"0.00","NominalCoverage":"0.00","NominalFeeCovering":"6000.00","NominalPajakCovering":"660.00","RemarkFeePremi":"BRISURF_COV_26692_2605210000000203_01","PersentasePertanggungan":"100","PersentaseCoverage":"100","OriginalPremi":"40000.00","DiscountPremi":0,"NominalPremiExtra":0,"NominalPremiBebanNasabah":0,"NominalPremiBebanBRI":0,"Signature":"37f17babfd3e96ea886af33c7fc23e97"}
2026-06-18 10:55:48.128 DEBUG testcase.CovVal_26692                    - 1: nik = data.getValue("NomorIdentitas", row)
2026-06-18 10:55:48.129 DEBUG testcase.CovVal_26692                    - 2: response = sendRequest(findTestObject("API/Posts/CoveringValidation/CovVal_26692", ["NomorIdentitas":nik]))
2026-06-18 10:55:51.068 INFO  c.k.k.core.webservice.common.HarLogger   - HAR: C:\Users\ACER\git\AutoAPI\Reports\20260618_105141\API\Pembukuan\pembukuanAPI\20260618_105141\requests\main\CovVal_26692_81.har
2026-06-18 10:55:51.075 DEBUG testcase.CovVal_26692                    - 3: println("==============================")
==============================
2026-06-18 10:55:51.077 DEBUG testcase.CovVal_26692                    - 4: println("Row                : " + row)
Row                : 82
2026-06-18 10:55:51.079 DEBUG testcase.CovVal_26692                    - 5: println("NomorIdentitas     : " + nik)
NomorIdentitas     : 2605210000000204
2026-06-18 10:55:51.085 DEBUG testcase.CovVal_26692                    - 6: println("HTTP Status        : " + response.getStatusCode())
HTTP Status        : 200
2026-06-18 10:55:51.086 DEBUG testcase.CovVal_26692                    - 7: println("Response Body      : " + response.getResponseBodyContent())
Response Body      : {"ResponseCode":"00","ResponseDescription":"Success","ResponseException":"","FIDJenisPengajuan":"1","JenisPengajuan":"New","UrutanPengajuan":"1","FIDJenisCovering":"1","JenisCovering":"Conditional Automatic Cover","TanggalMulaiCovering":"01\/01\/1900","TanggalAkhirCovering":"01\/01\/1900","NominalPremi":"40000.00","RemarkPremi":"BRISURF_COV_26692_2605210000000204_01","NomorRekeningGiroPremi":"020601000102311","NamaRekeningGiroPremi":"PT BRI ASURANSI INDONESIA (Dummy)","NominalPertanggungan":"0.00","NominalCoverage":"0.00","NominalFeeCovering":"6000.00","NominalPajakCovering":"660.00","RemarkFeePremi":"BRISURF_COV_26692_2605210000000204_01","PersentasePertanggungan":"100","PersentaseCoverage":"100","OriginalPremi":"40000.00","DiscountPremi":0,"NominalPremiExtra":0,"NominalPremiBebanNasabah":0,"NominalPremiBebanBRI":0,"Signature":"37f17babfd3e96ea886af33c7fc23e97"}
2026-06-18 10:55:51.090 DEBUG testcase.CovVal_26692                    - 1: nik = data.getValue("NomorIdentitas", row)
2026-06-18 10:55:51.093 DEBUG testcase.CovVal_26692                    - 2: response = sendRequest(findTestObject("API/Posts/CoveringValidation/CovVal_26692", ["NomorIdentitas":nik]))
2026-06-18 10:55:53.962 INFO  c.k.k.core.webservice.common.HarLogger   - HAR: C:\Users\ACER\git\AutoAPI\Reports\20260618_105141\API\Pembukuan\pembukuanAPI\20260618_105141\requests\main\CovVal_26692_82.har
2026-06-18 10:55:53.966 DEBUG testcase.CovVal_26692                    - 3: println("==============================")
==============================
2026-06-18 10:55:53.967 DEBUG testcase.CovVal_26692                    - 4: println("Row                : " + row)
Row                : 83
2026-06-18 10:55:53.969 DEBUG testcase.CovVal_26692                    - 5: println("NomorIdentitas     : " + nik)
NomorIdentitas     : 2605210000000205
2026-06-18 10:55:53.970 DEBUG testcase.CovVal_26692                    - 6: println("HTTP Status        : " + response.getStatusCode())
HTTP Status        : 200
2026-06-18 10:55:53.971 DEBUG testcase.CovVal_26692                    - 7: println("Response Body      : " + response.getResponseBodyContent())
Response Body      : {"ResponseCode":"00","ResponseDescription":"Success","ResponseException":"","FIDJenisPengajuan":"1","JenisPengajuan":"New","UrutanPengajuan":"1","FIDJenisCovering":"1","JenisCovering":"Conditional Automatic Cover","TanggalMulaiCovering":"01\/01\/1900","TanggalAkhirCovering":"01\/01\/1900","NominalPremi":"40000.00","RemarkPremi":"BRISURF_COV_26692_2605210000000205_01","NomorRekeningGiroPremi":"020601000102311","NamaRekeningGiroPremi":"PT BRI ASURANSI INDONESIA (Dummy)","NominalPertanggungan":"0.00","NominalCoverage":"0.00","NominalFeeCovering":"6000.00","NominalPajakCovering":"660.00","RemarkFeePremi":"BRISURF_COV_26692_2605210000000205_01","PersentasePertanggungan":"100","PersentaseCoverage":"100","OriginalPremi":"40000.00","DiscountPremi":0,"NominalPremiExtra":0,"NominalPremiBebanNasabah":0,"NominalPremiBebanBRI":0,"Signature":"37f17babfd3e96ea886af33c7fc23e97"}
2026-06-18 10:55:53.973 DEBUG testcase.CovVal_26692                    - 1: nik = data.getValue("NomorIdentitas", row)
2026-06-18 10:55:53.973 DEBUG testcase.CovVal_26692                    - 2: response = sendRequest(findTestObject("API/Posts/CoveringValidation/CovVal_26692", ["NomorIdentitas":nik]))
2026-06-18 10:55:56.741 INFO  c.k.k.core.webservice.common.HarLogger   - HAR: C:\Users\ACER\git\AutoAPI\Reports\20260618_105141\API\Pembukuan\pembukuanAPI\20260618_105141\requests\main\CovVal_26692_83.har
2026-06-18 10:55:56.745 DEBUG testcase.CovVal_26692                    - 3: println("==============================")
==============================
2026-06-18 10:55:56.746 DEBUG testcase.CovVal_26692                    - 4: println("Row                : " + row)
Row                : 84
2026-06-18 10:55:56.748 DEBUG testcase.CovVal_26692                    - 5: println("NomorIdentitas     : " + nik)
NomorIdentitas     : 2605210000000206
2026-06-18 10:55:56.749 DEBUG testcase.CovVal_26692                    - 6: println("HTTP Status        : " + response.getStatusCode())
HTTP Status        : 200
2026-06-18 10:55:56.750 DEBUG testcase.CovVal_26692                    - 7: println("Response Body      : " + response.getResponseBodyContent())
Response Body      : {"ResponseCode":"00","ResponseDescription":"Success","ResponseException":"","FIDJenisPengajuan":"1","JenisPengajuan":"New","UrutanPengajuan":"1","FIDJenisCovering":"1","JenisCovering":"Conditional Automatic Cover","TanggalMulaiCovering":"01\/01\/1900","TanggalAkhirCovering":"01\/01\/1900","NominalPremi":"40000.00","RemarkPremi":"BRISURF_COV_26692_2605210000000206_01","NomorRekeningGiroPremi":"020601000102311","NamaRekeningGiroPremi":"PT BRI ASURANSI INDONESIA (Dummy)","NominalPertanggungan":"0.00","NominalCoverage":"0.00","NominalFeeCovering":"6000.00","NominalPajakCovering":"660.00","RemarkFeePremi":"BRISURF_COV_26692_2605210000000206_01","PersentasePertanggungan":"100","PersentaseCoverage":"100","OriginalPremi":"40000.00","DiscountPremi":0,"NominalPremiExtra":0,"NominalPremiBebanNasabah":0,"NominalPremiBebanBRI":0,"Signature":"37f17babfd3e96ea886af33c7fc23e97"}
2026-06-18 10:55:56.751 DEBUG testcase.CovVal_26692                    - 1: nik = data.getValue("NomorIdentitas", row)
2026-06-18 10:55:56.752 DEBUG testcase.CovVal_26692                    - 2: response = sendRequest(findTestObject("API/Posts/CoveringValidation/CovVal_26692", ["NomorIdentitas":nik]))
2026-06-18 10:55:59.541 INFO  c.k.k.core.webservice.common.HarLogger   - HAR: C:\Users\ACER\git\AutoAPI\Reports\20260618_105141\API\Pembukuan\pembukuanAPI\20260618_105141\requests\main\CovVal_26692_84.har
2026-06-18 10:55:59.545 DEBUG testcase.CovVal_26692                    - 3: println("==============================")
==============================
2026-06-18 10:55:59.549 DEBUG testcase.CovVal_26692                    - 4: println("Row                : " + row)
Row                : 85
2026-06-18 10:55:59.550 DEBUG testcase.CovVal_26692                    - 5: println("NomorIdentitas     : " + nik)
NomorIdentitas     : 2605210000000207
2026-06-18 10:55:59.551 DEBUG testcase.CovVal_26692                    - 6: println("HTTP Status        : " + response.getStatusCode())
HTTP Status        : 200
2026-06-18 10:55:59.552 DEBUG testcase.CovVal_26692                    - 7: println("Response Body      : " + response.getResponseBodyContent())
Response Body      : {"ResponseCode":"00","ResponseDescription":"Success","ResponseException":"","FIDJenisPengajuan":"1","JenisPengajuan":"New","UrutanPengajuan":"1","FIDJenisCovering":"1","JenisCovering":"Conditional Automatic Cover","TanggalMulaiCovering":"01\/01\/1900","TanggalAkhirCovering":"01\/01\/1900","NominalPremi":"40000.00","RemarkPremi":"BRISURF_COV_26692_2605210000000207_01","NomorRekeningGiroPremi":"020601000102311","NamaRekeningGiroPremi":"PT BRI ASURANSI INDONESIA (Dummy)","NominalPertanggungan":"0.00","NominalCoverage":"0.00","NominalFeeCovering":"6000.00","NominalPajakCovering":"660.00","RemarkFeePremi":"BRISURF_COV_26692_2605210000000207_01","PersentasePertanggungan":"100","PersentaseCoverage":"100","OriginalPremi":"40000.00","DiscountPremi":0,"NominalPremiExtra":0,"NominalPremiBebanNasabah":0,"NominalPremiBebanBRI":0,"Signature":"37f17babfd3e96ea886af33c7fc23e97"}
2026-06-18 10:55:59.554 DEBUG testcase.CovVal_26692                    - 1: nik = data.getValue("NomorIdentitas", row)
2026-06-18 10:55:59.555 DEBUG testcase.CovVal_26692                    - 2: response = sendRequest(findTestObject("API/Posts/CoveringValidation/CovVal_26692", ["NomorIdentitas":nik]))
2026-06-18 10:56:02.332 INFO  c.k.k.core.webservice.common.HarLogger   - HAR: C:\Users\ACER\git\AutoAPI\Reports\20260618_105141\API\Pembukuan\pembukuanAPI\20260618_105141\requests\main\CovVal_26692_85.har
2026-06-18 10:56:02.337 DEBUG testcase.CovVal_26692                    - 3: println("==============================")
==============================
2026-06-18 10:56:02.338 DEBUG testcase.CovVal_26692                    - 4: println("Row                : " + row)
Row                : 86
2026-06-18 10:56:02.339 DEBUG testcase.CovVal_26692                    - 5: println("NomorIdentitas     : " + nik)
NomorIdentitas     : 2605210000000208
2026-06-18 10:56:02.341 DEBUG testcase.CovVal_26692                    - 6: println("HTTP Status        : " + response.getStatusCode())
HTTP Status        : 200
2026-06-18 10:56:02.342 DEBUG testcase.CovVal_26692                    - 7: println("Response Body      : " + response.getResponseBodyContent())
Response Body      : {"ResponseCode":"00","ResponseDescription":"Success","ResponseException":"","FIDJenisPengajuan":"1","JenisPengajuan":"New","UrutanPengajuan":"1","FIDJenisCovering":"1","JenisCovering":"Conditional Automatic Cover","TanggalMulaiCovering":"01\/01\/1900","TanggalAkhirCovering":"01\/01\/1900","NominalPremi":"40000.00","RemarkPremi":"BRISURF_COV_26692_2605210000000208_01","NomorRekeningGiroPremi":"020601000102311","NamaRekeningGiroPremi":"PT BRI ASURANSI INDONESIA (Dummy)","NominalPertanggungan":"0.00","NominalCoverage":"0.00","NominalFeeCovering":"6000.00","NominalPajakCovering":"660.00","RemarkFeePremi":"BRISURF_COV_26692_2605210000000208_01","PersentasePertanggungan":"100","PersentaseCoverage":"100","OriginalPremi":"40000.00","DiscountPremi":0,"NominalPremiExtra":0,"NominalPremiBebanNasabah":0,"NominalPremiBebanBRI":0,"Signature":"37f17babfd3e96ea886af33c7fc23e97"}
2026-06-18 10:56:02.344 DEBUG testcase.CovVal_26692                    - 1: nik = data.getValue("NomorIdentitas", row)
2026-06-18 10:56:02.346 DEBUG testcase.CovVal_26692                    - 2: response = sendRequest(findTestObject("API/Posts/CoveringValidation/CovVal_26692", ["NomorIdentitas":nik]))
2026-06-18 10:56:05.142 INFO  c.k.k.core.webservice.common.HarLogger   - HAR: C:\Users\ACER\git\AutoAPI\Reports\20260618_105141\API\Pembukuan\pembukuanAPI\20260618_105141\requests\main\CovVal_26692_86.har
2026-06-18 10:56:05.148 DEBUG testcase.CovVal_26692                    - 3: println("==============================")
==============================
2026-06-18 10:56:05.149 DEBUG testcase.CovVal_26692                    - 4: println("Row                : " + row)
Row                : 87
2026-06-18 10:56:05.151 DEBUG testcase.CovVal_26692                    - 5: println("NomorIdentitas     : " + nik)
NomorIdentitas     : 2605210000000209
2026-06-18 10:56:05.152 DEBUG testcase.CovVal_26692                    - 6: println("HTTP Status        : " + response.getStatusCode())
HTTP Status        : 200
2026-06-18 10:56:05.153 DEBUG testcase.CovVal_26692                    - 7: println("Response Body      : " + response.getResponseBodyContent())
Response Body      : {"ResponseCode":"00","ResponseDescription":"Success","ResponseException":"","FIDJenisPengajuan":"1","JenisPengajuan":"New","UrutanPengajuan":"1","FIDJenisCovering":"1","JenisCovering":"Conditional Automatic Cover","TanggalMulaiCovering":"01\/01\/1900","TanggalAkhirCovering":"01\/01\/1900","NominalPremi":"40000.00","RemarkPremi":"BRISURF_COV_26692_2605210000000209_01","NomorRekeningGiroPremi":"020601000102311","NamaRekeningGiroPremi":"PT BRI ASURANSI INDONESIA (Dummy)","NominalPertanggungan":"0.00","NominalCoverage":"0.00","NominalFeeCovering":"6000.00","NominalPajakCovering":"660.00","RemarkFeePremi":"BRISURF_COV_26692_2605210000000209_01","PersentasePertanggungan":"100","PersentaseCoverage":"100","OriginalPremi":"40000.00","DiscountPremi":0,"NominalPremiExtra":0,"NominalPremiBebanNasabah":0,"NominalPremiBebanBRI":0,"Signature":"37f17babfd3e96ea886af33c7fc23e97"}
2026-06-18 10:56:05.154 DEBUG testcase.CovVal_26692                    - 1: nik = data.getValue("NomorIdentitas", row)
2026-06-18 10:56:05.156 DEBUG testcase.CovVal_26692                    - 2: response = sendRequest(findTestObject("API/Posts/CoveringValidation/CovVal_26692", ["NomorIdentitas":nik]))
2026-06-18 10:56:08.084 INFO  c.k.k.core.webservice.common.HarLogger   - HAR: C:\Users\ACER\git\AutoAPI\Reports\20260618_105141\API\Pembukuan\pembukuanAPI\20260618_105141\requests\main\CovVal_26692_87.har
2026-06-18 10:56:08.088 DEBUG testcase.CovVal_26692                    - 3: println("==============================")
==============================
2026-06-18 10:56:08.098 DEBUG testcase.CovVal_26692                    - 4: println("Row                : " + row)
Row                : 88
2026-06-18 10:56:08.100 DEBUG testcase.CovVal_26692                    - 5: println("NomorIdentitas     : " + nik)
NomorIdentitas     : 2605210000000210
2026-06-18 10:56:08.101 DEBUG testcase.CovVal_26692                    - 6: println("HTTP Status        : " + response.getStatusCode())
HTTP Status        : 200
2026-06-18 10:56:08.104 DEBUG testcase.CovVal_26692                    - 7: println("Response Body      : " + response.getResponseBodyContent())
Response Body      : {"ResponseCode":"00","ResponseDescription":"Success","ResponseException":"","FIDJenisPengajuan":"1","JenisPengajuan":"New","UrutanPengajuan":"1","FIDJenisCovering":"1","JenisCovering":"Conditional Automatic Cover","TanggalMulaiCovering":"01\/01\/1900","TanggalAkhirCovering":"01\/01\/1900","NominalPremi":"40000.00","RemarkPremi":"BRISURF_COV_26692_2605210000000210_01","NomorRekeningGiroPremi":"020601000102311","NamaRekeningGiroPremi":"PT BRI ASURANSI INDONESIA (Dummy)","NominalPertanggungan":"0.00","NominalCoverage":"0.00","NominalFeeCovering":"6000.00","NominalPajakCovering":"660.00","RemarkFeePremi":"BRISURF_COV_26692_2605210000000210_01","PersentasePertanggungan":"100","PersentaseCoverage":"100","OriginalPremi":"40000.00","DiscountPremi":0,"NominalPremiExtra":0,"NominalPremiBebanNasabah":0,"NominalPremiBebanBRI":0,"Signature":"37f17babfd3e96ea886af33c7fc23e97"}
2026-06-18 10:56:08.105 DEBUG testcase.CovVal_26692                    - 1: nik = data.getValue("NomorIdentitas", row)
2026-06-18 10:56:08.107 DEBUG testcase.CovVal_26692                    - 2: response = sendRequest(findTestObject("API/Posts/CoveringValidation/CovVal_26692", ["NomorIdentitas":nik]))
2026-06-18 10:56:10.980 INFO  c.k.k.core.webservice.common.HarLogger   - HAR: C:\Users\ACER\git\AutoAPI\Reports\20260618_105141\API\Pembukuan\pembukuanAPI\20260618_105141\requests\main\CovVal_26692_88.har
2026-06-18 10:56:10.983 DEBUG testcase.CovVal_26692                    - 3: println("==============================")
==============================
2026-06-18 10:56:10.984 DEBUG testcase.CovVal_26692                    - 4: println("Row                : " + row)
Row                : 89
2026-06-18 10:56:10.985 DEBUG testcase.CovVal_26692                    - 5: println("NomorIdentitas     : " + nik)
NomorIdentitas     : 2605210000000211
2026-06-18 10:56:10.986 DEBUG testcase.CovVal_26692                    - 6: println("HTTP Status        : " + response.getStatusCode())
HTTP Status        : 200
2026-06-18 10:56:10.987 DEBUG testcase.CovVal_26692                    - 7: println("Response Body      : " + response.getResponseBodyContent())
Response Body      : {"ResponseCode":"00","ResponseDescription":"Success","ResponseException":"","FIDJenisPengajuan":"1","JenisPengajuan":"New","UrutanPengajuan":"1","FIDJenisCovering":"1","JenisCovering":"Conditional Automatic Cover","TanggalMulaiCovering":"01\/01\/1900","TanggalAkhirCovering":"01\/01\/1900","NominalPremi":"40000.00","RemarkPremi":"BRISURF_COV_26692_2605210000000211_01","NomorRekeningGiroPremi":"020601000102311","NamaRekeningGiroPremi":"PT BRI ASURANSI INDONESIA (Dummy)","NominalPertanggungan":"0.00","NominalCoverage":"0.00","NominalFeeCovering":"6000.00","NominalPajakCovering":"660.00","RemarkFeePremi":"BRISURF_COV_26692_2605210000000211_01","PersentasePertanggungan":"100","PersentaseCoverage":"100","OriginalPremi":"40000.00","DiscountPremi":0,"NominalPremiExtra":0,"NominalPremiBebanNasabah":0,"NominalPremiBebanBRI":0,"Signature":"37f17babfd3e96ea886af33c7fc23e97"}
2026-06-18 10:56:10.988 DEBUG testcase.CovVal_26692                    - 1: nik = data.getValue("NomorIdentitas", row)
2026-06-18 10:56:10.989 DEBUG testcase.CovVal_26692                    - 2: response = sendRequest(findTestObject("API/Posts/CoveringValidation/CovVal_26692", ["NomorIdentitas":nik]))
2026-06-18 10:56:13.765 INFO  c.k.k.core.webservice.common.HarLogger   - HAR: C:\Users\ACER\git\AutoAPI\Reports\20260618_105141\API\Pembukuan\pembukuanAPI\20260618_105141\requests\main\CovVal_26692_89.har
2026-06-18 10:56:13.768 DEBUG testcase.CovVal_26692                    - 3: println("==============================")
==============================
2026-06-18 10:56:13.769 DEBUG testcase.CovVal_26692                    - 4: println("Row                : " + row)
Row                : 90
2026-06-18 10:56:13.770 DEBUG testcase.CovVal_26692                    - 5: println("NomorIdentitas     : " + nik)
NomorIdentitas     : 2605210000000212
2026-06-18 10:56:13.771 DEBUG testcase.CovVal_26692                    - 6: println("HTTP Status        : " + response.getStatusCode())
HTTP Status        : 200
2026-06-18 10:56:13.772 DEBUG testcase.CovVal_26692                    - 7: println("Response Body      : " + response.getResponseBodyContent())
Response Body      : {"ResponseCode":"00","ResponseDescription":"Success","ResponseException":"","FIDJenisPengajuan":"1","JenisPengajuan":"New","UrutanPengajuan":"1","FIDJenisCovering":"1","JenisCovering":"Conditional Automatic Cover","TanggalMulaiCovering":"01\/01\/1900","TanggalAkhirCovering":"01\/01\/1900","NominalPremi":"40000.00","RemarkPremi":"BRISURF_COV_26692_2605210000000212_01","NomorRekeningGiroPremi":"020601000102311","NamaRekeningGiroPremi":"PT BRI ASURANSI INDONESIA (Dummy)","NominalPertanggungan":"0.00","NominalCoverage":"0.00","NominalFeeCovering":"6000.00","NominalPajakCovering":"660.00","RemarkFeePremi":"BRISURF_COV_26692_2605210000000212_01","PersentasePertanggungan":"100","PersentaseCoverage":"100","OriginalPremi":"40000.00","DiscountPremi":0,"NominalPremiExtra":0,"NominalPremiBebanNasabah":0,"NominalPremiBebanBRI":0,"Signature":"37f17babfd3e96ea886af33c7fc23e97"}
2026-06-18 10:56:13.773 DEBUG testcase.CovVal_26692                    - 1: nik = data.getValue("NomorIdentitas", row)
2026-06-18 10:56:13.774 DEBUG testcase.CovVal_26692                    - 2: response = sendRequest(findTestObject("API/Posts/CoveringValidation/CovVal_26692", ["NomorIdentitas":nik]))
2026-06-18 10:56:16.561 INFO  c.k.k.core.webservice.common.HarLogger   - HAR: C:\Users\ACER\git\AutoAPI\Reports\20260618_105141\API\Pembukuan\pembukuanAPI\20260618_105141\requests\main\CovVal_26692_90.har
2026-06-18 10:56:16.564 DEBUG testcase.CovVal_26692                    - 3: println("==============================")
==============================
2026-06-18 10:56:16.565 DEBUG testcase.CovVal_26692                    - 4: println("Row                : " + row)
Row                : 91
2026-06-18 10:56:16.566 DEBUG testcase.CovVal_26692                    - 5: println("NomorIdentitas     : " + nik)
NomorIdentitas     : 2605210000000213
2026-06-18 10:56:16.567 DEBUG testcase.CovVal_26692                    - 6: println("HTTP Status        : " + response.getStatusCode())
HTTP Status        : 200
2026-06-18 10:56:16.568 DEBUG testcase.CovVal_26692                    - 7: println("Response Body      : " + response.getResponseBodyContent())
Response Body      : {"ResponseCode":"00","ResponseDescription":"Success","ResponseException":"","FIDJenisPengajuan":"1","JenisPengajuan":"New","UrutanPengajuan":"1","FIDJenisCovering":"1","JenisCovering":"Conditional Automatic Cover","TanggalMulaiCovering":"01\/01\/1900","TanggalAkhirCovering":"01\/01\/1900","NominalPremi":"40000.00","RemarkPremi":"BRISURF_COV_26692_2605210000000213_01","NomorRekeningGiroPremi":"020601000102311","NamaRekeningGiroPremi":"PT BRI ASURANSI INDONESIA (Dummy)","NominalPertanggungan":"0.00","NominalCoverage":"0.00","NominalFeeCovering":"6000.00","NominalPajakCovering":"660.00","RemarkFeePremi":"BRISURF_COV_26692_2605210000000213_01","PersentasePertanggungan":"100","PersentaseCoverage":"100","OriginalPremi":"40000.00","DiscountPremi":0,"NominalPremiExtra":0,"NominalPremiBebanNasabah":0,"NominalPremiBebanBRI":0,"Signature":"37f17babfd3e96ea886af33c7fc23e97"}
2026-06-18 10:56:16.569 DEBUG testcase.CovVal_26692                    - 1: nik = data.getValue("NomorIdentitas", row)
2026-06-18 10:56:16.570 DEBUG testcase.CovVal_26692                    - 2: response = sendRequest(findTestObject("API/Posts/CoveringValidation/CovVal_26692", ["NomorIdentitas":nik]))
2026-06-18 10:56:19.421 INFO  c.k.k.core.webservice.common.HarLogger   - HAR: C:\Users\ACER\git\AutoAPI\Reports\20260618_105141\API\Pembukuan\pembukuanAPI\20260618_105141\requests\main\CovVal_26692_91.har
2026-06-18 10:56:19.426 DEBUG testcase.CovVal_26692                    - 3: println("==============================")
==============================
2026-06-18 10:56:19.427 DEBUG testcase.CovVal_26692                    - 4: println("Row                : " + row)
Row                : 92
2026-06-18 10:56:19.428 DEBUG testcase.CovVal_26692                    - 5: println("NomorIdentitas     : " + nik)
NomorIdentitas     : 2605210000000214
2026-06-18 10:56:19.429 DEBUG testcase.CovVal_26692                    - 6: println("HTTP Status        : " + response.getStatusCode())
HTTP Status        : 200
2026-06-18 10:56:19.430 DEBUG testcase.CovVal_26692                    - 7: println("Response Body      : " + response.getResponseBodyContent())
Response Body      : {"ResponseCode":"00","ResponseDescription":"Success","ResponseException":"","FIDJenisPengajuan":"1","JenisPengajuan":"New","UrutanPengajuan":"1","FIDJenisCovering":"1","JenisCovering":"Conditional Automatic Cover","TanggalMulaiCovering":"01\/01\/1900","TanggalAkhirCovering":"01\/01\/1900","NominalPremi":"40000.00","RemarkPremi":"BRISURF_COV_26692_2605210000000214_01","NomorRekeningGiroPremi":"020601000102311","NamaRekeningGiroPremi":"PT BRI ASURANSI INDONESIA (Dummy)","NominalPertanggungan":"0.00","NominalCoverage":"0.00","NominalFeeCovering":"6000.00","NominalPajakCovering":"660.00","RemarkFeePremi":"BRISURF_COV_26692_2605210000000214_01","PersentasePertanggungan":"100","PersentaseCoverage":"100","OriginalPremi":"40000.00","DiscountPremi":0,"NominalPremiExtra":0,"NominalPremiBebanNasabah":0,"NominalPremiBebanBRI":0,"Signature":"37f17babfd3e96ea886af33c7fc23e97"}
2026-06-18 10:56:19.431 DEBUG testcase.CovVal_26692                    - 1: nik = data.getValue("NomorIdentitas", row)
2026-06-18 10:56:19.432 DEBUG testcase.CovVal_26692                    - 2: response = sendRequest(findTestObject("API/Posts/CoveringValidation/CovVal_26692", ["NomorIdentitas":nik]))
2026-06-18 10:56:22.242 INFO  c.k.k.core.webservice.common.HarLogger   - HAR: C:\Users\ACER\git\AutoAPI\Reports\20260618_105141\API\Pembukuan\pembukuanAPI\20260618_105141\requests\main\CovVal_26692_92.har
2026-06-18 10:56:22.246 DEBUG testcase.CovVal_26692                    - 3: println("==============================")
==============================
2026-06-18 10:56:22.247 DEBUG testcase.CovVal_26692                    - 4: println("Row                : " + row)
Row                : 93
2026-06-18 10:56:22.248 DEBUG testcase.CovVal_26692                    - 5: println("NomorIdentitas     : " + nik)
NomorIdentitas     : 2605210000000215
2026-06-18 10:56:22.248 DEBUG testcase.CovVal_26692                    - 6: println("HTTP Status        : " + response.getStatusCode())
HTTP Status        : 200
2026-06-18 10:56:22.249 DEBUG testcase.CovVal_26692                    - 7: println("Response Body      : " + response.getResponseBodyContent())
Response Body      : {"ResponseCode":"00","ResponseDescription":"Success","ResponseException":"","FIDJenisPengajuan":"1","JenisPengajuan":"New","UrutanPengajuan":"1","FIDJenisCovering":"1","JenisCovering":"Conditional Automatic Cover","TanggalMulaiCovering":"01\/01\/1900","TanggalAkhirCovering":"01\/01\/1900","NominalPremi":"40000.00","RemarkPremi":"BRISURF_COV_26692_2605210000000215_01","NomorRekeningGiroPremi":"020601000102311","NamaRekeningGiroPremi":"PT BRI ASURANSI INDONESIA (Dummy)","NominalPertanggungan":"0.00","NominalCoverage":"0.00","NominalFeeCovering":"6000.00","NominalPajakCovering":"660.00","RemarkFeePremi":"BRISURF_COV_26692_2605210000000215_01","PersentasePertanggungan":"100","PersentaseCoverage":"100","OriginalPremi":"40000.00","DiscountPremi":0,"NominalPremiExtra":0,"NominalPremiBebanNasabah":0,"NominalPremiBebanBRI":0,"Signature":"37f17babfd3e96ea886af33c7fc23e97"}
2026-06-18 10:56:22.251 DEBUG testcase.CovVal_26692                    - 1: nik = data.getValue("NomorIdentitas", row)
2026-06-18 10:56:22.252 DEBUG testcase.CovVal_26692                    - 2: response = sendRequest(findTestObject("API/Posts/CoveringValidation/CovVal_26692", ["NomorIdentitas":nik]))
2026-06-18 10:56:25.017 INFO  c.k.k.core.webservice.common.HarLogger   - HAR: C:\Users\ACER\git\AutoAPI\Reports\20260618_105141\API\Pembukuan\pembukuanAPI\20260618_105141\requests\main\CovVal_26692_93.har
2026-06-18 10:56:25.020 DEBUG testcase.CovVal_26692                    - 3: println("==============================")
==============================
2026-06-18 10:56:25.021 DEBUG testcase.CovVal_26692                    - 4: println("Row                : " + row)
Row                : 94
2026-06-18 10:56:25.023 DEBUG testcase.CovVal_26692                    - 5: println("NomorIdentitas     : " + nik)
NomorIdentitas     : 2605210000000216
2026-06-18 10:56:25.024 DEBUG testcase.CovVal_26692                    - 6: println("HTTP Status        : " + response.getStatusCode())
HTTP Status        : 200
2026-06-18 10:56:25.026 DEBUG testcase.CovVal_26692                    - 7: println("Response Body      : " + response.getResponseBodyContent())
Response Body      : {"ResponseCode":"00","ResponseDescription":"Success","ResponseException":"","FIDJenisPengajuan":"1","JenisPengajuan":"New","UrutanPengajuan":"1","FIDJenisCovering":"1","JenisCovering":"Conditional Automatic Cover","TanggalMulaiCovering":"01\/01\/1900","TanggalAkhirCovering":"01\/01\/1900","NominalPremi":"40000.00","RemarkPremi":"BRISURF_COV_26692_2605210000000216_01","NomorRekeningGiroPremi":"020601000102311","NamaRekeningGiroPremi":"PT BRI ASURANSI INDONESIA (Dummy)","NominalPertanggungan":"0.00","NominalCoverage":"0.00","NominalFeeCovering":"6000.00","NominalPajakCovering":"660.00","RemarkFeePremi":"BRISURF_COV_26692_2605210000000216_01","PersentasePertanggungan":"100","PersentaseCoverage":"100","OriginalPremi":"40000.00","DiscountPremi":0,"NominalPremiExtra":0,"NominalPremiBebanNasabah":0,"NominalPremiBebanBRI":0,"Signature":"37f17babfd3e96ea886af33c7fc23e97"}
2026-06-18 10:56:25.027 DEBUG testcase.CovVal_26692                    - 1: nik = data.getValue("NomorIdentitas", row)
2026-06-18 10:56:25.028 DEBUG testcase.CovVal_26692                    - 2: response = sendRequest(findTestObject("API/Posts/CoveringValidation/CovVal_26692", ["NomorIdentitas":nik]))
2026-06-18 10:56:27.780 INFO  c.k.k.core.webservice.common.HarLogger   - HAR: C:\Users\ACER\git\AutoAPI\Reports\20260618_105141\API\Pembukuan\pembukuanAPI\20260618_105141\requests\main\CovVal_26692_94.har
2026-06-18 10:56:27.783 DEBUG testcase.CovVal_26692                    - 3: println("==============================")
==============================
2026-06-18 10:56:27.785 DEBUG testcase.CovVal_26692                    - 4: println("Row                : " + row)
Row                : 95
2026-06-18 10:56:27.785 DEBUG testcase.CovVal_26692                    - 5: println("NomorIdentitas     : " + nik)
NomorIdentitas     : 2605210000000217
2026-06-18 10:56:27.786 DEBUG testcase.CovVal_26692                    - 6: println("HTTP Status        : " + response.getStatusCode())
HTTP Status        : 200
2026-06-18 10:56:27.787 DEBUG testcase.CovVal_26692                    - 7: println("Response Body      : " + response.getResponseBodyContent())
Response Body      : {"ResponseCode":"00","ResponseDescription":"Success","ResponseException":"","FIDJenisPengajuan":"1","JenisPengajuan":"New","UrutanPengajuan":"1","FIDJenisCovering":"1","JenisCovering":"Conditional Automatic Cover","TanggalMulaiCovering":"01\/01\/1900","TanggalAkhirCovering":"01\/01\/1900","NominalPremi":"40000.00","RemarkPremi":"BRISURF_COV_26692_2605210000000217_01","NomorRekeningGiroPremi":"020601000102311","NamaRekeningGiroPremi":"PT BRI ASURANSI INDONESIA (Dummy)","NominalPertanggungan":"0.00","NominalCoverage":"0.00","NominalFeeCovering":"6000.00","NominalPajakCovering":"660.00","RemarkFeePremi":"BRISURF_COV_26692_2605210000000217_01","PersentasePertanggungan":"100","PersentaseCoverage":"100","OriginalPremi":"40000.00","DiscountPremi":0,"NominalPremiExtra":0,"NominalPremiBebanNasabah":0,"NominalPremiBebanBRI":0,"Signature":"37f17babfd3e96ea886af33c7fc23e97"}
2026-06-18 10:56:27.790 DEBUG testcase.CovVal_26692                    - 1: nik = data.getValue("NomorIdentitas", row)
2026-06-18 10:56:27.791 DEBUG testcase.CovVal_26692                    - 2: response = sendRequest(findTestObject("API/Posts/CoveringValidation/CovVal_26692", ["NomorIdentitas":nik]))
2026-06-18 10:56:30.920 INFO  c.k.k.core.webservice.common.HarLogger   - HAR: C:\Users\ACER\git\AutoAPI\Reports\20260618_105141\API\Pembukuan\pembukuanAPI\20260618_105141\requests\main\CovVal_26692_95.har
2026-06-18 10:56:30.925 DEBUG testcase.CovVal_26692                    - 3: println("==============================")
==============================
2026-06-18 10:56:30.926 DEBUG testcase.CovVal_26692                    - 4: println("Row                : " + row)
Row                : 96
2026-06-18 10:56:30.927 DEBUG testcase.CovVal_26692                    - 5: println("NomorIdentitas     : " + nik)
NomorIdentitas     : 2605210000000218
2026-06-18 10:56:30.927 DEBUG testcase.CovVal_26692                    - 6: println("HTTP Status        : " + response.getStatusCode())
HTTP Status        : 200
2026-06-18 10:56:30.928 DEBUG testcase.CovVal_26692                    - 7: println("Response Body      : " + response.getResponseBodyContent())
Response Body      : {"ResponseCode":"00","ResponseDescription":"Success","ResponseException":"","FIDJenisPengajuan":"1","JenisPengajuan":"New","UrutanPengajuan":"1","FIDJenisCovering":"1","JenisCovering":"Conditional Automatic Cover","TanggalMulaiCovering":"01\/01\/1900","TanggalAkhirCovering":"01\/01\/1900","NominalPremi":"40000.00","RemarkPremi":"BRISURF_COV_26692_2605210000000218_01","NomorRekeningGiroPremi":"020601000102311","NamaRekeningGiroPremi":"PT BRI ASURANSI INDONESIA (Dummy)","NominalPertanggungan":"0.00","NominalCoverage":"0.00","NominalFeeCovering":"6000.00","NominalPajakCovering":"660.00","RemarkFeePremi":"BRISURF_COV_26692_2605210000000218_01","PersentasePertanggungan":"100","PersentaseCoverage":"100","OriginalPremi":"40000.00","DiscountPremi":0,"NominalPremiExtra":0,"NominalPremiBebanNasabah":0,"NominalPremiBebanBRI":0,"Signature":"37f17babfd3e96ea886af33c7fc23e97"}
2026-06-18 10:56:30.928 DEBUG testcase.CovVal_26692                    - 1: nik = data.getValue("NomorIdentitas", row)
2026-06-18 10:56:30.929 DEBUG testcase.CovVal_26692                    - 2: response = sendRequest(findTestObject("API/Posts/CoveringValidation/CovVal_26692", ["NomorIdentitas":nik]))
2026-06-18 10:56:33.712 INFO  c.k.k.core.webservice.common.HarLogger   - HAR: C:\Users\ACER\git\AutoAPI\Reports\20260618_105141\API\Pembukuan\pembukuanAPI\20260618_105141\requests\main\CovVal_26692_96.har
2026-06-18 10:56:33.716 DEBUG testcase.CovVal_26692                    - 3: println("==============================")
==============================
2026-06-18 10:56:33.717 DEBUG testcase.CovVal_26692                    - 4: println("Row                : " + row)
Row                : 97
2026-06-18 10:56:33.718 DEBUG testcase.CovVal_26692                    - 5: println("NomorIdentitas     : " + nik)
NomorIdentitas     : 2605210000000219
2026-06-18 10:56:33.719 DEBUG testcase.CovVal_26692                    - 6: println("HTTP Status        : " + response.getStatusCode())
HTTP Status        : 200
2026-06-18 10:56:33.722 DEBUG testcase.CovVal_26692                    - 7: println("Response Body      : " + response.getResponseBodyContent())
Response Body      : {"ResponseCode":"00","ResponseDescription":"Success","ResponseException":"","FIDJenisPengajuan":"1","JenisPengajuan":"New","UrutanPengajuan":"1","FIDJenisCovering":"1","JenisCovering":"Conditional Automatic Cover","TanggalMulaiCovering":"01\/01\/1900","TanggalAkhirCovering":"01\/01\/1900","NominalPremi":"40000.00","RemarkPremi":"BRISURF_COV_26692_2605210000000219_01","NomorRekeningGiroPremi":"020601000102311","NamaRekeningGiroPremi":"PT BRI ASURANSI INDONESIA (Dummy)","NominalPertanggungan":"0.00","NominalCoverage":"0.00","NominalFeeCovering":"6000.00","NominalPajakCovering":"660.00","RemarkFeePremi":"BRISURF_COV_26692_2605210000000219_01","PersentasePertanggungan":"100","PersentaseCoverage":"100","OriginalPremi":"40000.00","DiscountPremi":0,"NominalPremiExtra":0,"NominalPremiBebanNasabah":0,"NominalPremiBebanBRI":0,"Signature":"37f17babfd3e96ea886af33c7fc23e97"}
2026-06-18 10:56:33.723 DEBUG testcase.CovVal_26692                    - 1: nik = data.getValue("NomorIdentitas", row)
2026-06-18 10:56:33.724 DEBUG testcase.CovVal_26692                    - 2: response = sendRequest(findTestObject("API/Posts/CoveringValidation/CovVal_26692", ["NomorIdentitas":nik]))
2026-06-18 10:56:36.623 INFO  c.k.k.core.webservice.common.HarLogger   - HAR: C:\Users\ACER\git\AutoAPI\Reports\20260618_105141\API\Pembukuan\pembukuanAPI\20260618_105141\requests\main\CovVal_26692_97.har
2026-06-18 10:56:36.626 DEBUG testcase.CovVal_26692                    - 3: println("==============================")
==============================
2026-06-18 10:56:36.627 DEBUG testcase.CovVal_26692                    - 4: println("Row                : " + row)
Row                : 98
2026-06-18 10:56:36.628 DEBUG testcase.CovVal_26692                    - 5: println("NomorIdentitas     : " + nik)
NomorIdentitas     : 2605210000000220
2026-06-18 10:56:36.629 DEBUG testcase.CovVal_26692                    - 6: println("HTTP Status        : " + response.getStatusCode())
HTTP Status        : 200
2026-06-18 10:56:36.630 DEBUG testcase.CovVal_26692                    - 7: println("Response Body      : " + response.getResponseBodyContent())
Response Body      : {"ResponseCode":"00","ResponseDescription":"Success","ResponseException":"","FIDJenisPengajuan":"1","JenisPengajuan":"New","UrutanPengajuan":"1","FIDJenisCovering":"1","JenisCovering":"Conditional Automatic Cover","TanggalMulaiCovering":"01\/01\/1900","TanggalAkhirCovering":"01\/01\/1900","NominalPremi":"40000.00","RemarkPremi":"BRISURF_COV_26692_2605210000000220_01","NomorRekeningGiroPremi":"020601000102311","NamaRekeningGiroPremi":"PT BRI ASURANSI INDONESIA (Dummy)","NominalPertanggungan":"0.00","NominalCoverage":"0.00","NominalFeeCovering":"6000.00","NominalPajakCovering":"660.00","RemarkFeePremi":"BRISURF_COV_26692_2605210000000220_01","PersentasePertanggungan":"100","PersentaseCoverage":"100","OriginalPremi":"40000.00","DiscountPremi":0,"NominalPremiExtra":0,"NominalPremiBebanNasabah":0,"NominalPremiBebanBRI":0,"Signature":"37f17babfd3e96ea886af33c7fc23e97"}
2026-06-18 10:56:36.632 DEBUG testcase.CovVal_26692                    - 1: nik = data.getValue("NomorIdentitas", row)
2026-06-18 10:56:36.633 DEBUG testcase.CovVal_26692                    - 2: response = sendRequest(findTestObject("API/Posts/CoveringValidation/CovVal_26692", ["NomorIdentitas":nik]))
2026-06-18 10:56:39.417 INFO  c.k.k.core.webservice.common.HarLogger   - HAR: C:\Users\ACER\git\AutoAPI\Reports\20260618_105141\API\Pembukuan\pembukuanAPI\20260618_105141\requests\main\CovVal_26692_98.har
2026-06-18 10:56:39.422 DEBUG testcase.CovVal_26692                    - 3: println("==============================")
==============================
2026-06-18 10:56:39.423 DEBUG testcase.CovVal_26692                    - 4: println("Row                : " + row)
Row                : 99
2026-06-18 10:56:39.424 DEBUG testcase.CovVal_26692                    - 5: println("NomorIdentitas     : " + nik)
NomorIdentitas     : 2605210000000221
2026-06-18 10:56:39.425 DEBUG testcase.CovVal_26692                    - 6: println("HTTP Status        : " + response.getStatusCode())
HTTP Status        : 200
2026-06-18 10:56:39.426 DEBUG testcase.CovVal_26692                    - 7: println("Response Body      : " + response.getResponseBodyContent())
Response Body      : {"ResponseCode":"00","ResponseDescription":"Success","ResponseException":"","FIDJenisPengajuan":"1","JenisPengajuan":"New","UrutanPengajuan":"1","FIDJenisCovering":"1","JenisCovering":"Conditional Automatic Cover","TanggalMulaiCovering":"01\/01\/1900","TanggalAkhirCovering":"01\/01\/1900","NominalPremi":"40000.00","RemarkPremi":"BRISURF_COV_26692_2605210000000221_01","NomorRekeningGiroPremi":"020601000102311","NamaRekeningGiroPremi":"PT BRI ASURANSI INDONESIA (Dummy)","NominalPertanggungan":"0.00","NominalCoverage":"0.00","NominalFeeCovering":"6000.00","NominalPajakCovering":"660.00","RemarkFeePremi":"BRISURF_COV_26692_2605210000000221_01","PersentasePertanggungan":"100","PersentaseCoverage":"100","OriginalPremi":"40000.00","DiscountPremi":0,"NominalPremiExtra":0,"NominalPremiBebanNasabah":0,"NominalPremiBebanBRI":0,"Signature":"37f17babfd3e96ea886af33c7fc23e97"}
2026-06-18 10:56:39.427 DEBUG testcase.CovVal_26692                    - 1: nik = data.getValue("NomorIdentitas", row)
2026-06-18 10:56:39.428 DEBUG testcase.CovVal_26692                    - 2: response = sendRequest(findTestObject("API/Posts/CoveringValidation/CovVal_26692", ["NomorIdentitas":nik]))
2026-06-18 10:56:42.210 INFO  c.k.k.core.webservice.common.HarLogger   - HAR: C:\Users\ACER\git\AutoAPI\Reports\20260618_105141\API\Pembukuan\pembukuanAPI\20260618_105141\requests\main\CovVal_26692_99.har
2026-06-18 10:56:42.214 DEBUG testcase.CovVal_26692                    - 3: println("==============================")
==============================
2026-06-18 10:56:42.215 DEBUG testcase.CovVal_26692                    - 4: println("Row                : " + row)
Row                : 100
2026-06-18 10:56:42.215 DEBUG testcase.CovVal_26692                    - 5: println("NomorIdentitas     : " + nik)
NomorIdentitas     : 2605210000000222
2026-06-18 10:56:42.216 DEBUG testcase.CovVal_26692                    - 6: println("HTTP Status        : " + response.getStatusCode())
HTTP Status        : 200
2026-06-18 10:56:42.219 DEBUG testcase.CovVal_26692                    - 7: println("Response Body      : " + response.getResponseBodyContent())
Response Body      : {"ResponseCode":"00","ResponseDescription":"Success","ResponseException":"","FIDJenisPengajuan":"1","JenisPengajuan":"New","UrutanPengajuan":"1","FIDJenisCovering":"1","JenisCovering":"Conditional Automatic Cover","TanggalMulaiCovering":"01\/01\/1900","TanggalAkhirCovering":"01\/01\/1900","NominalPremi":"40000.00","RemarkPremi":"BRISURF_COV_26692_2605210000000222_01","NomorRekeningGiroPremi":"020601000102311","NamaRekeningGiroPremi":"PT BRI ASURANSI INDONESIA (Dummy)","NominalPertanggungan":"0.00","NominalCoverage":"0.00","NominalFeeCovering":"6000.00","NominalPajakCovering":"660.00","RemarkFeePremi":"BRISURF_COV_26692_2605210000000222_01","PersentasePertanggungan":"100","PersentaseCoverage":"100","OriginalPremi":"40000.00","DiscountPremi":0,"NominalPremiExtra":0,"NominalPremiBebanNasabah":0,"NominalPremiBebanBRI":0,"Signature":"37f17babfd3e96ea886af33c7fc23e97"}
2026-06-18 10:56:42.222 INFO  c.k.katalon.core.main.TestCaseExecutor   - END Test Cases/API/CoveringValidation/CovVal_26692
2026-06-18 10:56:42.292 INFO  c.k.katalon.core.main.TestCaseExecutor   - --------------------
2026-06-18 10:56:42.292 INFO  c.k.katalon.core.main.TestCaseExecutor   - START Test Cases/API/CoveringFlag/CovFlag_26692
2026-06-18 10:56:42.527 DEBUG testcase.CovVal_26692                    - 1: data = findTestData("Data Files/CoveringFlag/CoveringFlag")
2026-06-18 10:56:42.669 DEBUG testcase.CovVal_26692                    - 2: totalRow = data.getRowNumbers()
2026-06-18 10:56:42.678 DEBUG testcase.CovVal_26692                    - 3: println("Total Data : " + totalRow)
Total Data : 100
2026-06-18 10:56:42.687 DEBUG testcase.CovVal_26692                    - 4: for ([row = 1, row <= totalRow, (row++)])
2026-06-18 10:56:42.695 DEBUG testcase.CovVal_26692                    - 1: nik = data.getValue("NomorIdentitas", row)
2026-06-18 10:56:42.709 DEBUG testcase.CovVal_26692                    - 2: response = sendRequest(findTestObject("API/Posts/CoveringFlag/CovFlag_26692", ["NomorIdentitas":nik]))
2026-06-18 10:56:43.630 INFO  c.k.k.core.webservice.common.HarLogger   - HAR: C:\Users\ACER\git\AutoAPI\Reports\20260618_105141\API\Pembukuan\pembukuanAPI\20260618_105141\requests\main\CovFlag_26692_100.har
2026-06-18 10:56:43.637 DEBUG testcase.CovVal_26692                    - 3: println("==============================")
==============================
2026-06-18 10:56:43.641 DEBUG testcase.CovVal_26692                    - 4: println("Row                : " + row)
Row                : 1
2026-06-18 10:56:43.646 DEBUG testcase.CovVal_26692                    - 5: println("Nomor Identitas    : " + nik)
Nomor Identitas    : 2605210000000123
2026-06-18 10:56:43.654 DEBUG testcase.CovVal_26692                    - 6: println("HTTP Status        : " + response.getStatusCode())
HTTP Status        : 200
2026-06-18 10:56:43.662 DEBUG testcase.CovVal_26692                    - 7: println("Response Body      : " + response.getResponseBodyContent())
Response Body      : {"ResponseCode":"00","ResponseDescription":"Success - Berhasil melakukan flagging data","ResponseException":"","TanggalMulaiCovering":"20\/05\/2026","TanggalAkhirCovering":"20\/05\/2027","NomorPeserta":"KTW10849210626000012","URLDokumenKepesertaan":"https:\/\/dev-brisurf.brins.co.id\/\/CovPr\/27adbc478a5aa557","OriginalCoveringFlagSuccessDate":"18\/06\/2026 10:56:43"}
2026-06-18 10:56:43.665 DEBUG testcase.CovVal_26692                    - 1: nik = data.getValue("NomorIdentitas", row)
2026-06-18 10:56:43.669 DEBUG testcase.CovVal_26692                    - 2: response = sendRequest(findTestObject("API/Posts/CoveringFlag/CovFlag_26692", ["NomorIdentitas":nik]))
2026-06-18 10:56:44.392 INFO  c.k.k.core.webservice.common.HarLogger   - HAR: C:\Users\ACER\git\AutoAPI\Reports\20260618_105141\API\Pembukuan\pembukuanAPI\20260618_105141\requests\main\CovFlag_26692_101.har
2026-06-18 10:56:44.395 DEBUG testcase.CovVal_26692                    - 3: println("==============================")
==============================
2026-06-18 10:56:44.397 DEBUG testcase.CovVal_26692                    - 4: println("Row                : " + row)
Row                : 2
2026-06-18 10:56:44.397 DEBUG testcase.CovVal_26692                    - 5: println("Nomor Identitas    : " + nik)
Nomor Identitas    : 2605210000000124
2026-06-18 10:56:44.398 DEBUG testcase.CovVal_26692                    - 6: println("HTTP Status        : " + response.getStatusCode())
HTTP Status        : 200
2026-06-18 10:56:44.399 DEBUG testcase.CovVal_26692                    - 7: println("Response Body      : " + response.getResponseBodyContent())
Response Body      : {"ResponseCode":"00","ResponseDescription":"Success - Berhasil melakukan flagging data","ResponseException":"","TanggalMulaiCovering":"20\/05\/2026","TanggalAkhirCovering":"20\/05\/2027","NomorPeserta":"KTW10849210626000013","URLDokumenKepesertaan":"https:\/\/dev-brisurf.brins.co.id\/\/CovPr\/dc2e512aa7f680f4","OriginalCoveringFlagSuccessDate":"18\/06\/2026 10:56:44"}
2026-06-18 10:56:44.403 DEBUG testcase.CovVal_26692                    - 1: nik = data.getValue("NomorIdentitas", row)
2026-06-18 10:56:44.404 DEBUG testcase.CovVal_26692                    - 2: response = sendRequest(findTestObject("API/Posts/CoveringFlag/CovFlag_26692", ["NomorIdentitas":nik]))
2026-06-18 10:56:45.113 INFO  c.k.k.core.webservice.common.HarLogger   - HAR: C:\Users\ACER\git\AutoAPI\Reports\20260618_105141\API\Pembukuan\pembukuanAPI\20260618_105141\requests\main\CovFlag_26692_102.har
2026-06-18 10:56:45.118 DEBUG testcase.CovVal_26692                    - 3: println("==============================")
==============================
2026-06-18 10:56:45.119 DEBUG testcase.CovVal_26692                    - 4: println("Row                : " + row)
Row                : 3
2026-06-18 10:56:45.120 DEBUG testcase.CovVal_26692                    - 5: println("Nomor Identitas    : " + nik)
Nomor Identitas    : 2605210000000125
2026-06-18 10:56:45.121 DEBUG testcase.CovVal_26692                    - 6: println("HTTP Status        : " + response.getStatusCode())
HTTP Status        : 200
2026-06-18 10:56:45.122 DEBUG testcase.CovVal_26692                    - 7: println("Response Body      : " + response.getResponseBodyContent())
Response Body      : {"ResponseCode":"00","ResponseDescription":"Success - Berhasil melakukan flagging data","ResponseException":"","TanggalMulaiCovering":"20\/05\/2026","TanggalAkhirCovering":"20\/05\/2027","NomorPeserta":"KTW10849210626000014","URLDokumenKepesertaan":"https:\/\/dev-brisurf.brins.co.id\/\/CovPr\/39594968338993f2","OriginalCoveringFlagSuccessDate":"18\/06\/2026 10:56:45"}
2026-06-18 10:56:45.123 DEBUG testcase.CovVal_26692                    - 1: nik = data.getValue("NomorIdentitas", row)
2026-06-18 10:56:45.124 DEBUG testcase.CovVal_26692                    - 2: response = sendRequest(findTestObject("API/Posts/CoveringFlag/CovFlag_26692", ["NomorIdentitas":nik]))
2026-06-18 10:56:45.839 INFO  c.k.k.core.webservice.common.HarLogger   - HAR: C:\Users\ACER\git\AutoAPI\Reports\20260618_105141\API\Pembukuan\pembukuanAPI\20260618_105141\requests\main\CovFlag_26692_103.har
2026-06-18 10:56:45.842 DEBUG testcase.CovVal_26692                    - 3: println("==============================")
==============================
2026-06-18 10:56:45.843 DEBUG testcase.CovVal_26692                    - 4: println("Row                : " + row)
Row                : 4
2026-06-18 10:56:45.844 DEBUG testcase.CovVal_26692                    - 5: println("Nomor Identitas    : " + nik)
Nomor Identitas    : 2605210000000126
2026-06-18 10:56:45.845 DEBUG testcase.CovVal_26692                    - 6: println("HTTP Status        : " + response.getStatusCode())
HTTP Status        : 200
2026-06-18 10:56:45.846 DEBUG testcase.CovVal_26692                    - 7: println("Response Body      : " + response.getResponseBodyContent())
Response Body      : {"ResponseCode":"00","ResponseDescription":"Success - Berhasil melakukan flagging data","ResponseException":"","TanggalMulaiCovering":"20\/05\/2026","TanggalAkhirCovering":"20\/05\/2027","NomorPeserta":"KTW10849210626000015","URLDokumenKepesertaan":"https:\/\/dev-brisurf.brins.co.id\/\/CovPr\/8e18a4d86d5f3244","OriginalCoveringFlagSuccessDate":"18\/06\/2026 10:56:45"}
2026-06-18 10:56:45.847 DEBUG testcase.CovVal_26692                    - 1: nik = data.getValue("NomorIdentitas", row)
2026-06-18 10:56:45.848 DEBUG testcase.CovVal_26692                    - 2: response = sendRequest(findTestObject("API/Posts/CoveringFlag/CovFlag_26692", ["NomorIdentitas":nik]))
2026-06-18 10:56:46.551 INFO  c.k.k.core.webservice.common.HarLogger   - HAR: C:\Users\ACER\git\AutoAPI\Reports\20260618_105141\API\Pembukuan\pembukuanAPI\20260618_105141\requests\main\CovFlag_26692_104.har
2026-06-18 10:56:46.554 DEBUG testcase.CovVal_26692                    - 3: println("==============================")
==============================
2026-06-18 10:56:46.555 DEBUG testcase.CovVal_26692                    - 4: println("Row                : " + row)
Row                : 5
2026-06-18 10:56:46.557 DEBUG testcase.CovVal_26692                    - 5: println("Nomor Identitas    : " + nik)
Nomor Identitas    : 2605210000000127
2026-06-18 10:56:46.557 DEBUG testcase.CovVal_26692                    - 6: println("HTTP Status        : " + response.getStatusCode())
HTTP Status        : 200
2026-06-18 10:56:46.558 DEBUG testcase.CovVal_26692                    - 7: println("Response Body      : " + response.getResponseBodyContent())
Response Body      : {"ResponseCode":"00","ResponseDescription":"Success - Berhasil melakukan flagging data","ResponseException":"","TanggalMulaiCovering":"20\/05\/2026","TanggalAkhirCovering":"20\/05\/2027","NomorPeserta":"KTW10849210626000016","URLDokumenKepesertaan":"https:\/\/dev-brisurf.brins.co.id\/\/CovPr\/e8595d821a33a86e","OriginalCoveringFlagSuccessDate":"18\/06\/2026 10:56:46"}
2026-06-18 10:56:46.559 DEBUG testcase.CovVal_26692                    - 1: nik = data.getValue("NomorIdentitas", row)
2026-06-18 10:56:46.560 DEBUG testcase.CovVal_26692                    - 2: response = sendRequest(findTestObject("API/Posts/CoveringFlag/CovFlag_26692", ["NomorIdentitas":nik]))
2026-06-18 10:56:47.289 INFO  c.k.k.core.webservice.common.HarLogger   - HAR: C:\Users\ACER\git\AutoAPI\Reports\20260618_105141\API\Pembukuan\pembukuanAPI\20260618_105141\requests\main\CovFlag_26692_105.har
2026-06-18 10:56:47.292 DEBUG testcase.CovVal_26692                    - 3: println("==============================")
==============================
2026-06-18 10:56:47.293 DEBUG testcase.CovVal_26692                    - 4: println("Row                : " + row)
Row                : 6
2026-06-18 10:56:47.294 DEBUG testcase.CovVal_26692                    - 5: println("Nomor Identitas    : " + nik)
Nomor Identitas    : 2605210000000128
2026-06-18 10:56:47.294 DEBUG testcase.CovVal_26692                    - 6: println("HTTP Status        : " + response.getStatusCode())
HTTP Status        : 200
2026-06-18 10:56:47.295 DEBUG testcase.CovVal_26692                    - 7: println("Response Body      : " + response.getResponseBodyContent())
Response Body      : {"ResponseCode":"00","ResponseDescription":"Success - Berhasil melakukan flagging data","ResponseException":"","TanggalMulaiCovering":"20\/05\/2026","TanggalAkhirCovering":"20\/05\/2027","NomorPeserta":"KTW10849210626000017","URLDokumenKepesertaan":"https:\/\/dev-brisurf.brins.co.id\/\/CovPr\/ab5dc39d9c9f7691","OriginalCoveringFlagSuccessDate":"18\/06\/2026 10:56:47"}
2026-06-18 10:56:47.296 DEBUG testcase.CovVal_26692                    - 1: nik = data.getValue("NomorIdentitas", row)
2026-06-18 10:56:47.297 DEBUG testcase.CovVal_26692                    - 2: response = sendRequest(findTestObject("API/Posts/CoveringFlag/CovFlag_26692", ["NomorIdentitas":nik]))
2026-06-18 10:56:48.014 INFO  c.k.k.core.webservice.common.HarLogger   - HAR: C:\Users\ACER\git\AutoAPI\Reports\20260618_105141\API\Pembukuan\pembukuanAPI\20260618_105141\requests\main\CovFlag_26692_106.har
2026-06-18 10:56:48.018 DEBUG testcase.CovVal_26692                    - 3: println("==============================")
==============================
2026-06-18 10:56:48.019 DEBUG testcase.CovVal_26692                    - 4: println("Row                : " + row)
Row                : 7
2026-06-18 10:56:48.020 DEBUG testcase.CovVal_26692                    - 5: println("Nomor Identitas    : " + nik)
Nomor Identitas    : 2605210000000129
2026-06-18 10:56:48.021 DEBUG testcase.CovVal_26692                    - 6: println("HTTP Status        : " + response.getStatusCode())
HTTP Status        : 200
2026-06-18 10:56:48.022 DEBUG testcase.CovVal_26692                    - 7: println("Response Body      : " + response.getResponseBodyContent())
Response Body      : {"ResponseCode":"00","ResponseDescription":"Success - Berhasil melakukan flagging data","ResponseException":"","TanggalMulaiCovering":"20\/05\/2026","TanggalAkhirCovering":"20\/05\/2027","NomorPeserta":"KTW10849210626000018","URLDokumenKepesertaan":"https:\/\/dev-brisurf.brins.co.id\/\/CovPr\/3ebe8191bf10e91d","OriginalCoveringFlagSuccessDate":"18\/06\/2026 10:56:47"}
2026-06-18 10:56:48.023 DEBUG testcase.CovVal_26692                    - 1: nik = data.getValue("NomorIdentitas", row)
2026-06-18 10:56:48.024 DEBUG testcase.CovVal_26692                    - 2: response = sendRequest(findTestObject("API/Posts/CoveringFlag/CovFlag_26692", ["NomorIdentitas":nik]))
2026-06-18 10:56:48.728 INFO  c.k.k.core.webservice.common.HarLogger   - HAR: C:\Users\ACER\git\AutoAPI\Reports\20260618_105141\API\Pembukuan\pembukuanAPI\20260618_105141\requests\main\CovFlag_26692_107.har
2026-06-18 10:56:48.731 DEBUG testcase.CovVal_26692                    - 3: println("==============================")
==============================
2026-06-18 10:56:48.732 DEBUG testcase.CovVal_26692                    - 4: println("Row                : " + row)
Row                : 8
2026-06-18 10:56:48.735 DEBUG testcase.CovVal_26692                    - 5: println("Nomor Identitas    : " + nik)
Nomor Identitas    : 2605210000000130
2026-06-18 10:56:48.736 DEBUG testcase.CovVal_26692                    - 6: println("HTTP Status        : " + response.getStatusCode())
HTTP Status        : 200
2026-06-18 10:56:48.736 DEBUG testcase.CovVal_26692                    - 7: println("Response Body      : " + response.getResponseBodyContent())
Response Body      : {"ResponseCode":"00","ResponseDescription":"Success - Berhasil melakukan flagging data","ResponseException":"","TanggalMulaiCovering":"20\/05\/2026","TanggalAkhirCovering":"20\/05\/2027","NomorPeserta":"KTW10849210626000019","URLDokumenKepesertaan":"https:\/\/dev-brisurf.brins.co.id\/\/CovPr\/ed297a3a07b9d115","OriginalCoveringFlagSuccessDate":"18\/06\/2026 10:56:48"}
2026-06-18 10:56:48.738 DEBUG testcase.CovVal_26692                    - 1: nik = data.getValue("NomorIdentitas", row)
2026-06-18 10:56:48.739 DEBUG testcase.CovVal_26692                    - 2: response = sendRequest(findTestObject("API/Posts/CoveringFlag/CovFlag_26692", ["NomorIdentitas":nik]))
2026-06-18 10:56:49.454 INFO  c.k.k.core.webservice.common.HarLogger   - HAR: C:\Users\ACER\git\AutoAPI\Reports\20260618_105141\API\Pembukuan\pembukuanAPI\20260618_105141\requests\main\CovFlag_26692_108.har
2026-06-18 10:56:49.457 DEBUG testcase.CovVal_26692                    - 3: println("==============================")
==============================
2026-06-18 10:56:49.458 DEBUG testcase.CovVal_26692                    - 4: println("Row                : " + row)
Row                : 9
2026-06-18 10:56:49.459 DEBUG testcase.CovVal_26692                    - 5: println("Nomor Identitas    : " + nik)
Nomor Identitas    : 2605210000000131
2026-06-18 10:56:49.460 DEBUG testcase.CovVal_26692                    - 6: println("HTTP Status        : " + response.getStatusCode())
HTTP Status        : 200
2026-06-18 10:56:49.461 DEBUG testcase.CovVal_26692                    - 7: println("Response Body      : " + response.getResponseBodyContent())
Response Body      : {"ResponseCode":"00","ResponseDescription":"Success - Berhasil melakukan flagging data","ResponseException":"","TanggalMulaiCovering":"20\/05\/2026","TanggalAkhirCovering":"20\/05\/2027","NomorPeserta":"KTW10849210626000020","URLDokumenKepesertaan":"https:\/\/dev-brisurf.brins.co.id\/\/CovPr\/d1578e5abaa820d3","OriginalCoveringFlagSuccessDate":"18\/06\/2026 10:56:49"}
2026-06-18 10:56:49.462 DEBUG testcase.CovVal_26692                    - 1: nik = data.getValue("NomorIdentitas", row)
2026-06-18 10:56:49.463 DEBUG testcase.CovVal_26692                    - 2: response = sendRequest(findTestObject("API/Posts/CoveringFlag/CovFlag_26692", ["NomorIdentitas":nik]))
2026-06-18 10:56:50.184 INFO  c.k.k.core.webservice.common.HarLogger   - HAR: C:\Users\ACER\git\AutoAPI\Reports\20260618_105141\API\Pembukuan\pembukuanAPI\20260618_105141\requests\main\CovFlag_26692_109.har
2026-06-18 10:56:50.188 DEBUG testcase.CovVal_26692                    - 3: println("==============================")
==============================
2026-06-18 10:56:50.189 DEBUG testcase.CovVal_26692                    - 4: println("Row                : " + row)
Row                : 10
2026-06-18 10:56:50.190 DEBUG testcase.CovVal_26692                    - 5: println("Nomor Identitas    : " + nik)
Nomor Identitas    : 2605210000000132
2026-06-18 10:56:50.191 DEBUG testcase.CovVal_26692                    - 6: println("HTTP Status        : " + response.getStatusCode())
HTTP Status        : 200
2026-06-18 10:56:50.192 DEBUG testcase.CovVal_26692                    - 7: println("Response Body      : " + response.getResponseBodyContent())
Response Body      : {"ResponseCode":"00","ResponseDescription":"Success - Berhasil melakukan flagging data","ResponseException":"","TanggalMulaiCovering":"20\/05\/2026","TanggalAkhirCovering":"20\/05\/2027","NomorPeserta":"KTW10849210626000021","URLDokumenKepesertaan":"https:\/\/dev-brisurf.brins.co.id\/\/CovPr\/75d2e4b560686d2c","OriginalCoveringFlagSuccessDate":"18\/06\/2026 10:56:50"}
2026-06-18 10:56:50.193 DEBUG testcase.CovVal_26692                    - 1: nik = data.getValue("NomorIdentitas", row)
2026-06-18 10:56:50.194 DEBUG testcase.CovVal_26692                    - 2: response = sendRequest(findTestObject("API/Posts/CoveringFlag/CovFlag_26692", ["NomorIdentitas":nik]))
2026-06-18 10:56:50.904 INFO  c.k.k.core.webservice.common.HarLogger   - HAR: C:\Users\ACER\git\AutoAPI\Reports\20260618_105141\API\Pembukuan\pembukuanAPI\20260618_105141\requests\main\CovFlag_26692_110.har
2026-06-18 10:56:50.907 DEBUG testcase.CovVal_26692                    - 3: println("==============================")
==============================
2026-06-18 10:56:50.908 DEBUG testcase.CovVal_26692                    - 4: println("Row                : " + row)
Row                : 11
2026-06-18 10:56:50.909 DEBUG testcase.CovVal_26692                    - 5: println("Nomor Identitas    : " + nik)
Nomor Identitas    : 2605210000000133
2026-06-18 10:56:50.909 DEBUG testcase.CovVal_26692                    - 6: println("HTTP Status        : " + response.getStatusCode())
HTTP Status        : 200
2026-06-18 10:56:50.910 DEBUG testcase.CovVal_26692                    - 7: println("Response Body      : " + response.getResponseBodyContent())
Response Body      : {"ResponseCode":"00","ResponseDescription":"Success - Berhasil melakukan flagging data","ResponseException":"","TanggalMulaiCovering":"20\/05\/2026","TanggalAkhirCovering":"20\/05\/2027","NomorPeserta":"KTW10849210626000022","URLDokumenKepesertaan":"https:\/\/dev-brisurf.brins.co.id\/\/CovPr\/63ac40a01641bf06","OriginalCoveringFlagSuccessDate":"18\/06\/2026 10:56:50"}
2026-06-18 10:56:50.911 DEBUG testcase.CovVal_26692                    - 1: nik = data.getValue("NomorIdentitas", row)
2026-06-18 10:56:50.912 DEBUG testcase.CovVal_26692                    - 2: response = sendRequest(findTestObject("API/Posts/CoveringFlag/CovFlag_26692", ["NomorIdentitas":nik]))
2026-06-18 10:56:51.623 INFO  c.k.k.core.webservice.common.HarLogger   - HAR: C:\Users\ACER\git\AutoAPI\Reports\20260618_105141\API\Pembukuan\pembukuanAPI\20260618_105141\requests\main\CovFlag_26692_111.har
2026-06-18 10:56:51.626 DEBUG testcase.CovVal_26692                    - 3: println("==============================")
==============================
2026-06-18 10:56:51.627 DEBUG testcase.CovVal_26692                    - 4: println("Row                : " + row)
Row                : 12
2026-06-18 10:56:51.628 DEBUG testcase.CovVal_26692                    - 5: println("Nomor Identitas    : " + nik)
Nomor Identitas    : 2605210000000134
2026-06-18 10:56:51.629 DEBUG testcase.CovVal_26692                    - 6: println("HTTP Status        : " + response.getStatusCode())
HTTP Status        : 200
2026-06-18 10:56:51.630 DEBUG testcase.CovVal_26692                    - 7: println("Response Body      : " + response.getResponseBodyContent())
Response Body      : {"ResponseCode":"00","ResponseDescription":"Success - Berhasil melakukan flagging data","ResponseException":"","TanggalMulaiCovering":"20\/05\/2026","TanggalAkhirCovering":"20\/05\/2027","NomorPeserta":"KTW10849210626000023","URLDokumenKepesertaan":"https:\/\/dev-brisurf.brins.co.id\/\/CovPr\/fc2d03e3f8b692e4","OriginalCoveringFlagSuccessDate":"18\/06\/2026 10:56:51"}
2026-06-18 10:56:51.631 DEBUG testcase.CovVal_26692                    - 1: nik = data.getValue("NomorIdentitas", row)
2026-06-18 10:56:51.634 DEBUG testcase.CovVal_26692                    - 2: response = sendRequest(findTestObject("API/Posts/CoveringFlag/CovFlag_26692", ["NomorIdentitas":nik]))
2026-06-18 10:56:52.357 INFO  c.k.k.core.webservice.common.HarLogger   - HAR: C:\Users\ACER\git\AutoAPI\Reports\20260618_105141\API\Pembukuan\pembukuanAPI\20260618_105141\requests\main\CovFlag_26692_112.har
2026-06-18 10:56:52.360 DEBUG testcase.CovVal_26692                    - 3: println("==============================")
==============================
2026-06-18 10:56:52.361 DEBUG testcase.CovVal_26692                    - 4: println("Row                : " + row)
Row                : 13
2026-06-18 10:56:52.362 DEBUG testcase.CovVal_26692                    - 5: println("Nomor Identitas    : " + nik)
Nomor Identitas    : 2605210000000135
2026-06-18 10:56:52.363 DEBUG testcase.CovVal_26692                    - 6: println("HTTP Status        : " + response.getStatusCode())
HTTP Status        : 200
2026-06-18 10:56:52.363 DEBUG testcase.CovVal_26692                    - 7: println("Response Body      : " + response.getResponseBodyContent())
Response Body      : {"ResponseCode":"00","ResponseDescription":"Success - Berhasil melakukan flagging data","ResponseException":"","TanggalMulaiCovering":"20\/05\/2026","TanggalAkhirCovering":"20\/05\/2027","NomorPeserta":"KTW10849210626000024","URLDokumenKepesertaan":"https:\/\/dev-brisurf.brins.co.id\/\/CovPr\/529ab98da14cc695","OriginalCoveringFlagSuccessDate":"18\/06\/2026 10:56:52"}
2026-06-18 10:56:52.365 DEBUG testcase.CovVal_26692                    - 1: nik = data.getValue("NomorIdentitas", row)
2026-06-18 10:56:52.368 DEBUG testcase.CovVal_26692                    - 2: response = sendRequest(findTestObject("API/Posts/CoveringFlag/CovFlag_26692", ["NomorIdentitas":nik]))
2026-06-18 10:56:53.070 INFO  c.k.k.core.webservice.common.HarLogger   - HAR: C:\Users\ACER\git\AutoAPI\Reports\20260618_105141\API\Pembukuan\pembukuanAPI\20260618_105141\requests\main\CovFlag_26692_113.har
2026-06-18 10:56:53.073 DEBUG testcase.CovVal_26692                    - 3: println("==============================")
==============================
2026-06-18 10:56:53.075 DEBUG testcase.CovVal_26692                    - 4: println("Row                : " + row)
Row                : 14
2026-06-18 10:56:53.075 DEBUG testcase.CovVal_26692                    - 5: println("Nomor Identitas    : " + nik)
Nomor Identitas    : 2605210000000136
2026-06-18 10:56:53.076 DEBUG testcase.CovVal_26692                    - 6: println("HTTP Status        : " + response.getStatusCode())
HTTP Status        : 200
2026-06-18 10:56:53.077 DEBUG testcase.CovVal_26692                    - 7: println("Response Body      : " + response.getResponseBodyContent())
Response Body      : {"ResponseCode":"00","ResponseDescription":"Success - Berhasil melakukan flagging data","ResponseException":"","TanggalMulaiCovering":"20\/05\/2026","TanggalAkhirCovering":"20\/05\/2027","NomorPeserta":"KTW10849210626000025","URLDokumenKepesertaan":"https:\/\/dev-brisurf.brins.co.id\/\/CovPr\/1e39230e624a2751","OriginalCoveringFlagSuccessDate":"18\/06\/2026 10:56:53"}
2026-06-18 10:56:53.077 DEBUG testcase.CovVal_26692                    - 1: nik = data.getValue("NomorIdentitas", row)
2026-06-18 10:56:53.078 DEBUG testcase.CovVal_26692                    - 2: response = sendRequest(findTestObject("API/Posts/CoveringFlag/CovFlag_26692", ["NomorIdentitas":nik]))
2026-06-18 10:56:53.780 INFO  c.k.k.core.webservice.common.HarLogger   - HAR: C:\Users\ACER\git\AutoAPI\Reports\20260618_105141\API\Pembukuan\pembukuanAPI\20260618_105141\requests\main\CovFlag_26692_114.har
2026-06-18 10:56:53.785 DEBUG testcase.CovVal_26692                    - 3: println("==============================")
==============================
2026-06-18 10:56:53.786 DEBUG testcase.CovVal_26692                    - 4: println("Row                : " + row)
Row                : 15
2026-06-18 10:56:53.787 DEBUG testcase.CovVal_26692                    - 5: println("Nomor Identitas    : " + nik)
Nomor Identitas    : 2605210000000137
2026-06-18 10:56:53.788 DEBUG testcase.CovVal_26692                    - 6: println("HTTP Status        : " + response.getStatusCode())
HTTP Status        : 200
2026-06-18 10:56:53.789 DEBUG testcase.CovVal_26692                    - 7: println("Response Body      : " + response.getResponseBodyContent())
Response Body      : {"ResponseCode":"00","ResponseDescription":"Success - Berhasil melakukan flagging data","ResponseException":"","TanggalMulaiCovering":"20\/05\/2026","TanggalAkhirCovering":"20\/05\/2027","NomorPeserta":"KTW10849210626000026","URLDokumenKepesertaan":"https:\/\/dev-brisurf.brins.co.id\/\/CovPr\/0cb16c6c293ee649","OriginalCoveringFlagSuccessDate":"18\/06\/2026 10:56:53"}
2026-06-18 10:56:53.790 DEBUG testcase.CovVal_26692                    - 1: nik = data.getValue("NomorIdentitas", row)
2026-06-18 10:56:53.792 DEBUG testcase.CovVal_26692                    - 2: response = sendRequest(findTestObject("API/Posts/CoveringFlag/CovFlag_26692", ["NomorIdentitas":nik]))
2026-06-18 10:56:54.539 INFO  c.k.k.core.webservice.common.HarLogger   - HAR: C:\Users\ACER\git\AutoAPI\Reports\20260618_105141\API\Pembukuan\pembukuanAPI\20260618_105141\requests\main\CovFlag_26692_115.har
2026-06-18 10:56:54.542 DEBUG testcase.CovVal_26692                    - 3: println("==============================")
==============================
2026-06-18 10:56:54.543 DEBUG testcase.CovVal_26692                    - 4: println("Row                : " + row)
Row                : 16
2026-06-18 10:56:54.544 DEBUG testcase.CovVal_26692                    - 5: println("Nomor Identitas    : " + nik)
Nomor Identitas    : 2605210000000138
2026-06-18 10:56:54.545 DEBUG testcase.CovVal_26692                    - 6: println("HTTP Status        : " + response.getStatusCode())
HTTP Status        : 200
2026-06-18 10:56:54.546 DEBUG testcase.CovVal_26692                    - 7: println("Response Body      : " + response.getResponseBodyContent())
Response Body      : {"ResponseCode":"00","ResponseDescription":"Success - Berhasil melakukan flagging data","ResponseException":"","TanggalMulaiCovering":"20\/05\/2026","TanggalAkhirCovering":"20\/05\/2027","NomorPeserta":"KTW10849210626000027","URLDokumenKepesertaan":"https:\/\/dev-brisurf.brins.co.id\/\/CovPr\/80c862f28fce8965","OriginalCoveringFlagSuccessDate":"18\/06\/2026 10:56:54"}
2026-06-18 10:56:54.547 DEBUG testcase.CovVal_26692                    - 1: nik = data.getValue("NomorIdentitas", row)
2026-06-18 10:56:54.549 DEBUG testcase.CovVal_26692                    - 2: response = sendRequest(findTestObject("API/Posts/CoveringFlag/CovFlag_26692", ["NomorIdentitas":nik]))
2026-06-18 10:56:55.288 INFO  c.k.k.core.webservice.common.HarLogger   - HAR: C:\Users\ACER\git\AutoAPI\Reports\20260618_105141\API\Pembukuan\pembukuanAPI\20260618_105141\requests\main\CovFlag_26692_116.har
2026-06-18 10:56:55.291 DEBUG testcase.CovVal_26692                    - 3: println("==============================")
==============================
2026-06-18 10:56:55.292 DEBUG testcase.CovVal_26692                    - 4: println("Row                : " + row)
Row                : 17
2026-06-18 10:56:55.293 DEBUG testcase.CovVal_26692                    - 5: println("Nomor Identitas    : " + nik)
Nomor Identitas    : 2605210000000139
2026-06-18 10:56:55.294 DEBUG testcase.CovVal_26692                    - 6: println("HTTP Status        : " + response.getStatusCode())
HTTP Status        : 200
2026-06-18 10:56:55.295 DEBUG testcase.CovVal_26692                    - 7: println("Response Body      : " + response.getResponseBodyContent())
Response Body      : {"ResponseCode":"00","ResponseDescription":"Success - Berhasil melakukan flagging data","ResponseException":"","TanggalMulaiCovering":"20\/05\/2026","TanggalAkhirCovering":"20\/05\/2027","NomorPeserta":"KTW10849210626000028","URLDokumenKepesertaan":"https:\/\/dev-brisurf.brins.co.id\/\/CovPr\/4c099f5d2a54a574","OriginalCoveringFlagSuccessDate":"18\/06\/2026 10:56:55"}
2026-06-18 10:56:55.295 DEBUG testcase.CovVal_26692                    - 1: nik = data.getValue("NomorIdentitas", row)
2026-06-18 10:56:55.296 DEBUG testcase.CovVal_26692                    - 2: response = sendRequest(findTestObject("API/Posts/CoveringFlag/CovFlag_26692", ["NomorIdentitas":nik]))
2026-06-18 10:56:56.011 INFO  c.k.k.core.webservice.common.HarLogger   - HAR: C:\Users\ACER\git\AutoAPI\Reports\20260618_105141\API\Pembukuan\pembukuanAPI\20260618_105141\requests\main\CovFlag_26692_117.har
2026-06-18 10:56:56.016 DEBUG testcase.CovVal_26692                    - 3: println("==============================")
==============================
2026-06-18 10:56:56.017 DEBUG testcase.CovVal_26692                    - 4: println("Row                : " + row)
Row                : 18
2026-06-18 10:56:56.018 DEBUG testcase.CovVal_26692                    - 5: println("Nomor Identitas    : " + nik)
Nomor Identitas    : 2605210000000140
2026-06-18 10:56:56.020 DEBUG testcase.CovVal_26692                    - 6: println("HTTP Status        : " + response.getStatusCode())
HTTP Status        : 200
2026-06-18 10:56:56.021 DEBUG testcase.CovVal_26692                    - 7: println("Response Body      : " + response.getResponseBodyContent())
Response Body      : {"ResponseCode":"00","ResponseDescription":"Success - Berhasil melakukan flagging data","ResponseException":"","TanggalMulaiCovering":"20\/05\/2026","TanggalAkhirCovering":"20\/05\/2027","NomorPeserta":"KTW10849210626000029","URLDokumenKepesertaan":"https:\/\/dev-brisurf.brins.co.id\/\/CovPr\/37290bf3ad75498e","OriginalCoveringFlagSuccessDate":"18\/06\/2026 10:56:55"}
2026-06-18 10:56:56.022 DEBUG testcase.CovVal_26692                    - 1: nik = data.getValue("NomorIdentitas", row)
2026-06-18 10:56:56.023 DEBUG testcase.CovVal_26692                    - 2: response = sendRequest(findTestObject("API/Posts/CoveringFlag/CovFlag_26692", ["NomorIdentitas":nik]))
2026-06-18 10:56:56.733 INFO  c.k.k.core.webservice.common.HarLogger   - HAR: C:\Users\ACER\git\AutoAPI\Reports\20260618_105141\API\Pembukuan\pembukuanAPI\20260618_105141\requests\main\CovFlag_26692_118.har
2026-06-18 10:56:56.736 DEBUG testcase.CovVal_26692                    - 3: println("==============================")
==============================
2026-06-18 10:56:56.738 DEBUG testcase.CovVal_26692                    - 4: println("Row                : " + row)
Row                : 19
2026-06-18 10:56:56.739 DEBUG testcase.CovVal_26692                    - 5: println("Nomor Identitas    : " + nik)
Nomor Identitas    : 2605210000000141
2026-06-18 10:56:56.739 DEBUG testcase.CovVal_26692                    - 6: println("HTTP Status        : " + response.getStatusCode())
HTTP Status        : 200
2026-06-18 10:56:56.740 DEBUG testcase.CovVal_26692                    - 7: println("Response Body      : " + response.getResponseBodyContent())
Response Body      : {"ResponseCode":"00","ResponseDescription":"Success - Berhasil melakukan flagging data","ResponseException":"","TanggalMulaiCovering":"20\/05\/2026","TanggalAkhirCovering":"20\/05\/2027","NomorPeserta":"KTW10849210626000030","URLDokumenKepesertaan":"https:\/\/dev-brisurf.brins.co.id\/\/CovPr\/6fbbe2fab45f963b","OriginalCoveringFlagSuccessDate":"18\/06\/2026 10:56:56"}
2026-06-18 10:56:56.741 DEBUG testcase.CovVal_26692                    - 1: nik = data.getValue("NomorIdentitas", row)
2026-06-18 10:56:56.742 DEBUG testcase.CovVal_26692                    - 2: response = sendRequest(findTestObject("API/Posts/CoveringFlag/CovFlag_26692", ["NomorIdentitas":nik]))
2026-06-18 10:56:57.452 INFO  c.k.k.core.webservice.common.HarLogger   - HAR: C:\Users\ACER\git\AutoAPI\Reports\20260618_105141\API\Pembukuan\pembukuanAPI\20260618_105141\requests\main\CovFlag_26692_119.har
2026-06-18 10:56:57.455 DEBUG testcase.CovVal_26692                    - 3: println("==============================")
==============================
2026-06-18 10:56:57.457 DEBUG testcase.CovVal_26692                    - 4: println("Row                : " + row)
Row                : 20
2026-06-18 10:56:57.457 DEBUG testcase.CovVal_26692                    - 5: println("Nomor Identitas    : " + nik)
Nomor Identitas    : 2605210000000142
2026-06-18 10:56:57.458 DEBUG testcase.CovVal_26692                    - 6: println("HTTP Status        : " + response.getStatusCode())
HTTP Status        : 200
2026-06-18 10:56:57.459 DEBUG testcase.CovVal_26692                    - 7: println("Response Body      : " + response.getResponseBodyContent())
Response Body      : {"ResponseCode":"00","ResponseDescription":"Success - Berhasil melakukan flagging data","ResponseException":"","TanggalMulaiCovering":"20\/05\/2026","TanggalAkhirCovering":"20\/05\/2027","NomorPeserta":"KTW10849210626000031","URLDokumenKepesertaan":"https:\/\/dev-brisurf.brins.co.id\/\/CovPr\/d1580ef848de2941","OriginalCoveringFlagSuccessDate":"18\/06\/2026 10:56:57"}
2026-06-18 10:56:57.460 DEBUG testcase.CovVal_26692                    - 1: nik = data.getValue("NomorIdentitas", row)
2026-06-18 10:56:57.461 DEBUG testcase.CovVal_26692                    - 2: response = sendRequest(findTestObject("API/Posts/CoveringFlag/CovFlag_26692", ["NomorIdentitas":nik]))
2026-06-18 10:56:58.167 INFO  c.k.k.core.webservice.common.HarLogger   - HAR: C:\Users\ACER\git\AutoAPI\Reports\20260618_105141\API\Pembukuan\pembukuanAPI\20260618_105141\requests\main\CovFlag_26692_120.har
2026-06-18 10:56:58.170 DEBUG testcase.CovVal_26692                    - 3: println("==============================")
==============================
2026-06-18 10:56:58.171 DEBUG testcase.CovVal_26692                    - 4: println("Row                : " + row)
Row                : 21
2026-06-18 10:56:58.172 DEBUG testcase.CovVal_26692                    - 5: println("Nomor Identitas    : " + nik)
Nomor Identitas    : 2605210000000143
2026-06-18 10:56:58.173 DEBUG testcase.CovVal_26692                    - 6: println("HTTP Status        : " + response.getStatusCode())
HTTP Status        : 200
2026-06-18 10:56:58.174 DEBUG testcase.CovVal_26692                    - 7: println("Response Body      : " + response.getResponseBodyContent())
Response Body      : {"ResponseCode":"00","ResponseDescription":"Success - Berhasil melakukan flagging data","ResponseException":"","TanggalMulaiCovering":"20\/05\/2026","TanggalAkhirCovering":"20\/05\/2027","NomorPeserta":"KTW10849210626000032","URLDokumenKepesertaan":"https:\/\/dev-brisurf.brins.co.id\/\/CovPr\/394854b8df00f034","OriginalCoveringFlagSuccessDate":"18\/06\/2026 10:56:58"}
2026-06-18 10:56:58.175 DEBUG testcase.CovVal_26692                    - 1: nik = data.getValue("NomorIdentitas", row)
2026-06-18 10:56:58.176 DEBUG testcase.CovVal_26692                    - 2: response = sendRequest(findTestObject("API/Posts/CoveringFlag/CovFlag_26692", ["NomorIdentitas":nik]))
2026-06-18 10:56:58.883 INFO  c.k.k.core.webservice.common.HarLogger   - HAR: C:\Users\ACER\git\AutoAPI\Reports\20260618_105141\API\Pembukuan\pembukuanAPI\20260618_105141\requests\main\CovFlag_26692_121.har
2026-06-18 10:56:58.886 DEBUG testcase.CovVal_26692                    - 3: println("==============================")
==============================
2026-06-18 10:56:58.887 DEBUG testcase.CovVal_26692                    - 4: println("Row                : " + row)
Row                : 22
2026-06-18 10:56:58.888 DEBUG testcase.CovVal_26692                    - 5: println("Nomor Identitas    : " + nik)
Nomor Identitas    : 2605210000000144
2026-06-18 10:56:58.889 DEBUG testcase.CovVal_26692                    - 6: println("HTTP Status        : " + response.getStatusCode())
HTTP Status        : 200
2026-06-18 10:56:58.890 DEBUG testcase.CovVal_26692                    - 7: println("Response Body      : " + response.getResponseBodyContent())
Response Body      : {"ResponseCode":"00","ResponseDescription":"Success - Berhasil melakukan flagging data","ResponseException":"","TanggalMulaiCovering":"20\/05\/2026","TanggalAkhirCovering":"20\/05\/2027","NomorPeserta":"KTW10849210626000033","URLDokumenKepesertaan":"https:\/\/dev-brisurf.brins.co.id\/\/CovPr\/6de45f6c8b08c228","OriginalCoveringFlagSuccessDate":"18\/06\/2026 10:56:58"}
2026-06-18 10:56:58.891 DEBUG testcase.CovVal_26692                    - 1: nik = data.getValue("NomorIdentitas", row)
2026-06-18 10:56:58.892 DEBUG testcase.CovVal_26692                    - 2: response = sendRequest(findTestObject("API/Posts/CoveringFlag/CovFlag_26692", ["NomorIdentitas":nik]))
2026-06-18 10:56:59.629 INFO  c.k.k.core.webservice.common.HarLogger   - HAR: C:\Users\ACER\git\AutoAPI\Reports\20260618_105141\API\Pembukuan\pembukuanAPI\20260618_105141\requests\main\CovFlag_26692_122.har
2026-06-18 10:56:59.633 DEBUG testcase.CovVal_26692                    - 3: println("==============================")
==============================
2026-06-18 10:56:59.634 DEBUG testcase.CovVal_26692                    - 4: println("Row                : " + row)
Row                : 23
2026-06-18 10:56:59.634 DEBUG testcase.CovVal_26692                    - 5: println("Nomor Identitas    : " + nik)
Nomor Identitas    : 2605210000000145
2026-06-18 10:56:59.635 DEBUG testcase.CovVal_26692                    - 6: println("HTTP Status        : " + response.getStatusCode())
HTTP Status        : 200
2026-06-18 10:56:59.636 DEBUG testcase.CovVal_26692                    - 7: println("Response Body      : " + response.getResponseBodyContent())
Response Body      : {"ResponseCode":"00","ResponseDescription":"Success - Berhasil melakukan flagging data","ResponseException":"","TanggalMulaiCovering":"20\/05\/2026","TanggalAkhirCovering":"20\/05\/2027","NomorPeserta":"KTW10849210626000034","URLDokumenKepesertaan":"https:\/\/dev-brisurf.brins.co.id\/\/CovPr\/ecc8cab766aee1ad","OriginalCoveringFlagSuccessDate":"18\/06\/2026 10:56:59"}
2026-06-18 10:56:59.637 DEBUG testcase.CovVal_26692                    - 1: nik = data.getValue("NomorIdentitas", row)
2026-06-18 10:56:59.638 DEBUG testcase.CovVal_26692                    - 2: response = sendRequest(findTestObject("API/Posts/CoveringFlag/CovFlag_26692", ["NomorIdentitas":nik]))
2026-06-18 10:57:00.340 INFO  c.k.k.core.webservice.common.HarLogger   - HAR: C:\Users\ACER\git\AutoAPI\Reports\20260618_105141\API\Pembukuan\pembukuanAPI\20260618_105141\requests\main\CovFlag_26692_123.har
2026-06-18 10:57:00.344 DEBUG testcase.CovVal_26692                    - 3: println("==============================")
==============================
2026-06-18 10:57:00.345 DEBUG testcase.CovVal_26692                    - 4: println("Row                : " + row)
Row                : 24
2026-06-18 10:57:00.347 DEBUG testcase.CovVal_26692                    - 5: println("Nomor Identitas    : " + nik)
Nomor Identitas    : 2605210000000146
2026-06-18 10:57:00.349 DEBUG testcase.CovVal_26692                    - 6: println("HTTP Status        : " + response.getStatusCode())
HTTP Status        : 200
2026-06-18 10:57:00.349 DEBUG testcase.CovVal_26692                    - 7: println("Response Body      : " + response.getResponseBodyContent())
Response Body      : {"ResponseCode":"00","ResponseDescription":"Success - Berhasil melakukan flagging data","ResponseException":"","TanggalMulaiCovering":"20\/05\/2026","TanggalAkhirCovering":"20\/05\/2027","NomorPeserta":"KTW10849210626000035","URLDokumenKepesertaan":"https:\/\/dev-brisurf.brins.co.id\/\/CovPr\/72b8e6515426280e","OriginalCoveringFlagSuccessDate":"18\/06\/2026 10:57:00"}
2026-06-18 10:57:00.352 DEBUG testcase.CovVal_26692                    - 1: nik = data.getValue("NomorIdentitas", row)
2026-06-18 10:57:00.354 DEBUG testcase.CovVal_26692                    - 2: response = sendRequest(findTestObject("API/Posts/CoveringFlag/CovFlag_26692", ["NomorIdentitas":nik]))
2026-06-18 10:57:01.069 INFO  c.k.k.core.webservice.common.HarLogger   - HAR: C:\Users\ACER\git\AutoAPI\Reports\20260618_105141\API\Pembukuan\pembukuanAPI\20260618_105141\requests\main\CovFlag_26692_124.har
2026-06-18 10:57:01.072 DEBUG testcase.CovVal_26692                    - 3: println("==============================")
==============================
2026-06-18 10:57:01.073 DEBUG testcase.CovVal_26692                    - 4: println("Row                : " + row)
Row                : 25
2026-06-18 10:57:01.074 DEBUG testcase.CovVal_26692                    - 5: println("Nomor Identitas    : " + nik)
Nomor Identitas    : 2605210000000147
2026-06-18 10:57:01.075 DEBUG testcase.CovVal_26692                    - 6: println("HTTP Status        : " + response.getStatusCode())
HTTP Status        : 200
2026-06-18 10:57:01.075 DEBUG testcase.CovVal_26692                    - 7: println("Response Body      : " + response.getResponseBodyContent())
Response Body      : {"ResponseCode":"00","ResponseDescription":"Success - Berhasil melakukan flagging data","ResponseException":"","TanggalMulaiCovering":"20\/05\/2026","TanggalAkhirCovering":"20\/05\/2027","NomorPeserta":"KTW10849210626000036","URLDokumenKepesertaan":"https:\/\/dev-brisurf.brins.co.id\/\/CovPr\/96865f9ae807b630","OriginalCoveringFlagSuccessDate":"18\/06\/2026 10:57:01"}
2026-06-18 10:57:01.076 DEBUG testcase.CovVal_26692                    - 1: nik = data.getValue("NomorIdentitas", row)
2026-06-18 10:57:01.078 DEBUG testcase.CovVal_26692                    - 2: response = sendRequest(findTestObject("API/Posts/CoveringFlag/CovFlag_26692", ["NomorIdentitas":nik]))
2026-06-18 10:57:01.817 INFO  c.k.k.core.webservice.common.HarLogger   - HAR: C:\Users\ACER\git\AutoAPI\Reports\20260618_105141\API\Pembukuan\pembukuanAPI\20260618_105141\requests\main\CovFlag_26692_125.har
2026-06-18 10:57:01.820 DEBUG testcase.CovVal_26692                    - 3: println("==============================")
==============================
2026-06-18 10:57:01.821 DEBUG testcase.CovVal_26692                    - 4: println("Row                : " + row)
Row                : 26
2026-06-18 10:57:01.822 DEBUG testcase.CovVal_26692                    - 5: println("Nomor Identitas    : " + nik)
Nomor Identitas    : 2605210000000148
2026-06-18 10:57:01.822 DEBUG testcase.CovVal_26692                    - 6: println("HTTP Status        : " + response.getStatusCode())
HTTP Status        : 200
2026-06-18 10:57:01.823 DEBUG testcase.CovVal_26692                    - 7: println("Response Body      : " + response.getResponseBodyContent())
Response Body      : {"ResponseCode":"00","ResponseDescription":"Success - Berhasil melakukan flagging data","ResponseException":"","TanggalMulaiCovering":"20\/05\/2026","TanggalAkhirCovering":"20\/05\/2027","NomorPeserta":"KTW10849210626000037","URLDokumenKepesertaan":"https:\/\/dev-brisurf.brins.co.id\/\/CovPr\/c342d0fbff5fe8ca","OriginalCoveringFlagSuccessDate":"18\/06\/2026 10:57:01"}
2026-06-18 10:57:01.824 DEBUG testcase.CovVal_26692                    - 1: nik = data.getValue("NomorIdentitas", row)
2026-06-18 10:57:01.825 DEBUG testcase.CovVal_26692                    - 2: response = sendRequest(findTestObject("API/Posts/CoveringFlag/CovFlag_26692", ["NomorIdentitas":nik]))
2026-06-18 10:57:02.526 INFO  c.k.k.core.webservice.common.HarLogger   - HAR: C:\Users\ACER\git\AutoAPI\Reports\20260618_105141\API\Pembukuan\pembukuanAPI\20260618_105141\requests\main\CovFlag_26692_126.har
2026-06-18 10:57:02.532 DEBUG testcase.CovVal_26692                    - 3: println("==============================")
==============================
2026-06-18 10:57:02.533 DEBUG testcase.CovVal_26692                    - 4: println("Row                : " + row)
Row                : 27
2026-06-18 10:57:02.534 DEBUG testcase.CovVal_26692                    - 5: println("Nomor Identitas    : " + nik)
Nomor Identitas    : 2605210000000149
2026-06-18 10:57:02.535 DEBUG testcase.CovVal_26692                    - 6: println("HTTP Status        : " + response.getStatusCode())
HTTP Status        : 200
2026-06-18 10:57:02.536 DEBUG testcase.CovVal_26692                    - 7: println("Response Body      : " + response.getResponseBodyContent())
Response Body      : {"ResponseCode":"00","ResponseDescription":"Success - Berhasil melakukan flagging data","ResponseException":"","TanggalMulaiCovering":"20\/05\/2026","TanggalAkhirCovering":"20\/05\/2027","NomorPeserta":"KTW10849210626000038","URLDokumenKepesertaan":"https:\/\/dev-brisurf.brins.co.id\/\/CovPr\/cd615b9841fb8f80","OriginalCoveringFlagSuccessDate":"18\/06\/2026 10:57:02"}
2026-06-18 10:57:02.538 DEBUG testcase.CovVal_26692                    - 1: nik = data.getValue("NomorIdentitas", row)
2026-06-18 10:57:02.539 DEBUG testcase.CovVal_26692                    - 2: response = sendRequest(findTestObject("API/Posts/CoveringFlag/CovFlag_26692", ["NomorIdentitas":nik]))
2026-06-18 10:57:03.274 INFO  c.k.k.core.webservice.common.HarLogger   - HAR: C:\Users\ACER\git\AutoAPI\Reports\20260618_105141\API\Pembukuan\pembukuanAPI\20260618_105141\requests\main\CovFlag_26692_127.har
2026-06-18 10:57:03.280 DEBUG testcase.CovVal_26692                    - 3: println("==============================")
==============================
2026-06-18 10:57:03.282 DEBUG testcase.CovVal_26692                    - 4: println("Row                : " + row)
Row                : 28
2026-06-18 10:57:03.283 DEBUG testcase.CovVal_26692                    - 5: println("Nomor Identitas    : " + nik)
Nomor Identitas    : 2605210000000150
2026-06-18 10:57:03.284 DEBUG testcase.CovVal_26692                    - 6: println("HTTP Status        : " + response.getStatusCode())
HTTP Status        : 200
2026-06-18 10:57:03.285 DEBUG testcase.CovVal_26692                    - 7: println("Response Body      : " + response.getResponseBodyContent())
Response Body      : {"ResponseCode":"00","ResponseDescription":"Success - Berhasil melakukan flagging data","ResponseException":"","TanggalMulaiCovering":"20\/05\/2026","TanggalAkhirCovering":"20\/05\/2027","NomorPeserta":"KTW10849210626000039","URLDokumenKepesertaan":"https:\/\/dev-brisurf.brins.co.id\/\/CovPr\/36d297d85b0c80a7","OriginalCoveringFlagSuccessDate":"18\/06\/2026 10:57:03"}
2026-06-18 10:57:03.286 DEBUG testcase.CovVal_26692                    - 1: nik = data.getValue("NomorIdentitas", row)
2026-06-18 10:57:03.287 DEBUG testcase.CovVal_26692                    - 2: response = sendRequest(findTestObject("API/Posts/CoveringFlag/CovFlag_26692", ["NomorIdentitas":nik]))
2026-06-18 10:57:03.981 INFO  c.k.k.core.webservice.common.HarLogger   - HAR: C:\Users\ACER\git\AutoAPI\Reports\20260618_105141\API\Pembukuan\pembukuanAPI\20260618_105141\requests\main\CovFlag_26692_128.har
2026-06-18 10:57:03.984 DEBUG testcase.CovVal_26692                    - 3: println("==============================")
==============================
2026-06-18 10:57:03.984 DEBUG testcase.CovVal_26692                    - 4: println("Row                : " + row)
Row                : 29
2026-06-18 10:57:03.985 DEBUG testcase.CovVal_26692                    - 5: println("Nomor Identitas    : " + nik)
Nomor Identitas    : 2605210000000151
2026-06-18 10:57:03.986 DEBUG testcase.CovVal_26692                    - 6: println("HTTP Status        : " + response.getStatusCode())
HTTP Status        : 200
2026-06-18 10:57:03.986 DEBUG testcase.CovVal_26692                    - 7: println("Response Body      : " + response.getResponseBodyContent())
Response Body      : {"ResponseCode":"00","ResponseDescription":"Success - Berhasil melakukan flagging data","ResponseException":"","TanggalMulaiCovering":"20\/05\/2026","TanggalAkhirCovering":"20\/05\/2027","NomorPeserta":"KTW10849210626000040","URLDokumenKepesertaan":"https:\/\/dev-brisurf.brins.co.id\/\/CovPr\/cc65fd123011b266","OriginalCoveringFlagSuccessDate":"18\/06\/2026 10:57:03"}
2026-06-18 10:57:03.987 DEBUG testcase.CovVal_26692                    - 1: nik = data.getValue("NomorIdentitas", row)
2026-06-18 10:57:03.988 DEBUG testcase.CovVal_26692                    - 2: response = sendRequest(findTestObject("API/Posts/CoveringFlag/CovFlag_26692", ["NomorIdentitas":nik]))
2026-06-18 10:57:04.693 INFO  c.k.k.core.webservice.common.HarLogger   - HAR: C:\Users\ACER\git\AutoAPI\Reports\20260618_105141\API\Pembukuan\pembukuanAPI\20260618_105141\requests\main\CovFlag_26692_129.har
2026-06-18 10:57:04.698 DEBUG testcase.CovVal_26692                    - 3: println("==============================")
==============================
2026-06-18 10:57:04.699 DEBUG testcase.CovVal_26692                    - 4: println("Row                : " + row)
Row                : 30
2026-06-18 10:57:04.701 DEBUG testcase.CovVal_26692                    - 5: println("Nomor Identitas    : " + nik)
Nomor Identitas    : 2605210000000152
2026-06-18 10:57:04.702 DEBUG testcase.CovVal_26692                    - 6: println("HTTP Status        : " + response.getStatusCode())
HTTP Status        : 200
2026-06-18 10:57:04.703 DEBUG testcase.CovVal_26692                    - 7: println("Response Body      : " + response.getResponseBodyContent())
Response Body      : {"ResponseCode":"00","ResponseDescription":"Success - Berhasil melakukan flagging data","ResponseException":"","TanggalMulaiCovering":"20\/05\/2026","TanggalAkhirCovering":"20\/05\/2027","NomorPeserta":"KTW10849210626000041","URLDokumenKepesertaan":"https:\/\/dev-brisurf.brins.co.id\/\/CovPr\/6ac359149b8de7ca","OriginalCoveringFlagSuccessDate":"18\/06\/2026 10:57:04"}
2026-06-18 10:57:04.704 DEBUG testcase.CovVal_26692                    - 1: nik = data.getValue("NomorIdentitas", row)
2026-06-18 10:57:04.705 DEBUG testcase.CovVal_26692                    - 2: response = sendRequest(findTestObject("API/Posts/CoveringFlag/CovFlag_26692", ["NomorIdentitas":nik]))
2026-06-18 10:57:05.414 INFO  c.k.k.core.webservice.common.HarLogger   - HAR: C:\Users\ACER\git\AutoAPI\Reports\20260618_105141\API\Pembukuan\pembukuanAPI\20260618_105141\requests\main\CovFlag_26692_130.har
2026-06-18 10:57:05.417 DEBUG testcase.CovVal_26692                    - 3: println("==============================")
==============================
2026-06-18 10:57:05.418 DEBUG testcase.CovVal_26692                    - 4: println("Row                : " + row)
Row                : 31
2026-06-18 10:57:05.419 DEBUG testcase.CovVal_26692                    - 5: println("Nomor Identitas    : " + nik)
Nomor Identitas    : 2605210000000153
2026-06-18 10:57:05.420 DEBUG testcase.CovVal_26692                    - 6: println("HTTP Status        : " + response.getStatusCode())
HTTP Status        : 200
2026-06-18 10:57:05.420 DEBUG testcase.CovVal_26692                    - 7: println("Response Body      : " + response.getResponseBodyContent())
Response Body      : {"ResponseCode":"00","ResponseDescription":"Success - Berhasil melakukan flagging data","ResponseException":"","TanggalMulaiCovering":"20\/05\/2026","TanggalAkhirCovering":"20\/05\/2027","NomorPeserta":"KTW10849210626000042","URLDokumenKepesertaan":"https:\/\/dev-brisurf.brins.co.id\/\/CovPr\/68e4df8672310607","OriginalCoveringFlagSuccessDate":"18\/06\/2026 10:57:05"}
2026-06-18 10:57:05.421 DEBUG testcase.CovVal_26692                    - 1: nik = data.getValue("NomorIdentitas", row)
2026-06-18 10:57:05.422 DEBUG testcase.CovVal_26692                    - 2: response = sendRequest(findTestObject("API/Posts/CoveringFlag/CovFlag_26692", ["NomorIdentitas":nik]))
2026-06-18 10:57:06.120 INFO  c.k.k.core.webservice.common.HarLogger   - HAR: C:\Users\ACER\git\AutoAPI\Reports\20260618_105141\API\Pembukuan\pembukuanAPI\20260618_105141\requests\main\CovFlag_26692_131.har
2026-06-18 10:57:06.123 DEBUG testcase.CovVal_26692                    - 3: println("==============================")
==============================
2026-06-18 10:57:06.124 DEBUG testcase.CovVal_26692                    - 4: println("Row                : " + row)
Row                : 32
2026-06-18 10:57:06.125 DEBUG testcase.CovVal_26692                    - 5: println("Nomor Identitas    : " + nik)
Nomor Identitas    : 2605210000000154
2026-06-18 10:57:06.126 DEBUG testcase.CovVal_26692                    - 6: println("HTTP Status        : " + response.getStatusCode())
HTTP Status        : 200
2026-06-18 10:57:06.127 DEBUG testcase.CovVal_26692                    - 7: println("Response Body      : " + response.getResponseBodyContent())
Response Body      : {"ResponseCode":"00","ResponseDescription":"Success - Berhasil melakukan flagging data","ResponseException":"","TanggalMulaiCovering":"20\/05\/2026","TanggalAkhirCovering":"20\/05\/2027","NomorPeserta":"KTW10849210626000043","URLDokumenKepesertaan":"https:\/\/dev-brisurf.brins.co.id\/\/CovPr\/345d50d2c63aafd1","OriginalCoveringFlagSuccessDate":"18\/06\/2026 10:57:06"}
2026-06-18 10:57:06.130 DEBUG testcase.CovVal_26692                    - 1: nik = data.getValue("NomorIdentitas", row)
2026-06-18 10:57:06.131 DEBUG testcase.CovVal_26692                    - 2: response = sendRequest(findTestObject("API/Posts/CoveringFlag/CovFlag_26692", ["NomorIdentitas":nik]))
2026-06-18 10:57:06.851 INFO  c.k.k.core.webservice.common.HarLogger   - HAR: C:\Users\ACER\git\AutoAPI\Reports\20260618_105141\API\Pembukuan\pembukuanAPI\20260618_105141\requests\main\CovFlag_26692_132.har
2026-06-18 10:57:06.854 DEBUG testcase.CovVal_26692                    - 3: println("==============================")
==============================
2026-06-18 10:57:06.855 DEBUG testcase.CovVal_26692                    - 4: println("Row                : " + row)
Row                : 33
2026-06-18 10:57:06.856 DEBUG testcase.CovVal_26692                    - 5: println("Nomor Identitas    : " + nik)
Nomor Identitas    : 2605210000000155
2026-06-18 10:57:06.857 DEBUG testcase.CovVal_26692                    - 6: println("HTTP Status        : " + response.getStatusCode())
HTTP Status        : 200
2026-06-18 10:57:06.858 DEBUG testcase.CovVal_26692                    - 7: println("Response Body      : " + response.getResponseBodyContent())
Response Body      : {"ResponseCode":"00","ResponseDescription":"Success - Berhasil melakukan flagging data","ResponseException":"","TanggalMulaiCovering":"20\/05\/2026","TanggalAkhirCovering":"20\/05\/2027","NomorPeserta":"KTW10849210626000044","URLDokumenKepesertaan":"https:\/\/dev-brisurf.brins.co.id\/\/CovPr\/6dc3dd6b3b578aa7","OriginalCoveringFlagSuccessDate":"18\/06\/2026 10:57:06"}
2026-06-18 10:57:06.859 DEBUG testcase.CovVal_26692                    - 1: nik = data.getValue("NomorIdentitas", row)
2026-06-18 10:57:06.860 DEBUG testcase.CovVal_26692                    - 2: response = sendRequest(findTestObject("API/Posts/CoveringFlag/CovFlag_26692", ["NomorIdentitas":nik]))
2026-06-18 10:57:07.577 INFO  c.k.k.core.webservice.common.HarLogger   - HAR: C:\Users\ACER\git\AutoAPI\Reports\20260618_105141\API\Pembukuan\pembukuanAPI\20260618_105141\requests\main\CovFlag_26692_133.har
2026-06-18 10:57:07.583 DEBUG testcase.CovVal_26692                    - 3: println("==============================")
==============================
2026-06-18 10:57:07.584 DEBUG testcase.CovVal_26692                    - 4: println("Row                : " + row)
Row                : 34
2026-06-18 10:57:07.585 DEBUG testcase.CovVal_26692                    - 5: println("Nomor Identitas    : " + nik)
Nomor Identitas    : 2605210000000156
2026-06-18 10:57:07.586 DEBUG testcase.CovVal_26692                    - 6: println("HTTP Status        : " + response.getStatusCode())
HTTP Status        : 200
2026-06-18 10:57:07.587 DEBUG testcase.CovVal_26692                    - 7: println("Response Body      : " + response.getResponseBodyContent())
Response Body      : {"ResponseCode":"00","ResponseDescription":"Success - Berhasil melakukan flagging data","ResponseException":"","TanggalMulaiCovering":"20\/05\/2026","TanggalAkhirCovering":"20\/05\/2027","NomorPeserta":"KTW10849210626000045","URLDokumenKepesertaan":"https:\/\/dev-brisurf.brins.co.id\/\/CovPr\/e7d3b6d14de03195","OriginalCoveringFlagSuccessDate":"18\/06\/2026 10:57:07"}
2026-06-18 10:57:07.588 DEBUG testcase.CovVal_26692                    - 1: nik = data.getValue("NomorIdentitas", row)
2026-06-18 10:57:07.589 DEBUG testcase.CovVal_26692                    - 2: response = sendRequest(findTestObject("API/Posts/CoveringFlag/CovFlag_26692", ["NomorIdentitas":nik]))
2026-06-18 10:57:08.304 INFO  c.k.k.core.webservice.common.HarLogger   - HAR: C:\Users\ACER\git\AutoAPI\Reports\20260618_105141\API\Pembukuan\pembukuanAPI\20260618_105141\requests\main\CovFlag_26692_134.har
2026-06-18 10:57:08.307 DEBUG testcase.CovVal_26692                    - 3: println("==============================")
==============================
2026-06-18 10:57:08.308 DEBUG testcase.CovVal_26692                    - 4: println("Row                : " + row)
Row                : 35
2026-06-18 10:57:08.309 DEBUG testcase.CovVal_26692                    - 5: println("Nomor Identitas    : " + nik)
Nomor Identitas    : 2605210000000157
2026-06-18 10:57:08.310 DEBUG testcase.CovVal_26692                    - 6: println("HTTP Status        : " + response.getStatusCode())
HTTP Status        : 200
2026-06-18 10:57:08.313 DEBUG testcase.CovVal_26692                    - 7: println("Response Body      : " + response.getResponseBodyContent())
Response Body      : {"ResponseCode":"00","ResponseDescription":"Success - Berhasil melakukan flagging data","ResponseException":"","TanggalMulaiCovering":"20\/05\/2026","TanggalAkhirCovering":"20\/05\/2027","NomorPeserta":"KTW10849210626000046","URLDokumenKepesertaan":"https:\/\/dev-brisurf.brins.co.id\/\/CovPr\/be4dbb15e691354c","OriginalCoveringFlagSuccessDate":"18\/06\/2026 10:57:08"}
2026-06-18 10:57:08.314 DEBUG testcase.CovVal_26692                    - 1: nik = data.getValue("NomorIdentitas", row)
2026-06-18 10:57:08.315 DEBUG testcase.CovVal_26692                    - 2: response = sendRequest(findTestObject("API/Posts/CoveringFlag/CovFlag_26692", ["NomorIdentitas":nik]))
2026-06-18 10:57:09.009 INFO  c.k.k.core.webservice.common.HarLogger   - HAR: C:\Users\ACER\git\AutoAPI\Reports\20260618_105141\API\Pembukuan\pembukuanAPI\20260618_105141\requests\main\CovFlag_26692_135.har
2026-06-18 10:57:09.013 DEBUG testcase.CovVal_26692                    - 3: println("==============================")
==============================
2026-06-18 10:57:09.014 DEBUG testcase.CovVal_26692                    - 4: println("Row                : " + row)
Row                : 36
2026-06-18 10:57:09.015 DEBUG testcase.CovVal_26692                    - 5: println("Nomor Identitas    : " + nik)
Nomor Identitas    : 2605210000000158
2026-06-18 10:57:09.016 DEBUG testcase.CovVal_26692                    - 6: println("HTTP Status        : " + response.getStatusCode())
HTTP Status        : 200
2026-06-18 10:57:09.017 DEBUG testcase.CovVal_26692                    - 7: println("Response Body      : " + response.getResponseBodyContent())
Response Body      : {"ResponseCode":"00","ResponseDescription":"Success - Berhasil melakukan flagging data","ResponseException":"","TanggalMulaiCovering":"20\/05\/2026","TanggalAkhirCovering":"20\/05\/2027","NomorPeserta":"KTW10849210626000047","URLDokumenKepesertaan":"https:\/\/dev-brisurf.brins.co.id\/\/CovPr\/91915bb4cf392148","OriginalCoveringFlagSuccessDate":"18\/06\/2026 10:57:08"}
2026-06-18 10:57:09.020 DEBUG testcase.CovVal_26692                    - 1: nik = data.getValue("NomorIdentitas", row)
2026-06-18 10:57:09.021 DEBUG testcase.CovVal_26692                    - 2: response = sendRequest(findTestObject("API/Posts/CoveringFlag/CovFlag_26692", ["NomorIdentitas":nik]))
2026-06-18 10:57:09.736 INFO  c.k.k.core.webservice.common.HarLogger   - HAR: C:\Users\ACER\git\AutoAPI\Reports\20260618_105141\API\Pembukuan\pembukuanAPI\20260618_105141\requests\main\CovFlag_26692_136.har
2026-06-18 10:57:09.739 DEBUG testcase.CovVal_26692                    - 3: println("==============================")
==============================
2026-06-18 10:57:09.740 DEBUG testcase.CovVal_26692                    - 4: println("Row                : " + row)
Row                : 37
2026-06-18 10:57:09.741 DEBUG testcase.CovVal_26692                    - 5: println("Nomor Identitas    : " + nik)
Nomor Identitas    : 2605210000000159
2026-06-18 10:57:09.742 DEBUG testcase.CovVal_26692                    - 6: println("HTTP Status        : " + response.getStatusCode())
HTTP Status        : 200
2026-06-18 10:57:09.742 DEBUG testcase.CovVal_26692                    - 7: println("Response Body      : " + response.getResponseBodyContent())
Response Body      : {"ResponseCode":"00","ResponseDescription":"Success - Berhasil melakukan flagging data","ResponseException":"","TanggalMulaiCovering":"20\/05\/2026","TanggalAkhirCovering":"20\/05\/2027","NomorPeserta":"KTW10849210626000048","URLDokumenKepesertaan":"https:\/\/dev-brisurf.brins.co.id\/\/CovPr\/31e0f2f24240c303","OriginalCoveringFlagSuccessDate":"18\/06\/2026 10:57:09"}
2026-06-18 10:57:09.745 DEBUG testcase.CovVal_26692                    - 1: nik = data.getValue("NomorIdentitas", row)
2026-06-18 10:57:09.746 DEBUG testcase.CovVal_26692                    - 2: response = sendRequest(findTestObject("API/Posts/CoveringFlag/CovFlag_26692", ["NomorIdentitas":nik]))
2026-06-18 10:57:10.446 INFO  c.k.k.core.webservice.common.HarLogger   - HAR: C:\Users\ACER\git\AutoAPI\Reports\20260618_105141\API\Pembukuan\pembukuanAPI\20260618_105141\requests\main\CovFlag_26692_137.har
2026-06-18 10:57:10.449 DEBUG testcase.CovVal_26692                    - 3: println("==============================")
==============================
2026-06-18 10:57:10.450 DEBUG testcase.CovVal_26692                    - 4: println("Row                : " + row)
Row                : 38
2026-06-18 10:57:10.451 DEBUG testcase.CovVal_26692                    - 5: println("Nomor Identitas    : " + nik)
Nomor Identitas    : 2605210000000160
2026-06-18 10:57:10.452 DEBUG testcase.CovVal_26692                    - 6: println("HTTP Status        : " + response.getStatusCode())
HTTP Status        : 200
2026-06-18 10:57:10.453 DEBUG testcase.CovVal_26692                    - 7: println("Response Body      : " + response.getResponseBodyContent())
Response Body      : {"ResponseCode":"00","ResponseDescription":"Success - Berhasil melakukan flagging data","ResponseException":"","TanggalMulaiCovering":"20\/05\/2026","TanggalAkhirCovering":"20\/05\/2027","NomorPeserta":"KTW10849210626000049","URLDokumenKepesertaan":"https:\/\/dev-brisurf.brins.co.id\/\/CovPr\/c8694db2292ab3c3","OriginalCoveringFlagSuccessDate":"18\/06\/2026 10:57:10"}
2026-06-18 10:57:10.454 DEBUG testcase.CovVal_26692                    - 1: nik = data.getValue("NomorIdentitas", row)
2026-06-18 10:57:10.455 DEBUG testcase.CovVal_26692                    - 2: response = sendRequest(findTestObject("API/Posts/CoveringFlag/CovFlag_26692", ["NomorIdentitas":nik]))
2026-06-18 10:57:11.159 INFO  c.k.k.core.webservice.common.HarLogger   - HAR: C:\Users\ACER\git\AutoAPI\Reports\20260618_105141\API\Pembukuan\pembukuanAPI\20260618_105141\requests\main\CovFlag_26692_138.har
2026-06-18 10:57:11.164 DEBUG testcase.CovVal_26692                    - 3: println("==============================")
==============================
2026-06-18 10:57:11.165 DEBUG testcase.CovVal_26692                    - 4: println("Row                : " + row)
Row                : 39
2026-06-18 10:57:11.166 DEBUG testcase.CovVal_26692                    - 5: println("Nomor Identitas    : " + nik)
Nomor Identitas    : 2605210000000161
2026-06-18 10:57:11.167 DEBUG testcase.CovVal_26692                    - 6: println("HTTP Status        : " + response.getStatusCode())
HTTP Status        : 200
2026-06-18 10:57:11.168 DEBUG testcase.CovVal_26692                    - 7: println("Response Body      : " + response.getResponseBodyContent())
Response Body      : {"ResponseCode":"00","ResponseDescription":"Success - Berhasil melakukan flagging data","ResponseException":"","TanggalMulaiCovering":"20\/05\/2026","TanggalAkhirCovering":"20\/05\/2027","NomorPeserta":"KTW10849210626000050","URLDokumenKepesertaan":"https:\/\/dev-brisurf.brins.co.id\/\/CovPr\/dc4e89dc5d628d5d","OriginalCoveringFlagSuccessDate":"18\/06\/2026 10:57:11"}
2026-06-18 10:57:11.169 DEBUG testcase.CovVal_26692                    - 1: nik = data.getValue("NomorIdentitas", row)
2026-06-18 10:57:11.169 DEBUG testcase.CovVal_26692                    - 2: response = sendRequest(findTestObject("API/Posts/CoveringFlag/CovFlag_26692", ["NomorIdentitas":nik]))
2026-06-18 10:57:11.901 INFO  c.k.k.core.webservice.common.HarLogger   - HAR: C:\Users\ACER\git\AutoAPI\Reports\20260618_105141\API\Pembukuan\pembukuanAPI\20260618_105141\requests\main\CovFlag_26692_139.har
2026-06-18 10:57:11.904 DEBUG testcase.CovVal_26692                    - 3: println("==============================")
==============================
2026-06-18 10:57:11.905 DEBUG testcase.CovVal_26692                    - 4: println("Row                : " + row)
Row                : 40
2026-06-18 10:57:11.906 DEBUG testcase.CovVal_26692                    - 5: println("Nomor Identitas    : " + nik)
Nomor Identitas    : 2605210000000162
2026-06-18 10:57:11.906 DEBUG testcase.CovVal_26692                    - 6: println("HTTP Status        : " + response.getStatusCode())
HTTP Status        : 200
2026-06-18 10:57:11.907 DEBUG testcase.CovVal_26692                    - 7: println("Response Body      : " + response.getResponseBodyContent())
Response Body      : {"ResponseCode":"00","ResponseDescription":"Success - Berhasil melakukan flagging data","ResponseException":"","TanggalMulaiCovering":"20\/05\/2026","TanggalAkhirCovering":"20\/05\/2027","NomorPeserta":"KTW10849210626000051","URLDokumenKepesertaan":"https:\/\/dev-brisurf.brins.co.id\/\/CovPr\/8169e6d81ecea877","OriginalCoveringFlagSuccessDate":"18\/06\/2026 10:57:11"}
2026-06-18 10:57:11.908 DEBUG testcase.CovVal_26692                    - 1: nik = data.getValue("NomorIdentitas", row)
2026-06-18 10:57:11.909 DEBUG testcase.CovVal_26692                    - 2: response = sendRequest(findTestObject("API/Posts/CoveringFlag/CovFlag_26692", ["NomorIdentitas":nik]))
2026-06-18 10:57:12.650 INFO  c.k.k.core.webservice.common.HarLogger   - HAR: C:\Users\ACER\git\AutoAPI\Reports\20260618_105141\API\Pembukuan\pembukuanAPI\20260618_105141\requests\main\CovFlag_26692_140.har
2026-06-18 10:57:12.653 DEBUG testcase.CovVal_26692                    - 3: println("==============================")
==============================
2026-06-18 10:57:12.654 DEBUG testcase.CovVal_26692                    - 4: println("Row                : " + row)
Row                : 41
2026-06-18 10:57:12.655 DEBUG testcase.CovVal_26692                    - 5: println("Nomor Identitas    : " + nik)
Nomor Identitas    : 2605210000000163
2026-06-18 10:57:12.655 DEBUG testcase.CovVal_26692                    - 6: println("HTTP Status        : " + response.getStatusCode())
HTTP Status        : 200
2026-06-18 10:57:12.656 DEBUG testcase.CovVal_26692                    - 7: println("Response Body      : " + response.getResponseBodyContent())
Response Body      : {"ResponseCode":"00","ResponseDescription":"Success - Berhasil melakukan flagging data","ResponseException":"","TanggalMulaiCovering":"20\/05\/2026","TanggalAkhirCovering":"20\/05\/2027","NomorPeserta":"KTW10849210626000052","URLDokumenKepesertaan":"https:\/\/dev-brisurf.brins.co.id\/\/CovPr\/06a19de59586ddad","OriginalCoveringFlagSuccessDate":"18\/06\/2026 10:57:12"}
2026-06-18 10:57:12.657 DEBUG testcase.CovVal_26692                    - 1: nik = data.getValue("NomorIdentitas", row)
2026-06-18 10:57:12.657 DEBUG testcase.CovVal_26692                    - 2: response = sendRequest(findTestObject("API/Posts/CoveringFlag/CovFlag_26692", ["NomorIdentitas":nik]))
2026-06-18 10:57:13.399 INFO  c.k.k.core.webservice.common.HarLogger   - HAR: C:\Users\ACER\git\AutoAPI\Reports\20260618_105141\API\Pembukuan\pembukuanAPI\20260618_105141\requests\main\CovFlag_26692_141.har
2026-06-18 10:57:13.402 DEBUG testcase.CovVal_26692                    - 3: println("==============================")
==============================
2026-06-18 10:57:13.402 DEBUG testcase.CovVal_26692                    - 4: println("Row                : " + row)
Row                : 42
2026-06-18 10:57:13.403 DEBUG testcase.CovVal_26692                    - 5: println("Nomor Identitas    : " + nik)
Nomor Identitas    : 2605210000000164
2026-06-18 10:57:13.405 DEBUG testcase.CovVal_26692                    - 6: println("HTTP Status        : " + response.getStatusCode())
HTTP Status        : 200
2026-06-18 10:57:13.406 DEBUG testcase.CovVal_26692                    - 7: println("Response Body      : " + response.getResponseBodyContent())
Response Body      : {"ResponseCode":"00","ResponseDescription":"Success - Berhasil melakukan flagging data","ResponseException":"","TanggalMulaiCovering":"20\/05\/2026","TanggalAkhirCovering":"20\/05\/2027","NomorPeserta":"KTW10849210626000053","URLDokumenKepesertaan":"https:\/\/dev-brisurf.brins.co.id\/\/CovPr\/b3d8c4e9424d2c3a","OriginalCoveringFlagSuccessDate":"18\/06\/2026 10:57:13"}
2026-06-18 10:57:13.407 DEBUG testcase.CovVal_26692                    - 1: nik = data.getValue("NomorIdentitas", row)
2026-06-18 10:57:13.407 DEBUG testcase.CovVal_26692                    - 2: response = sendRequest(findTestObject("API/Posts/CoveringFlag/CovFlag_26692", ["NomorIdentitas":nik]))
2026-06-18 10:57:14.114 INFO  c.k.k.core.webservice.common.HarLogger   - HAR: C:\Users\ACER\git\AutoAPI\Reports\20260618_105141\API\Pembukuan\pembukuanAPI\20260618_105141\requests\main\CovFlag_26692_142.har
2026-06-18 10:57:14.117 DEBUG testcase.CovVal_26692                    - 3: println("==============================")
==============================
2026-06-18 10:57:14.118 DEBUG testcase.CovVal_26692                    - 4: println("Row                : " + row)
Row                : 43
2026-06-18 10:57:14.119 DEBUG testcase.CovVal_26692                    - 5: println("Nomor Identitas    : " + nik)
Nomor Identitas    : 2605210000000165
2026-06-18 10:57:14.119 DEBUG testcase.CovVal_26692                    - 6: println("HTTP Status        : " + response.getStatusCode())
HTTP Status        : 200
2026-06-18 10:57:14.120 DEBUG testcase.CovVal_26692                    - 7: println("Response Body      : " + response.getResponseBodyContent())
Response Body      : {"ResponseCode":"00","ResponseDescription":"Success - Berhasil melakukan flagging data","ResponseException":"","TanggalMulaiCovering":"20\/05\/2026","TanggalAkhirCovering":"20\/05\/2027","NomorPeserta":"KTW10849210626000054","URLDokumenKepesertaan":"https:\/\/dev-brisurf.brins.co.id\/\/CovPr\/c491ab1eee115cea","OriginalCoveringFlagSuccessDate":"18\/06\/2026 10:57:14"}
2026-06-18 10:57:14.121 DEBUG testcase.CovVal_26692                    - 1: nik = data.getValue("NomorIdentitas", row)
2026-06-18 10:57:14.121 DEBUG testcase.CovVal_26692                    - 2: response = sendRequest(findTestObject("API/Posts/CoveringFlag/CovFlag_26692", ["NomorIdentitas":nik]))
2026-06-18 10:57:14.842 INFO  c.k.k.core.webservice.common.HarLogger   - HAR: C:\Users\ACER\git\AutoAPI\Reports\20260618_105141\API\Pembukuan\pembukuanAPI\20260618_105141\requests\main\CovFlag_26692_143.har
2026-06-18 10:57:14.846 DEBUG testcase.CovVal_26692                    - 3: println("==============================")
==============================
2026-06-18 10:57:14.847 DEBUG testcase.CovVal_26692                    - 4: println("Row                : " + row)
Row                : 44
2026-06-18 10:57:14.847 DEBUG testcase.CovVal_26692                    - 5: println("Nomor Identitas    : " + nik)
Nomor Identitas    : 2605210000000166
2026-06-18 10:57:14.848 DEBUG testcase.CovVal_26692                    - 6: println("HTTP Status        : " + response.getStatusCode())
HTTP Status        : 200
2026-06-18 10:57:14.849 DEBUG testcase.CovVal_26692                    - 7: println("Response Body      : " + response.getResponseBodyContent())
Response Body      : {"ResponseCode":"00","ResponseDescription":"Success - Berhasil melakukan flagging data","ResponseException":"","TanggalMulaiCovering":"20\/05\/2026","TanggalAkhirCovering":"20\/05\/2027","NomorPeserta":"KTW10849210626000055","URLDokumenKepesertaan":"https:\/\/dev-brisurf.brins.co.id\/\/CovPr\/816d066105718f9a","OriginalCoveringFlagSuccessDate":"18\/06\/2026 10:57:14"}
2026-06-18 10:57:14.850 DEBUG testcase.CovVal_26692                    - 1: nik = data.getValue("NomorIdentitas", row)
2026-06-18 10:57:14.851 DEBUG testcase.CovVal_26692                    - 2: response = sendRequest(findTestObject("API/Posts/CoveringFlag/CovFlag_26692", ["NomorIdentitas":nik]))
2026-06-18 10:57:15.623 INFO  c.k.k.core.webservice.common.HarLogger   - HAR: C:\Users\ACER\git\AutoAPI\Reports\20260618_105141\API\Pembukuan\pembukuanAPI\20260618_105141\requests\main\CovFlag_26692_144.har
2026-06-18 10:57:15.627 DEBUG testcase.CovVal_26692                    - 3: println("==============================")
==============================
2026-06-18 10:57:15.628 DEBUG testcase.CovVal_26692                    - 4: println("Row                : " + row)
Row                : 45
2026-06-18 10:57:15.630 DEBUG testcase.CovVal_26692                    - 5: println("Nomor Identitas    : " + nik)
Nomor Identitas    : 2605210000000167
2026-06-18 10:57:15.630 DEBUG testcase.CovVal_26692                    - 6: println("HTTP Status        : " + response.getStatusCode())
HTTP Status        : 200
2026-06-18 10:57:15.631 DEBUG testcase.CovVal_26692                    - 7: println("Response Body      : " + response.getResponseBodyContent())
Response Body      : {"ResponseCode":"00","ResponseDescription":"Success - Berhasil melakukan flagging data","ResponseException":"","TanggalMulaiCovering":"20\/05\/2026","TanggalAkhirCovering":"20\/05\/2027","NomorPeserta":"KTW10849210626000056","URLDokumenKepesertaan":"https:\/\/dev-brisurf.brins.co.id\/\/CovPr\/d6c3a8d9726e174a","OriginalCoveringFlagSuccessDate":"18\/06\/2026 10:57:15"}
2026-06-18 10:57:15.632 DEBUG testcase.CovVal_26692                    - 1: nik = data.getValue("NomorIdentitas", row)
2026-06-18 10:57:15.633 DEBUG testcase.CovVal_26692                    - 2: response = sendRequest(findTestObject("API/Posts/CoveringFlag/CovFlag_26692", ["NomorIdentitas":nik]))
2026-06-18 10:57:16.391 INFO  c.k.k.core.webservice.common.HarLogger   - HAR: C:\Users\ACER\git\AutoAPI\Reports\20260618_105141\API\Pembukuan\pembukuanAPI\20260618_105141\requests\main\CovFlag_26692_145.har
2026-06-18 10:57:16.396 DEBUG testcase.CovVal_26692                    - 3: println("==============================")
==============================
2026-06-18 10:57:16.397 DEBUG testcase.CovVal_26692                    - 4: println("Row                : " + row)
Row                : 46
2026-06-18 10:57:16.398 DEBUG testcase.CovVal_26692                    - 5: println("Nomor Identitas    : " + nik)
Nomor Identitas    : 2605210000000168
2026-06-18 10:57:16.399 DEBUG testcase.CovVal_26692                    - 6: println("HTTP Status        : " + response.getStatusCode())
HTTP Status        : 200
2026-06-18 10:57:16.400 DEBUG testcase.CovVal_26692                    - 7: println("Response Body      : " + response.getResponseBodyContent())
Response Body      : {"ResponseCode":"00","ResponseDescription":"Success - Berhasil melakukan flagging data","ResponseException":"","TanggalMulaiCovering":"20\/05\/2026","TanggalAkhirCovering":"20\/05\/2027","NomorPeserta":"KTW10849210626000057","URLDokumenKepesertaan":"https:\/\/dev-brisurf.brins.co.id\/\/CovPr\/3b9b7354052a995d","OriginalCoveringFlagSuccessDate":"18\/06\/2026 10:57:16"}
2026-06-18 10:57:16.401 DEBUG testcase.CovVal_26692                    - 1: nik = data.getValue("NomorIdentitas", row)
2026-06-18 10:57:16.402 DEBUG testcase.CovVal_26692                    - 2: response = sendRequest(findTestObject("API/Posts/CoveringFlag/CovFlag_26692", ["NomorIdentitas":nik]))
2026-06-18 10:57:17.119 INFO  c.k.k.core.webservice.common.HarLogger   - HAR: C:\Users\ACER\git\AutoAPI\Reports\20260618_105141\API\Pembukuan\pembukuanAPI\20260618_105141\requests\main\CovFlag_26692_146.har
2026-06-18 10:57:17.122 DEBUG testcase.CovVal_26692                    - 3: println("==============================")
==============================
2026-06-18 10:57:17.124 DEBUG testcase.CovVal_26692                    - 4: println("Row                : " + row)
Row                : 47
2026-06-18 10:57:17.125 DEBUG testcase.CovVal_26692                    - 5: println("Nomor Identitas    : " + nik)
Nomor Identitas    : 2605210000000169
2026-06-18 10:57:17.127 DEBUG testcase.CovVal_26692                    - 6: println("HTTP Status        : " + response.getStatusCode())
HTTP Status        : 200
2026-06-18 10:57:17.128 DEBUG testcase.CovVal_26692                    - 7: println("Response Body      : " + response.getResponseBodyContent())
Response Body      : {"ResponseCode":"00","ResponseDescription":"Success - Berhasil melakukan flagging data","ResponseException":"","TanggalMulaiCovering":"20\/05\/2026","TanggalAkhirCovering":"20\/05\/2027","NomorPeserta":"KTW10849210626000058","URLDokumenKepesertaan":"https:\/\/dev-brisurf.brins.co.id\/\/CovPr\/2413cf91a6b77773","OriginalCoveringFlagSuccessDate":"18\/06\/2026 10:57:17"}
2026-06-18 10:57:17.129 DEBUG testcase.CovVal_26692                    - 1: nik = data.getValue("NomorIdentitas", row)
2026-06-18 10:57:17.130 DEBUG testcase.CovVal_26692                    - 2: response = sendRequest(findTestObject("API/Posts/CoveringFlag/CovFlag_26692", ["NomorIdentitas":nik]))
2026-06-18 10:57:17.870 INFO  c.k.k.core.webservice.common.HarLogger   - HAR: C:\Users\ACER\git\AutoAPI\Reports\20260618_105141\API\Pembukuan\pembukuanAPI\20260618_105141\requests\main\CovFlag_26692_147.har
2026-06-18 10:57:17.873 DEBUG testcase.CovVal_26692                    - 3: println("==============================")
==============================
2026-06-18 10:57:17.874 DEBUG testcase.CovVal_26692                    - 4: println("Row                : " + row)
Row                : 48
2026-06-18 10:57:17.876 DEBUG testcase.CovVal_26692                    - 5: println("Nomor Identitas    : " + nik)
Nomor Identitas    : 2605210000000170
2026-06-18 10:57:17.877 DEBUG testcase.CovVal_26692                    - 6: println("HTTP Status        : " + response.getStatusCode())
HTTP Status        : 200
2026-06-18 10:57:17.878 DEBUG testcase.CovVal_26692                    - 7: println("Response Body      : " + response.getResponseBodyContent())
Response Body      : {"ResponseCode":"00","ResponseDescription":"Success - Berhasil melakukan flagging data","ResponseException":"","TanggalMulaiCovering":"20\/05\/2026","TanggalAkhirCovering":"20\/05\/2027","NomorPeserta":"KTW10849210626000059","URLDokumenKepesertaan":"https:\/\/dev-brisurf.brins.co.id\/\/CovPr\/1fb1b12a85f458fd","OriginalCoveringFlagSuccessDate":"18\/06\/2026 10:57:17"}
2026-06-18 10:57:17.879 DEBUG testcase.CovVal_26692                    - 1: nik = data.getValue("NomorIdentitas", row)
2026-06-18 10:57:17.880 DEBUG testcase.CovVal_26692                    - 2: response = sendRequest(findTestObject("API/Posts/CoveringFlag/CovFlag_26692", ["NomorIdentitas":nik]))
2026-06-18 10:57:18.650 INFO  c.k.k.core.webservice.common.HarLogger   - HAR: C:\Users\ACER\git\AutoAPI\Reports\20260618_105141\API\Pembukuan\pembukuanAPI\20260618_105141\requests\main\CovFlag_26692_148.har
2026-06-18 10:57:18.653 DEBUG testcase.CovVal_26692                    - 3: println("==============================")
==============================
2026-06-18 10:57:18.654 DEBUG testcase.CovVal_26692                    - 4: println("Row                : " + row)
Row                : 49
2026-06-18 10:57:18.655 DEBUG testcase.CovVal_26692                    - 5: println("Nomor Identitas    : " + nik)
Nomor Identitas    : 2605210000000171
2026-06-18 10:57:18.655 DEBUG testcase.CovVal_26692                    - 6: println("HTTP Status        : " + response.getStatusCode())
HTTP Status        : 200
2026-06-18 10:57:18.656 DEBUG testcase.CovVal_26692                    - 7: println("Response Body      : " + response.getResponseBodyContent())
Response Body      : {"ResponseCode":"00","ResponseDescription":"Success - Berhasil melakukan flagging data","ResponseException":"","TanggalMulaiCovering":"20\/05\/2026","TanggalAkhirCovering":"20\/05\/2027","NomorPeserta":"KTW10849210626000060","URLDokumenKepesertaan":"https:\/\/dev-brisurf.brins.co.id\/\/CovPr\/7db68753fede9c2a","OriginalCoveringFlagSuccessDate":"18\/06\/2026 10:57:18"}
2026-06-18 10:57:18.658 DEBUG testcase.CovVal_26692                    - 1: nik = data.getValue("NomorIdentitas", row)
2026-06-18 10:57:18.660 DEBUG testcase.CovVal_26692                    - 2: response = sendRequest(findTestObject("API/Posts/CoveringFlag/CovFlag_26692", ["NomorIdentitas":nik]))
2026-06-18 10:57:19.379 INFO  c.k.k.core.webservice.common.HarLogger   - HAR: C:\Users\ACER\git\AutoAPI\Reports\20260618_105141\API\Pembukuan\pembukuanAPI\20260618_105141\requests\main\CovFlag_26692_149.har
2026-06-18 10:57:19.382 DEBUG testcase.CovVal_26692                    - 3: println("==============================")
==============================
2026-06-18 10:57:19.383 DEBUG testcase.CovVal_26692                    - 4: println("Row                : " + row)
Row                : 50
2026-06-18 10:57:19.384 DEBUG testcase.CovVal_26692                    - 5: println("Nomor Identitas    : " + nik)
Nomor Identitas    : 2605210000000172
2026-06-18 10:57:19.385 DEBUG testcase.CovVal_26692                    - 6: println("HTTP Status        : " + response.getStatusCode())
HTTP Status        : 200
2026-06-18 10:57:19.385 DEBUG testcase.CovVal_26692                    - 7: println("Response Body      : " + response.getResponseBodyContent())
Response Body      : {"ResponseCode":"00","ResponseDescription":"Success - Berhasil melakukan flagging data","ResponseException":"","TanggalMulaiCovering":"20\/05\/2026","TanggalAkhirCovering":"20\/05\/2027","NomorPeserta":"KTW10849210626000061","URLDokumenKepesertaan":"https:\/\/dev-brisurf.brins.co.id\/\/CovPr\/53947842c83bbf9d","OriginalCoveringFlagSuccessDate":"18\/06\/2026 10:57:19"}
2026-06-18 10:57:19.386 DEBUG testcase.CovVal_26692                    - 1: nik = data.getValue("NomorIdentitas", row)
2026-06-18 10:57:19.387 DEBUG testcase.CovVal_26692                    - 2: response = sendRequest(findTestObject("API/Posts/CoveringFlag/CovFlag_26692", ["NomorIdentitas":nik]))
2026-06-18 10:57:20.096 INFO  c.k.k.core.webservice.common.HarLogger   - HAR: C:\Users\ACER\git\AutoAPI\Reports\20260618_105141\API\Pembukuan\pembukuanAPI\20260618_105141\requests\main\CovFlag_26692_150.har
2026-06-18 10:57:20.098 DEBUG testcase.CovVal_26692                    - 3: println("==============================")
==============================
2026-06-18 10:57:20.100 DEBUG testcase.CovVal_26692                    - 4: println("Row                : " + row)
Row                : 51
2026-06-18 10:57:20.101 DEBUG testcase.CovVal_26692                    - 5: println("Nomor Identitas    : " + nik)
Nomor Identitas    : 2605210000000173
2026-06-18 10:57:20.101 DEBUG testcase.CovVal_26692                    - 6: println("HTTP Status        : " + response.getStatusCode())
HTTP Status        : 200
2026-06-18 10:57:20.102 DEBUG testcase.CovVal_26692                    - 7: println("Response Body      : " + response.getResponseBodyContent())
Response Body      : {"ResponseCode":"00","ResponseDescription":"Success - Berhasil melakukan flagging data","ResponseException":"","TanggalMulaiCovering":"20\/05\/2026","TanggalAkhirCovering":"20\/05\/2027","NomorPeserta":"KTW10849210626000062","URLDokumenKepesertaan":"https:\/\/dev-brisurf.brins.co.id\/\/CovPr\/9ebc678607298a10","OriginalCoveringFlagSuccessDate":"18\/06\/2026 10:57:20"}
2026-06-18 10:57:20.103 DEBUG testcase.CovVal_26692                    - 1: nik = data.getValue("NomorIdentitas", row)
2026-06-18 10:57:20.103 DEBUG testcase.CovVal_26692                    - 2: response = sendRequest(findTestObject("API/Posts/CoveringFlag/CovFlag_26692", ["NomorIdentitas":nik]))
2026-06-18 10:57:20.817 INFO  c.k.k.core.webservice.common.HarLogger   - HAR: C:\Users\ACER\git\AutoAPI\Reports\20260618_105141\API\Pembukuan\pembukuanAPI\20260618_105141\requests\main\CovFlag_26692_151.har
2026-06-18 10:57:20.820 DEBUG testcase.CovVal_26692                    - 3: println("==============================")
==============================
2026-06-18 10:57:20.821 DEBUG testcase.CovVal_26692                    - 4: println("Row                : " + row)
Row                : 52
2026-06-18 10:57:20.822 DEBUG testcase.CovVal_26692                    - 5: println("Nomor Identitas    : " + nik)
Nomor Identitas    : 2605210000000174
2026-06-18 10:57:20.823 DEBUG testcase.CovVal_26692                    - 6: println("HTTP Status        : " + response.getStatusCode())
HTTP Status        : 200
2026-06-18 10:57:20.826 DEBUG testcase.CovVal_26692                    - 7: println("Response Body      : " + response.getResponseBodyContent())
Response Body      : {"ResponseCode":"00","ResponseDescription":"Success - Berhasil melakukan flagging data","ResponseException":"","TanggalMulaiCovering":"20\/05\/2026","TanggalAkhirCovering":"20\/05\/2027","NomorPeserta":"KTW10849210626000063","URLDokumenKepesertaan":"https:\/\/dev-brisurf.brins.co.id\/\/CovPr\/851fe5d7373216a0","OriginalCoveringFlagSuccessDate":"18\/06\/2026 10:57:20"}
2026-06-18 10:57:20.827 DEBUG testcase.CovVal_26692                    - 1: nik = data.getValue("NomorIdentitas", row)
2026-06-18 10:57:20.828 DEBUG testcase.CovVal_26692                    - 2: response = sendRequest(findTestObject("API/Posts/CoveringFlag/CovFlag_26692", ["NomorIdentitas":nik]))
2026-06-18 10:57:21.539 INFO  c.k.k.core.webservice.common.HarLogger   - HAR: C:\Users\ACER\git\AutoAPI\Reports\20260618_105141\API\Pembukuan\pembukuanAPI\20260618_105141\requests\main\CovFlag_26692_152.har
2026-06-18 10:57:21.543 DEBUG testcase.CovVal_26692                    - 3: println("==============================")
==============================
2026-06-18 10:57:21.544 DEBUG testcase.CovVal_26692                    - 4: println("Row                : " + row)
Row                : 53
2026-06-18 10:57:21.545 DEBUG testcase.CovVal_26692                    - 5: println("Nomor Identitas    : " + nik)
Nomor Identitas    : 2605210000000175
2026-06-18 10:57:21.546 DEBUG testcase.CovVal_26692                    - 6: println("HTTP Status        : " + response.getStatusCode())
HTTP Status        : 200
2026-06-18 10:57:21.547 DEBUG testcase.CovVal_26692                    - 7: println("Response Body      : " + response.getResponseBodyContent())
Response Body      : {"ResponseCode":"00","ResponseDescription":"Success - Berhasil melakukan flagging data","ResponseException":"","TanggalMulaiCovering":"20\/05\/2026","TanggalAkhirCovering":"20\/05\/2027","NomorPeserta":"KTW10849210626000064","URLDokumenKepesertaan":"https:\/\/dev-brisurf.brins.co.id\/\/CovPr\/d871033d079aa3f0","OriginalCoveringFlagSuccessDate":"18\/06\/2026 10:57:21"}
2026-06-18 10:57:21.548 DEBUG testcase.CovVal_26692                    - 1: nik = data.getValue("NomorIdentitas", row)
2026-06-18 10:57:21.549 DEBUG testcase.CovVal_26692                    - 2: response = sendRequest(findTestObject("API/Posts/CoveringFlag/CovFlag_26692", ["NomorIdentitas":nik]))
2026-06-18 10:57:22.299 INFO  c.k.k.core.webservice.common.HarLogger   - HAR: C:\Users\ACER\git\AutoAPI\Reports\20260618_105141\API\Pembukuan\pembukuanAPI\20260618_105141\requests\main\CovFlag_26692_153.har
2026-06-18 10:57:22.302 DEBUG testcase.CovVal_26692                    - 3: println("==============================")
==============================
2026-06-18 10:57:22.303 DEBUG testcase.CovVal_26692                    - 4: println("Row                : " + row)
Row                : 54
2026-06-18 10:57:22.303 DEBUG testcase.CovVal_26692                    - 5: println("Nomor Identitas    : " + nik)
Nomor Identitas    : 2605210000000176
2026-06-18 10:57:22.304 DEBUG testcase.CovVal_26692                    - 6: println("HTTP Status        : " + response.getStatusCode())
HTTP Status        : 200
2026-06-18 10:57:22.305 DEBUG testcase.CovVal_26692                    - 7: println("Response Body      : " + response.getResponseBodyContent())
Response Body      : {"ResponseCode":"00","ResponseDescription":"Success - Berhasil melakukan flagging data","ResponseException":"","TanggalMulaiCovering":"20\/05\/2026","TanggalAkhirCovering":"20\/05\/2027","NomorPeserta":"KTW10849210626000065","URLDokumenKepesertaan":"https:\/\/dev-brisurf.brins.co.id\/\/CovPr\/c37bf0d38aa9c733","OriginalCoveringFlagSuccessDate":"18\/06\/2026 10:57:22"}
2026-06-18 10:57:22.306 DEBUG testcase.CovVal_26692                    - 1: nik = data.getValue("NomorIdentitas", row)
2026-06-18 10:57:22.308 DEBUG testcase.CovVal_26692                    - 2: response = sendRequest(findTestObject("API/Posts/CoveringFlag/CovFlag_26692", ["NomorIdentitas":nik]))
2026-06-18 10:57:23.033 INFO  c.k.k.core.webservice.common.HarLogger   - HAR: C:\Users\ACER\git\AutoAPI\Reports\20260618_105141\API\Pembukuan\pembukuanAPI\20260618_105141\requests\main\CovFlag_26692_154.har
2026-06-18 10:57:23.036 DEBUG testcase.CovVal_26692                    - 3: println("==============================")
==============================
2026-06-18 10:57:23.037 DEBUG testcase.CovVal_26692                    - 4: println("Row                : " + row)
Row                : 55
2026-06-18 10:57:23.038 DEBUG testcase.CovVal_26692                    - 5: println("Nomor Identitas    : " + nik)
Nomor Identitas    : 2605210000000177
2026-06-18 10:57:23.038 DEBUG testcase.CovVal_26692                    - 6: println("HTTP Status        : " + response.getStatusCode())
HTTP Status        : 200
2026-06-18 10:57:23.039 DEBUG testcase.CovVal_26692                    - 7: println("Response Body      : " + response.getResponseBodyContent())
Response Body      : {"ResponseCode":"00","ResponseDescription":"Success - Berhasil melakukan flagging data","ResponseException":"","TanggalMulaiCovering":"20\/05\/2026","TanggalAkhirCovering":"20\/05\/2027","NomorPeserta":"KTW10849210626000066","URLDokumenKepesertaan":"https:\/\/dev-brisurf.brins.co.id\/\/CovPr\/4af3b02bb29af575","OriginalCoveringFlagSuccessDate":"18\/06\/2026 10:57:22"}
2026-06-18 10:57:23.041 DEBUG testcase.CovVal_26692                    - 1: nik = data.getValue("NomorIdentitas", row)
2026-06-18 10:57:23.042 DEBUG testcase.CovVal_26692                    - 2: response = sendRequest(findTestObject("API/Posts/CoveringFlag/CovFlag_26692", ["NomorIdentitas":nik]))
2026-06-18 10:57:23.737 INFO  c.k.k.core.webservice.common.HarLogger   - HAR: C:\Users\ACER\git\AutoAPI\Reports\20260618_105141\API\Pembukuan\pembukuanAPI\20260618_105141\requests\main\CovFlag_26692_155.har
2026-06-18 10:57:23.741 DEBUG testcase.CovVal_26692                    - 3: println("==============================")
==============================
2026-06-18 10:57:23.742 DEBUG testcase.CovVal_26692                    - 4: println("Row                : " + row)
Row                : 56
2026-06-18 10:57:23.743 DEBUG testcase.CovVal_26692                    - 5: println("Nomor Identitas    : " + nik)
Nomor Identitas    : 2605210000000178
2026-06-18 10:57:23.744 DEBUG testcase.CovVal_26692                    - 6: println("HTTP Status        : " + response.getStatusCode())
HTTP Status        : 200
2026-06-18 10:57:23.745 DEBUG testcase.CovVal_26692                    - 7: println("Response Body      : " + response.getResponseBodyContent())
Response Body      : {"ResponseCode":"00","ResponseDescription":"Success - Berhasil melakukan flagging data","ResponseException":"","TanggalMulaiCovering":"20\/05\/2026","TanggalAkhirCovering":"20\/05\/2027","NomorPeserta":"KTW10849210626000067","URLDokumenKepesertaan":"https:\/\/dev-brisurf.brins.co.id\/\/CovPr\/3605e580bb8359f3","OriginalCoveringFlagSuccessDate":"18\/06\/2026 10:57:23"}
2026-06-18 10:57:23.745 DEBUG testcase.CovVal_26692                    - 1: nik = data.getValue("NomorIdentitas", row)
2026-06-18 10:57:23.746 DEBUG testcase.CovVal_26692                    - 2: response = sendRequest(findTestObject("API/Posts/CoveringFlag/CovFlag_26692", ["NomorIdentitas":nik]))
2026-06-18 10:57:24.449 INFO  c.k.k.core.webservice.common.HarLogger   - HAR: C:\Users\ACER\git\AutoAPI\Reports\20260618_105141\API\Pembukuan\pembukuanAPI\20260618_105141\requests\main\CovFlag_26692_156.har
2026-06-18 10:57:24.452 DEBUG testcase.CovVal_26692                    - 3: println("==============================")
==============================
2026-06-18 10:57:24.453 DEBUG testcase.CovVal_26692                    - 4: println("Row                : " + row)
Row                : 57
2026-06-18 10:57:24.454 DEBUG testcase.CovVal_26692                    - 5: println("Nomor Identitas    : " + nik)
Nomor Identitas    : 2605210000000179
2026-06-18 10:57:24.455 DEBUG testcase.CovVal_26692                    - 6: println("HTTP Status        : " + response.getStatusCode())
HTTP Status        : 200
2026-06-18 10:57:24.455 DEBUG testcase.CovVal_26692                    - 7: println("Response Body      : " + response.getResponseBodyContent())
Response Body      : {"ResponseCode":"00","ResponseDescription":"Success - Berhasil melakukan flagging data","ResponseException":"","TanggalMulaiCovering":"20\/05\/2026","TanggalAkhirCovering":"20\/05\/2027","NomorPeserta":"KTW10849210626000068","URLDokumenKepesertaan":"https:\/\/dev-brisurf.brins.co.id\/\/CovPr\/dee72d6d7e7c1889","OriginalCoveringFlagSuccessDate":"18\/06\/2026 10:57:24"}
2026-06-18 10:57:24.459 DEBUG testcase.CovVal_26692                    - 1: nik = data.getValue("NomorIdentitas", row)
2026-06-18 10:57:24.460 DEBUG testcase.CovVal_26692                    - 2: response = sendRequest(findTestObject("API/Posts/CoveringFlag/CovFlag_26692", ["NomorIdentitas":nik]))
2026-06-18 10:57:25.165 INFO  c.k.k.core.webservice.common.HarLogger   - HAR: C:\Users\ACER\git\AutoAPI\Reports\20260618_105141\API\Pembukuan\pembukuanAPI\20260618_105141\requests\main\CovFlag_26692_157.har
2026-06-18 10:57:25.167 DEBUG testcase.CovVal_26692                    - 3: println("==============================")
==============================
2026-06-18 10:57:25.168 DEBUG testcase.CovVal_26692                    - 4: println("Row                : " + row)
Row                : 58
2026-06-18 10:57:25.169 DEBUG testcase.CovVal_26692                    - 5: println("Nomor Identitas    : " + nik)
Nomor Identitas    : 2605210000000180
2026-06-18 10:57:25.170 DEBUG testcase.CovVal_26692                    - 6: println("HTTP Status        : " + response.getStatusCode())
HTTP Status        : 200
2026-06-18 10:57:25.170 DEBUG testcase.CovVal_26692                    - 7: println("Response Body      : " + response.getResponseBodyContent())
Response Body      : {"ResponseCode":"00","ResponseDescription":"Success - Berhasil melakukan flagging data","ResponseException":"","TanggalMulaiCovering":"20\/05\/2026","TanggalAkhirCovering":"20\/05\/2027","NomorPeserta":"KTW10849210626000069","URLDokumenKepesertaan":"https:\/\/dev-brisurf.brins.co.id\/\/CovPr\/aaa78fee3f9653c6","OriginalCoveringFlagSuccessDate":"18\/06\/2026 10:57:25"}
2026-06-18 10:57:25.171 DEBUG testcase.CovVal_26692                    - 1: nik = data.getValue("NomorIdentitas", row)
2026-06-18 10:57:25.173 DEBUG testcase.CovVal_26692                    - 2: response = sendRequest(findTestObject("API/Posts/CoveringFlag/CovFlag_26692", ["NomorIdentitas":nik]))
2026-06-18 10:57:25.880 INFO  c.k.k.core.webservice.common.HarLogger   - HAR: C:\Users\ACER\git\AutoAPI\Reports\20260618_105141\API\Pembukuan\pembukuanAPI\20260618_105141\requests\main\CovFlag_26692_158.har
2026-06-18 10:57:25.883 DEBUG testcase.CovVal_26692                    - 3: println("==============================")
==============================
2026-06-18 10:57:25.884 DEBUG testcase.CovVal_26692                    - 4: println("Row                : " + row)
Row                : 59
2026-06-18 10:57:25.885 DEBUG testcase.CovVal_26692                    - 5: println("Nomor Identitas    : " + nik)
Nomor Identitas    : 2605210000000181
2026-06-18 10:57:25.885 DEBUG testcase.CovVal_26692                    - 6: println("HTTP Status        : " + response.getStatusCode())
HTTP Status        : 200
2026-06-18 10:57:25.886 DEBUG testcase.CovVal_26692                    - 7: println("Response Body      : " + response.getResponseBodyContent())
Response Body      : {"ResponseCode":"00","ResponseDescription":"Success - Berhasil melakukan flagging data","ResponseException":"","TanggalMulaiCovering":"20\/05\/2026","TanggalAkhirCovering":"20\/05\/2027","NomorPeserta":"KTW10849210626000070","URLDokumenKepesertaan":"https:\/\/dev-brisurf.brins.co.id\/\/CovPr\/489554dab5ca97f5","OriginalCoveringFlagSuccessDate":"18\/06\/2026 10:57:25"}
2026-06-18 10:57:25.887 DEBUG testcase.CovVal_26692                    - 1: nik = data.getValue("NomorIdentitas", row)
2026-06-18 10:57:25.887 DEBUG testcase.CovVal_26692                    - 2: response = sendRequest(findTestObject("API/Posts/CoveringFlag/CovFlag_26692", ["NomorIdentitas":nik]))
2026-06-18 10:57:26.611 INFO  c.k.k.core.webservice.common.HarLogger   - HAR: C:\Users\ACER\git\AutoAPI\Reports\20260618_105141\API\Pembukuan\pembukuanAPI\20260618_105141\requests\main\CovFlag_26692_159.har
2026-06-18 10:57:26.615 DEBUG testcase.CovVal_26692                    - 3: println("==============================")
==============================
2026-06-18 10:57:26.616 DEBUG testcase.CovVal_26692                    - 4: println("Row                : " + row)
Row                : 60
2026-06-18 10:57:26.617 DEBUG testcase.CovVal_26692                    - 5: println("Nomor Identitas    : " + nik)
Nomor Identitas    : 2605210000000182
2026-06-18 10:57:26.618 DEBUG testcase.CovVal_26692                    - 6: println("HTTP Status        : " + response.getStatusCode())
HTTP Status        : 200
2026-06-18 10:57:26.619 DEBUG testcase.CovVal_26692                    - 7: println("Response Body      : " + response.getResponseBodyContent())
Response Body      : {"ResponseCode":"00","ResponseDescription":"Success - Berhasil melakukan flagging data","ResponseException":"","TanggalMulaiCovering":"20\/05\/2026","TanggalAkhirCovering":"20\/05\/2027","NomorPeserta":"KTW10849210626000071","URLDokumenKepesertaan":"https:\/\/dev-brisurf.brins.co.id\/\/CovPr\/0d73d68711c1dc65","OriginalCoveringFlagSuccessDate":"18\/06\/2026 10:57:26"}
2026-06-18 10:57:26.620 DEBUG testcase.CovVal_26692                    - 1: nik = data.getValue("NomorIdentitas", row)
2026-06-18 10:57:26.621 DEBUG testcase.CovVal_26692                    - 2: response = sendRequest(findTestObject("API/Posts/CoveringFlag/CovFlag_26692", ["NomorIdentitas":nik]))
2026-06-18 10:57:27.345 INFO  c.k.k.core.webservice.common.HarLogger   - HAR: C:\Users\ACER\git\AutoAPI\Reports\20260618_105141\API\Pembukuan\pembukuanAPI\20260618_105141\requests\main\CovFlag_26692_160.har
2026-06-18 10:57:27.349 DEBUG testcase.CovVal_26692                    - 3: println("==============================")
==============================
2026-06-18 10:57:27.350 DEBUG testcase.CovVal_26692                    - 4: println("Row                : " + row)
Row                : 61
2026-06-18 10:57:27.350 DEBUG testcase.CovVal_26692                    - 5: println("Nomor Identitas    : " + nik)
Nomor Identitas    : 2605210000000183
2026-06-18 10:57:27.351 DEBUG testcase.CovVal_26692                    - 6: println("HTTP Status        : " + response.getStatusCode())
HTTP Status        : 200
2026-06-18 10:57:27.352 DEBUG testcase.CovVal_26692                    - 7: println("Response Body      : " + response.getResponseBodyContent())
Response Body      : {"ResponseCode":"00","ResponseDescription":"Success - Berhasil melakukan flagging data","ResponseException":"","TanggalMulaiCovering":"20\/05\/2026","TanggalAkhirCovering":"20\/05\/2027","NomorPeserta":"KTW10849210626000072","URLDokumenKepesertaan":"https:\/\/dev-brisurf.brins.co.id\/\/CovPr\/ef517e7f39130078","OriginalCoveringFlagSuccessDate":"18\/06\/2026 10:57:27"}
2026-06-18 10:57:27.354 DEBUG testcase.CovVal_26692                    - 1: nik = data.getValue("NomorIdentitas", row)
2026-06-18 10:57:27.357 DEBUG testcase.CovVal_26692                    - 2: response = sendRequest(findTestObject("API/Posts/CoveringFlag/CovFlag_26692", ["NomorIdentitas":nik]))
2026-06-18 10:57:28.132 INFO  c.k.k.core.webservice.common.HarLogger   - HAR: C:\Users\ACER\git\AutoAPI\Reports\20260618_105141\API\Pembukuan\pembukuanAPI\20260618_105141\requests\main\CovFlag_26692_161.har
2026-06-18 10:57:28.135 DEBUG testcase.CovVal_26692                    - 3: println("==============================")
==============================
2026-06-18 10:57:28.136 DEBUG testcase.CovVal_26692                    - 4: println("Row                : " + row)
Row                : 62
2026-06-18 10:57:28.137 DEBUG testcase.CovVal_26692                    - 5: println("Nomor Identitas    : " + nik)
Nomor Identitas    : 2605210000000184
2026-06-18 10:57:28.138 DEBUG testcase.CovVal_26692                    - 6: println("HTTP Status        : " + response.getStatusCode())
HTTP Status        : 200
2026-06-18 10:57:28.141 DEBUG testcase.CovVal_26692                    - 7: println("Response Body      : " + response.getResponseBodyContent())
Response Body      : {"ResponseCode":"00","ResponseDescription":"Success - Berhasil melakukan flagging data","ResponseException":"","TanggalMulaiCovering":"20\/05\/2026","TanggalAkhirCovering":"20\/05\/2027","NomorPeserta":"KTW10849210626000073","URLDokumenKepesertaan":"https:\/\/dev-brisurf.brins.co.id\/\/CovPr\/4cb18fb79aa157e2","OriginalCoveringFlagSuccessDate":"18\/06\/2026 10:57:28"}
2026-06-18 10:57:28.142 DEBUG testcase.CovVal_26692                    - 1: nik = data.getValue("NomorIdentitas", row)
2026-06-18 10:57:28.143 DEBUG testcase.CovVal_26692                    - 2: response = sendRequest(findTestObject("API/Posts/CoveringFlag/CovFlag_26692", ["NomorIdentitas":nik]))
2026-06-18 10:57:28.853 INFO  c.k.k.core.webservice.common.HarLogger   - HAR: C:\Users\ACER\git\AutoAPI\Reports\20260618_105141\API\Pembukuan\pembukuanAPI\20260618_105141\requests\main\CovFlag_26692_162.har
2026-06-18 10:57:28.858 DEBUG testcase.CovVal_26692                    - 3: println("==============================")
==============================
2026-06-18 10:57:28.859 DEBUG testcase.CovVal_26692                    - 4: println("Row                : " + row)
Row                : 63
2026-06-18 10:57:28.859 DEBUG testcase.CovVal_26692                    - 5: println("Nomor Identitas    : " + nik)
Nomor Identitas    : 2605210000000185
2026-06-18 10:57:28.860 DEBUG testcase.CovVal_26692                    - 6: println("HTTP Status        : " + response.getStatusCode())
HTTP Status        : 200
2026-06-18 10:57:28.861 DEBUG testcase.CovVal_26692                    - 7: println("Response Body      : " + response.getResponseBodyContent())
Response Body      : {"ResponseCode":"00","ResponseDescription":"Success - Berhasil melakukan flagging data","ResponseException":"","TanggalMulaiCovering":"20\/05\/2026","TanggalAkhirCovering":"20\/05\/2027","NomorPeserta":"KTW10849210626000074","URLDokumenKepesertaan":"https:\/\/dev-brisurf.brins.co.id\/\/CovPr\/59d360781f4af414","OriginalCoveringFlagSuccessDate":"18\/06\/2026 10:57:28"}
2026-06-18 10:57:28.861 DEBUG testcase.CovVal_26692                    - 1: nik = data.getValue("NomorIdentitas", row)
2026-06-18 10:57:28.862 DEBUG testcase.CovVal_26692                    - 2: response = sendRequest(findTestObject("API/Posts/CoveringFlag/CovFlag_26692", ["NomorIdentitas":nik]))
2026-06-18 10:57:29.549 INFO  c.k.k.core.webservice.common.HarLogger   - HAR: C:\Users\ACER\git\AutoAPI\Reports\20260618_105141\API\Pembukuan\pembukuanAPI\20260618_105141\requests\main\CovFlag_26692_163.har
2026-06-18 10:57:29.551 DEBUG testcase.CovVal_26692                    - 3: println("==============================")
==============================
2026-06-18 10:57:29.552 DEBUG testcase.CovVal_26692                    - 4: println("Row                : " + row)
Row                : 64
2026-06-18 10:57:29.552 DEBUG testcase.CovVal_26692                    - 5: println("Nomor Identitas    : " + nik)
Nomor Identitas    : 2605210000000186
2026-06-18 10:57:29.553 DEBUG testcase.CovVal_26692                    - 6: println("HTTP Status        : " + response.getStatusCode())
HTTP Status        : 200
2026-06-18 10:57:29.553 DEBUG testcase.CovVal_26692                    - 7: println("Response Body      : " + response.getResponseBodyContent())
Response Body      : {"ResponseCode":"00","ResponseDescription":"Success - Berhasil melakukan flagging data","ResponseException":"","TanggalMulaiCovering":"20\/05\/2026","TanggalAkhirCovering":"20\/05\/2027","NomorPeserta":"KTW10849210626000075","URLDokumenKepesertaan":"https:\/\/dev-brisurf.brins.co.id\/\/CovPr\/c33a01b838528955","OriginalCoveringFlagSuccessDate":"18\/06\/2026 10:57:29"}
2026-06-18 10:57:29.554 DEBUG testcase.CovVal_26692                    - 1: nik = data.getValue("NomorIdentitas", row)
2026-06-18 10:57:29.554 DEBUG testcase.CovVal_26692                    - 2: response = sendRequest(findTestObject("API/Posts/CoveringFlag/CovFlag_26692", ["NomorIdentitas":nik]))
2026-06-18 10:57:30.265 INFO  c.k.k.core.webservice.common.HarLogger   - HAR: C:\Users\ACER\git\AutoAPI\Reports\20260618_105141\API\Pembukuan\pembukuanAPI\20260618_105141\requests\main\CovFlag_26692_164.har
2026-06-18 10:57:30.268 DEBUG testcase.CovVal_26692                    - 3: println("==============================")
==============================
2026-06-18 10:57:30.269 DEBUG testcase.CovVal_26692                    - 4: println("Row                : " + row)
Row                : 65
2026-06-18 10:57:30.270 DEBUG testcase.CovVal_26692                    - 5: println("Nomor Identitas    : " + nik)
Nomor Identitas    : 2605210000000187
2026-06-18 10:57:30.270 DEBUG testcase.CovVal_26692                    - 6: println("HTTP Status        : " + response.getStatusCode())
HTTP Status        : 200
2026-06-18 10:57:30.272 DEBUG testcase.CovVal_26692                    - 7: println("Response Body      : " + response.getResponseBodyContent())
Response Body      : {"ResponseCode":"00","ResponseDescription":"Success - Berhasil melakukan flagging data","ResponseException":"","TanggalMulaiCovering":"20\/05\/2026","TanggalAkhirCovering":"20\/05\/2027","NomorPeserta":"KTW10849210626000076","URLDokumenKepesertaan":"https:\/\/dev-brisurf.brins.co.id\/\/CovPr\/122921997d027280","OriginalCoveringFlagSuccessDate":"18\/06\/2026 10:57:30"}
2026-06-18 10:57:30.273 DEBUG testcase.CovVal_26692                    - 1: nik = data.getValue("NomorIdentitas", row)
2026-06-18 10:57:30.274 DEBUG testcase.CovVal_26692                    - 2: response = sendRequest(findTestObject("API/Posts/CoveringFlag/CovFlag_26692", ["NomorIdentitas":nik]))
2026-06-18 10:57:30.981 INFO  c.k.k.core.webservice.common.HarLogger   - HAR: C:\Users\ACER\git\AutoAPI\Reports\20260618_105141\API\Pembukuan\pembukuanAPI\20260618_105141\requests\main\CovFlag_26692_165.har
2026-06-18 10:57:30.984 DEBUG testcase.CovVal_26692                    - 3: println("==============================")
==============================
2026-06-18 10:57:30.986 DEBUG testcase.CovVal_26692                    - 4: println("Row                : " + row)
Row                : 66
2026-06-18 10:57:30.987 DEBUG testcase.CovVal_26692                    - 5: println("Nomor Identitas    : " + nik)
Nomor Identitas    : 2605210000000188
2026-06-18 10:57:30.989 DEBUG testcase.CovVal_26692                    - 6: println("HTTP Status        : " + response.getStatusCode())
HTTP Status        : 200
2026-06-18 10:57:30.990 DEBUG testcase.CovVal_26692                    - 7: println("Response Body      : " + response.getResponseBodyContent())
Response Body      : {"ResponseCode":"00","ResponseDescription":"Success - Berhasil melakukan flagging data","ResponseException":"","TanggalMulaiCovering":"20\/05\/2026","TanggalAkhirCovering":"20\/05\/2027","NomorPeserta":"KTW10849210626000077","URLDokumenKepesertaan":"https:\/\/dev-brisurf.brins.co.id\/\/CovPr\/cbf5ebf9667fff9c","OriginalCoveringFlagSuccessDate":"18\/06\/2026 10:57:30"}
2026-06-18 10:57:30.991 DEBUG testcase.CovVal_26692                    - 1: nik = data.getValue("NomorIdentitas", row)
2026-06-18 10:57:30.992 DEBUG testcase.CovVal_26692                    - 2: response = sendRequest(findTestObject("API/Posts/CoveringFlag/CovFlag_26692", ["NomorIdentitas":nik]))
2026-06-18 10:57:31.722 INFO  c.k.k.core.webservice.common.HarLogger   - HAR: C:\Users\ACER\git\AutoAPI\Reports\20260618_105141\API\Pembukuan\pembukuanAPI\20260618_105141\requests\main\CovFlag_26692_166.har
2026-06-18 10:57:31.725 DEBUG testcase.CovVal_26692                    - 3: println("==============================")
==============================
2026-06-18 10:57:31.726 DEBUG testcase.CovVal_26692                    - 4: println("Row                : " + row)
Row                : 67
2026-06-18 10:57:31.726 DEBUG testcase.CovVal_26692                    - 5: println("Nomor Identitas    : " + nik)
Nomor Identitas    : 2605210000000189
2026-06-18 10:57:31.727 DEBUG testcase.CovVal_26692                    - 6: println("HTTP Status        : " + response.getStatusCode())
HTTP Status        : 200
2026-06-18 10:57:31.728 DEBUG testcase.CovVal_26692                    - 7: println("Response Body      : " + response.getResponseBodyContent())
Response Body      : {"ResponseCode":"00","ResponseDescription":"Success - Berhasil melakukan flagging data","ResponseException":"","TanggalMulaiCovering":"20\/05\/2026","TanggalAkhirCovering":"20\/05\/2027","NomorPeserta":"KTW10849210626000078","URLDokumenKepesertaan":"https:\/\/dev-brisurf.brins.co.id\/\/CovPr\/791c2d9743e4356c","OriginalCoveringFlagSuccessDate":"18\/06\/2026 10:57:31"}
2026-06-18 10:57:31.728 DEBUG testcase.CovVal_26692                    - 1: nik = data.getValue("NomorIdentitas", row)
2026-06-18 10:57:31.729 DEBUG testcase.CovVal_26692                    - 2: response = sendRequest(findTestObject("API/Posts/CoveringFlag/CovFlag_26692", ["NomorIdentitas":nik]))
2026-06-18 10:57:32.447 INFO  c.k.k.core.webservice.common.HarLogger   - HAR: C:\Users\ACER\git\AutoAPI\Reports\20260618_105141\API\Pembukuan\pembukuanAPI\20260618_105141\requests\main\CovFlag_26692_167.har
2026-06-18 10:57:32.450 DEBUG testcase.CovVal_26692                    - 3: println("==============================")
==============================
2026-06-18 10:57:32.451 DEBUG testcase.CovVal_26692                    - 4: println("Row                : " + row)
Row                : 68
2026-06-18 10:57:32.452 DEBUG testcase.CovVal_26692                    - 5: println("Nomor Identitas    : " + nik)
Nomor Identitas    : 2605210000000190
2026-06-18 10:57:32.452 DEBUG testcase.CovVal_26692                    - 6: println("HTTP Status        : " + response.getStatusCode())
HTTP Status        : 200
2026-06-18 10:57:32.453 DEBUG testcase.CovVal_26692                    - 7: println("Response Body      : " + response.getResponseBodyContent())
Response Body      : {"ResponseCode":"00","ResponseDescription":"Success - Berhasil melakukan flagging data","ResponseException":"","TanggalMulaiCovering":"20\/05\/2026","TanggalAkhirCovering":"20\/05\/2027","NomorPeserta":"KTW10849210626000079","URLDokumenKepesertaan":"https:\/\/dev-brisurf.brins.co.id\/\/CovPr\/ff055c3131557d68","OriginalCoveringFlagSuccessDate":"18\/06\/2026 10:57:32"}
2026-06-18 10:57:32.456 DEBUG testcase.CovVal_26692                    - 1: nik = data.getValue("NomorIdentitas", row)
2026-06-18 10:57:32.457 DEBUG testcase.CovVal_26692                    - 2: response = sendRequest(findTestObject("API/Posts/CoveringFlag/CovFlag_26692", ["NomorIdentitas":nik]))
2026-06-18 10:57:33.157 INFO  c.k.k.core.webservice.common.HarLogger   - HAR: C:\Users\ACER\git\AutoAPI\Reports\20260618_105141\API\Pembukuan\pembukuanAPI\20260618_105141\requests\main\CovFlag_26692_168.har
2026-06-18 10:57:33.160 DEBUG testcase.CovVal_26692                    - 3: println("==============================")
==============================
2026-06-18 10:57:33.161 DEBUG testcase.CovVal_26692                    - 4: println("Row                : " + row)
Row                : 69
2026-06-18 10:57:33.162 DEBUG testcase.CovVal_26692                    - 5: println("Nomor Identitas    : " + nik)
Nomor Identitas    : 2605210000000191
2026-06-18 10:57:33.162 DEBUG testcase.CovVal_26692                    - 6: println("HTTP Status        : " + response.getStatusCode())
HTTP Status        : 200
2026-06-18 10:57:33.163 DEBUG testcase.CovVal_26692                    - 7: println("Response Body      : " + response.getResponseBodyContent())
Response Body      : {"ResponseCode":"00","ResponseDescription":"Success - Berhasil melakukan flagging data","ResponseException":"","TanggalMulaiCovering":"20\/05\/2026","TanggalAkhirCovering":"20\/05\/2027","NomorPeserta":"KTW10849210626000080","URLDokumenKepesertaan":"https:\/\/dev-brisurf.brins.co.id\/\/CovPr\/088246a0f8f64270","OriginalCoveringFlagSuccessDate":"18\/06\/2026 10:57:33"}
2026-06-18 10:57:33.163 DEBUG testcase.CovVal_26692                    - 1: nik = data.getValue("NomorIdentitas", row)
2026-06-18 10:57:33.164 DEBUG testcase.CovVal_26692                    - 2: response = sendRequest(findTestObject("API/Posts/CoveringFlag/CovFlag_26692", ["NomorIdentitas":nik]))
2026-06-18 10:57:33.866 INFO  c.k.k.core.webservice.common.HarLogger   - HAR: C:\Users\ACER\git\AutoAPI\Reports\20260618_105141\API\Pembukuan\pembukuanAPI\20260618_105141\requests\main\CovFlag_26692_169.har
2026-06-18 10:57:33.869 DEBUG testcase.CovVal_26692                    - 3: println("==============================")
==============================
2026-06-18 10:57:33.872 DEBUG testcase.CovVal_26692                    - 4: println("Row                : " + row)
Row                : 70
2026-06-18 10:57:33.874 DEBUG testcase.CovVal_26692                    - 5: println("Nomor Identitas    : " + nik)
Nomor Identitas    : 2605210000000192
2026-06-18 10:57:33.874 DEBUG testcase.CovVal_26692                    - 6: println("HTTP Status        : " + response.getStatusCode())
HTTP Status        : 200
2026-06-18 10:57:33.875 DEBUG testcase.CovVal_26692                    - 7: println("Response Body      : " + response.getResponseBodyContent())
Response Body      : {"ResponseCode":"00","ResponseDescription":"Success - Berhasil melakukan flagging data","ResponseException":"","TanggalMulaiCovering":"20\/05\/2026","TanggalAkhirCovering":"20\/05\/2027","NomorPeserta":"KTW10849210626000081","URLDokumenKepesertaan":"https:\/\/dev-brisurf.brins.co.id\/\/CovPr\/439cd8f49cf9014e","OriginalCoveringFlagSuccessDate":"18\/06\/2026 10:57:33"}
2026-06-18 10:57:33.876 DEBUG testcase.CovVal_26692                    - 1: nik = data.getValue("NomorIdentitas", row)
2026-06-18 10:57:33.877 DEBUG testcase.CovVal_26692                    - 2: response = sendRequest(findTestObject("API/Posts/CoveringFlag/CovFlag_26692", ["NomorIdentitas":nik]))
2026-06-18 10:57:34.586 INFO  c.k.k.core.webservice.common.HarLogger   - HAR: C:\Users\ACER\git\AutoAPI\Reports\20260618_105141\API\Pembukuan\pembukuanAPI\20260618_105141\requests\main\CovFlag_26692_170.har
2026-06-18 10:57:34.591 DEBUG testcase.CovVal_26692                    - 3: println("==============================")
==============================
2026-06-18 10:57:34.592 DEBUG testcase.CovVal_26692                    - 4: println("Row                : " + row)
Row                : 71
2026-06-18 10:57:34.593 DEBUG testcase.CovVal_26692                    - 5: println("Nomor Identitas    : " + nik)
Nomor Identitas    : 2605210000000193
2026-06-18 10:57:34.594 DEBUG testcase.CovVal_26692                    - 6: println("HTTP Status        : " + response.getStatusCode())
HTTP Status        : 200
2026-06-18 10:57:34.595 DEBUG testcase.CovVal_26692                    - 7: println("Response Body      : " + response.getResponseBodyContent())
Response Body      : {"ResponseCode":"00","ResponseDescription":"Success - Berhasil melakukan flagging data","ResponseException":"","TanggalMulaiCovering":"20\/05\/2026","TanggalAkhirCovering":"20\/05\/2027","NomorPeserta":"KTW10849210626000082","URLDokumenKepesertaan":"https:\/\/dev-brisurf.brins.co.id\/\/CovPr\/47bff4d181d5ab3c","OriginalCoveringFlagSuccessDate":"18\/06\/2026 10:57:34"}
2026-06-18 10:57:34.596 DEBUG testcase.CovVal_26692                    - 1: nik = data.getValue("NomorIdentitas", row)
2026-06-18 10:57:34.597 DEBUG testcase.CovVal_26692                    - 2: response = sendRequest(findTestObject("API/Posts/CoveringFlag/CovFlag_26692", ["NomorIdentitas":nik]))
2026-06-18 10:57:35.311 INFO  c.k.k.core.webservice.common.HarLogger   - HAR: C:\Users\ACER\git\AutoAPI\Reports\20260618_105141\API\Pembukuan\pembukuanAPI\20260618_105141\requests\main\CovFlag_26692_171.har
2026-06-18 10:57:35.314 DEBUG testcase.CovVal_26692                    - 3: println("==============================")
==============================
2026-06-18 10:57:35.315 DEBUG testcase.CovVal_26692                    - 4: println("Row                : " + row)
Row                : 72
2026-06-18 10:57:35.316 DEBUG testcase.CovVal_26692                    - 5: println("Nomor Identitas    : " + nik)
Nomor Identitas    : 2605210000000194
2026-06-18 10:57:35.317 DEBUG testcase.CovVal_26692                    - 6: println("HTTP Status        : " + response.getStatusCode())
HTTP Status        : 200
2026-06-18 10:57:35.318 DEBUG testcase.CovVal_26692                    - 7: println("Response Body      : " + response.getResponseBodyContent())
Response Body      : {"ResponseCode":"00","ResponseDescription":"Success - Berhasil melakukan flagging data","ResponseException":"","TanggalMulaiCovering":"20\/05\/2026","TanggalAkhirCovering":"20\/05\/2027","NomorPeserta":"KTW10849210626000083","URLDokumenKepesertaan":"https:\/\/dev-brisurf.brins.co.id\/\/CovPr\/ea58f09920414b3b","OriginalCoveringFlagSuccessDate":"18\/06\/2026 10:57:35"}
2026-06-18 10:57:35.319 DEBUG testcase.CovVal_26692                    - 1: nik = data.getValue("NomorIdentitas", row)
2026-06-18 10:57:35.322 DEBUG testcase.CovVal_26692                    - 2: response = sendRequest(findTestObject("API/Posts/CoveringFlag/CovFlag_26692", ["NomorIdentitas":nik]))
2026-06-18 10:57:36.025 INFO  c.k.k.core.webservice.common.HarLogger   - HAR: C:\Users\ACER\git\AutoAPI\Reports\20260618_105141\API\Pembukuan\pembukuanAPI\20260618_105141\requests\main\CovFlag_26692_172.har
2026-06-18 10:57:36.028 DEBUG testcase.CovVal_26692                    - 3: println("==============================")
==============================
2026-06-18 10:57:36.030 DEBUG testcase.CovVal_26692                    - 4: println("Row                : " + row)
Row                : 73
2026-06-18 10:57:36.030 DEBUG testcase.CovVal_26692                    - 5: println("Nomor Identitas    : " + nik)
Nomor Identitas    : 2605210000000195
2026-06-18 10:57:36.031 DEBUG testcase.CovVal_26692                    - 6: println("HTTP Status        : " + response.getStatusCode())
HTTP Status        : 200
2026-06-18 10:57:36.032 DEBUG testcase.CovVal_26692                    - 7: println("Response Body      : " + response.getResponseBodyContent())
Response Body      : {"ResponseCode":"00","ResponseDescription":"Success - Berhasil melakukan flagging data","ResponseException":"","TanggalMulaiCovering":"20\/05\/2026","TanggalAkhirCovering":"20\/05\/2027","NomorPeserta":"KTW10849210626000084","URLDokumenKepesertaan":"https:\/\/dev-brisurf.brins.co.id\/\/CovPr\/be44efd21f83dca3","OriginalCoveringFlagSuccessDate":"18\/06\/2026 10:57:36"}
2026-06-18 10:57:36.033 DEBUG testcase.CovVal_26692                    - 1: nik = data.getValue("NomorIdentitas", row)
2026-06-18 10:57:36.034 DEBUG testcase.CovVal_26692                    - 2: response = sendRequest(findTestObject("API/Posts/CoveringFlag/CovFlag_26692", ["NomorIdentitas":nik]))
2026-06-18 10:57:36.772 INFO  c.k.k.core.webservice.common.HarLogger   - HAR: C:\Users\ACER\git\AutoAPI\Reports\20260618_105141\API\Pembukuan\pembukuanAPI\20260618_105141\requests\main\CovFlag_26692_173.har
2026-06-18 10:57:36.775 DEBUG testcase.CovVal_26692                    - 3: println("==============================")
==============================
2026-06-18 10:57:36.776 DEBUG testcase.CovVal_26692                    - 4: println("Row                : " + row)
Row                : 74
2026-06-18 10:57:36.777 DEBUG testcase.CovVal_26692                    - 5: println("Nomor Identitas    : " + nik)
Nomor Identitas    : 2605210000000196
2026-06-18 10:57:36.778 DEBUG testcase.CovVal_26692                    - 6: println("HTTP Status        : " + response.getStatusCode())
HTTP Status        : 200
2026-06-18 10:57:36.779 DEBUG testcase.CovVal_26692                    - 7: println("Response Body      : " + response.getResponseBodyContent())
Response Body      : {"ResponseCode":"00","ResponseDescription":"Success - Berhasil melakukan flagging data","ResponseException":"","TanggalMulaiCovering":"20\/05\/2026","TanggalAkhirCovering":"20\/05\/2027","NomorPeserta":"KTW10849210626000085","URLDokumenKepesertaan":"https:\/\/dev-brisurf.brins.co.id\/\/CovPr\/54daca920679313f","OriginalCoveringFlagSuccessDate":"18\/06\/2026 10:57:36"}
2026-06-18 10:57:36.780 DEBUG testcase.CovVal_26692                    - 1: nik = data.getValue("NomorIdentitas", row)
2026-06-18 10:57:36.781 DEBUG testcase.CovVal_26692                    - 2: response = sendRequest(findTestObject("API/Posts/CoveringFlag/CovFlag_26692", ["NomorIdentitas":nik]))
2026-06-18 10:57:37.492 INFO  c.k.k.core.webservice.common.HarLogger   - HAR: C:\Users\ACER\git\AutoAPI\Reports\20260618_105141\API\Pembukuan\pembukuanAPI\20260618_105141\requests\main\CovFlag_26692_174.har
2026-06-18 10:57:37.495 DEBUG testcase.CovVal_26692                    - 3: println("==============================")
==============================
2026-06-18 10:57:37.496 DEBUG testcase.CovVal_26692                    - 4: println("Row                : " + row)
Row                : 75
2026-06-18 10:57:37.498 DEBUG testcase.CovVal_26692                    - 5: println("Nomor Identitas    : " + nik)
Nomor Identitas    : 2605210000000197
2026-06-18 10:57:37.498 DEBUG testcase.CovVal_26692                    - 6: println("HTTP Status        : " + response.getStatusCode())
HTTP Status        : 200
2026-06-18 10:57:37.500 DEBUG testcase.CovVal_26692                    - 7: println("Response Body      : " + response.getResponseBodyContent())
Response Body      : {"ResponseCode":"00","ResponseDescription":"Success - Berhasil melakukan flagging data","ResponseException":"","TanggalMulaiCovering":"20\/05\/2026","TanggalAkhirCovering":"20\/05\/2027","NomorPeserta":"KTW10849210626000086","URLDokumenKepesertaan":"https:\/\/dev-brisurf.brins.co.id\/\/CovPr\/c700e9134db16c67","OriginalCoveringFlagSuccessDate":"18\/06\/2026 10:57:37"}
2026-06-18 10:57:37.501 DEBUG testcase.CovVal_26692                    - 1: nik = data.getValue("NomorIdentitas", row)
2026-06-18 10:57:37.503 DEBUG testcase.CovVal_26692                    - 2: response = sendRequest(findTestObject("API/Posts/CoveringFlag/CovFlag_26692", ["NomorIdentitas":nik]))
2026-06-18 10:57:38.222 INFO  c.k.k.core.webservice.common.HarLogger   - HAR: C:\Users\ACER\git\AutoAPI\Reports\20260618_105141\API\Pembukuan\pembukuanAPI\20260618_105141\requests\main\CovFlag_26692_175.har
2026-06-18 10:57:38.225 DEBUG testcase.CovVal_26692                    - 3: println("==============================")
==============================
2026-06-18 10:57:38.226 DEBUG testcase.CovVal_26692                    - 4: println("Row                : " + row)
Row                : 76
2026-06-18 10:57:38.227 DEBUG testcase.CovVal_26692                    - 5: println("Nomor Identitas    : " + nik)
Nomor Identitas    : 2605210000000198
2026-06-18 10:57:38.227 DEBUG testcase.CovVal_26692                    - 6: println("HTTP Status        : " + response.getStatusCode())
HTTP Status        : 200
2026-06-18 10:57:38.228 DEBUG testcase.CovVal_26692                    - 7: println("Response Body      : " + response.getResponseBodyContent())
Response Body      : {"ResponseCode":"00","ResponseDescription":"Success - Berhasil melakukan flagging data","ResponseException":"","TanggalMulaiCovering":"20\/05\/2026","TanggalAkhirCovering":"20\/05\/2027","NomorPeserta":"KTW10849210626000087","URLDokumenKepesertaan":"https:\/\/dev-brisurf.brins.co.id\/\/CovPr\/0d341db36433dd98","OriginalCoveringFlagSuccessDate":"18\/06\/2026 10:57:38"}
2026-06-18 10:57:38.228 DEBUG testcase.CovVal_26692                    - 1: nik = data.getValue("NomorIdentitas", row)
2026-06-18 10:57:38.229 DEBUG testcase.CovVal_26692                    - 2: response = sendRequest(findTestObject("API/Posts/CoveringFlag/CovFlag_26692", ["NomorIdentitas":nik]))
2026-06-18 10:57:38.927 INFO  c.k.k.core.webservice.common.HarLogger   - HAR: C:\Users\ACER\git\AutoAPI\Reports\20260618_105141\API\Pembukuan\pembukuanAPI\20260618_105141\requests\main\CovFlag_26692_176.har
2026-06-18 10:57:38.931 DEBUG testcase.CovVal_26692                    - 3: println("==============================")
==============================
2026-06-18 10:57:38.932 DEBUG testcase.CovVal_26692                    - 4: println("Row                : " + row)
Row                : 77
2026-06-18 10:57:38.933 DEBUG testcase.CovVal_26692                    - 5: println("Nomor Identitas    : " + nik)
Nomor Identitas    : 2605210000000199
2026-06-18 10:57:38.934 DEBUG testcase.CovVal_26692                    - 6: println("HTTP Status        : " + response.getStatusCode())
HTTP Status        : 200
2026-06-18 10:57:38.935 DEBUG testcase.CovVal_26692                    - 7: println("Response Body      : " + response.getResponseBodyContent())
Response Body      : {"ResponseCode":"00","ResponseDescription":"Success - Berhasil melakukan flagging data","ResponseException":"","TanggalMulaiCovering":"20\/05\/2026","TanggalAkhirCovering":"20\/05\/2027","NomorPeserta":"KTW10849210626000088","URLDokumenKepesertaan":"https:\/\/dev-brisurf.brins.co.id\/\/CovPr\/fa104a4b1886d0b6","OriginalCoveringFlagSuccessDate":"18\/06\/2026 10:57:38"}
2026-06-18 10:57:38.939 DEBUG testcase.CovVal_26692                    - 1: nik = data.getValue("NomorIdentitas", row)
2026-06-18 10:57:38.940 DEBUG testcase.CovVal_26692                    - 2: response = sendRequest(findTestObject("API/Posts/CoveringFlag/CovFlag_26692", ["NomorIdentitas":nik]))
2026-06-18 10:57:39.645 INFO  c.k.k.core.webservice.common.HarLogger   - HAR: C:\Users\ACER\git\AutoAPI\Reports\20260618_105141\API\Pembukuan\pembukuanAPI\20260618_105141\requests\main\CovFlag_26692_177.har
2026-06-18 10:57:39.649 DEBUG testcase.CovVal_26692                    - 3: println("==============================")
==============================
2026-06-18 10:57:39.650 DEBUG testcase.CovVal_26692                    - 4: println("Row                : " + row)
Row                : 78
2026-06-18 10:57:39.650 DEBUG testcase.CovVal_26692                    - 5: println("Nomor Identitas    : " + nik)
Nomor Identitas    : 2605210000000200
2026-06-18 10:57:39.654 DEBUG testcase.CovVal_26692                    - 6: println("HTTP Status        : " + response.getStatusCode())
HTTP Status        : 200
2026-06-18 10:57:39.655 DEBUG testcase.CovVal_26692                    - 7: println("Response Body      : " + response.getResponseBodyContent())
Response Body      : {"ResponseCode":"00","ResponseDescription":"Success - Berhasil melakukan flagging data","ResponseException":"","TanggalMulaiCovering":"20\/05\/2026","TanggalAkhirCovering":"20\/05\/2027","NomorPeserta":"KTW10849210626000089","URLDokumenKepesertaan":"https:\/\/dev-brisurf.brins.co.id\/\/CovPr\/74239db12b127cc9","OriginalCoveringFlagSuccessDate":"18\/06\/2026 10:57:39"}
2026-06-18 10:57:39.656 DEBUG testcase.CovVal_26692                    - 1: nik = data.getValue("NomorIdentitas", row)
2026-06-18 10:57:39.657 DEBUG testcase.CovVal_26692                    - 2: response = sendRequest(findTestObject("API/Posts/CoveringFlag/CovFlag_26692", ["NomorIdentitas":nik]))
2026-06-18 10:57:40.383 INFO  c.k.k.core.webservice.common.HarLogger   - HAR: C:\Users\ACER\git\AutoAPI\Reports\20260618_105141\API\Pembukuan\pembukuanAPI\20260618_105141\requests\main\CovFlag_26692_178.har
2026-06-18 10:57:40.387 DEBUG testcase.CovVal_26692                    - 3: println("==============================")
==============================
2026-06-18 10:57:40.388 DEBUG testcase.CovVal_26692                    - 4: println("Row                : " + row)
Row                : 79
2026-06-18 10:57:40.389 DEBUG testcase.CovVal_26692                    - 5: println("Nomor Identitas    : " + nik)
Nomor Identitas    : 2605210000000201
2026-06-18 10:57:40.390 DEBUG testcase.CovVal_26692                    - 6: println("HTTP Status        : " + response.getStatusCode())
HTTP Status        : 200
2026-06-18 10:57:40.390 DEBUG testcase.CovVal_26692                    - 7: println("Response Body      : " + response.getResponseBodyContent())
Response Body      : {"ResponseCode":"00","ResponseDescription":"Success - Berhasil melakukan flagging data","ResponseException":"","TanggalMulaiCovering":"20\/05\/2026","TanggalAkhirCovering":"20\/05\/2027","NomorPeserta":"KTW10849210626000090","URLDokumenKepesertaan":"https:\/\/dev-brisurf.brins.co.id\/\/CovPr\/2f5aaeecad608413","OriginalCoveringFlagSuccessDate":"18\/06\/2026 10:57:40"}
2026-06-18 10:57:40.391 DEBUG testcase.CovVal_26692                    - 1: nik = data.getValue("NomorIdentitas", row)
2026-06-18 10:57:40.392 DEBUG testcase.CovVal_26692                    - 2: response = sendRequest(findTestObject("API/Posts/CoveringFlag/CovFlag_26692", ["NomorIdentitas":nik]))
2026-06-18 10:57:41.095 INFO  c.k.k.core.webservice.common.HarLogger   - HAR: C:\Users\ACER\git\AutoAPI\Reports\20260618_105141\API\Pembukuan\pembukuanAPI\20260618_105141\requests\main\CovFlag_26692_179.har
2026-06-18 10:57:41.098 DEBUG testcase.CovVal_26692                    - 3: println("==============================")
==============================
2026-06-18 10:57:41.099 DEBUG testcase.CovVal_26692                    - 4: println("Row                : " + row)
Row                : 80
2026-06-18 10:57:41.100 DEBUG testcase.CovVal_26692                    - 5: println("Nomor Identitas    : " + nik)
Nomor Identitas    : 2605210000000202
2026-06-18 10:57:41.103 DEBUG testcase.CovVal_26692                    - 6: println("HTTP Status        : " + response.getStatusCode())
HTTP Status        : 200
2026-06-18 10:57:41.104 DEBUG testcase.CovVal_26692                    - 7: println("Response Body      : " + response.getResponseBodyContent())
Response Body      : {"ResponseCode":"00","ResponseDescription":"Success - Berhasil melakukan flagging data","ResponseException":"","TanggalMulaiCovering":"20\/05\/2026","TanggalAkhirCovering":"20\/05\/2027","NomorPeserta":"KTW10849210626000091","URLDokumenKepesertaan":"https:\/\/dev-brisurf.brins.co.id\/\/CovPr\/63fd47a0596db2ff","OriginalCoveringFlagSuccessDate":"18\/06\/2026 10:57:41"}
2026-06-18 10:57:41.105 DEBUG testcase.CovVal_26692                    - 1: nik = data.getValue("NomorIdentitas", row)
2026-06-18 10:57:41.106 DEBUG testcase.CovVal_26692                    - 2: response = sendRequest(findTestObject("API/Posts/CoveringFlag/CovFlag_26692", ["NomorIdentitas":nik]))
2026-06-18 10:57:41.826 INFO  c.k.k.core.webservice.common.HarLogger   - HAR: C:\Users\ACER\git\AutoAPI\Reports\20260618_105141\API\Pembukuan\pembukuanAPI\20260618_105141\requests\main\CovFlag_26692_180.har
2026-06-18 10:57:41.829 DEBUG testcase.CovVal_26692                    - 3: println("==============================")
==============================
2026-06-18 10:57:41.830 DEBUG testcase.CovVal_26692                    - 4: println("Row                : " + row)
Row                : 81
2026-06-18 10:57:41.831 DEBUG testcase.CovVal_26692                    - 5: println("Nomor Identitas    : " + nik)
Nomor Identitas    : 2605210000000203
2026-06-18 10:57:41.832 DEBUG testcase.CovVal_26692                    - 6: println("HTTP Status        : " + response.getStatusCode())
HTTP Status        : 200
2026-06-18 10:57:41.833 DEBUG testcase.CovVal_26692                    - 7: println("Response Body      : " + response.getResponseBodyContent())
Response Body      : {"ResponseCode":"00","ResponseDescription":"Success - Berhasil melakukan flagging data","ResponseException":"","TanggalMulaiCovering":"20\/05\/2026","TanggalAkhirCovering":"20\/05\/2027","NomorPeserta":"KTW10849210626000092","URLDokumenKepesertaan":"https:\/\/dev-brisurf.brins.co.id\/\/CovPr\/65dc402e82cb6c8f","OriginalCoveringFlagSuccessDate":"18\/06\/2026 10:57:41"}
2026-06-18 10:57:41.834 DEBUG testcase.CovVal_26692                    - 1: nik = data.getValue("NomorIdentitas", row)
2026-06-18 10:57:41.836 DEBUG testcase.CovVal_26692                    - 2: response = sendRequest(findTestObject("API/Posts/CoveringFlag/CovFlag_26692", ["NomorIdentitas":nik]))
2026-06-18 10:57:42.555 INFO  c.k.k.core.webservice.common.HarLogger   - HAR: C:\Users\ACER\git\AutoAPI\Reports\20260618_105141\API\Pembukuan\pembukuanAPI\20260618_105141\requests\main\CovFlag_26692_181.har
2026-06-18 10:57:42.558 DEBUG testcase.CovVal_26692                    - 3: println("==============================")
==============================
2026-06-18 10:57:42.559 DEBUG testcase.CovVal_26692                    - 4: println("Row                : " + row)
Row                : 82
2026-06-18 10:57:42.560 DEBUG testcase.CovVal_26692                    - 5: println("Nomor Identitas    : " + nik)
Nomor Identitas    : 2605210000000204
2026-06-18 10:57:42.561 DEBUG testcase.CovVal_26692                    - 6: println("HTTP Status        : " + response.getStatusCode())
HTTP Status        : 200
2026-06-18 10:57:42.561 DEBUG testcase.CovVal_26692                    - 7: println("Response Body      : " + response.getResponseBodyContent())
Response Body      : {"ResponseCode":"00","ResponseDescription":"Success - Berhasil melakukan flagging data","ResponseException":"","TanggalMulaiCovering":"20\/05\/2026","TanggalAkhirCovering":"20\/05\/2027","NomorPeserta":"KTW10849210626000093","URLDokumenKepesertaan":"https:\/\/dev-brisurf.brins.co.id\/\/CovPr\/c77eec2c174f44c3","OriginalCoveringFlagSuccessDate":"18\/06\/2026 10:57:42"}
2026-06-18 10:57:42.562 DEBUG testcase.CovVal_26692                    - 1: nik = data.getValue("NomorIdentitas", row)
2026-06-18 10:57:42.562 DEBUG testcase.CovVal_26692                    - 2: response = sendRequest(findTestObject("API/Posts/CoveringFlag/CovFlag_26692", ["NomorIdentitas":nik]))
2026-06-18 10:57:43.276 INFO  c.k.k.core.webservice.common.HarLogger   - HAR: C:\Users\ACER\git\AutoAPI\Reports\20260618_105141\API\Pembukuan\pembukuanAPI\20260618_105141\requests\main\CovFlag_26692_182.har
2026-06-18 10:57:43.279 DEBUG testcase.CovVal_26692                    - 3: println("==============================")
==============================
2026-06-18 10:57:43.280 DEBUG testcase.CovVal_26692                    - 4: println("Row                : " + row)
Row                : 83
2026-06-18 10:57:43.281 DEBUG testcase.CovVal_26692                    - 5: println("Nomor Identitas    : " + nik)
Nomor Identitas    : 2605210000000205
2026-06-18 10:57:43.282 DEBUG testcase.CovVal_26692                    - 6: println("HTTP Status        : " + response.getStatusCode())
HTTP Status        : 200
2026-06-18 10:57:43.283 DEBUG testcase.CovVal_26692                    - 7: println("Response Body      : " + response.getResponseBodyContent())
Response Body      : {"ResponseCode":"00","ResponseDescription":"Success - Berhasil melakukan flagging data","ResponseException":"","TanggalMulaiCovering":"20\/05\/2026","TanggalAkhirCovering":"20\/05\/2027","NomorPeserta":"KTW10849210626000094","URLDokumenKepesertaan":"https:\/\/dev-brisurf.brins.co.id\/\/CovPr\/8ca9e1ceb676013a","OriginalCoveringFlagSuccessDate":"18\/06\/2026 10:57:43"}
2026-06-18 10:57:43.283 DEBUG testcase.CovVal_26692                    - 1: nik = data.getValue("NomorIdentitas", row)
2026-06-18 10:57:43.286 DEBUG testcase.CovVal_26692                    - 2: response = sendRequest(findTestObject("API/Posts/CoveringFlag/CovFlag_26692", ["NomorIdentitas":nik]))
2026-06-18 10:57:44.000 INFO  c.k.k.core.webservice.common.HarLogger   - HAR: C:\Users\ACER\git\AutoAPI\Reports\20260618_105141\API\Pembukuan\pembukuanAPI\20260618_105141\requests\main\CovFlag_26692_183.har
2026-06-18 10:57:44.004 DEBUG testcase.CovVal_26692                    - 3: println("==============================")
==============================
2026-06-18 10:57:44.005 DEBUG testcase.CovVal_26692                    - 4: println("Row                : " + row)
Row                : 84
2026-06-18 10:57:44.006 DEBUG testcase.CovVal_26692                    - 5: println("Nomor Identitas    : " + nik)
Nomor Identitas    : 2605210000000206
2026-06-18 10:57:44.007 DEBUG testcase.CovVal_26692                    - 6: println("HTTP Status        : " + response.getStatusCode())
HTTP Status        : 200
2026-06-18 10:57:44.008 DEBUG testcase.CovVal_26692                    - 7: println("Response Body      : " + response.getResponseBodyContent())
Response Body      : {"ResponseCode":"00","ResponseDescription":"Success - Berhasil melakukan flagging data","ResponseException":"","TanggalMulaiCovering":"20\/05\/2026","TanggalAkhirCovering":"20\/05\/2027","NomorPeserta":"KTW10849210626000095","URLDokumenKepesertaan":"https:\/\/dev-brisurf.brins.co.id\/\/CovPr\/b94b232fcdb71a8c","OriginalCoveringFlagSuccessDate":"18\/06\/2026 10:57:43"}
2026-06-18 10:57:44.009 DEBUG testcase.CovVal_26692                    - 1: nik = data.getValue("NomorIdentitas", row)
2026-06-18 10:57:44.010 DEBUG testcase.CovVal_26692                    - 2: response = sendRequest(findTestObject("API/Posts/CoveringFlag/CovFlag_26692", ["NomorIdentitas":nik]))
2026-06-18 10:57:44.720 INFO  c.k.k.core.webservice.common.HarLogger   - HAR: C:\Users\ACER\git\AutoAPI\Reports\20260618_105141\API\Pembukuan\pembukuanAPI\20260618_105141\requests\main\CovFlag_26692_184.har
2026-06-18 10:57:44.723 DEBUG testcase.CovVal_26692                    - 3: println("==============================")
==============================
2026-06-18 10:57:44.724 DEBUG testcase.CovVal_26692                    - 4: println("Row                : " + row)
Row                : 85
2026-06-18 10:57:44.725 DEBUG testcase.CovVal_26692                    - 5: println("Nomor Identitas    : " + nik)
Nomor Identitas    : 2605210000000207
2026-06-18 10:57:44.726 DEBUG testcase.CovVal_26692                    - 6: println("HTTP Status        : " + response.getStatusCode())
HTTP Status        : 200
2026-06-18 10:57:44.727 DEBUG testcase.CovVal_26692                    - 7: println("Response Body      : " + response.getResponseBodyContent())
Response Body      : {"ResponseCode":"00","ResponseDescription":"Success - Berhasil melakukan flagging data","ResponseException":"","TanggalMulaiCovering":"20\/05\/2026","TanggalAkhirCovering":"20\/05\/2027","NomorPeserta":"KTW10849210626000096","URLDokumenKepesertaan":"https:\/\/dev-brisurf.brins.co.id\/\/CovPr\/e2d11deb35061522","OriginalCoveringFlagSuccessDate":"18\/06\/2026 10:57:44"}
2026-06-18 10:57:44.727 DEBUG testcase.CovVal_26692                    - 1: nik = data.getValue("NomorIdentitas", row)
2026-06-18 10:57:44.728 DEBUG testcase.CovVal_26692                    - 2: response = sendRequest(findTestObject("API/Posts/CoveringFlag/CovFlag_26692", ["NomorIdentitas":nik]))
2026-06-18 10:57:45.464 INFO  c.k.k.core.webservice.common.HarLogger   - HAR: C:\Users\ACER\git\AutoAPI\Reports\20260618_105141\API\Pembukuan\pembukuanAPI\20260618_105141\requests\main\CovFlag_26692_185.har
2026-06-18 10:57:45.469 DEBUG testcase.CovVal_26692                    - 3: println("==============================")
==============================
2026-06-18 10:57:45.470 DEBUG testcase.CovVal_26692                    - 4: println("Row                : " + row)
Row                : 86
2026-06-18 10:57:45.471 DEBUG testcase.CovVal_26692                    - 5: println("Nomor Identitas    : " + nik)
Nomor Identitas    : 2605210000000208
2026-06-18 10:57:45.472 DEBUG testcase.CovVal_26692                    - 6: println("HTTP Status        : " + response.getStatusCode())
HTTP Status        : 200
2026-06-18 10:57:45.472 DEBUG testcase.CovVal_26692                    - 7: println("Response Body      : " + response.getResponseBodyContent())
Response Body      : {"ResponseCode":"00","ResponseDescription":"Success - Berhasil melakukan flagging data","ResponseException":"","TanggalMulaiCovering":"20\/05\/2026","TanggalAkhirCovering":"20\/05\/2027","NomorPeserta":"KTW10849210626000097","URLDokumenKepesertaan":"https:\/\/dev-brisurf.brins.co.id\/\/CovPr\/68c0d085227ca918","OriginalCoveringFlagSuccessDate":"18\/06\/2026 10:57:45"}
2026-06-18 10:57:45.473 DEBUG testcase.CovVal_26692                    - 1: nik = data.getValue("NomorIdentitas", row)
2026-06-18 10:57:45.474 DEBUG testcase.CovVal_26692                    - 2: response = sendRequest(findTestObject("API/Posts/CoveringFlag/CovFlag_26692", ["NomorIdentitas":nik]))
2026-06-18 10:57:46.174 INFO  c.k.k.core.webservice.common.HarLogger   - HAR: C:\Users\ACER\git\AutoAPI\Reports\20260618_105141\API\Pembukuan\pembukuanAPI\20260618_105141\requests\main\CovFlag_26692_186.har
2026-06-18 10:57:46.177 DEBUG testcase.CovVal_26692                    - 3: println("==============================")
==============================
2026-06-18 10:57:46.178 DEBUG testcase.CovVal_26692                    - 4: println("Row                : " + row)
Row                : 87
2026-06-18 10:57:46.179 DEBUG testcase.CovVal_26692                    - 5: println("Nomor Identitas    : " + nik)
Nomor Identitas    : 2605210000000209
2026-06-18 10:57:46.179 DEBUG testcase.CovVal_26692                    - 6: println("HTTP Status        : " + response.getStatusCode())
HTTP Status        : 200
2026-06-18 10:57:46.180 DEBUG testcase.CovVal_26692                    - 7: println("Response Body      : " + response.getResponseBodyContent())
Response Body      : {"ResponseCode":"00","ResponseDescription":"Success - Berhasil melakukan flagging data","ResponseException":"","TanggalMulaiCovering":"20\/05\/2026","TanggalAkhirCovering":"20\/05\/2027","NomorPeserta":"KTW10849210626000098","URLDokumenKepesertaan":"https:\/\/dev-brisurf.brins.co.id\/\/CovPr\/7bec2aed6e30ba0d","OriginalCoveringFlagSuccessDate":"18\/06\/2026 10:57:46"}
2026-06-18 10:57:46.180 DEBUG testcase.CovVal_26692                    - 1: nik = data.getValue("NomorIdentitas", row)
2026-06-18 10:57:46.181 DEBUG testcase.CovVal_26692                    - 2: response = sendRequest(findTestObject("API/Posts/CoveringFlag/CovFlag_26692", ["NomorIdentitas":nik]))
2026-06-18 10:57:46.888 INFO  c.k.k.core.webservice.common.HarLogger   - HAR: C:\Users\ACER\git\AutoAPI\Reports\20260618_105141\API\Pembukuan\pembukuanAPI\20260618_105141\requests\main\CovFlag_26692_187.har
2026-06-18 10:57:46.893 DEBUG testcase.CovVal_26692                    - 3: println("==============================")
==============================
2026-06-18 10:57:46.895 DEBUG testcase.CovVal_26692                    - 4: println("Row                : " + row)
Row                : 88
2026-06-18 10:57:46.896 DEBUG testcase.CovVal_26692                    - 5: println("Nomor Identitas    : " + nik)
Nomor Identitas    : 2605210000000210
2026-06-18 10:57:46.897 DEBUG testcase.CovVal_26692                    - 6: println("HTTP Status        : " + response.getStatusCode())
HTTP Status        : 200
2026-06-18 10:57:46.898 DEBUG testcase.CovVal_26692                    - 7: println("Response Body      : " + response.getResponseBodyContent())
Response Body      : {"ResponseCode":"00","ResponseDescription":"Success - Berhasil melakukan flagging data","ResponseException":"","TanggalMulaiCovering":"20\/05\/2026","TanggalAkhirCovering":"20\/05\/2027","NomorPeserta":"KTW10849210626000099","URLDokumenKepesertaan":"https:\/\/dev-brisurf.brins.co.id\/\/CovPr\/35a3eb4d579bda21","OriginalCoveringFlagSuccessDate":"18\/06\/2026 10:57:46"}
2026-06-18 10:57:46.899 DEBUG testcase.CovVal_26692                    - 1: nik = data.getValue("NomorIdentitas", row)
2026-06-18 10:57:46.903 DEBUG testcase.CovVal_26692                    - 2: response = sendRequest(findTestObject("API/Posts/CoveringFlag/CovFlag_26692", ["NomorIdentitas":nik]))
2026-06-18 10:57:47.604 INFO  c.k.k.core.webservice.common.HarLogger   - HAR: C:\Users\ACER\git\AutoAPI\Reports\20260618_105141\API\Pembukuan\pembukuanAPI\20260618_105141\requests\main\CovFlag_26692_188.har
2026-06-18 10:57:47.607 DEBUG testcase.CovVal_26692                    - 3: println("==============================")
==============================
2026-06-18 10:57:47.608 DEBUG testcase.CovVal_26692                    - 4: println("Row                : " + row)
Row                : 89
2026-06-18 10:57:47.609 DEBUG testcase.CovVal_26692                    - 5: println("Nomor Identitas    : " + nik)
Nomor Identitas    : 2605210000000211
2026-06-18 10:57:47.609 DEBUG testcase.CovVal_26692                    - 6: println("HTTP Status        : " + response.getStatusCode())
HTTP Status        : 200
2026-06-18 10:57:47.610 DEBUG testcase.CovVal_26692                    - 7: println("Response Body      : " + response.getResponseBodyContent())
Response Body      : {"ResponseCode":"00","ResponseDescription":"Success - Berhasil melakukan flagging data","ResponseException":"","TanggalMulaiCovering":"20\/05\/2026","TanggalAkhirCovering":"20\/05\/2027","NomorPeserta":"KTW10849210626000100","URLDokumenKepesertaan":"https:\/\/dev-brisurf.brins.co.id\/\/CovPr\/f5e879fe0fe853a9","OriginalCoveringFlagSuccessDate":"18\/06\/2026 10:57:47"}
2026-06-18 10:57:47.610 DEBUG testcase.CovVal_26692                    - 1: nik = data.getValue("NomorIdentitas", row)
2026-06-18 10:57:47.611 DEBUG testcase.CovVal_26692                    - 2: response = sendRequest(findTestObject("API/Posts/CoveringFlag/CovFlag_26692", ["NomorIdentitas":nik]))
2026-06-18 10:57:48.326 INFO  c.k.k.core.webservice.common.HarLogger   - HAR: C:\Users\ACER\git\AutoAPI\Reports\20260618_105141\API\Pembukuan\pembukuanAPI\20260618_105141\requests\main\CovFlag_26692_189.har
2026-06-18 10:57:48.329 DEBUG testcase.CovVal_26692                    - 3: println("==============================")
==============================
2026-06-18 10:57:48.329 DEBUG testcase.CovVal_26692                    - 4: println("Row                : " + row)
Row                : 90
2026-06-18 10:57:48.330 DEBUG testcase.CovVal_26692                    - 5: println("Nomor Identitas    : " + nik)
Nomor Identitas    : 2605210000000212
2026-06-18 10:57:48.331 DEBUG testcase.CovVal_26692                    - 6: println("HTTP Status        : " + response.getStatusCode())
HTTP Status        : 200
2026-06-18 10:57:48.331 DEBUG testcase.CovVal_26692                    - 7: println("Response Body      : " + response.getResponseBodyContent())
Response Body      : {"ResponseCode":"00","ResponseDescription":"Success - Berhasil melakukan flagging data","ResponseException":"","TanggalMulaiCovering":"20\/05\/2026","TanggalAkhirCovering":"20\/05\/2027","NomorPeserta":"KTW10849210626000101","URLDokumenKepesertaan":"https:\/\/dev-brisurf.brins.co.id\/\/CovPr\/c67031772ed7d4da","OriginalCoveringFlagSuccessDate":"18\/06\/2026 10:57:48"}
2026-06-18 10:57:48.332 DEBUG testcase.CovVal_26692                    - 1: nik = data.getValue("NomorIdentitas", row)
2026-06-18 10:57:48.335 DEBUG testcase.CovVal_26692                    - 2: response = sendRequest(findTestObject("API/Posts/CoveringFlag/CovFlag_26692", ["NomorIdentitas":nik]))
2026-06-18 10:57:49.046 INFO  c.k.k.core.webservice.common.HarLogger   - HAR: C:\Users\ACER\git\AutoAPI\Reports\20260618_105141\API\Pembukuan\pembukuanAPI\20260618_105141\requests\main\CovFlag_26692_190.har
2026-06-18 10:57:49.049 DEBUG testcase.CovVal_26692                    - 3: println("==============================")
==============================
2026-06-18 10:57:49.051 DEBUG testcase.CovVal_26692                    - 4: println("Row                : " + row)
Row                : 91
2026-06-18 10:57:49.052 DEBUG testcase.CovVal_26692                    - 5: println("Nomor Identitas    : " + nik)
Nomor Identitas    : 2605210000000213
2026-06-18 10:57:49.053 DEBUG testcase.CovVal_26692                    - 6: println("HTTP Status        : " + response.getStatusCode())
HTTP Status        : 200
2026-06-18 10:57:49.055 DEBUG testcase.CovVal_26692                    - 7: println("Response Body      : " + response.getResponseBodyContent())
Response Body      : {"ResponseCode":"00","ResponseDescription":"Success - Berhasil melakukan flagging data","ResponseException":"","TanggalMulaiCovering":"20\/05\/2026","TanggalAkhirCovering":"20\/05\/2027","NomorPeserta":"KTW10849210626000102","URLDokumenKepesertaan":"https:\/\/dev-brisurf.brins.co.id\/\/CovPr\/aaf742443b49b6a4","OriginalCoveringFlagSuccessDate":"18\/06\/2026 10:57:49"}
2026-06-18 10:57:49.056 DEBUG testcase.CovVal_26692                    - 1: nik = data.getValue("NomorIdentitas", row)
2026-06-18 10:57:49.057 DEBUG testcase.CovVal_26692                    - 2: response = sendRequest(findTestObject("API/Posts/CoveringFlag/CovFlag_26692", ["NomorIdentitas":nik]))
2026-06-18 10:57:49.760 INFO  c.k.k.core.webservice.common.HarLogger   - HAR: C:\Users\ACER\git\AutoAPI\Reports\20260618_105141\API\Pembukuan\pembukuanAPI\20260618_105141\requests\main\CovFlag_26692_191.har
2026-06-18 10:57:49.763 DEBUG testcase.CovVal_26692                    - 3: println("==============================")
==============================
2026-06-18 10:57:49.764 DEBUG testcase.CovVal_26692                    - 4: println("Row                : " + row)
Row                : 92
2026-06-18 10:57:49.767 DEBUG testcase.CovVal_26692                    - 5: println("Nomor Identitas    : " + nik)
Nomor Identitas    : 2605210000000214
2026-06-18 10:57:49.768 DEBUG testcase.CovVal_26692                    - 6: println("HTTP Status        : " + response.getStatusCode())
HTTP Status        : 200
2026-06-18 10:57:49.769 DEBUG testcase.CovVal_26692                    - 7: println("Response Body      : " + response.getResponseBodyContent())
Response Body      : {"ResponseCode":"00","ResponseDescription":"Success - Berhasil melakukan flagging data","ResponseException":"","TanggalMulaiCovering":"20\/05\/2026","TanggalAkhirCovering":"20\/05\/2027","NomorPeserta":"KTW10849210626000103","URLDokumenKepesertaan":"https:\/\/dev-brisurf.brins.co.id\/\/CovPr\/a67699dd1a6cb021","OriginalCoveringFlagSuccessDate":"18\/06\/2026 10:57:49"}
2026-06-18 10:57:49.769 DEBUG testcase.CovVal_26692                    - 1: nik = data.getValue("NomorIdentitas", row)
2026-06-18 10:57:49.770 DEBUG testcase.CovVal_26692                    - 2: response = sendRequest(findTestObject("API/Posts/CoveringFlag/CovFlag_26692", ["NomorIdentitas":nik]))
2026-06-18 10:57:50.480 INFO  c.k.k.core.webservice.common.HarLogger   - HAR: C:\Users\ACER\git\AutoAPI\Reports\20260618_105141\API\Pembukuan\pembukuanAPI\20260618_105141\requests\main\CovFlag_26692_192.har
2026-06-18 10:57:50.484 DEBUG testcase.CovVal_26692                    - 3: println("==============================")
==============================
2026-06-18 10:57:50.485 DEBUG testcase.CovVal_26692                    - 4: println("Row                : " + row)
Row                : 93
2026-06-18 10:57:50.485 DEBUG testcase.CovVal_26692                    - 5: println("Nomor Identitas    : " + nik)
Nomor Identitas    : 2605210000000215
2026-06-18 10:57:50.486 DEBUG testcase.CovVal_26692                    - 6: println("HTTP Status        : " + response.getStatusCode())
HTTP Status        : 200
2026-06-18 10:57:50.487 DEBUG testcase.CovVal_26692                    - 7: println("Response Body      : " + response.getResponseBodyContent())
Response Body      : {"ResponseCode":"00","ResponseDescription":"Success - Berhasil melakukan flagging data","ResponseException":"","TanggalMulaiCovering":"20\/05\/2026","TanggalAkhirCovering":"20\/05\/2027","NomorPeserta":"KTW10849210626000104","URLDokumenKepesertaan":"https:\/\/dev-brisurf.brins.co.id\/\/CovPr\/12be36683c519757","OriginalCoveringFlagSuccessDate":"18\/06\/2026 10:57:50"}
2026-06-18 10:57:50.487 DEBUG testcase.CovVal_26692                    - 1: nik = data.getValue("NomorIdentitas", row)
2026-06-18 10:57:50.488 DEBUG testcase.CovVal_26692                    - 2: response = sendRequest(findTestObject("API/Posts/CoveringFlag/CovFlag_26692", ["NomorIdentitas":nik]))
2026-06-18 10:57:51.189 INFO  c.k.k.core.webservice.common.HarLogger   - HAR: C:\Users\ACER\git\AutoAPI\Reports\20260618_105141\API\Pembukuan\pembukuanAPI\20260618_105141\requests\main\CovFlag_26692_193.har
2026-06-18 10:57:51.191 DEBUG testcase.CovVal_26692                    - 3: println("==============================")
==============================
2026-06-18 10:57:51.192 DEBUG testcase.CovVal_26692                    - 4: println("Row                : " + row)
Row                : 94
2026-06-18 10:57:51.193 DEBUG testcase.CovVal_26692                    - 5: println("Nomor Identitas    : " + nik)
Nomor Identitas    : 2605210000000216
2026-06-18 10:57:51.194 DEBUG testcase.CovVal_26692                    - 6: println("HTTP Status        : " + response.getStatusCode())
HTTP Status        : 200
2026-06-18 10:57:51.194 DEBUG testcase.CovVal_26692                    - 7: println("Response Body      : " + response.getResponseBodyContent())
Response Body      : {"ResponseCode":"00","ResponseDescription":"Success - Berhasil melakukan flagging data","ResponseException":"","TanggalMulaiCovering":"20\/05\/2026","TanggalAkhirCovering":"20\/05\/2027","NomorPeserta":"KTW10849210626000105","URLDokumenKepesertaan":"https:\/\/dev-brisurf.brins.co.id\/\/CovPr\/25bb413e91629664","OriginalCoveringFlagSuccessDate":"18\/06\/2026 10:57:51"}
2026-06-18 10:57:51.195 DEBUG testcase.CovVal_26692                    - 1: nik = data.getValue("NomorIdentitas", row)
2026-06-18 10:57:51.195 DEBUG testcase.CovVal_26692                    - 2: response = sendRequest(findTestObject("API/Posts/CoveringFlag/CovFlag_26692", ["NomorIdentitas":nik]))
2026-06-18 10:57:51.901 INFO  c.k.k.core.webservice.common.HarLogger   - HAR: C:\Users\ACER\git\AutoAPI\Reports\20260618_105141\API\Pembukuan\pembukuanAPI\20260618_105141\requests\main\CovFlag_26692_194.har
2026-06-18 10:57:51.904 DEBUG testcase.CovVal_26692                    - 3: println("==============================")
==============================
2026-06-18 10:57:51.905 DEBUG testcase.CovVal_26692                    - 4: println("Row                : " + row)
Row                : 95
2026-06-18 10:57:51.905 DEBUG testcase.CovVal_26692                    - 5: println("Nomor Identitas    : " + nik)
Nomor Identitas    : 2605210000000217
2026-06-18 10:57:51.906 DEBUG testcase.CovVal_26692                    - 6: println("HTTP Status        : " + response.getStatusCode())
HTTP Status        : 200
2026-06-18 10:57:51.907 DEBUG testcase.CovVal_26692                    - 7: println("Response Body      : " + response.getResponseBodyContent())
Response Body      : {"ResponseCode":"00","ResponseDescription":"Success - Berhasil melakukan flagging data","ResponseException":"","TanggalMulaiCovering":"20\/05\/2026","TanggalAkhirCovering":"20\/05\/2027","NomorPeserta":"KTW10849210626000106","URLDokumenKepesertaan":"https:\/\/dev-brisurf.brins.co.id\/\/CovPr\/cb2579899a1865dc","OriginalCoveringFlagSuccessDate":"18\/06\/2026 10:57:51"}
2026-06-18 10:57:51.907 DEBUG testcase.CovVal_26692                    - 1: nik = data.getValue("NomorIdentitas", row)
2026-06-18 10:57:51.908 DEBUG testcase.CovVal_26692                    - 2: response = sendRequest(findTestObject("API/Posts/CoveringFlag/CovFlag_26692", ["NomorIdentitas":nik]))
2026-06-18 10:57:52.628 INFO  c.k.k.core.webservice.common.HarLogger   - HAR: C:\Users\ACER\git\AutoAPI\Reports\20260618_105141\API\Pembukuan\pembukuanAPI\20260618_105141\requests\main\CovFlag_26692_195.har
2026-06-18 10:57:52.633 DEBUG testcase.CovVal_26692                    - 3: println("==============================")
==============================
2026-06-18 10:57:52.634 DEBUG testcase.CovVal_26692                    - 4: println("Row                : " + row)
Row                : 96
2026-06-18 10:57:52.634 DEBUG testcase.CovVal_26692                    - 5: println("Nomor Identitas    : " + nik)
Nomor Identitas    : 2605210000000218
2026-06-18 10:57:52.635 DEBUG testcase.CovVal_26692                    - 6: println("HTTP Status        : " + response.getStatusCode())
HTTP Status        : 200
2026-06-18 10:57:52.635 DEBUG testcase.CovVal_26692                    - 7: println("Response Body      : " + response.getResponseBodyContent())
Response Body      : {"ResponseCode":"00","ResponseDescription":"Success - Berhasil melakukan flagging data","ResponseException":"","TanggalMulaiCovering":"20\/05\/2026","TanggalAkhirCovering":"20\/05\/2027","NomorPeserta":"KTW10849210626000107","URLDokumenKepesertaan":"https:\/\/dev-brisurf.brins.co.id\/\/CovPr\/784807e08e598834","OriginalCoveringFlagSuccessDate":"18\/06\/2026 10:57:52"}
2026-06-18 10:57:52.636 DEBUG testcase.CovVal_26692                    - 1: nik = data.getValue("NomorIdentitas", row)
2026-06-18 10:57:52.639 DEBUG testcase.CovVal_26692                    - 2: response = sendRequest(findTestObject("API/Posts/CoveringFlag/CovFlag_26692", ["NomorIdentitas":nik]))
2026-06-18 10:57:53.369 INFO  c.k.k.core.webservice.common.HarLogger   - HAR: C:\Users\ACER\git\AutoAPI\Reports\20260618_105141\API\Pembukuan\pembukuanAPI\20260618_105141\requests\main\CovFlag_26692_196.har
2026-06-18 10:57:53.372 DEBUG testcase.CovVal_26692                    - 3: println("==============================")
==============================
2026-06-18 10:57:53.373 DEBUG testcase.CovVal_26692                    - 4: println("Row                : " + row)
Row                : 97
2026-06-18 10:57:53.373 DEBUG testcase.CovVal_26692                    - 5: println("Nomor Identitas    : " + nik)
Nomor Identitas    : 2605210000000219
2026-06-18 10:57:53.374 DEBUG testcase.CovVal_26692                    - 6: println("HTTP Status        : " + response.getStatusCode())
HTTP Status        : 200
2026-06-18 10:57:53.375 DEBUG testcase.CovVal_26692                    - 7: println("Response Body      : " + response.getResponseBodyContent())
Response Body      : {"ResponseCode":"00","ResponseDescription":"Success - Berhasil melakukan flagging data","ResponseException":"","TanggalMulaiCovering":"20\/05\/2026","TanggalAkhirCovering":"20\/05\/2027","NomorPeserta":"KTW10849210626000108","URLDokumenKepesertaan":"https:\/\/dev-brisurf.brins.co.id\/\/CovPr\/8d666e9829ff0c09","OriginalCoveringFlagSuccessDate":"18\/06\/2026 10:57:53"}
2026-06-18 10:57:53.375 DEBUG testcase.CovVal_26692                    - 1: nik = data.getValue("NomorIdentitas", row)
2026-06-18 10:57:53.376 DEBUG testcase.CovVal_26692                    - 2: response = sendRequest(findTestObject("API/Posts/CoveringFlag/CovFlag_26692", ["NomorIdentitas":nik]))
2026-06-18 10:57:54.103 INFO  c.k.k.core.webservice.common.HarLogger   - HAR: C:\Users\ACER\git\AutoAPI\Reports\20260618_105141\API\Pembukuan\pembukuanAPI\20260618_105141\requests\main\CovFlag_26692_197.har
2026-06-18 10:57:54.106 DEBUG testcase.CovVal_26692                    - 3: println("==============================")
==============================
2026-06-18 10:57:54.107 DEBUG testcase.CovVal_26692                    - 4: println("Row                : " + row)
Row                : 98
2026-06-18 10:57:54.108 DEBUG testcase.CovVal_26692                    - 5: println("Nomor Identitas    : " + nik)
Nomor Identitas    : 2605210000000220
2026-06-18 10:57:54.109 DEBUG testcase.CovVal_26692                    - 6: println("HTTP Status        : " + response.getStatusCode())
HTTP Status        : 200
2026-06-18 10:57:54.109 DEBUG testcase.CovVal_26692                    - 7: println("Response Body      : " + response.getResponseBodyContent())
Response Body      : {"ResponseCode":"00","ResponseDescription":"Success - Berhasil melakukan flagging data","ResponseException":"","TanggalMulaiCovering":"20\/05\/2026","TanggalAkhirCovering":"20\/05\/2027","NomorPeserta":"KTW10849210626000109","URLDokumenKepesertaan":"https:\/\/dev-brisurf.brins.co.id\/\/CovPr\/3a9d989bd6c55faf","OriginalCoveringFlagSuccessDate":"18\/06\/2026 10:57:54"}
2026-06-18 10:57:54.110 DEBUG testcase.CovVal_26692                    - 1: nik = data.getValue("NomorIdentitas", row)
2026-06-18 10:57:54.111 DEBUG testcase.CovVal_26692                    - 2: response = sendRequest(findTestObject("API/Posts/CoveringFlag/CovFlag_26692", ["NomorIdentitas":nik]))
2026-06-18 10:57:54.829 INFO  c.k.k.core.webservice.common.HarLogger   - HAR: C:\Users\ACER\git\AutoAPI\Reports\20260618_105141\API\Pembukuan\pembukuanAPI\20260618_105141\requests\main\CovFlag_26692_198.har
2026-06-18 10:57:54.834 DEBUG testcase.CovVal_26692                    - 3: println("==============================")
==============================
2026-06-18 10:57:54.835 DEBUG testcase.CovVal_26692                    - 4: println("Row                : " + row)
Row                : 99
2026-06-18 10:57:54.836 DEBUG testcase.CovVal_26692                    - 5: println("Nomor Identitas    : " + nik)
Nomor Identitas    : 2605210000000221
2026-06-18 10:57:54.836 DEBUG testcase.CovVal_26692                    - 6: println("HTTP Status        : " + response.getStatusCode())
HTTP Status        : 200
2026-06-18 10:57:54.837 DEBUG testcase.CovVal_26692                    - 7: println("Response Body      : " + response.getResponseBodyContent())
Response Body      : {"ResponseCode":"00","ResponseDescription":"Success - Berhasil melakukan flagging data","ResponseException":"","TanggalMulaiCovering":"20\/05\/2026","TanggalAkhirCovering":"20\/05\/2027","NomorPeserta":"KTW10849210626000110","URLDokumenKepesertaan":"https:\/\/dev-brisurf.brins.co.id\/\/CovPr\/422dfaa439159f4a","OriginalCoveringFlagSuccessDate":"18\/06\/2026 10:57:54"}
2026-06-18 10:57:54.838 DEBUG testcase.CovVal_26692                    - 1: nik = data.getValue("NomorIdentitas", row)
2026-06-18 10:57:54.839 DEBUG testcase.CovVal_26692                    - 2: response = sendRequest(findTestObject("API/Posts/CoveringFlag/CovFlag_26692", ["NomorIdentitas":nik]))
2026-06-18 10:57:55.557 INFO  c.k.k.core.webservice.common.HarLogger   - HAR: C:\Users\ACER\git\AutoAPI\Reports\20260618_105141\API\Pembukuan\pembukuanAPI\20260618_105141\requests\main\CovFlag_26692_199.har
2026-06-18 10:57:55.560 DEBUG testcase.CovVal_26692                    - 3: println("==============================")
==============================
2026-06-18 10:57:55.561 DEBUG testcase.CovVal_26692                    - 4: println("Row                : " + row)
Row                : 100
2026-06-18 10:57:55.562 DEBUG testcase.CovVal_26692                    - 5: println("Nomor Identitas    : " + nik)
Nomor Identitas    : 2605210000000222
2026-06-18 10:57:55.563 DEBUG testcase.CovVal_26692                    - 6: println("HTTP Status        : " + response.getStatusCode())
HTTP Status        : 200
2026-06-18 10:57:55.563 DEBUG testcase.CovVal_26692                    - 7: println("Response Body      : " + response.getResponseBodyContent())
Response Body      : {"ResponseCode":"00","ResponseDescription":"Success - Berhasil melakukan flagging data","ResponseException":"","TanggalMulaiCovering":"20\/05\/2026","TanggalAkhirCovering":"20\/05\/2027","NomorPeserta":"KTW10849210626000111","URLDokumenKepesertaan":"https:\/\/dev-brisurf.brins.co.id\/\/CovPr\/e4d4d36bd78d412c","OriginalCoveringFlagSuccessDate":"18\/06\/2026 10:57:55"}
2026-06-18 10:57:55.568 INFO  c.k.katalon.core.main.TestCaseExecutor   - END Test Cases/API/CoveringFlag/CovFlag_26692
2026-06-18 10:57:55.880 INFO  c.k.katalon.core.main.TestSuiteExecutor  - --------------------
