<?xml version="1.0" encoding="UTF-8" standalone="no"?>
<!DOCTYPE log SYSTEM "logger.dtd">
<log>
<record>
  <date>2026-09-14T04:14:52.825509300Z</date>
  <millis>1789359292825</millis>
  <nanos>509300</nanos>
  <sequence>0</sequence>
  <level>START</level>
  <class>com.kms.katalon.core.logging.XmlKeywordLogger</class>
  <method>startSuite</method>
  <thread>1</thread>
  <message>Start Test Suite : Test Suites/BrinsBook/FBI_Detail</message>
  <nestedLevel>0</nestedLevel>
  <escapedJava>false</escapedJava>
  <property name="rerunTestFailImmediately">true</property>
  <property name="retryCount">3</property>
  <property name="name">FBI_Detail</property>
  <property name="description"></property>
  <property name="id">Test Suites/BrinsBook/FBI_Detail</property>
</record>
<record>
  <date>2026-09-14T04:14:52.854502700Z</date>
  <millis>1789359292854</millis>
  <nanos>502700</nanos>
  <sequence>1</sequence>
  <level>RUN_DATA</level>
  <class>com.kms.katalon.core.logging.XmlKeywordLogger</class>
  <method>logMessage</method>
  <thread>1</thread>
  <message>userFullName = Quality Assurance 12</message>
  <nestedLevel>0</nestedLevel>
  <escapedJava>false</escapedJava>
  <property name="userFullName">Quality Assurance 12</property>
</record>
<record>
  <date>2026-09-14T04:14:52.855435100Z</date>
  <millis>1789359292855</millis>
  <nanos>435100</nanos>
  <sequence>2</sequence>
  <level>RUN_DATA</level>
  <class>com.kms.katalon.core.logging.XmlKeywordLogger</class>
  <method>logMessage</method>
  <thread>1</thread>
  <message>projectName = AutoAPI</message>
  <nestedLevel>0</nestedLevel>
  <escapedJava>false</escapedJava>
  <property name="projectName">AutoAPI</property>
</record>
<record>
  <date>2026-09-14T04:14:52.855935200Z</date>
  <millis>1789359292855</millis>
  <nanos>935200</nanos>
  <sequence>3</sequence>
  <level>RUN_DATA</level>
  <class>com.kms.katalon.core.logging.XmlKeywordLogger</class>
  <method>logMessage</method>
  <thread>1</thread>
  <message>hostName = TTECH-0251 - NovalWinaNurcahyo.brins.co.id</message>
  <nestedLevel>0</nestedLevel>
  <escapedJava>false</escapedJava>
  <property name="hostName">TTECH-0251 - NovalWinaNurcahyo.brins.co.id</property>
</record>
<record>
  <date>2026-09-14T04:14:52.857834800Z</date>
  <millis>1789359292857</millis>
  <nanos>834800</nanos>
  <sequence>4</sequence>
  <level>RUN_DATA</level>
  <class>com.kms.katalon.core.logging.XmlKeywordLogger</class>
  <method>logMessage</method>
  <thread>1</thread>
  <message>os = Windows 10 64bit</message>
  <nestedLevel>0</nestedLevel>
  <escapedJava>false</escapedJava>
  <property name="os">Windows 10 64bit</property>
</record>
<record>
  <date>2026-09-14T04:14:52.857834800Z</date>
  <millis>1789359292857</millis>
  <nanos>834800</nanos>
  <sequence>5</sequence>
  <level>RUN_DATA</level>
  <class>com.kms.katalon.core.logging.XmlKeywordLogger</class>
  <method>logMessage</method>
  <thread>1</thread>
  <message>hostAddress = 10.1.48.156</message>
  <nestedLevel>0</nestedLevel>
  <escapedJava>false</escapedJava>
  <property name="hostAddress">10.1.48.156</property>
</record>
<record>
  <date>2026-09-14T04:14:52.858846800Z</date>
  <millis>1789359292858</millis>
  <nanos>846800</nanos>
  <sequence>6</sequence>
  <level>RUN_DATA</level>
  <class>com.kms.katalon.core.logging.XmlKeywordLogger</class>
  <method>logMessage</method>
  <thread>1</thread>
  <message>katalonVersion = 10.4.2.0</message>
  <nestedLevel>0</nestedLevel>
  <escapedJava>false</escapedJava>
  <property name="katalonVersion">10.4.2.0</property>
</record>
<record>
  <date>2026-09-14T04:14:53.709794300Z</date>
  <millis>1789359293709</millis>
  <nanos>794300</nanos>
  <sequence>7</sequence>
  <level>START</level>
  <class>com.kms.katalon.core.logging.XmlKeywordLogger</class>
  <method>startTest</method>
  <thread>1</thread>
  <message>Start Test Case : Test Cases/DATA UI/Login/Login_BrinsBook</message>
  <nestedLevel>1</nestedLevel>
  <escapedJava>false</escapedJava>
  <property name="remainingRetryCount">3</property>
  <property name="origin"></property>
  <property name="name">Test Cases/DATA UI/Login/Login_BrinsBook</property>
  <property name="description"></property>
  <property name="iteration"></property>
  <property name="id">Test Cases/DATA UI/Login/Login_BrinsBook</property>
  <property name="source">C:\Users\TTECH-0251\git\AutoAPI\Test Cases\DATA UI\Login\Login_BrinsBook.tc</property>
  <property name="tag"></property>
  <property name="isOptional">false</property>
  <property name="currentRetryCount">0</property>
</record>
<record>
  <date>2026-09-14T04:14:54.001112200Z</date>
  <millis>1789359294001</millis>
  <nanos>112200</nanos>
  <sequence>9</sequence>
  <level>START</level>
  <class>com.kms.katalon.core.logging.XmlKeywordLogger</class>
  <method>startKeyword</method>
  <thread>1</thread>
  <message>Start action : projectDir = getProjectDir()</message>
  <nestedLevel>1</nestedLevel>
  <escapedJava>false</escapedJava>
  <property name="startLine">20</property>
  <property name="stepIndex">1</property>
</record>
<record>
  <date>2026-09-14T04:14:54.007623700Z</date>
  <millis>1789359294007</millis>
  <nanos>623700</nanos>
  <sequence>10</sequence>
  <level>END</level>
  <class>com.kms.katalon.core.logging.XmlKeywordLogger</class>
  <method>endKeyword</method>
  <thread>1</thread>
  <message>End action : projectDir = getProjectDir()</message>
  <nestedLevel>1</nestedLevel>
  <escapedJava>false</escapedJava>
</record>
<record>
  <date>2026-09-14T04:14:54.008626900Z</date>
  <millis>1789359294008</millis>
  <nanos>626900</nanos>
  <sequence>11</sequence>
  <level>START</level>
  <class>com.kms.katalon.core.logging.XmlKeywordLogger</class>
  <method>startKeyword</method>
  <thread>1</thread>
  <message>Start action : timestamp = Date().format(&amp;quot;dd.MM.yyyy_(HH.mm.ss)&amp;quot;)</message>
  <nestedLevel>1</nestedLevel>
  <escapedJava>false</escapedJava>
  <property name="startLine">22</property>
  <property name="stepIndex">2</property>
</record>
<record>
  <date>2026-09-14T04:14:54.044734500Z</date>
  <millis>1789359294044</millis>
  <nanos>734500</nanos>
  <sequence>12</sequence>
  <level>END</level>
  <class>com.kms.katalon.core.logging.XmlKeywordLogger</class>
  <method>endKeyword</method>
  <thread>1</thread>
  <message>End action : timestamp = Date().format(&amp;quot;dd.MM.yyyy_(HH.mm.ss)&amp;quot;)</message>
  <nestedLevel>1</nestedLevel>
  <escapedJava>false</escapedJava>
</record>
<record>
  <date>2026-09-14T04:14:54.045351700Z</date>
  <millis>1789359294045</millis>
  <nanos>351700</nanos>
  <sequence>13</sequence>
  <level>START</level>
  <class>com.kms.katalon.core.logging.XmlKeywordLogger</class>
  <method>startKeyword</method>
  <thread>1</thread>
  <message>Start action : openBrowser(&amp;quot;http://192.168.140.18:8000/login/&amp;quot;)</message>
  <nestedLevel>1</nestedLevel>
  <escapedJava>false</escapedJava>
  <property name="startLine">27</property>
  <property name="stepIndex">3</property>
</record>
<record>
  <date>2026-09-14T04:14:54.475751300Z</date>
  <millis>1789359294475</millis>
  <nanos>751300</nanos>
  <sequence>16</sequence>
  <level>INFO</level>
  <class>com.kms.katalon.core.logging.XmlKeywordLogger</class>
  <method>logMessage</method>
  <thread>1</thread>
  <message>Starting &amp;apos;Chrome&amp;apos; driver</message>
  <nestedLevel>1</nestedLevel>
  <escapedJava>false</escapedJava>
</record>
<record>
  <date>2026-09-14T04:14:54.562132600Z</date>
  <millis>1789359294562</millis>
  <nanos>132600</nanos>
  <sequence>17</sequence>
  <level>INFO</level>
  <class>com.kms.katalon.core.logging.XmlKeywordLogger</class>
  <method>logMessage</method>
  <thread>1</thread>
  <message>Action delay is set to 0 milliseconds</message>
  <nestedLevel>1</nestedLevel>
  <escapedJava>false</escapedJava>
</record>
<record>
  <date>2026-09-14T04:14:58.751687100Z</date>
  <millis>1789359298751</millis>
  <nanos>687100</nanos>
  <sequence>20</sequence>
  <level>RUN_DATA</level>
  <class>com.kms.katalon.core.logging.XmlKeywordLogger</class>
  <method>logMessage</method>
  <thread>1</thread>
  <message>sessionId = b805efa7a12fec60a9bdbf1c8ee37c58</message>
  <nestedLevel>1</nestedLevel>
  <escapedJava>false</escapedJava>
  <property name="sessionId">b805efa7a12fec60a9bdbf1c8ee37c58</property>
</record>
<record>
  <date>2026-09-14T04:14:58.753829900Z</date>
  <millis>1789359298753</millis>
  <nanos>829900</nanos>
  <sequence>21</sequence>
  <level>RUN_DATA</level>
  <class>com.kms.katalon.core.logging.XmlKeywordLogger</class>
  <method>logMessage</method>
  <thread>1</thread>
  <message>browser = Chrome 152.0.7977.83</message>
  <nestedLevel>1</nestedLevel>
  <escapedJava>false</escapedJava>
  <property name="browser">Chrome 152.0.7977.83</property>
</record>
<record>
  <date>2026-09-14T04:14:58.755115500Z</date>
  <millis>1789359298755</millis>
  <nanos>115500</nanos>
  <sequence>22</sequence>
  <level>RUN_DATA</level>
  <class>com.kms.katalon.core.logging.XmlKeywordLogger</class>
  <method>logMessage</method>
  <thread>1</thread>
  <message>platform = Windows 10</message>
  <nestedLevel>1</nestedLevel>
  <escapedJava>false</escapedJava>
  <property name="platform">Windows 10</property>
</record>
<record>
  <date>2026-09-14T04:14:58.755668200Z</date>
  <millis>1789359298755</millis>
  <nanos>668200</nanos>
  <sequence>23</sequence>
  <level>RUN_DATA</level>
  <class>com.kms.katalon.core.logging.XmlKeywordLogger</class>
  <method>logMessage</method>
  <thread>1</thread>
  <message>seleniumVersion = 4.34.0</message>
  <nestedLevel>1</nestedLevel>
  <escapedJava>false</escapedJava>
  <property name="seleniumVersion">4.34.0</property>
</record>
<record>
  <date>2026-09-14T04:14:58.777702100Z</date>
  <millis>1789359298777</millis>
  <nanos>702100</nanos>
  <sequence>24</sequence>
  <level>RUN_DATA</level>
  <class>com.kms.katalon.core.logging.XmlKeywordLogger</class>
  <method>logMessage</method>
  <thread>1</thread>
  <message>proxyInformation = ProxyInformation { proxyOption=NO_PROXY, proxyServerType=HTTP, username=, password=********, proxyServerAddress=, proxyServerPort=0, executionList=&amp;quot;&amp;quot;, isApplyToDesiredCapabilities=true }</message>
  <nestedLevel>1</nestedLevel>
  <escapedJava>false</escapedJava>
  <property name="proxyInformation">ProxyInformation { proxyOption=NO_PROXY, proxyServerType=HTTP, username=, password=********, proxyServerAddress=, proxyServerPort=0, executionList=&quot;&quot;, isApplyToDesiredCapabilities=true }</property>
</record>
<record>
  <date>2026-09-14T04:15:01.404529200Z</date>
  <millis>1789359301404</millis>
  <nanos>529200</nanos>
  <sequence>26</sequence>
  <level>PASSED</level>
  <class>com.kms.katalon.core.logging.XmlKeywordLogger</class>
  <method>logMessage</method>
  <thread>1</thread>
  <message>Browser is opened with url: &amp;apos;http://192.168.140.18:8000/login/&amp;apos;</message>
  <nestedLevel>1</nestedLevel>
  <escapedJava>false</escapedJava>
  <property name="testops-method-name">com.kms.katalon.core.webui.keyword.builtin.OpenBrowserKeyword.openBrowser</property>
  <property name="testops-execution-stacktrace"></property>
</record>
<record>
  <date>2026-09-14T04:15:01.408712600Z</date>
  <millis>1789359301408</millis>
  <nanos>712600</nanos>
  <sequence>27</sequence>
  <level>END</level>
  <class>com.kms.katalon.core.logging.XmlKeywordLogger</class>
  <method>endKeyword</method>
  <thread>1</thread>
  <message>End action : openBrowser(&amp;quot;http://192.168.140.18:8000/login/&amp;quot;)</message>
  <nestedLevel>1</nestedLevel>
  <escapedJava>false</escapedJava>
</record>
<record>
  <date>2026-09-14T04:15:01.409712600Z</date>
  <millis>1789359301409</millis>
  <nanos>712600</nanos>
  <sequence>28</sequence>
  <level>START</level>
  <class>com.kms.katalon.core.logging.XmlKeywordLogger</class>
  <method>startKeyword</method>
  <thread>1</thread>
  <message>Start action : setText(findTestObject(&amp;quot;Data UI/Login/inputUsername&amp;quot;), &amp;quot;test&amp;quot;)</message>
  <nestedLevel>1</nestedLevel>
  <escapedJava>false</escapedJava>
  <property name="startLine">31</property>
  <property name="stepIndex">4</property>
</record>
<record>
  <date>2026-09-14T04:15:03.324176100Z</date>
  <millis>1789359303324</millis>
  <nanos>176100</nanos>
  <sequence>42</sequence>
  <level>PASSED</level>
  <class>com.kms.katalon.core.logging.XmlKeywordLogger</class>
  <method>logMessage</method>
  <thread>1</thread>
  <message>Text &amp;apos;test&amp;apos; is set on object &amp;apos;Object Repository/Data UI/Login/inputUsername&amp;apos;</message>
  <nestedLevel>1</nestedLevel>
  <escapedJava>false</escapedJava>
  <property name="testops-method-name">com.kms.katalon.core.webui.keyword.internal.WebUIKeywordMain.runKeywordUntilTimeout</property>
  <property name="testops-execution-stacktrace">com.kms.katalon.core.logging.KeywordLogger.logPassed(KeywordLogger.java:332)
com.kms.katalon.core.logging.KeywordLogger.logPassed(KeywordLogger.java:327)
com.kms.katalon.core.webui.keyword.builtin.SetTextKeyword$_setText_closure1.doCall(SetTextKeyword.groovy:99)
java.base/jdk.internal.reflect.NativeMethodAccessorImpl.invoke0(Native Method)
java.base/jdk.internal.reflect.NativeMethodAccessorImpl.invoke(NativeMethodAccessorImpl.java:77)
java.base/jdk.internal.reflect.DelegatingMethodAccessorImpl.invoke(DelegatingMethodAccessorImpl.java:43)
jdk.proxy2/jdk.proxy2.$Proxy50.execute(Unknown Source)
com.kms.katalon.core.webui.model.SeleniumActionRetryController.performAction(SeleniumActionRetryController.java:96)
com.kms.katalon.core.webui.model.SeleniumActionRetryController.performAction(SeleniumActionRetryController.java:83)
com.kms.katalon.core.webui.keyword.internal.WebUIKeywordMain$_runKeywordUntilTimeout_closure1.doCall(WebUIKeywordMain.groovy:135)
com.kms.katalon.core.webui.keyword.internal.WebUIKeywordMain$_runKeywordUntilTimeout_closure1.call(WebUIKeywordMain.groovy)
com.kms.katalon.core.webui.keyword.internal.WebUIKeywordMain.runKeyword(WebUIKeywordMain.groovy:41)
com.kms.katalon.core.webui.keyword.internal.WebUIKeywordMain.runKeywordUntilTimeout(WebUIKeywordMain.groovy:133)
com.kms.katalon.core.webui.keyword.builtin.SetTextKeyword.setText(SetTextKeyword.groovy:106)
com.kms.katalon.core.webui.keyword.builtin.SetTextKeyword.execute(SetTextKeyword.groovy:49)
com.kms.katalon.core.keyword.internal.KeywordExecutor.executeKeywordForPlatform(KeywordExecutor.groovy:90)
com.kms.katalon.core.webui.keyword.WebUiBuiltInKeywords.setText(WebUiBuiltInKeywords.groovy:1081)
Login_BrinsBook.run(Login_BrinsBook:31)
</property>
</record>
<record>
  <date>2026-09-14T04:15:03.329023600Z</date>
  <millis>1789359303329</millis>
  <nanos>23600</nanos>
  <sequence>43</sequence>
  <level>END</level>
  <class>com.kms.katalon.core.logging.XmlKeywordLogger</class>
  <method>endKeyword</method>
  <thread>1</thread>
  <message>End action : setText(findTestObject(&amp;quot;Data UI/Login/inputUsername&amp;quot;), &amp;quot;test&amp;quot;)</message>
  <nestedLevel>1</nestedLevel>
  <escapedJava>false</escapedJava>
</record>
<record>
  <date>2026-09-14T04:15:03.329716100Z</date>
  <millis>1789359303329</millis>
  <nanos>716100</nanos>
  <sequence>44</sequence>
  <level>START</level>
  <class>com.kms.katalon.core.logging.XmlKeywordLogger</class>
  <method>startKeyword</method>
  <thread>1</thread>
  <message>Start action : setText(findTestObject(&amp;quot;Data UI/Login/inputPassword&amp;quot;), &amp;quot;passwordSalah&amp;quot;)</message>
  <nestedLevel>1</nestedLevel>
  <escapedJava>false</escapedJava>
  <property name="startLine">33</property>
  <property name="stepIndex">5</property>
</record>
<record>
  <date>2026-09-14T04:15:04.802160400Z</date>
  <millis>1789359304802</millis>
  <nanos>160400</nanos>
  <sequence>58</sequence>
  <level>PASSED</level>
  <class>com.kms.katalon.core.logging.XmlKeywordLogger</class>
  <method>logMessage</method>
  <thread>1</thread>
  <message>Text &amp;apos;passwordSalah&amp;apos; is set on object &amp;apos;Object Repository/Data UI/Login/inputPassword&amp;apos;</message>
  <nestedLevel>1</nestedLevel>
  <escapedJava>false</escapedJava>
  <property name="testops-method-name">com.kms.katalon.core.webui.keyword.internal.WebUIKeywordMain.runKeywordUntilTimeout</property>
  <property name="testops-execution-stacktrace">com.kms.katalon.core.logging.KeywordLogger.logPassed(KeywordLogger.java:332)
com.kms.katalon.core.logging.KeywordLogger.logPassed(KeywordLogger.java:327)
com.kms.katalon.core.webui.keyword.builtin.SetTextKeyword$_setText_closure1.doCall(SetTextKeyword.groovy:99)
java.base/jdk.internal.reflect.NativeMethodAccessorImpl.invoke0(Native Method)
java.base/jdk.internal.reflect.NativeMethodAccessorImpl.invoke(NativeMethodAccessorImpl.java:77)
java.base/jdk.internal.reflect.DelegatingMethodAccessorImpl.invoke(DelegatingMethodAccessorImpl.java:43)
jdk.proxy2/jdk.proxy2.$Proxy50.execute(Unknown Source)
com.kms.katalon.core.webui.model.SeleniumActionRetryController.performAction(SeleniumActionRetryController.java:96)
com.kms.katalon.core.webui.model.SeleniumActionRetryController.performAction(SeleniumActionRetryController.java:83)
com.kms.katalon.core.webui.keyword.internal.WebUIKeywordMain$_runKeywordUntilTimeout_closure1.doCall(WebUIKeywordMain.groovy:135)
com.kms.katalon.core.webui.keyword.internal.WebUIKeywordMain$_runKeywordUntilTimeout_closure1.call(WebUIKeywordMain.groovy)
com.kms.katalon.core.webui.keyword.internal.WebUIKeywordMain.runKeyword(WebUIKeywordMain.groovy:41)
com.kms.katalon.core.webui.keyword.internal.WebUIKeywordMain.runKeywordUntilTimeout(WebUIKeywordMain.groovy:133)
com.kms.katalon.core.webui.keyword.builtin.SetTextKeyword.setText(SetTextKeyword.groovy:106)
com.kms.katalon.core.webui.keyword.builtin.SetTextKeyword.execute(SetTextKeyword.groovy:49)
com.kms.katalon.core.keyword.internal.KeywordExecutor.executeKeywordForPlatform(KeywordExecutor.groovy:90)
com.kms.katalon.core.webui.keyword.WebUiBuiltInKeywords.setText(WebUiBuiltInKeywords.groovy:1081)
Login_BrinsBook.run(Login_BrinsBook:33)
</property>
</record>
<record>
  <date>2026-09-14T04:15:04.808299300Z</date>
  <millis>1789359304808</millis>
  <nanos>299300</nanos>
  <sequence>59</sequence>
  <level>END</level>
  <class>com.kms.katalon.core.logging.XmlKeywordLogger</class>
  <method>endKeyword</method>
  <thread>1</thread>
  <message>End action : setText(findTestObject(&amp;quot;Data UI/Login/inputPassword&amp;quot;), &amp;quot;passwordSalah&amp;quot;)</message>
  <nestedLevel>1</nestedLevel>
  <escapedJava>false</escapedJava>
</record>
<record>
  <date>2026-09-14T04:15:04.809302400Z</date>
  <millis>1789359304809</millis>
  <nanos>302400</nanos>
  <sequence>60</sequence>
  <level>START</level>
  <class>com.kms.katalon.core.logging.XmlKeywordLogger</class>
  <method>startKeyword</method>
  <thread>1</thread>
  <message>Start action : click(findTestObject(&amp;quot;Data UI/Login/btnPortal&amp;quot;))</message>
  <nestedLevel>1</nestedLevel>
  <escapedJava>false</escapedJava>
  <property name="startLine">35</property>
  <property name="stepIndex">6</property>
</record>
<record>
  <date>2026-09-14T04:15:06.297335700Z</date>
  <millis>1789359306297</millis>
  <nanos>335700</nanos>
  <sequence>71</sequence>
  <level>PASSED</level>
  <class>com.kms.katalon.core.logging.XmlKeywordLogger</class>
  <method>logMessage</method>
  <thread>1</thread>
  <message>Object: &amp;apos;Object Repository/Data UI/Login/btnPortal&amp;apos; is clicked on</message>
  <nestedLevel>1</nestedLevel>
  <escapedJava>false</escapedJava>
  <property name="testops-method-name">com.kms.katalon.core.webui.keyword.internal.WebUIKeywordMain.runKeywordUntilTimeout</property>
  <property name="testops-execution-stacktrace">com.kms.katalon.core.logging.KeywordLogger.logPassed(KeywordLogger.java:332)
com.kms.katalon.core.logging.KeywordLogger.logPassed(KeywordLogger.java:327)
com.kms.katalon.core.webui.keyword.builtin.ClickKeyword$_click_closure1.doCall(ClickKeyword.groovy:66)
java.base/jdk.internal.reflect.NativeMethodAccessorImpl.invoke0(Native Method)
java.base/jdk.internal.reflect.NativeMethodAccessorImpl.invoke(NativeMethodAccessorImpl.java:77)
java.base/jdk.internal.reflect.DelegatingMethodAccessorImpl.invoke(DelegatingMethodAccessorImpl.java:43)
jdk.proxy2/jdk.proxy2.$Proxy50.execute(Unknown Source)
com.kms.katalon.core.webui.model.SeleniumActionRetryController.performAction(SeleniumActionRetryController.java:96)
com.kms.katalon.core.webui.model.SeleniumActionRetryController.performAction(SeleniumActionRetryController.java:83)
com.kms.katalon.core.webui.keyword.internal.WebUIKeywordMain$_runKeywordUntilTimeout_closure1.doCall(WebUIKeywordMain.groovy:135)
com.kms.katalon.core.webui.keyword.internal.WebUIKeywordMain$_runKeywordUntilTimeout_closure1.call(WebUIKeywordMain.groovy)
com.kms.katalon.core.webui.keyword.internal.WebUIKeywordMain.runKeyword(WebUIKeywordMain.groovy:41)
com.kms.katalon.core.webui.keyword.internal.WebUIKeywordMain.runKeywordUntilTimeout(WebUIKeywordMain.groovy:133)
com.kms.katalon.core.webui.keyword.builtin.ClickKeyword.click(ClickKeyword.groovy:72)
com.kms.katalon.core.webui.keyword.builtin.ClickKeyword.execute(ClickKeyword.groovy:38)
com.kms.katalon.core.keyword.internal.KeywordExecutor.executeKeywordForPlatform(KeywordExecutor.groovy:90)
com.kms.katalon.core.webui.keyword.WebUiBuiltInKeywords.click(WebUiBuiltInKeywords.groovy:721)
Login_BrinsBook.run(Login_BrinsBook:35)
</property>
</record>
<record>
  <date>2026-09-14T04:15:06.302345400Z</date>
  <millis>1789359306302</millis>
  <nanos>345400</nanos>
  <sequence>72</sequence>
  <level>END</level>
  <class>com.kms.katalon.core.logging.XmlKeywordLogger</class>
  <method>endKeyword</method>
  <thread>1</thread>
  <message>End action : click(findTestObject(&amp;quot;Data UI/Login/btnPortal&amp;quot;))</message>
  <nestedLevel>1</nestedLevel>
  <escapedJava>false</escapedJava>
</record>
<record>
  <date>2026-09-14T04:15:06.302345400Z</date>
  <millis>1789359306302</millis>
  <nanos>345400</nanos>
  <sequence>73</sequence>
  <level>START</level>
  <class>com.kms.katalon.core.logging.XmlKeywordLogger</class>
  <method>startKeyword</method>
  <thread>1</thread>
  <message>Start action : delay(2)</message>
  <nestedLevel>1</nestedLevel>
  <escapedJava>false</escapedJava>
  <property name="startLine">37</property>
  <property name="stepIndex">7</property>
</record>
<record>
  <date>2026-09-14T04:15:08.373472900Z</date>
  <millis>1789359308373</millis>
  <nanos>472900</nanos>
  <sequence>76</sequence>
  <level>PASSED</level>
  <class>com.kms.katalon.core.logging.XmlKeywordLogger</class>
  <method>logMessage</method>
  <thread>1</thread>
  <message>Delayed 2 second(s)</message>
  <nestedLevel>1</nestedLevel>
  <escapedJava>false</escapedJava>
  <property name="testops-method-name">com.kms.katalon.core.keyword.builtin.DelayKeyword.delay</property>
  <property name="testops-execution-stacktrace"></property>
</record>
<record>
  <date>2026-09-14T04:15:08.376708900Z</date>
  <millis>1789359308376</millis>
  <nanos>708900</nanos>
  <sequence>77</sequence>
  <level>END</level>
  <class>com.kms.katalon.core.logging.XmlKeywordLogger</class>
  <method>endKeyword</method>
  <thread>1</thread>
  <message>End action : delay(2)</message>
  <nestedLevel>1</nestedLevel>
  <escapedJava>false</escapedJava>
</record>
<record>
  <date>2026-09-14T04:15:08.377708500Z</date>
  <millis>1789359308377</millis>
  <nanos>708500</nanos>
  <sequence>78</sequence>
  <level>START</level>
  <class>com.kms.katalon.core.logging.XmlKeywordLogger</class>
  <method>startKeyword</method>
  <thread>1</thread>
  <message>Start action : loginFailed = verifyTextPresent(&amp;quot;Akun kamu sudah login di perangkat lain nih/login/&amp;quot;, false, OPTIONAL)</message>
  <nestedLevel>1</nestedLevel>
  <escapedJava>false</escapedJava>
  <property name="startLine">40</property>
  <property name="stepIndex">8</property>
</record>
<record>
  <date>2026-09-14T04:15:08.853746800Z</date>
  <millis>1789359308853</millis>
  <nanos>746800</nanos>
  <sequence>84</sequence>
  <level>WARNING</level>
  <class>com.kms.katalon.core.logging.XmlKeywordLogger</class>
  <method>logMessage</method>
  <thread>1</thread>
  <message>Text &amp;apos;Akun kamu sudah login di perangkat lain nih/login/&amp;apos; is not present on page  (Root cause: com.kms.katalon.core.exception.StepFailedException: Text &amp;apos;Akun kamu sudah login di perangkat lain nih/login/&amp;apos; is not present on page 
	at com.kms.katalon.core.webui.keyword.internal.WebUIKeywordMain.stepFailed(WebUIKeywordMain.groovy:177)
	at com.kms.katalon.core.webui.keyword.builtin.VerifyTextPresentKeyword$_verifyTextPresent_closure1.doCall(VerifyTextPresentKeyword.groovy:79)
	at com.kms.katalon.core.webui.keyword.builtin.VerifyTextPresentKeyword$_verifyTextPresent_closure1.call(VerifyTextPresentKeyword.groovy)
	at com.kms.katalon.core.webui.keyword.internal.WebUIKeywordMain.runKeyword(WebUIKeywordMain.groovy:41)
	at com.kms.katalon.core.webui.keyword.builtin.VerifyTextPresentKeyword.verifyTextPresent(VerifyTextPresentKeyword.groovy:83)
	at com.kms.katalon.core.webui.keyword.builtin.VerifyTextPresentKeyword.execute(VerifyTextPresentKeyword.groovy:68)
	at com.kms.katalon.core.keyword.internal.KeywordExecutor.executeKeywordForPlatform(KeywordExecutor.groovy:90)
	at com.kms.katalon.core.webui.keyword.WebUiBuiltInKeywords.verifyTextPresent(WebUiBuiltInKeywords.groovy:1808)
	at Login_BrinsBook.run(Login_BrinsBook:40)
	at com.kms.katalon.core.main.ScriptEngine.run(ScriptEngine.java:194)
	at com.kms.katalon.core.main.ScriptEngine.runScriptAsRawText(ScriptEngine.java:119)
	at com.kms.katalon.core.main.TestCaseExecutor.runScript(TestCaseExecutor.java:490)
	at com.kms.katalon.core.main.TestCaseExecutor.doExecute(TestCaseExecutor.java:481)
	at com.kms.katalon.core.main.TestCaseExecutor.processExecutionPhase(TestCaseExecutor.java:460)
	at com.kms.katalon.core.main.TestCaseExecutor.accessMainPhase(TestCaseExecutor.java:452)
	at com.kms.katalon.core.main.TestCaseExecutor.execute(TestCaseExecutor.java:322)
	at com.kms.katalon.core.common.CommonExecutor.accessTestCaseMainPhase(CommonExecutor.java:71)
	at com.kms.katalon.core.main.TestSuiteExecutor.accessTestSuiteMainPhase(TestSuiteExecutor.java:153)
	at com.kms.katalon.core.main.TestSuiteExecutor.execute(TestSuiteExecutor.java:110)
	at com.kms.katalon.core.main.TestCaseMain.startTestSuite(TestCaseMain.java:205)
	at TempTestSuite1789359285563.run(TempTestSuite1789359285563.groovy:35)
	at java.base/jdk.internal.reflect.NativeMethodAccessorImpl.invoke0(Native Method)
	at java.base/jdk.internal.reflect.NativeMethodAccessorImpl.invoke(NativeMethodAccessorImpl.java:77)
	at java.base/jdk.internal.reflect.DelegatingMethodAccessorImpl.invoke(DelegatingMethodAccessorImpl.java:43)
)</message>
  <nestedLevel>1</nestedLevel>
  <escapedJava>false</escapedJava>
  <property name="failed.exception.class">com.kms.katalon.core.exception.StepFailedException</property>
  <property name="failed.exception.stacktrace">com.kms.katalon.core.exception.StepFailedException: Text &apos;Akun kamu sudah login di perangkat lain nih/login/&apos; is not present on page 
	at com.kms.katalon.core.webui.keyword.internal.WebUIKeywordMain.stepFailed(WebUIKeywordMain.groovy:177)
	at com.kms.katalon.core.webui.keyword.builtin.VerifyTextPresentKeyword$_verifyTextPresent_closure1.doCall(VerifyTextPresentKeyword.groovy:79)
	at com.kms.katalon.core.webui.keyword.builtin.VerifyTextPresentKeyword$_verifyTextPresent_closure1.call(VerifyTextPresentKeyword.groovy)
	at com.kms.katalon.core.webui.keyword.internal.WebUIKeywordMain.runKeyword(WebUIKeywordMain.groovy:41)
	at com.kms.katalon.core.webui.keyword.builtin.VerifyTextPresentKeyword.verifyTextPresent(VerifyTextPresentKeyword.groovy:83)
	at com.kms.katalon.core.webui.keyword.builtin.VerifyTextPresentKeyword.execute(VerifyTextPresentKeyword.groovy:68)
	at com.kms.katalon.core.keyword.internal.KeywordExecutor.executeKeywordForPlatform(KeywordExecutor.groovy:90)
	at com.kms.katalon.core.webui.keyword.WebUiBuiltInKeywords.verifyTextPresent(WebUiBuiltInKeywords.groovy:1808)
	at Login_BrinsBook.run(Login_BrinsBook:40)
	at com.kms.katalon.core.main.ScriptEngine.run(ScriptEngine.java:194)
	at com.kms.katalon.core.main.ScriptEngine.runScriptAsRawText(ScriptEngine.java:119)
	at com.kms.katalon.core.main.TestCaseExecutor.runScript(TestCaseExecutor.java:490)
	at com.kms.katalon.core.main.TestCaseExecutor.doExecute(TestCaseExecutor.java:481)
	at com.kms.katalon.core.main.TestCaseExecutor.processExecutionPhase(TestCaseExecutor.java:460)
	at com.kms.katalon.core.main.TestCaseExecutor.accessMainPhase(TestCaseExecutor.java:452)
	at com.kms.katalon.core.main.TestCaseExecutor.execute(TestCaseExecutor.java:322)
	at com.kms.katalon.core.common.CommonExecutor.accessTestCaseMainPhase(CommonExecutor.java:71)
	at com.kms.katalon.core.main.TestSuiteExecutor.accessTestSuiteMainPhase(TestSuiteExecutor.java:153)
	at com.kms.katalon.core.main.TestSuiteExecutor.execute(TestSuiteExecutor.java:110)
	at com.kms.katalon.core.main.TestCaseMain.startTestSuite(TestCaseMain.java:205)
	at TempTestSuite1789359285563.run(TempTestSuite1789359285563.groovy:35)
	at java.base/jdk.internal.reflect.NativeMethodAccessorImpl.invoke0(Native Method)
	at java.base/jdk.internal.reflect.NativeMethodAccessorImpl.invoke(NativeMethodAccessorImpl.java:77)
	at java.base/jdk.internal.reflect.DelegatingMethodAccessorImpl.invoke(DelegatingMethodAccessorImpl.java:43)
</property>
  <property name="failed.exception.message">Text &apos;Akun kamu sudah login di perangkat lain nih/login/&apos; is not present on page </property>
</record>
<record>
  <date>2026-09-14T04:15:08.860574Z</date>
  <millis>1789359308860</millis>
  <nanos>574000</nanos>
  <sequence>85</sequence>
  <level>END</level>
  <class>com.kms.katalon.core.logging.XmlKeywordLogger</class>
  <method>endKeyword</method>
  <thread>1</thread>
  <message>End action : loginFailed = verifyTextPresent(&amp;quot;Akun kamu sudah login di perangkat lain nih/login/&amp;quot;, false, OPTIONAL)</message>
  <nestedLevel>1</nestedLevel>
  <escapedJava>false</escapedJava>
</record>
<record>
  <date>2026-09-14T04:15:08.860574Z</date>
  <millis>1789359308860</millis>
  <nanos>574000</nanos>
  <sequence>86</sequence>
  <level>START</level>
  <class>com.kms.katalon.core.logging.XmlKeywordLogger</class>
  <method>startKeyword</method>
  <thread>1</thread>
  <message>Start action : if (loginFailed)</message>
  <nestedLevel>1</nestedLevel>
  <escapedJava>false</escapedJava>
  <property name="startLine">42</property>
  <property name="stepIndex">9</property>
</record>
<record>
  <date>2026-09-14T04:15:08.864266600Z</date>
  <millis>1789359308864</millis>
  <nanos>266600</nanos>
  <sequence>87</sequence>
  <level>END</level>
  <class>com.kms.katalon.core.logging.XmlKeywordLogger</class>
  <method>endKeyword</method>
  <thread>1</thread>
  <message>End action : if (loginFailed)</message>
  <nestedLevel>1</nestedLevel>
  <escapedJava>false</escapedJava>
</record>
<record>
  <date>2026-09-14T04:15:08.864767Z</date>
  <millis>1789359308864</millis>
  <nanos>767000</nanos>
  <sequence>88</sequence>
  <level>START</level>
  <class>com.kms.katalon.core.logging.XmlKeywordLogger</class>
  <method>startKeyword</method>
  <thread>1</thread>
  <message>Start action : else</message>
  <nestedLevel>1</nestedLevel>
  <escapedJava>false</escapedJava>
  <property name="startLine">49</property>
  <property name="stepIndex">10</property>
</record>
<record>
  <date>2026-09-14T04:15:08.868602400Z</date>
  <millis>1789359308868</millis>
  <nanos>602400</nanos>
  <sequence>89</sequence>
  <level>START</level>
  <class>com.kms.katalon.core.logging.XmlKeywordLogger</class>
  <method>startKeyword</method>
  <thread>1</thread>
  <message>Start action : println(&amp;quot;Pesan gagal login tidak ditemukan&amp;quot;)</message>
  <nestedLevel>2</nestedLevel>
  <escapedJava>false</escapedJava>
  <property name="startLine">50</property>
  <property name="stepIndex">1</property>
</record>
<record>
  <date>2026-09-14T04:15:08.881259Z</date>
  <millis>1789359308881</millis>
  <nanos>259000</nanos>
  <sequence>90</sequence>
  <level>END</level>
  <class>com.kms.katalon.core.logging.XmlKeywordLogger</class>
  <method>endKeyword</method>
  <thread>1</thread>
  <message>End action : println(&amp;quot;Pesan gagal login tidak ditemukan&amp;quot;)</message>
  <nestedLevel>2</nestedLevel>
  <escapedJava>false</escapedJava>
</record>
<record>
  <date>2026-09-14T04:15:08.882262Z</date>
  <millis>1789359308882</millis>
  <nanos>262000</nanos>
  <sequence>91</sequence>
  <level>END</level>
  <class>com.kms.katalon.core.logging.XmlKeywordLogger</class>
  <method>endKeyword</method>
  <thread>1</thread>
  <message>End action : else</message>
  <nestedLevel>1</nestedLevel>
  <escapedJava>false</escapedJava>
</record>
<record>
  <date>2026-09-14T04:15:08.882759500Z</date>
  <millis>1789359308882</millis>
  <nanos>759500</nanos>
  <sequence>92</sequence>
  <level>START</level>
  <class>com.kms.katalon.core.logging.XmlKeywordLogger</class>
  <method>startKeyword</method>
  <thread>1</thread>
  <message>Start action : back()</message>
  <nestedLevel>1</nestedLevel>
  <escapedJava>false</escapedJava>
  <property name="startLine">53</property>
  <property name="stepIndex">11</property>
</record>
<record>
  <date>2026-09-14T04:15:09.093178500Z</date>
  <millis>1789359309093</millis>
  <nanos>178500</nanos>
  <sequence>95</sequence>
  <level>PASSED</level>
  <class>com.kms.katalon.core.logging.XmlKeywordLogger</class>
  <method>logMessage</method>
  <thread>1</thread>
  <message>Navigate back successfully</message>
  <nestedLevel>1</nestedLevel>
  <escapedJava>false</escapedJava>
  <property name="testops-method-name">com.kms.katalon.core.webui.keyword.builtin.BackKeyword.back</property>
  <property name="testops-execution-stacktrace"></property>
</record>
<record>
  <date>2026-09-14T04:15:09.096178Z</date>
  <millis>1789359309096</millis>
  <nanos>178000</nanos>
  <sequence>96</sequence>
  <level>END</level>
  <class>com.kms.katalon.core.logging.XmlKeywordLogger</class>
  <method>endKeyword</method>
  <thread>1</thread>
  <message>End action : back()</message>
  <nestedLevel>1</nestedLevel>
  <escapedJava>false</escapedJava>
</record>
<record>
  <date>2026-09-14T04:15:09.098905200Z</date>
  <millis>1789359309098</millis>
  <nanos>905200</nanos>
  <sequence>97</sequence>
  <level>START</level>
  <class>com.kms.katalon.core.logging.XmlKeywordLogger</class>
  <method>startKeyword</method>
  <thread>1</thread>
  <message>Start action : delay(3)</message>
  <nestedLevel>1</nestedLevel>
  <escapedJava>false</escapedJava>
  <property name="startLine">55</property>
  <property name="stepIndex">12</property>
</record>
<record>
  <date>2026-09-14T04:15:12.120645300Z</date>
  <millis>1789359312120</millis>
  <nanos>645300</nanos>
  <sequence>100</sequence>
  <level>PASSED</level>
  <class>com.kms.katalon.core.logging.XmlKeywordLogger</class>
  <method>logMessage</method>
  <thread>1</thread>
  <message>Delayed 3 second(s)</message>
  <nestedLevel>1</nestedLevel>
  <escapedJava>false</escapedJava>
  <property name="testops-method-name">com.kms.katalon.core.keyword.builtin.DelayKeyword.delay</property>
  <property name="testops-execution-stacktrace"></property>
</record>
<record>
  <date>2026-09-14T04:15:12.123262300Z</date>
  <millis>1789359312123</millis>
  <nanos>262300</nanos>
  <sequence>101</sequence>
  <level>END</level>
  <class>com.kms.katalon.core.logging.XmlKeywordLogger</class>
  <method>endKeyword</method>
  <thread>1</thread>
  <message>End action : delay(3)</message>
  <nestedLevel>1</nestedLevel>
  <escapedJava>false</escapedJava>
</record>
<record>
  <date>2026-09-14T04:15:12.123262300Z</date>
  <millis>1789359312123</millis>
  <nanos>262300</nanos>
  <sequence>102</sequence>
  <level>START</level>
  <class>com.kms.katalon.core.logging.XmlKeywordLogger</class>
  <method>startKeyword</method>
  <thread>1</thread>
  <message>Start action : click(findTestObject(&amp;quot;Data UI/Login/btnForceLogout1&amp;quot;))</message>
  <nestedLevel>1</nestedLevel>
  <escapedJava>false</escapedJava>
  <property name="startLine">57</property>
  <property name="stepIndex">13</property>
</record>
<record>
  <date>2026-09-14T04:15:12.995236800Z</date>
  <millis>1789359312995</millis>
  <nanos>236800</nanos>
  <sequence>113</sequence>
  <level>PASSED</level>
  <class>com.kms.katalon.core.logging.XmlKeywordLogger</class>
  <method>logMessage</method>
  <thread>1</thread>
  <message>Object: &amp;apos;Object Repository/Data UI/Login/btnForceLogout1&amp;apos; is clicked on</message>
  <nestedLevel>1</nestedLevel>
  <escapedJava>false</escapedJava>
  <property name="testops-method-name">com.kms.katalon.core.webui.keyword.internal.WebUIKeywordMain.runKeywordUntilTimeout</property>
  <property name="testops-execution-stacktrace">com.kms.katalon.core.logging.KeywordLogger.logPassed(KeywordLogger.java:332)
com.kms.katalon.core.logging.KeywordLogger.logPassed(KeywordLogger.java:327)
com.kms.katalon.core.webui.keyword.builtin.ClickKeyword$_click_closure1.doCall(ClickKeyword.groovy:66)
java.base/jdk.internal.reflect.NativeMethodAccessorImpl.invoke0(Native Method)
java.base/jdk.internal.reflect.NativeMethodAccessorImpl.invoke(NativeMethodAccessorImpl.java:77)
java.base/jdk.internal.reflect.DelegatingMethodAccessorImpl.invoke(DelegatingMethodAccessorImpl.java:43)
jdk.proxy2/jdk.proxy2.$Proxy50.execute(Unknown Source)
com.kms.katalon.core.webui.model.SeleniumActionRetryController.performAction(SeleniumActionRetryController.java:96)
com.kms.katalon.core.webui.model.SeleniumActionRetryController.performAction(SeleniumActionRetryController.java:83)
com.kms.katalon.core.webui.keyword.internal.WebUIKeywordMain$_runKeywordUntilTimeout_closure1.doCall(WebUIKeywordMain.groovy:135)
com.kms.katalon.core.webui.keyword.internal.WebUIKeywordMain$_runKeywordUntilTimeout_closure1.call(WebUIKeywordMain.groovy)
com.kms.katalon.core.webui.keyword.internal.WebUIKeywordMain.runKeyword(WebUIKeywordMain.groovy:41)
com.kms.katalon.core.webui.keyword.internal.WebUIKeywordMain.runKeywordUntilTimeout(WebUIKeywordMain.groovy:133)
com.kms.katalon.core.webui.keyword.builtin.ClickKeyword.click(ClickKeyword.groovy:72)
com.kms.katalon.core.webui.keyword.builtin.ClickKeyword.execute(ClickKeyword.groovy:38)
com.kms.katalon.core.keyword.internal.KeywordExecutor.executeKeywordForPlatform(KeywordExecutor.groovy:90)
com.kms.katalon.core.webui.keyword.WebUiBuiltInKeywords.click(WebUiBuiltInKeywords.groovy:721)
Login_BrinsBook.run(Login_BrinsBook:57)
</property>
</record>
<record>
  <date>2026-09-14T04:15:13.000567900Z</date>
  <millis>1789359313000</millis>
  <nanos>567900</nanos>
  <sequence>114</sequence>
  <level>END</level>
  <class>com.kms.katalon.core.logging.XmlKeywordLogger</class>
  <method>endKeyword</method>
  <thread>1</thread>
  <message>End action : click(findTestObject(&amp;quot;Data UI/Login/btnForceLogout1&amp;quot;))</message>
  <nestedLevel>1</nestedLevel>
  <escapedJava>false</escapedJava>
</record>
<record>
  <date>2026-09-14T04:15:13.001224500Z</date>
  <millis>1789359313001</millis>
  <nanos>224500</nanos>
  <sequence>115</sequence>
  <level>START</level>
  <class>com.kms.katalon.core.logging.XmlKeywordLogger</class>
  <method>startKeyword</method>
  <thread>1</thread>
  <message>Start action : setText(findTestObject(&amp;quot;Data UI/Login/inputUsernameForce&amp;quot;), &amp;quot;TTECH-0251&amp;quot;)</message>
  <nestedLevel>1</nestedLevel>
  <escapedJava>false</escapedJava>
  <property name="startLine">59</property>
  <property name="stepIndex">14</property>
</record>
<record>
  <date>2026-09-14T04:15:14.444354200Z</date>
  <millis>1789359314444</millis>
  <nanos>354200</nanos>
  <sequence>129</sequence>
  <level>PASSED</level>
  <class>com.kms.katalon.core.logging.XmlKeywordLogger</class>
  <method>logMessage</method>
  <thread>1</thread>
  <message>Text &amp;apos;TTECH-0251&amp;apos; is set on object &amp;apos;Object Repository/Data UI/Login/inputUsernameForce&amp;apos;</message>
  <nestedLevel>1</nestedLevel>
  <escapedJava>false</escapedJava>
  <property name="testops-method-name">com.kms.katalon.core.webui.keyword.internal.WebUIKeywordMain.runKeywordUntilTimeout</property>
  <property name="testops-execution-stacktrace">com.kms.katalon.core.logging.KeywordLogger.logPassed(KeywordLogger.java:332)
com.kms.katalon.core.logging.KeywordLogger.logPassed(KeywordLogger.java:327)
com.kms.katalon.core.webui.keyword.builtin.SetTextKeyword$_setText_closure1.doCall(SetTextKeyword.groovy:99)
java.base/jdk.internal.reflect.NativeMethodAccessorImpl.invoke0(Native Method)
java.base/jdk.internal.reflect.NativeMethodAccessorImpl.invoke(NativeMethodAccessorImpl.java:77)
java.base/jdk.internal.reflect.DelegatingMethodAccessorImpl.invoke(DelegatingMethodAccessorImpl.java:43)
jdk.proxy2/jdk.proxy2.$Proxy50.execute(Unknown Source)
com.kms.katalon.core.webui.model.SeleniumActionRetryController.performAction(SeleniumActionRetryController.java:96)
com.kms.katalon.core.webui.model.SeleniumActionRetryController.performAction(SeleniumActionRetryController.java:83)
com.kms.katalon.core.webui.keyword.internal.WebUIKeywordMain$_runKeywordUntilTimeout_closure1.doCall(WebUIKeywordMain.groovy:135)
com.kms.katalon.core.webui.keyword.internal.WebUIKeywordMain$_runKeywordUntilTimeout_closure1.call(WebUIKeywordMain.groovy)
com.kms.katalon.core.webui.keyword.internal.WebUIKeywordMain.runKeyword(WebUIKeywordMain.groovy:41)
com.kms.katalon.core.webui.keyword.internal.WebUIKeywordMain.runKeywordUntilTimeout(WebUIKeywordMain.groovy:133)
com.kms.katalon.core.webui.keyword.builtin.SetTextKeyword.setText(SetTextKeyword.groovy:106)
com.kms.katalon.core.webui.keyword.builtin.SetTextKeyword.execute(SetTextKeyword.groovy:49)
com.kms.katalon.core.keyword.internal.KeywordExecutor.executeKeywordForPlatform(KeywordExecutor.groovy:90)
com.kms.katalon.core.webui.keyword.WebUiBuiltInKeywords.setText(WebUiBuiltInKeywords.groovy:1081)
Login_BrinsBook.run(Login_BrinsBook:59)
</property>
</record>
<record>
  <date>2026-09-14T04:15:14.446305900Z</date>
  <millis>1789359314446</millis>
  <nanos>305900</nanos>
  <sequence>130</sequence>
  <level>END</level>
  <class>com.kms.katalon.core.logging.XmlKeywordLogger</class>
  <method>endKeyword</method>
  <thread>1</thread>
  <message>End action : setText(findTestObject(&amp;quot;Data UI/Login/inputUsernameForce&amp;quot;), &amp;quot;TTECH-0251&amp;quot;)</message>
  <nestedLevel>1</nestedLevel>
  <escapedJava>false</escapedJava>
</record>
<record>
  <date>2026-09-14T04:15:14.450128700Z</date>
  <millis>1789359314450</millis>
  <nanos>128700</nanos>
  <sequence>131</sequence>
  <level>START</level>
  <class>com.kms.katalon.core.logging.XmlKeywordLogger</class>
  <method>startKeyword</method>
  <thread>1</thread>
  <message>Start action : click(findTestObject(&amp;quot;Data UI/Login/btnForceLogout2&amp;quot;))</message>
  <nestedLevel>1</nestedLevel>
  <escapedJava>false</escapedJava>
  <property name="startLine">61</property>
  <property name="stepIndex">15</property>
</record>
<record>
  <date>2026-09-14T04:15:15.392191200Z</date>
  <millis>1789359315392</millis>
  <nanos>191200</nanos>
  <sequence>142</sequence>
  <level>PASSED</level>
  <class>com.kms.katalon.core.logging.XmlKeywordLogger</class>
  <method>logMessage</method>
  <thread>1</thread>
  <message>Object: &amp;apos;Object Repository/Data UI/Login/btnForceLogout2&amp;apos; is clicked on</message>
  <nestedLevel>1</nestedLevel>
  <escapedJava>false</escapedJava>
  <property name="testops-method-name">com.kms.katalon.core.webui.keyword.internal.WebUIKeywordMain.runKeywordUntilTimeout</property>
  <property name="testops-execution-stacktrace">com.kms.katalon.core.logging.KeywordLogger.logPassed(KeywordLogger.java:332)
com.kms.katalon.core.logging.KeywordLogger.logPassed(KeywordLogger.java:327)
com.kms.katalon.core.webui.keyword.builtin.ClickKeyword$_click_closure1.doCall(ClickKeyword.groovy:66)
java.base/jdk.internal.reflect.NativeMethodAccessorImpl.invoke0(Native Method)
java.base/jdk.internal.reflect.NativeMethodAccessorImpl.invoke(NativeMethodAccessorImpl.java:77)
java.base/jdk.internal.reflect.DelegatingMethodAccessorImpl.invoke(DelegatingMethodAccessorImpl.java:43)
jdk.proxy2/jdk.proxy2.$Proxy50.execute(Unknown Source)
com.kms.katalon.core.webui.model.SeleniumActionRetryController.performAction(SeleniumActionRetryController.java:96)
com.kms.katalon.core.webui.model.SeleniumActionRetryController.performAction(SeleniumActionRetryController.java:83)
com.kms.katalon.core.webui.keyword.internal.WebUIKeywordMain$_runKeywordUntilTimeout_closure1.doCall(WebUIKeywordMain.groovy:135)
com.kms.katalon.core.webui.keyword.internal.WebUIKeywordMain$_runKeywordUntilTimeout_closure1.call(WebUIKeywordMain.groovy)
com.kms.katalon.core.webui.keyword.internal.WebUIKeywordMain.runKeyword(WebUIKeywordMain.groovy:41)
com.kms.katalon.core.webui.keyword.internal.WebUIKeywordMain.runKeywordUntilTimeout(WebUIKeywordMain.groovy:133)
com.kms.katalon.core.webui.keyword.builtin.ClickKeyword.click(ClickKeyword.groovy:72)
com.kms.katalon.core.webui.keyword.builtin.ClickKeyword.execute(ClickKeyword.groovy:38)
com.kms.katalon.core.keyword.internal.KeywordExecutor.executeKeywordForPlatform(KeywordExecutor.groovy:90)
com.kms.katalon.core.webui.keyword.WebUiBuiltInKeywords.click(WebUiBuiltInKeywords.groovy:721)
Login_BrinsBook.run(Login_BrinsBook:61)
</property>
</record>
<record>
  <date>2026-09-14T04:15:15.395494500Z</date>
  <millis>1789359315395</millis>
  <nanos>494500</nanos>
  <sequence>143</sequence>
  <level>END</level>
  <class>com.kms.katalon.core.logging.XmlKeywordLogger</class>
  <method>endKeyword</method>
  <thread>1</thread>
  <message>End action : click(findTestObject(&amp;quot;Data UI/Login/btnForceLogout2&amp;quot;))</message>
  <nestedLevel>1</nestedLevel>
  <escapedJava>false</escapedJava>
</record>
<record>
  <date>2026-09-14T04:15:15.395994600Z</date>
  <millis>1789359315395</millis>
  <nanos>994600</nanos>
  <sequence>144</sequence>
  <level>START</level>
  <class>com.kms.katalon.core.logging.XmlKeywordLogger</class>
  <method>startKeyword</method>
  <thread>1</thread>
  <message>Start action : setText(findTestObject(&amp;quot;Data UI/Login/inputUsername&amp;quot;), &amp;quot;TTECH-0251&amp;quot;)</message>
  <nestedLevel>1</nestedLevel>
  <escapedJava>false</escapedJava>
  <property name="startLine">67</property>
  <property name="stepIndex">16</property>
</record>
<record>
  <date>2026-09-14T04:15:17.029958300Z</date>
  <millis>1789359317029</millis>
  <nanos>958300</nanos>
  <sequence>158</sequence>
  <level>PASSED</level>
  <class>com.kms.katalon.core.logging.XmlKeywordLogger</class>
  <method>logMessage</method>
  <thread>1</thread>
  <message>Text &amp;apos;TTECH-0251&amp;apos; is set on object &amp;apos;Object Repository/Data UI/Login/inputUsername&amp;apos;</message>
  <nestedLevel>1</nestedLevel>
  <escapedJava>false</escapedJava>
  <property name="testops-method-name">com.kms.katalon.core.webui.keyword.internal.WebUIKeywordMain.runKeywordUntilTimeout</property>
  <property name="testops-execution-stacktrace">com.kms.katalon.core.logging.KeywordLogger.logPassed(KeywordLogger.java:332)
com.kms.katalon.core.logging.KeywordLogger.logPassed(KeywordLogger.java:327)
com.kms.katalon.core.webui.keyword.builtin.SetTextKeyword$_setText_closure1.doCall(SetTextKeyword.groovy:99)
java.base/jdk.internal.reflect.NativeMethodAccessorImpl.invoke0(Native Method)
java.base/jdk.internal.reflect.NativeMethodAccessorImpl.invoke(NativeMethodAccessorImpl.java:77)
java.base/jdk.internal.reflect.DelegatingMethodAccessorImpl.invoke(DelegatingMethodAccessorImpl.java:43)
jdk.proxy2/jdk.proxy2.$Proxy50.execute(Unknown Source)
com.kms.katalon.core.webui.model.SeleniumActionRetryController.performAction(SeleniumActionRetryController.java:96)
com.kms.katalon.core.webui.model.SeleniumActionRetryController.performAction(SeleniumActionRetryController.java:83)
com.kms.katalon.core.webui.keyword.internal.WebUIKeywordMain$_runKeywordUntilTimeout_closure1.doCall(WebUIKeywordMain.groovy:135)
com.kms.katalon.core.webui.keyword.internal.WebUIKeywordMain$_runKeywordUntilTimeout_closure1.call(WebUIKeywordMain.groovy)
com.kms.katalon.core.webui.keyword.internal.WebUIKeywordMain.runKeyword(WebUIKeywordMain.groovy:41)
com.kms.katalon.core.webui.keyword.internal.WebUIKeywordMain.runKeywordUntilTimeout(WebUIKeywordMain.groovy:133)
com.kms.katalon.core.webui.keyword.builtin.SetTextKeyword.setText(SetTextKeyword.groovy:106)
com.kms.katalon.core.webui.keyword.builtin.SetTextKeyword.execute(SetTextKeyword.groovy:49)
com.kms.katalon.core.keyword.internal.KeywordExecutor.executeKeywordForPlatform(KeywordExecutor.groovy:90)
com.kms.katalon.core.webui.keyword.WebUiBuiltInKeywords.setText(WebUiBuiltInKeywords.groovy:1081)
Login_BrinsBook.run(Login_BrinsBook:67)
</property>
</record>
<record>
  <date>2026-09-14T04:15:17.035210100Z</date>
  <millis>1789359317035</millis>
  <nanos>210100</nanos>
  <sequence>159</sequence>
  <level>END</level>
  <class>com.kms.katalon.core.logging.XmlKeywordLogger</class>
  <method>endKeyword</method>
  <thread>1</thread>
  <message>End action : setText(findTestObject(&amp;quot;Data UI/Login/inputUsername&amp;quot;), &amp;quot;TTECH-0251&amp;quot;)</message>
  <nestedLevel>1</nestedLevel>
  <escapedJava>false</escapedJava>
</record>
<record>
  <date>2026-09-14T04:15:17.036341800Z</date>
  <millis>1789359317036</millis>
  <nanos>341800</nanos>
  <sequence>160</sequence>
  <level>START</level>
  <class>com.kms.katalon.core.logging.XmlKeywordLogger</class>
  <method>startKeyword</method>
  <thread>1</thread>
  <message>Start action : setText(findTestObject(&amp;quot;Data UI/Login/inputPassword&amp;quot;), &amp;quot;qwerty123&amp;quot;)</message>
  <nestedLevel>1</nestedLevel>
  <escapedJava>false</escapedJava>
  <property name="startLine">69</property>
  <property name="stepIndex">17</property>
</record>
<record>
  <date>2026-09-14T04:15:18.482044800Z</date>
  <millis>1789359318482</millis>
  <nanos>44800</nanos>
  <sequence>174</sequence>
  <level>PASSED</level>
  <class>com.kms.katalon.core.logging.XmlKeywordLogger</class>
  <method>logMessage</method>
  <thread>1</thread>
  <message>Text &amp;apos;qwerty123&amp;apos; is set on object &amp;apos;Object Repository/Data UI/Login/inputPassword&amp;apos;</message>
  <nestedLevel>1</nestedLevel>
  <escapedJava>false</escapedJava>
  <property name="testops-method-name">com.kms.katalon.core.webui.keyword.internal.WebUIKeywordMain.runKeywordUntilTimeout</property>
  <property name="testops-execution-stacktrace">com.kms.katalon.core.logging.KeywordLogger.logPassed(KeywordLogger.java:332)
com.kms.katalon.core.logging.KeywordLogger.logPassed(KeywordLogger.java:327)
com.kms.katalon.core.webui.keyword.builtin.SetTextKeyword$_setText_closure1.doCall(SetTextKeyword.groovy:99)
java.base/jdk.internal.reflect.NativeMethodAccessorImpl.invoke0(Native Method)
java.base/jdk.internal.reflect.NativeMethodAccessorImpl.invoke(NativeMethodAccessorImpl.java:77)
java.base/jdk.internal.reflect.DelegatingMethodAccessorImpl.invoke(DelegatingMethodAccessorImpl.java:43)
jdk.proxy2/jdk.proxy2.$Proxy50.execute(Unknown Source)
com.kms.katalon.core.webui.model.SeleniumActionRetryController.performAction(SeleniumActionRetryController.java:96)
com.kms.katalon.core.webui.model.SeleniumActionRetryController.performAction(SeleniumActionRetryController.java:83)
com.kms.katalon.core.webui.keyword.internal.WebUIKeywordMain$_runKeywordUntilTimeout_closure1.doCall(WebUIKeywordMain.groovy:135)
com.kms.katalon.core.webui.keyword.internal.WebUIKeywordMain$_runKeywordUntilTimeout_closure1.call(WebUIKeywordMain.groovy)
com.kms.katalon.core.webui.keyword.internal.WebUIKeywordMain.runKeyword(WebUIKeywordMain.groovy:41)
com.kms.katalon.core.webui.keyword.internal.WebUIKeywordMain.runKeywordUntilTimeout(WebUIKeywordMain.groovy:133)
com.kms.katalon.core.webui.keyword.builtin.SetTextKeyword.setText(SetTextKeyword.groovy:106)
com.kms.katalon.core.webui.keyword.builtin.SetTextKeyword.execute(SetTextKeyword.groovy:49)
com.kms.katalon.core.keyword.internal.KeywordExecutor.executeKeywordForPlatform(KeywordExecutor.groovy:90)
com.kms.katalon.core.webui.keyword.WebUiBuiltInKeywords.setText(WebUiBuiltInKeywords.groovy:1081)
Login_BrinsBook.run(Login_BrinsBook:69)
</property>
</record>
<record>
  <date>2026-09-14T04:15:18.486992500Z</date>
  <millis>1789359318486</millis>
  <nanos>992500</nanos>
  <sequence>175</sequence>
  <level>END</level>
  <class>com.kms.katalon.core.logging.XmlKeywordLogger</class>
  <method>endKeyword</method>
  <thread>1</thread>
  <message>End action : setText(findTestObject(&amp;quot;Data UI/Login/inputPassword&amp;quot;), &amp;quot;qwerty123&amp;quot;)</message>
  <nestedLevel>1</nestedLevel>
  <escapedJava>false</escapedJava>
</record>
<record>
  <date>2026-09-14T04:15:18.487987800Z</date>
  <millis>1789359318487</millis>
  <nanos>987800</nanos>
  <sequence>176</sequence>
  <level>START</level>
  <class>com.kms.katalon.core.logging.XmlKeywordLogger</class>
  <method>startKeyword</method>
  <thread>1</thread>
  <message>Start action : click(findTestObject(&amp;quot;Data UI/Login/btnPortal&amp;quot;))</message>
  <nestedLevel>1</nestedLevel>
  <escapedJava>false</escapedJava>
  <property name="startLine">71</property>
  <property name="stepIndex">18</property>
</record>
<record>
  <date>2026-09-14T04:15:20.409406100Z</date>
  <millis>1789359320409</millis>
  <nanos>406100</nanos>
  <sequence>187</sequence>
  <level>PASSED</level>
  <class>com.kms.katalon.core.logging.XmlKeywordLogger</class>
  <method>logMessage</method>
  <thread>1</thread>
  <message>Object: &amp;apos;Object Repository/Data UI/Login/btnPortal&amp;apos; is clicked on</message>
  <nestedLevel>1</nestedLevel>
  <escapedJava>false</escapedJava>
  <property name="testops-method-name">com.kms.katalon.core.webui.keyword.internal.WebUIKeywordMain.runKeywordUntilTimeout</property>
  <property name="testops-execution-stacktrace">com.kms.katalon.core.logging.KeywordLogger.logPassed(KeywordLogger.java:332)
com.kms.katalon.core.logging.KeywordLogger.logPassed(KeywordLogger.java:327)
com.kms.katalon.core.webui.keyword.builtin.ClickKeyword$_click_closure1.doCall(ClickKeyword.groovy:66)
java.base/jdk.internal.reflect.NativeMethodAccessorImpl.invoke0(Native Method)
java.base/jdk.internal.reflect.NativeMethodAccessorImpl.invoke(NativeMethodAccessorImpl.java:77)
java.base/jdk.internal.reflect.DelegatingMethodAccessorImpl.invoke(DelegatingMethodAccessorImpl.java:43)
jdk.proxy2/jdk.proxy2.$Proxy50.execute(Unknown Source)
com.kms.katalon.core.webui.model.SeleniumActionRetryController.performAction(SeleniumActionRetryController.java:96)
com.kms.katalon.core.webui.model.SeleniumActionRetryController.performAction(SeleniumActionRetryController.java:83)
com.kms.katalon.core.webui.keyword.internal.WebUIKeywordMain$_runKeywordUntilTimeout_closure1.doCall(WebUIKeywordMain.groovy:135)
com.kms.katalon.core.webui.keyword.internal.WebUIKeywordMain$_runKeywordUntilTimeout_closure1.call(WebUIKeywordMain.groovy)
com.kms.katalon.core.webui.keyword.internal.WebUIKeywordMain.runKeyword(WebUIKeywordMain.groovy:41)
com.kms.katalon.core.webui.keyword.internal.WebUIKeywordMain.runKeywordUntilTimeout(WebUIKeywordMain.groovy:133)
com.kms.katalon.core.webui.keyword.builtin.ClickKeyword.click(ClickKeyword.groovy:72)
com.kms.katalon.core.webui.keyword.builtin.ClickKeyword.execute(ClickKeyword.groovy:38)
com.kms.katalon.core.keyword.internal.KeywordExecutor.executeKeywordForPlatform(KeywordExecutor.groovy:90)
com.kms.katalon.core.webui.keyword.WebUiBuiltInKeywords.click(WebUiBuiltInKeywords.groovy:721)
Login_BrinsBook.run(Login_BrinsBook:71)
</property>
</record>
<record>
  <date>2026-09-14T04:15:20.412573300Z</date>
  <millis>1789359320412</millis>
  <nanos>573300</nanos>
  <sequence>188</sequence>
  <level>END</level>
  <class>com.kms.katalon.core.logging.XmlKeywordLogger</class>
  <method>endKeyword</method>
  <thread>1</thread>
  <message>End action : click(findTestObject(&amp;quot;Data UI/Login/btnPortal&amp;quot;))</message>
  <nestedLevel>1</nestedLevel>
  <escapedJava>false</escapedJava>
</record>
<record>
  <date>2026-09-14T04:15:20.413466700Z</date>
  <millis>1789359320413</millis>
  <nanos>466700</nanos>
  <sequence>189</sequence>
  <level>START</level>
  <class>com.kms.katalon.core.logging.XmlKeywordLogger</class>
  <method>startKeyword</method>
  <thread>1</thread>
  <message>Start action : delay(3)</message>
  <nestedLevel>1</nestedLevel>
  <escapedJava>false</escapedJava>
  <property name="startLine">73</property>
  <property name="stepIndex">19</property>
</record>
<record>
  <date>2026-09-14T04:15:23.422373100Z</date>
  <millis>1789359323422</millis>
  <nanos>373100</nanos>
  <sequence>192</sequence>
  <level>PASSED</level>
  <class>com.kms.katalon.core.logging.XmlKeywordLogger</class>
  <method>logMessage</method>
  <thread>1</thread>
  <message>Delayed 3 second(s)</message>
  <nestedLevel>1</nestedLevel>
  <escapedJava>false</escapedJava>
  <property name="testops-method-name">com.kms.katalon.core.keyword.builtin.DelayKeyword.delay</property>
  <property name="testops-execution-stacktrace"></property>
</record>
<record>
  <date>2026-09-14T04:15:23.424972200Z</date>
  <millis>1789359323424</millis>
  <nanos>972200</nanos>
  <sequence>193</sequence>
  <level>END</level>
  <class>com.kms.katalon.core.logging.XmlKeywordLogger</class>
  <method>endKeyword</method>
  <thread>1</thread>
  <message>End action : delay(3)</message>
  <nestedLevel>1</nestedLevel>
  <escapedJava>false</escapedJava>
</record>
<record>
  <date>2026-09-14T04:15:23.425988400Z</date>
  <millis>1789359323425</millis>
  <nanos>988400</nanos>
  <sequence>194</sequence>
  <level>START</level>
  <class>com.kms.katalon.core.logging.XmlKeywordLogger</class>
  <method>startKeyword</method>
  <thread>1</thread>
  <message>Start action : verifyElementPresent(findTestObject(&amp;quot;Data UI/Menu/Brinsbook&amp;quot;), 10)</message>
  <nestedLevel>1</nestedLevel>
  <escapedJava>false</escapedJava>
  <property name="startLine">76</property>
  <property name="stepIndex">20</property>
</record>
<record>
  <date>2026-09-14T04:15:23.845318400Z</date>
  <millis>1789359323845</millis>
  <nanos>318400</nanos>
  <sequence>200</sequence>
  <level>PASSED</level>
  <class>com.kms.katalon.core.logging.XmlKeywordLogger</class>
  <method>logMessage</method>
  <thread>1</thread>
  <message>Object &amp;apos;Object Repository/Data UI/Menu/Brinsbook&amp;apos; is present</message>
  <nestedLevel>1</nestedLevel>
  <escapedJava>false</escapedJava>
  <property name="testops-is-assertion">true</property>
  <property name="testops-method-name">com.kms.katalon.core.webui.keyword.builtin.VerifyElementPresentKeyword.verifyElementPresent</property>
  <property name="testops-execution-stacktrace"></property>
</record>
<record>
  <date>2026-09-14T04:15:23.848641800Z</date>
  <millis>1789359323848</millis>
  <nanos>641800</nanos>
  <sequence>201</sequence>
  <level>END</level>
  <class>com.kms.katalon.core.logging.XmlKeywordLogger</class>
  <method>endKeyword</method>
  <thread>1</thread>
  <message>End action : verifyElementPresent(findTestObject(&amp;quot;Data UI/Menu/Brinsbook&amp;quot;), 10)</message>
  <nestedLevel>1</nestedLevel>
  <escapedJava>false</escapedJava>
</record>
<record>
  <date>2026-09-14T04:15:23.849936300Z</date>
  <millis>1789359323849</millis>
  <nanos>936300</nanos>
  <sequence>202</sequence>
  <level>START</level>
  <class>com.kms.katalon.core.logging.XmlKeywordLogger</class>
  <method>startKeyword</method>
  <thread>1</thread>
  <message>Start action : delay(1)</message>
  <nestedLevel>1</nestedLevel>
  <escapedJava>false</escapedJava>
  <property name="startLine">79</property>
  <property name="stepIndex">21</property>
</record>
<record>
  <date>2026-09-14T04:15:24.868121500Z</date>
  <millis>1789359324868</millis>
  <nanos>121500</nanos>
  <sequence>205</sequence>
  <level>PASSED</level>
  <class>com.kms.katalon.core.logging.XmlKeywordLogger</class>
  <method>logMessage</method>
  <thread>1</thread>
  <message>Delayed 1 second(s)</message>
  <nestedLevel>1</nestedLevel>
  <escapedJava>false</escapedJava>
  <property name="testops-method-name">com.kms.katalon.core.keyword.builtin.DelayKeyword.delay</property>
  <property name="testops-execution-stacktrace"></property>
</record>
<record>
  <date>2026-09-14T04:15:24.870624400Z</date>
  <millis>1789359324870</millis>
  <nanos>624400</nanos>
  <sequence>206</sequence>
  <level>END</level>
  <class>com.kms.katalon.core.logging.XmlKeywordLogger</class>
  <method>endKeyword</method>
  <thread>1</thread>
  <message>End action : delay(1)</message>
  <nestedLevel>1</nestedLevel>
  <escapedJava>false</escapedJava>
</record>
<record>
  <date>2026-09-14T04:15:24.870624400Z</date>
  <millis>1789359324870</millis>
  <nanos>624400</nanos>
  <sequence>207</sequence>
  <level>START</level>
  <class>com.kms.katalon.core.logging.XmlKeywordLogger</class>
  <method>startKeyword</method>
  <thread>1</thread>
  <message>Start action : screenshotPathFailed2 = $projectDir/Screenshots/Evidence_POSITIVE_Menu BRINS Book_$timestamp.png</message>
  <nestedLevel>1</nestedLevel>
  <escapedJava>false</escapedJava>
  <property name="startLine">81</property>
  <property name="stepIndex">22</property>
</record>
<record>
  <date>2026-09-14T04:15:24.959664100Z</date>
  <millis>1789359324959</millis>
  <nanos>664100</nanos>
  <sequence>208</sequence>
  <level>END</level>
  <class>com.kms.katalon.core.logging.XmlKeywordLogger</class>
  <method>endKeyword</method>
  <thread>1</thread>
  <message>End action : screenshotPathFailed2 = $projectDir/Screenshots/Evidence_POSITIVE_Menu BRINS Book_$timestamp.png</message>
  <nestedLevel>1</nestedLevel>
  <escapedJava>false</escapedJava>
</record>
<record>
  <date>2026-09-14T04:15:24.959664100Z</date>
  <millis>1789359324959</millis>
  <nanos>664100</nanos>
  <sequence>209</sequence>
  <level>START</level>
  <class>com.kms.katalon.core.logging.XmlKeywordLogger</class>
  <method>startKeyword</method>
  <thread>1</thread>
  <message>Start action : takeScreenshot(screenshotPathFailed2)</message>
  <nestedLevel>1</nestedLevel>
  <escapedJava>false</escapedJava>
  <property name="startLine">83</property>
  <property name="stepIndex">23</property>
</record>
<record>
  <date>2026-09-14T04:15:25.452897300Z</date>
  <millis>1789359325452</millis>
  <nanos>897300</nanos>
  <sequence>212</sequence>
  <level>PASSED</level>
  <class>com.kms.katalon.core.logging.XmlKeywordLogger</class>
  <method>logMessage</method>
  <thread>1</thread>
  <message>Taking screenshot successfully</message>
  <nestedLevel>1</nestedLevel>
  <escapedJava>false</escapedJava>
  <property name="attachment">C:/Users/TTECH-0251/git/AutoAPI/Screenshots/Evidence_POSITIVE_Menu BRINS Book_14.09.2026_(11.14.54).png</property>
  <property name="testops-method-name">com.kms.katalon.core.webui.keyword.builtin.TakeScreenshotKeyword.takeScreenshot</property>
  <property name="testops-execution-stacktrace"></property>
</record>
<record>
  <date>2026-09-14T04:15:25.456900600Z</date>
  <millis>1789359325456</millis>
  <nanos>900600</nanos>
  <sequence>213</sequence>
  <level>END</level>
  <class>com.kms.katalon.core.logging.XmlKeywordLogger</class>
  <method>endKeyword</method>
  <thread>1</thread>
  <message>End action : takeScreenshot(screenshotPathFailed2)</message>
  <nestedLevel>1</nestedLevel>
  <escapedJava>false</escapedJava>
</record>
<record>
  <date>2026-09-14T04:15:25.456900600Z</date>
  <millis>1789359325456</millis>
  <nanos>900600</nanos>
  <sequence>214</sequence>
  <level>START</level>
  <class>com.kms.katalon.core.logging.XmlKeywordLogger</class>
  <method>startKeyword</method>
  <thread>1</thread>
  <message>Start action : click(findTestObject(&amp;quot;Data UI/Menu/Brinsbook&amp;quot;))</message>
  <nestedLevel>1</nestedLevel>
  <escapedJava>false</escapedJava>
  <property name="startLine">85</property>
  <property name="stepIndex">24</property>
</record>
<record>
  <date>2026-09-14T04:15:26.422263200Z</date>
  <millis>1789359326422</millis>
  <nanos>263200</nanos>
  <sequence>225</sequence>
  <level>PASSED</level>
  <class>com.kms.katalon.core.logging.XmlKeywordLogger</class>
  <method>logMessage</method>
  <thread>1</thread>
  <message>Object: &amp;apos;Object Repository/Data UI/Menu/Brinsbook&amp;apos; is clicked on</message>
  <nestedLevel>1</nestedLevel>
  <escapedJava>false</escapedJava>
  <property name="testops-method-name">com.kms.katalon.core.webui.keyword.internal.WebUIKeywordMain.runKeywordUntilTimeout</property>
  <property name="testops-execution-stacktrace">com.kms.katalon.core.logging.KeywordLogger.logPassed(KeywordLogger.java:332)
com.kms.katalon.core.logging.KeywordLogger.logPassed(KeywordLogger.java:327)
com.kms.katalon.core.webui.keyword.builtin.ClickKeyword$_click_closure1.doCall(ClickKeyword.groovy:66)
java.base/jdk.internal.reflect.NativeMethodAccessorImpl.invoke0(Native Method)
java.base/jdk.internal.reflect.NativeMethodAccessorImpl.invoke(NativeMethodAccessorImpl.java:77)
java.base/jdk.internal.reflect.DelegatingMethodAccessorImpl.invoke(DelegatingMethodAccessorImpl.java:43)
jdk.proxy2/jdk.proxy2.$Proxy50.execute(Unknown Source)
com.kms.katalon.core.webui.model.SeleniumActionRetryController.performAction(SeleniumActionRetryController.java:96)
com.kms.katalon.core.webui.model.SeleniumActionRetryController.performAction(SeleniumActionRetryController.java:83)
com.kms.katalon.core.webui.keyword.internal.WebUIKeywordMain$_runKeywordUntilTimeout_closure1.doCall(WebUIKeywordMain.groovy:135)
com.kms.katalon.core.webui.keyword.internal.WebUIKeywordMain$_runKeywordUntilTimeout_closure1.call(WebUIKeywordMain.groovy)
com.kms.katalon.core.webui.keyword.internal.WebUIKeywordMain.runKeyword(WebUIKeywordMain.groovy:41)
com.kms.katalon.core.webui.keyword.internal.WebUIKeywordMain.runKeywordUntilTimeout(WebUIKeywordMain.groovy:133)
com.kms.katalon.core.webui.keyword.builtin.ClickKeyword.click(ClickKeyword.groovy:72)
com.kms.katalon.core.webui.keyword.builtin.ClickKeyword.execute(ClickKeyword.groovy:38)
com.kms.katalon.core.keyword.internal.KeywordExecutor.executeKeywordForPlatform(KeywordExecutor.groovy:90)
com.kms.katalon.core.webui.keyword.WebUiBuiltInKeywords.click(WebUiBuiltInKeywords.groovy:721)
Login_BrinsBook.run(Login_BrinsBook:85)
</property>
</record>
<record>
  <date>2026-09-14T04:15:26.425214Z</date>
  <millis>1789359326425</millis>
  <nanos>214000</nanos>
  <sequence>226</sequence>
  <level>END</level>
  <class>com.kms.katalon.core.logging.XmlKeywordLogger</class>
  <method>endKeyword</method>
  <thread>1</thread>
  <message>End action : click(findTestObject(&amp;quot;Data UI/Menu/Brinsbook&amp;quot;))</message>
  <nestedLevel>1</nestedLevel>
  <escapedJava>false</escapedJava>
</record>
<record>
  <date>2026-09-14T04:15:26.426194200Z</date>
  <millis>1789359326426</millis>
  <nanos>194200</nanos>
  <sequence>227</sequence>
  <level>START</level>
  <class>com.kms.katalon.core.logging.XmlKeywordLogger</class>
  <method>startKeyword</method>
  <thread>1</thread>
  <message>Start action : delay(2)</message>
  <nestedLevel>1</nestedLevel>
  <escapedJava>false</escapedJava>
  <property name="startLine">87</property>
  <property name="stepIndex">25</property>
</record>
<record>
  <date>2026-09-14T04:15:28.446969Z</date>
  <millis>1789359328446</millis>
  <nanos>969000</nanos>
  <sequence>230</sequence>
  <level>PASSED</level>
  <class>com.kms.katalon.core.logging.XmlKeywordLogger</class>
  <method>logMessage</method>
  <thread>1</thread>
  <message>Delayed 2 second(s)</message>
  <nestedLevel>1</nestedLevel>
  <escapedJava>false</escapedJava>
  <property name="testops-method-name">com.kms.katalon.core.keyword.builtin.DelayKeyword.delay</property>
  <property name="testops-execution-stacktrace"></property>
</record>
<record>
  <date>2026-09-14T04:15:28.448000300Z</date>
  <millis>1789359328448</millis>
  <nanos>300</nanos>
  <sequence>231</sequence>
  <level>END</level>
  <class>com.kms.katalon.core.logging.XmlKeywordLogger</class>
  <method>endKeyword</method>
  <thread>1</thread>
  <message>End action : delay(2)</message>
  <nestedLevel>1</nestedLevel>
  <escapedJava>false</escapedJava>
</record>
<record>
  <date>2026-09-14T04:15:28.449149300Z</date>
  <millis>1789359328449</millis>
  <nanos>149300</nanos>
  <sequence>232</sequence>
  <level>PASSED</level>
  <class>com.kms.katalon.core.logging.XmlKeywordLogger</class>
  <method>logMessage</method>
  <thread>1</thread>
  <message>Test Cases/DATA UI/Login/Login_BrinsBook</message>
  <nestedLevel>1</nestedLevel>
  <escapedJava>false</escapedJava>
</record>
<record>
  <date>2026-09-14T04:15:28.450469700Z</date>
  <millis>1789359328450</millis>
  <nanos>469700</nanos>
  <sequence>233</sequence>
  <level>START</level>
  <class>com.kms.katalon.core.logging.XmlKeywordLogger</class>
  <method>startKeyword</method>
  <thread>1</thread>
  <message>Start listener action : takeScreenshotAfterTestCase</message>
  <nestedLevel>1</nestedLevel>
  <escapedJava>false</escapedJava>
</record>
<record>
  <date>2026-09-14T04:15:28.454540400Z</date>
  <millis>1789359328454</millis>
  <nanos>540400</nanos>
  <sequence>235</sequence>
  <level>START</level>
  <class>com.kms.katalon.core.logging.XmlKeywordLogger</class>
  <method>startKeyword</method>
  <thread>1</thread>
  <message>Start action : timestamp = Date().format(&amp;quot;dd.MM.yyyy_(HH.mm.ss)&amp;quot;)</message>
  <nestedLevel>1</nestedLevel>
  <escapedJava>false</escapedJava>
  <property name="startLine">17</property>
  <property name="stepIndex">1</property>
</record>
<record>
  <date>2026-09-14T04:15:28.458509100Z</date>
  <millis>1789359328458</millis>
  <nanos>509100</nanos>
  <sequence>236</sequence>
  <level>END</level>
  <class>com.kms.katalon.core.logging.XmlKeywordLogger</class>
  <method>endKeyword</method>
  <thread>1</thread>
  <message>End action : timestamp = Date().format(&amp;quot;dd.MM.yyyy_(HH.mm.ss)&amp;quot;)</message>
  <nestedLevel>1</nestedLevel>
  <escapedJava>false</escapedJava>
</record>
<record>
  <date>2026-09-14T04:15:28.458509100Z</date>
  <millis>1789359328458</millis>
  <nanos>509100</nanos>
  <sequence>237</sequence>
  <level>START</level>
  <class>com.kms.katalon.core.logging.XmlKeywordLogger</class>
  <method>startKeyword</method>
  <thread>1</thread>
  <message>Start action : projectDir = getProjectDir()</message>
  <nestedLevel>1</nestedLevel>
  <escapedJava>false</escapedJava>
  <property name="startLine">18</property>
  <property name="stepIndex">2</property>
</record>
<record>
  <date>2026-09-14T04:15:28.461778600Z</date>
  <millis>1789359328461</millis>
  <nanos>778600</nanos>
  <sequence>238</sequence>
  <level>END</level>
  <class>com.kms.katalon.core.logging.XmlKeywordLogger</class>
  <method>endKeyword</method>
  <thread>1</thread>
  <message>End action : projectDir = getProjectDir()</message>
  <nestedLevel>1</nestedLevel>
  <escapedJava>false</escapedJava>
</record>
<record>
  <date>2026-09-14T04:15:28.462277700Z</date>
  <millis>1789359328462</millis>
  <nanos>277700</nanos>
  <sequence>239</sequence>
  <level>START</level>
  <class>com.kms.katalon.core.logging.XmlKeywordLogger</class>
  <method>startKeyword</method>
  <thread>1</thread>
  <message>Start action : testCaseName = getTestCaseId().replace(&amp;quot;/&amp;quot;, &amp;quot;_&amp;quot;)</message>
  <nestedLevel>1</nestedLevel>
  <escapedJava>false</escapedJava>
  <property name="startLine">19</property>
  <property name="stepIndex">3</property>
</record>
<record>
  <date>2026-09-14T04:15:28.490932100Z</date>
  <millis>1789359328490</millis>
  <nanos>932100</nanos>
  <sequence>240</sequence>
  <level>END</level>
  <class>com.kms.katalon.core.logging.XmlKeywordLogger</class>
  <method>endKeyword</method>
  <thread>1</thread>
  <message>End action : testCaseName = getTestCaseId().replace(&amp;quot;/&amp;quot;, &amp;quot;_&amp;quot;)</message>
  <nestedLevel>1</nestedLevel>
  <escapedJava>false</escapedJava>
</record>
<record>
  <date>2026-09-14T04:15:28.491931300Z</date>
  <millis>1789359328491</millis>
  <nanos>931300</nanos>
  <sequence>241</sequence>
  <level>START</level>
  <class>com.kms.katalon.core.logging.XmlKeywordLogger</class>
  <method>startKeyword</method>
  <thread>1</thread>
  <message>Start action : status = testCaseContext.getTestCaseStatus()</message>
  <nestedLevel>1</nestedLevel>
  <escapedJava>false</escapedJava>
  <property name="startLine">21</property>
  <property name="stepIndex">4</property>
</record>
<record>
  <date>2026-09-14T04:15:28.495002300Z</date>
  <millis>1789359328495</millis>
  <nanos>2300</nanos>
  <sequence>242</sequence>
  <level>END</level>
  <class>com.kms.katalon.core.logging.XmlKeywordLogger</class>
  <method>endKeyword</method>
  <thread>1</thread>
  <message>End action : status = testCaseContext.getTestCaseStatus()</message>
  <nestedLevel>1</nestedLevel>
  <escapedJava>false</escapedJava>
</record>
<record>
  <date>2026-09-14T04:15:28.496012800Z</date>
  <millis>1789359328496</millis>
  <nanos>12800</nanos>
  <sequence>243</sequence>
  <level>START</level>
  <class>com.kms.katalon.core.logging.XmlKeywordLogger</class>
  <method>startKeyword</method>
  <thread>1</thread>
  <message>Start action : fullPath = $projectDir/Screenshots/Evidence_$status_$timestamp.png</message>
  <nestedLevel>1</nestedLevel>
  <escapedJava>false</escapedJava>
  <property name="startLine">25</property>
  <property name="stepIndex">5</property>
</record>
<record>
  <date>2026-09-14T04:15:28.499958500Z</date>
  <millis>1789359328499</millis>
  <nanos>958500</nanos>
  <sequence>244</sequence>
  <level>END</level>
  <class>com.kms.katalon.core.logging.XmlKeywordLogger</class>
  <method>endKeyword</method>
  <thread>1</thread>
  <message>End action : fullPath = $projectDir/Screenshots/Evidence_$status_$timestamp.png</message>
  <nestedLevel>1</nestedLevel>
  <escapedJava>false</escapedJava>
</record>
<record>
  <date>2026-09-14T04:15:28.500457500Z</date>
  <millis>1789359328500</millis>
  <nanos>457500</nanos>
  <sequence>245</sequence>
  <level>START</level>
  <class>com.kms.katalon.core.logging.XmlKeywordLogger</class>
  <method>startKeyword</method>
  <thread>1</thread>
  <message>Start action : takeScreenshot(fullPath)</message>
  <nestedLevel>1</nestedLevel>
  <escapedJava>false</escapedJava>
  <property name="startLine">28</property>
  <property name="stepIndex">6</property>
</record>
<record>
  <date>2026-09-14T04:15:28.919463600Z</date>
  <millis>1789359328919</millis>
  <nanos>463600</nanos>
  <sequence>248</sequence>
  <level>PASSED</level>
  <class>com.kms.katalon.core.logging.XmlKeywordLogger</class>
  <method>logMessage</method>
  <thread>1</thread>
  <message>Taking screenshot successfully</message>
  <nestedLevel>1</nestedLevel>
  <escapedJava>false</escapedJava>
  <property name="attachment">C:/Users/TTECH-0251/git/AutoAPI/Screenshots/Evidence_PASSED_14.09.2026_(11.15.28).png</property>
  <property name="testops-method-name">com.kms.katalon.core.webui.keyword.builtin.TakeScreenshotKeyword.takeScreenshot</property>
  <property name="testops-execution-stacktrace"></property>
</record>
<record>
  <date>2026-09-14T04:15:28.920963600Z</date>
  <millis>1789359328920</millis>
  <nanos>963600</nanos>
  <sequence>249</sequence>
  <level>END</level>
  <class>com.kms.katalon.core.logging.XmlKeywordLogger</class>
  <method>endKeyword</method>
  <thread>1</thread>
  <message>End action : takeScreenshot(fullPath)</message>
  <nestedLevel>1</nestedLevel>
  <escapedJava>false</escapedJava>
</record>
<record>
  <date>2026-09-14T04:15:28.921970200Z</date>
  <millis>1789359328921</millis>
  <nanos>970200</nanos>
  <sequence>250</sequence>
  <level>START</level>
  <class>com.kms.katalon.core.logging.XmlKeywordLogger</class>
  <method>startKeyword</method>
  <thread>1</thread>
  <message>Start action : println(&amp;quot;Screenshot disimpan: &amp;quot; + fullPath)</message>
  <nestedLevel>1</nestedLevel>
  <escapedJava>false</escapedJava>
  <property name="startLine">30</property>
  <property name="stepIndex">7</property>
</record>
<record>
  <date>2026-09-14T04:15:28.935791500Z</date>
  <millis>1789359328935</millis>
  <nanos>791500</nanos>
  <sequence>252</sequence>
  <level>END</level>
  <class>com.kms.katalon.core.logging.XmlKeywordLogger</class>
  <method>endKeyword</method>
  <thread>1</thread>
  <message>End action : println(&amp;quot;Screenshot disimpan: &amp;quot; + fullPath)</message>
  <nestedLevel>1</nestedLevel>
  <escapedJava>false</escapedJava>
</record>
<record>
  <date>2026-09-14T04:15:28.936296400Z</date>
  <millis>1789359328936</millis>
  <nanos>296400</nanos>
  <sequence>253</sequence>
  <level>END</level>
  <class>com.kms.katalon.core.logging.XmlKeywordLogger</class>
  <method>endKeyword</method>
  <thread>1</thread>
  <message>End listener action : takeScreenshotAfterTestCase</message>
  <nestedLevel>1</nestedLevel>
  <escapedJava>false</escapedJava>
</record>
<record>
  <date>2026-09-14T04:15:28.937681Z</date>
  <millis>1789359328937</millis>
  <nanos>681000</nanos>
  <sequence>254</sequence>
  <level>END</level>
  <class>com.kms.katalon.core.logging.XmlKeywordLogger</class>
  <method>endTest</method>
  <thread>1</thread>
  <message>End Test Case : Test Cases/DATA UI/Login/Login_BrinsBook</message>
  <nestedLevel>0</nestedLevel>
  <escapedJava>false</escapedJava>
  <property name="executionBindingVariables">[]</property>
  <property name="applitools">false</property>
  <property name="remainingRetryCount">3</property>
  <property name="executedKeywords">{
  &quot;WebUI.verifyElementPresent&quot;: 1,
  &quot;WebUI.click&quot;: 5,
  &quot;WebUI.takeScreenshot&quot;: 2,
  &quot;WebUI.verifyTextPresent&quot;: 1,
  &quot;WebUI.openBrowser&quot;: 1,
  &quot;BuiltIn.delay&quot;: 5,
  &quot;WebUI.setText&quot;: 5,
  &quot;WebUI.back&quot;: 1
}</property>
  <property name="currentRetryCount">0</property>
  <property name="keywordsUsage">{
  &quot;web_ui&quot;: true,
  &quot;web_service&quot;: false,
  &quot;cucumber&quot;: false,
  &quot;builtin&quot;: true,
  &quot;mobile&quot;: false,
  &quot;windows&quot;: false,
  &quot;testng&quot;: false
}</property>
</record>
<record>
  <date>2026-09-14T04:15:28.954430500Z</date>
  <millis>1789359328954</millis>
  <nanos>430500</nanos>
  <sequence>255</sequence>
  <level>START</level>
  <class>com.kms.katalon.core.logging.XmlKeywordLogger</class>
  <method>startTest</method>
  <thread>1</thread>
  <message>Start Test Case : Test Cases/DATA UI/Filter FBI_Detail/Filter_FBI_Detail</message>
  <nestedLevel>1</nestedLevel>
  <escapedJava>false</escapedJava>
  <property name="remainingRetryCount">3</property>
  <property name="origin"></property>
  <property name="name">Test Cases/DATA UI/Filter FBI_Detail/Filter_FBI_Detail</property>
  <property name="description"></property>
  <property name="iteration"></property>
  <property name="id">Test Cases/DATA UI/Filter FBI_Detail/Filter_FBI_Detail</property>
  <property name="source">C:\Users\TTECH-0251\git\AutoAPI\Test Cases\DATA UI\Filter FBI_Detail\Filter_FBI_Detail.tc</property>
  <property name="tag"></property>
  <property name="isOptional">false</property>
  <property name="currentRetryCount">0</property>
</record>
<record>
  <date>2026-09-14T04:15:29.309678700Z</date>
  <millis>1789359329309</millis>
  <nanos>678700</nanos>
  <sequence>257</sequence>
  <level>START</level>
  <class>com.kms.katalon.core.logging.XmlKeywordLogger</class>
  <method>startKeyword</method>
  <thread>1</thread>
  <message>Start action : projectDir = getProjectDir()</message>
  <nestedLevel>1</nestedLevel>
  <escapedJava>false</escapedJava>
  <property name="startLine">21</property>
  <property name="stepIndex">1</property>
</record>
<record>
  <date>2026-09-14T04:15:29.313523800Z</date>
  <millis>1789359329313</millis>
  <nanos>523800</nanos>
  <sequence>258</sequence>
  <level>END</level>
  <class>com.kms.katalon.core.logging.XmlKeywordLogger</class>
  <method>endKeyword</method>
  <thread>1</thread>
  <message>End action : projectDir = getProjectDir()</message>
  <nestedLevel>1</nestedLevel>
  <escapedJava>false</escapedJava>
</record>
<record>
  <date>2026-09-14T04:15:29.314527100Z</date>
  <millis>1789359329314</millis>
  <nanos>527100</nanos>
  <sequence>259</sequence>
  <level>START</level>
  <class>com.kms.katalon.core.logging.XmlKeywordLogger</class>
  <method>startKeyword</method>
  <thread>1</thread>
  <message>Start action : timestamp = Date().format(&amp;quot;dd.MM.yyyy_(HH.mm.ss)&amp;quot;)</message>
  <nestedLevel>1</nestedLevel>
  <escapedJava>false</escapedJava>
  <property name="startLine">23</property>
  <property name="stepIndex">2</property>
</record>
<record>
  <date>2026-09-14T04:15:29.319881200Z</date>
  <millis>1789359329319</millis>
  <nanos>881200</nanos>
  <sequence>260</sequence>
  <level>END</level>
  <class>com.kms.katalon.core.logging.XmlKeywordLogger</class>
  <method>endKeyword</method>
  <thread>1</thread>
  <message>End action : timestamp = Date().format(&amp;quot;dd.MM.yyyy_(HH.mm.ss)&amp;quot;)</message>
  <nestedLevel>1</nestedLevel>
  <escapedJava>false</escapedJava>
</record>
<record>
  <date>2026-09-14T04:15:29.319881200Z</date>
  <millis>1789359329319</millis>
  <nanos>881200</nanos>
  <sequence>261</sequence>
  <level>START</level>
  <class>com.kms.katalon.core.logging.XmlKeywordLogger</class>
  <method>startKeyword</method>
  <thread>1</thread>
  <message>Start action : click(findTestObject(&amp;quot;Data UI/Menu/ReportingPortal&amp;quot;))</message>
  <nestedLevel>1</nestedLevel>
  <escapedJava>false</escapedJava>
  <property name="startLine">25</property>
  <property name="stepIndex">3</property>
</record>
<record>
  <date>2026-09-14T04:15:31.442849900Z</date>
  <millis>1789359331442</millis>
  <nanos>849900</nanos>
  <sequence>272</sequence>
  <level>PASSED</level>
  <class>com.kms.katalon.core.logging.XmlKeywordLogger</class>
  <method>logMessage</method>
  <thread>1</thread>
  <message>Object: &amp;apos;Object Repository/Data UI/Menu/ReportingPortal&amp;apos; is clicked on</message>
  <nestedLevel>1</nestedLevel>
  <escapedJava>false</escapedJava>
  <property name="testops-method-name">com.kms.katalon.core.webui.keyword.internal.WebUIKeywordMain.runKeywordUntilTimeout</property>
  <property name="testops-execution-stacktrace">com.kms.katalon.core.logging.KeywordLogger.logPassed(KeywordLogger.java:332)
com.kms.katalon.core.logging.KeywordLogger.logPassed(KeywordLogger.java:327)
com.kms.katalon.core.webui.keyword.builtin.ClickKeyword$_click_closure1.doCall(ClickKeyword.groovy:66)
java.base/jdk.internal.reflect.NativeMethodAccessorImpl.invoke0(Native Method)
java.base/jdk.internal.reflect.NativeMethodAccessorImpl.invoke(NativeMethodAccessorImpl.java:77)
java.base/jdk.internal.reflect.DelegatingMethodAccessorImpl.invoke(DelegatingMethodAccessorImpl.java:43)
jdk.proxy2/jdk.proxy2.$Proxy50.execute(Unknown Source)
com.kms.katalon.core.webui.model.SeleniumActionRetryController.performAction(SeleniumActionRetryController.java:96)
com.kms.katalon.core.webui.model.SeleniumActionRetryController.performAction(SeleniumActionRetryController.java:83)
com.kms.katalon.core.webui.keyword.internal.WebUIKeywordMain$_runKeywordUntilTimeout_closure1.doCall(WebUIKeywordMain.groovy:135)
com.kms.katalon.core.webui.keyword.internal.WebUIKeywordMain$_runKeywordUntilTimeout_closure1.call(WebUIKeywordMain.groovy)
com.kms.katalon.core.webui.keyword.internal.WebUIKeywordMain.runKeyword(WebUIKeywordMain.groovy:41)
com.kms.katalon.core.webui.keyword.internal.WebUIKeywordMain.runKeywordUntilTimeout(WebUIKeywordMain.groovy:133)
com.kms.katalon.core.webui.keyword.builtin.ClickKeyword.click(ClickKeyword.groovy:72)
com.kms.katalon.core.webui.keyword.builtin.ClickKeyword.execute(ClickKeyword.groovy:38)
com.kms.katalon.core.keyword.internal.KeywordExecutor.executeKeywordForPlatform(KeywordExecutor.groovy:90)
com.kms.katalon.core.webui.keyword.WebUiBuiltInKeywords.click(WebUiBuiltInKeywords.groovy:721)
Filter_FBI_Detail.run(Filter_FBI_Detail:25)
</property>
</record>
<record>
  <date>2026-09-14T04:15:31.445427400Z</date>
  <millis>1789359331445</millis>
  <nanos>427400</nanos>
  <sequence>273</sequence>
  <level>END</level>
  <class>com.kms.katalon.core.logging.XmlKeywordLogger</class>
  <method>endKeyword</method>
  <thread>1</thread>
  <message>End action : click(findTestObject(&amp;quot;Data UI/Menu/ReportingPortal&amp;quot;))</message>
  <nestedLevel>1</nestedLevel>
  <escapedJava>false</escapedJava>
</record>
<record>
  <date>2026-09-14T04:15:31.446130900Z</date>
  <millis>1789359331446</millis>
  <nanos>130900</nanos>
  <sequence>274</sequence>
  <level>START</level>
  <class>com.kms.katalon.core.logging.XmlKeywordLogger</class>
  <method>startKeyword</method>
  <thread>1</thread>
  <message>Start action : scrollToElement(findTestObject(&amp;quot;Data UI/Menu/btnPilih&amp;quot;), 0)</message>
  <nestedLevel>1</nestedLevel>
  <escapedJava>false</escapedJava>
  <property name="startLine">27</property>
  <property name="stepIndex">4</property>
</record>
<record>
  <date>2026-09-14T04:15:31.486448400Z</date>
  <millis>1789359331486</millis>
  <nanos>448400</nanos>
  <sequence>280</sequence>
  <level>WARNING</level>
  <class>com.kms.katalon.core.logging.XmlKeywordLogger</class>
  <method>logMessage</method>
  <thread>1</thread>
  <message>Timeout &amp;apos;0&amp;apos; is invalid. Using default page load timeout: &amp;apos;10&amp;apos;</message>
  <nestedLevel>1</nestedLevel>
  <escapedJava>false</escapedJava>
</record>
<record>
  <date>2026-09-14T04:15:31.996827800Z</date>
  <millis>1789359331996</millis>
  <nanos>827800</nanos>
  <sequence>286</sequence>
  <level>PASSED</level>
  <class>com.kms.katalon.core.logging.XmlKeywordLogger</class>
  <method>logMessage</method>
  <thread>1</thread>
  <message>Scroll to object &amp;apos;Object Repository/Data UI/Menu/btnPilih&amp;apos; successfully</message>
  <nestedLevel>1</nestedLevel>
  <escapedJava>false</escapedJava>
  <property name="testops-method-name">com.kms.katalon.core.webui.keyword.builtin.ScrollToElementKeyword.scrollToElement</property>
  <property name="testops-execution-stacktrace"></property>
</record>
<record>
  <date>2026-09-14T04:15:32.000929Z</date>
  <millis>1789359332000</millis>
  <nanos>929000</nanos>
  <sequence>287</sequence>
  <level>END</level>
  <class>com.kms.katalon.core.logging.XmlKeywordLogger</class>
  <method>endKeyword</method>
  <thread>1</thread>
  <message>End action : scrollToElement(findTestObject(&amp;quot;Data UI/Menu/btnPilih&amp;quot;), 0)</message>
  <nestedLevel>1</nestedLevel>
  <escapedJava>false</escapedJava>
</record>
<record>
  <date>2026-09-14T04:15:32.002137800Z</date>
  <millis>1789359332002</millis>
  <nanos>137800</nanos>
  <sequence>288</sequence>
  <level>START</level>
  <class>com.kms.katalon.core.logging.XmlKeywordLogger</class>
  <method>startKeyword</method>
  <thread>1</thread>
  <message>Start action : click(findTestObject(&amp;quot;Data UI/Menu/btnPilih&amp;quot;))</message>
  <nestedLevel>1</nestedLevel>
  <escapedJava>false</escapedJava>
  <property name="startLine">29</property>
  <property name="stepIndex">5</property>
</record>
<record>
  <date>2026-09-14T04:15:33.910730800Z</date>
  <millis>1789359333910</millis>
  <nanos>730800</nanos>
  <sequence>299</sequence>
  <level>PASSED</level>
  <class>com.kms.katalon.core.logging.XmlKeywordLogger</class>
  <method>logMessage</method>
  <thread>1</thread>
  <message>Object: &amp;apos;Object Repository/Data UI/Menu/btnPilih&amp;apos; is clicked on</message>
  <nestedLevel>1</nestedLevel>
  <escapedJava>false</escapedJava>
  <property name="testops-method-name">com.kms.katalon.core.webui.keyword.internal.WebUIKeywordMain.runKeywordUntilTimeout</property>
  <property name="testops-execution-stacktrace">com.kms.katalon.core.logging.KeywordLogger.logPassed(KeywordLogger.java:332)
com.kms.katalon.core.logging.KeywordLogger.logPassed(KeywordLogger.java:327)
com.kms.katalon.core.webui.keyword.builtin.ClickKeyword$_click_closure1.doCall(ClickKeyword.groovy:66)
java.base/jdk.internal.reflect.NativeMethodAccessorImpl.invoke0(Native Method)
java.base/jdk.internal.reflect.NativeMethodAccessorImpl.invoke(NativeMethodAccessorImpl.java:77)
java.base/jdk.internal.reflect.DelegatingMethodAccessorImpl.invoke(DelegatingMethodAccessorImpl.java:43)
jdk.proxy2/jdk.proxy2.$Proxy50.execute(Unknown Source)
com.kms.katalon.core.webui.model.SeleniumActionRetryController.performAction(SeleniumActionRetryController.java:96)
com.kms.katalon.core.webui.model.SeleniumActionRetryController.performAction(SeleniumActionRetryController.java:83)
com.kms.katalon.core.webui.keyword.internal.WebUIKeywordMain$_runKeywordUntilTimeout_closure1.doCall(WebUIKeywordMain.groovy:135)
com.kms.katalon.core.webui.keyword.internal.WebUIKeywordMain$_runKeywordUntilTimeout_closure1.call(WebUIKeywordMain.groovy)
com.kms.katalon.core.webui.keyword.internal.WebUIKeywordMain.runKeyword(WebUIKeywordMain.groovy:41)
com.kms.katalon.core.webui.keyword.internal.WebUIKeywordMain.runKeywordUntilTimeout(WebUIKeywordMain.groovy:133)
com.kms.katalon.core.webui.keyword.builtin.ClickKeyword.click(ClickKeyword.groovy:72)
com.kms.katalon.core.webui.keyword.builtin.ClickKeyword.execute(ClickKeyword.groovy:38)
com.kms.katalon.core.keyword.internal.KeywordExecutor.executeKeywordForPlatform(KeywordExecutor.groovy:90)
com.kms.katalon.core.webui.keyword.WebUiBuiltInKeywords.click(WebUiBuiltInKeywords.groovy:721)
Filter_FBI_Detail.run(Filter_FBI_Detail:29)
</property>
</record>
<record>
  <date>2026-09-14T04:15:33.912733800Z</date>
  <millis>1789359333912</millis>
  <nanos>733800</nanos>
  <sequence>300</sequence>
  <level>END</level>
  <class>com.kms.katalon.core.logging.XmlKeywordLogger</class>
  <method>endKeyword</method>
  <thread>1</thread>
  <message>End action : click(findTestObject(&amp;quot;Data UI/Menu/btnPilih&amp;quot;))</message>
  <nestedLevel>1</nestedLevel>
  <escapedJava>false</escapedJava>
</record>
<record>
  <date>2026-09-14T04:15:33.913730700Z</date>
  <millis>1789359333913</millis>
  <nanos>730700</nanos>
  <sequence>301</sequence>
  <level>START</level>
  <class>com.kms.katalon.core.logging.XmlKeywordLogger</class>
  <method>startKeyword</method>
  <thread>1</thread>
  <message>Start action : delay(3)</message>
  <nestedLevel>1</nestedLevel>
  <escapedJava>false</escapedJava>
  <property name="startLine">31</property>
  <property name="stepIndex">6</property>
</record>
<record>
  <date>2026-09-14T04:15:36.925323200Z</date>
  <millis>1789359336925</millis>
  <nanos>323200</nanos>
  <sequence>304</sequence>
  <level>PASSED</level>
  <class>com.kms.katalon.core.logging.XmlKeywordLogger</class>
  <method>logMessage</method>
  <thread>1</thread>
  <message>Delayed 3 second(s)</message>
  <nestedLevel>1</nestedLevel>
  <escapedJava>false</escapedJava>
  <property name="testops-method-name">com.kms.katalon.core.keyword.builtin.DelayKeyword.delay</property>
  <property name="testops-execution-stacktrace"></property>
</record>
<record>
  <date>2026-09-14T04:15:36.927555Z</date>
  <millis>1789359336927</millis>
  <nanos>555000</nanos>
  <sequence>305</sequence>
  <level>END</level>
  <class>com.kms.katalon.core.logging.XmlKeywordLogger</class>
  <method>endKeyword</method>
  <thread>1</thread>
  <message>End action : delay(3)</message>
  <nestedLevel>1</nestedLevel>
  <escapedJava>false</escapedJava>
</record>
<record>
  <date>2026-09-14T04:15:36.928506300Z</date>
  <millis>1789359336928</millis>
  <nanos>506300</nanos>
  <sequence>306</sequence>
  <level>START</level>
  <class>com.kms.katalon.core.logging.XmlKeywordLogger</class>
  <method>startKeyword</method>
  <thread>1</thread>
  <message>Start action : urlFBI_Detail = getUrl()</message>
  <nestedLevel>1</nestedLevel>
  <escapedJava>false</escapedJava>
  <property name="startLine">33</property>
  <property name="stepIndex">7</property>
</record>
<record>
  <date>2026-09-14T04:15:36.994469400Z</date>
  <millis>1789359336994</millis>
  <nanos>469400</nanos>
  <sequence>309</sequence>
  <level>PASSED</level>
  <class>com.kms.katalon.core.logging.XmlKeywordLogger</class>
  <method>logMessage</method>
  <thread>1</thread>
  <message>Current window&amp;apos;s url is: &amp;apos;http://192.168.140.18:8000/mng_proman_fbi_detail/&amp;apos;</message>
  <nestedLevel>1</nestedLevel>
  <escapedJava>false</escapedJava>
  <property name="testops-method-name">com.kms.katalon.core.webui.keyword.builtin.GetUrlKeyword.getUrl</property>
  <property name="testops-execution-stacktrace"></property>
</record>
<record>
  <date>2026-09-14T04:15:36.999245300Z</date>
  <millis>1789359336999</millis>
  <nanos>245300</nanos>
  <sequence>310</sequence>
  <level>END</level>
  <class>com.kms.katalon.core.logging.XmlKeywordLogger</class>
  <method>endKeyword</method>
  <thread>1</thread>
  <message>End action : urlFBI_Detail = getUrl()</message>
  <nestedLevel>1</nestedLevel>
  <escapedJava>false</escapedJava>
</record>
<record>
  <date>2026-09-14T04:15:37.000246300Z</date>
  <millis>1789359337000</millis>
  <nanos>246300</nanos>
  <sequence>311</sequence>
  <level>START</level>
  <class>com.kms.katalon.core.logging.XmlKeywordLogger</class>
  <method>startKeyword</method>
  <thread>1</thread>
  <message>Start action : assert urlFBI_Detail.contains(&amp;quot;mng_proman_fbi_detail&amp;quot;)</message>
  <nestedLevel>1</nestedLevel>
  <escapedJava>false</escapedJava>
  <property name="startLine">35</property>
  <property name="stepIndex">8</property>
</record>
<record>
  <date>2026-09-14T04:15:37.019964Z</date>
  <millis>1789359337019</millis>
  <nanos>964000</nanos>
  <sequence>312</sequence>
  <level>END</level>
  <class>com.kms.katalon.core.logging.XmlKeywordLogger</class>
  <method>endKeyword</method>
  <thread>1</thread>
  <message>End action : assert urlFBI_Detail.contains(&amp;quot;mng_proman_fbi_detail&amp;quot;)</message>
  <nestedLevel>1</nestedLevel>
  <escapedJava>false</escapedJava>
</record>
<record>
  <date>2026-09-14T04:15:37.020973300Z</date>
  <millis>1789359337020</millis>
  <nanos>973300</nanos>
  <sequence>313</sequence>
  <level>START</level>
  <class>com.kms.katalon.core.logging.XmlKeywordLogger</class>
  <method>startKeyword</method>
  <thread>1</thread>
  <message>Start action : verifyElementPresent(findTestObject(&amp;quot;Data UI/Filter FBI_Detail/Headline&amp;quot;), 0)</message>
  <nestedLevel>1</nestedLevel>
  <escapedJava>false</escapedJava>
  <property name="startLine">37</property>
  <property name="stepIndex">9</property>
</record>
<record>
  <date>2026-09-14T04:15:37.034290600Z</date>
  <millis>1789359337034</millis>
  <nanos>290600</nanos>
  <sequence>318</sequence>
  <level>WARNING</level>
  <class>com.kms.katalon.core.logging.XmlKeywordLogger</class>
  <method>logMessage</method>
  <thread>1</thread>
  <message>Timeout &amp;apos;0&amp;apos; is invalid. Using default page load timeout: &amp;apos;10&amp;apos;</message>
  <nestedLevel>1</nestedLevel>
  <escapedJava>false</escapedJava>
</record>
<record>
  <date>2026-09-14T04:15:37.393281Z</date>
  <millis>1789359337393</millis>
  <nanos>281000</nanos>
  <sequence>321</sequence>
  <level>PASSED</level>
  <class>com.kms.katalon.core.logging.XmlKeywordLogger</class>
  <method>logMessage</method>
  <thread>1</thread>
  <message>Object &amp;apos;Object Repository/Data UI/Filter FBI_Detail/Headline&amp;apos; is present</message>
  <nestedLevel>1</nestedLevel>
  <escapedJava>false</escapedJava>
  <property name="testops-is-assertion">true</property>
  <property name="testops-method-name">com.kms.katalon.core.webui.keyword.builtin.VerifyElementPresentKeyword.verifyElementPresent</property>
  <property name="testops-execution-stacktrace"></property>
</record>
<record>
  <date>2026-09-14T04:15:37.395243400Z</date>
  <millis>1789359337395</millis>
  <nanos>243400</nanos>
  <sequence>322</sequence>
  <level>END</level>
  <class>com.kms.katalon.core.logging.XmlKeywordLogger</class>
  <method>endKeyword</method>
  <thread>1</thread>
  <message>End action : verifyElementPresent(findTestObject(&amp;quot;Data UI/Filter FBI_Detail/Headline&amp;quot;), 0)</message>
  <nestedLevel>1</nestedLevel>
  <escapedJava>false</escapedJava>
</record>
<record>
  <date>2026-09-14T04:15:37.395243400Z</date>
  <millis>1789359337395</millis>
  <nanos>243400</nanos>
  <sequence>323</sequence>
  <level>START</level>
  <class>com.kms.katalon.core.logging.XmlKeywordLogger</class>
  <method>startKeyword</method>
  <thread>1</thread>
  <message>Start action : screenshotPathFilter = $projectDir/Screenshots/Evidence_POSITIVE_DashboardFBI_Detail_$timestamp.png</message>
  <nestedLevel>1</nestedLevel>
  <escapedJava>false</escapedJava>
  <property name="startLine">39</property>
  <property name="stepIndex">10</property>
</record>
<record>
  <date>2026-09-14T04:15:37.398239300Z</date>
  <millis>1789359337398</millis>
  <nanos>239300</nanos>
  <sequence>324</sequence>
  <level>END</level>
  <class>com.kms.katalon.core.logging.XmlKeywordLogger</class>
  <method>endKeyword</method>
  <thread>1</thread>
  <message>End action : screenshotPathFilter = $projectDir/Screenshots/Evidence_POSITIVE_DashboardFBI_Detail_$timestamp.png</message>
  <nestedLevel>1</nestedLevel>
  <escapedJava>false</escapedJava>
</record>
<record>
  <date>2026-09-14T04:15:37.398239300Z</date>
  <millis>1789359337398</millis>
  <nanos>239300</nanos>
  <sequence>325</sequence>
  <level>START</level>
  <class>com.kms.katalon.core.logging.XmlKeywordLogger</class>
  <method>startKeyword</method>
  <thread>1</thread>
  <message>Start action : takeScreenshot(screenshotPathFilter)</message>
  <nestedLevel>1</nestedLevel>
  <escapedJava>false</escapedJava>
  <property name="startLine">41</property>
  <property name="stepIndex">11</property>
</record>
<record>
  <date>2026-09-14T04:15:37.798523900Z</date>
  <millis>1789359337798</millis>
  <nanos>523900</nanos>
  <sequence>328</sequence>
  <level>PASSED</level>
  <class>com.kms.katalon.core.logging.XmlKeywordLogger</class>
  <method>logMessage</method>
  <thread>1</thread>
  <message>Taking screenshot successfully</message>
  <nestedLevel>1</nestedLevel>
  <escapedJava>false</escapedJava>
  <property name="attachment">C:/Users/TTECH-0251/git/AutoAPI/Screenshots/Evidence_POSITIVE_DashboardFBI_Detail_14.09.2026_(11.15.29).png</property>
  <property name="testops-method-name">com.kms.katalon.core.webui.keyword.builtin.TakeScreenshotKeyword.takeScreenshot</property>
  <property name="testops-execution-stacktrace"></property>
</record>
<record>
  <date>2026-09-14T04:15:37.802625500Z</date>
  <millis>1789359337802</millis>
  <nanos>625500</nanos>
  <sequence>329</sequence>
  <level>END</level>
  <class>com.kms.katalon.core.logging.XmlKeywordLogger</class>
  <method>endKeyword</method>
  <thread>1</thread>
  <message>End action : takeScreenshot(screenshotPathFilter)</message>
  <nestedLevel>1</nestedLevel>
  <escapedJava>false</escapedJava>
</record>
<record>
  <date>2026-09-14T04:15:37.802625500Z</date>
  <millis>1789359337802</millis>
  <nanos>625500</nanos>
  <sequence>330</sequence>
  <level>START</level>
  <class>com.kms.katalon.core.logging.XmlKeywordLogger</class>
  <method>startKeyword</method>
  <thread>1</thread>
  <message>Start action : delay(1)</message>
  <nestedLevel>1</nestedLevel>
  <escapedJava>false</escapedJava>
  <property name="startLine">45</property>
  <property name="stepIndex">12</property>
</record>
<record>
  <date>2026-09-14T04:15:38.821531200Z</date>
  <millis>1789359338821</millis>
  <nanos>531200</nanos>
  <sequence>333</sequence>
  <level>PASSED</level>
  <class>com.kms.katalon.core.logging.XmlKeywordLogger</class>
  <method>logMessage</method>
  <thread>1</thread>
  <message>Delayed 1 second(s)</message>
  <nestedLevel>1</nestedLevel>
  <escapedJava>false</escapedJava>
  <property name="testops-method-name">com.kms.katalon.core.keyword.builtin.DelayKeyword.delay</property>
  <property name="testops-execution-stacktrace"></property>
</record>
<record>
  <date>2026-09-14T04:15:38.824851700Z</date>
  <millis>1789359338824</millis>
  <nanos>851700</nanos>
  <sequence>334</sequence>
  <level>END</level>
  <class>com.kms.katalon.core.logging.XmlKeywordLogger</class>
  <method>endKeyword</method>
  <thread>1</thread>
  <message>End action : delay(1)</message>
  <nestedLevel>1</nestedLevel>
  <escapedJava>false</escapedJava>
</record>
<record>
  <date>2026-09-14T04:15:38.825035800Z</date>
  <millis>1789359338825</millis>
  <nanos>35800</nanos>
  <sequence>335</sequence>
  <level>START</level>
  <class>com.kms.katalon.core.logging.XmlKeywordLogger</class>
  <method>startKeyword</method>
  <thread>1</thread>
  <message>Start action : setText(findTestObject(&amp;quot;Data UI/Filter FBI_Detail/PeriodeAwal&amp;quot;), &amp;quot;01012026&amp;quot;)</message>
  <nestedLevel>1</nestedLevel>
  <escapedJava>false</escapedJava>
  <property name="startLine">47</property>
  <property name="stepIndex">13</property>
</record>
<record>
  <date>2026-09-14T04:15:40.271389200Z</date>
  <millis>1789359340271</millis>
  <nanos>389200</nanos>
  <sequence>349</sequence>
  <level>PASSED</level>
  <class>com.kms.katalon.core.logging.XmlKeywordLogger</class>
  <method>logMessage</method>
  <thread>1</thread>
  <message>Text &amp;apos;01012026&amp;apos; is set on object &amp;apos;Object Repository/Data UI/Filter FBI_Detail/PeriodeAwal&amp;apos;</message>
  <nestedLevel>1</nestedLevel>
  <escapedJava>false</escapedJava>
  <property name="testops-method-name">com.kms.katalon.core.webui.keyword.internal.WebUIKeywordMain.runKeywordUntilTimeout</property>
  <property name="testops-execution-stacktrace">com.kms.katalon.core.logging.KeywordLogger.logPassed(KeywordLogger.java:332)
com.kms.katalon.core.logging.KeywordLogger.logPassed(KeywordLogger.java:327)
com.kms.katalon.core.webui.keyword.builtin.SetTextKeyword$_setText_closure1.doCall(SetTextKeyword.groovy:99)
java.base/jdk.internal.reflect.NativeMethodAccessorImpl.invoke0(Native Method)
java.base/jdk.internal.reflect.NativeMethodAccessorImpl.invoke(NativeMethodAccessorImpl.java:77)
java.base/jdk.internal.reflect.DelegatingMethodAccessorImpl.invoke(DelegatingMethodAccessorImpl.java:43)
jdk.proxy2/jdk.proxy2.$Proxy50.execute(Unknown Source)
com.kms.katalon.core.webui.model.SeleniumActionRetryController.performAction(SeleniumActionRetryController.java:96)
com.kms.katalon.core.webui.model.SeleniumActionRetryController.performAction(SeleniumActionRetryController.java:83)
com.kms.katalon.core.webui.keyword.internal.WebUIKeywordMain$_runKeywordUntilTimeout_closure1.doCall(WebUIKeywordMain.groovy:135)
com.kms.katalon.core.webui.keyword.internal.WebUIKeywordMain$_runKeywordUntilTimeout_closure1.call(WebUIKeywordMain.groovy)
com.kms.katalon.core.webui.keyword.internal.WebUIKeywordMain.runKeyword(WebUIKeywordMain.groovy:41)
com.kms.katalon.core.webui.keyword.internal.WebUIKeywordMain.runKeywordUntilTimeout(WebUIKeywordMain.groovy:133)
com.kms.katalon.core.webui.keyword.builtin.SetTextKeyword.setText(SetTextKeyword.groovy:106)
com.kms.katalon.core.webui.keyword.builtin.SetTextKeyword.execute(SetTextKeyword.groovy:49)
com.kms.katalon.core.keyword.internal.KeywordExecutor.executeKeywordForPlatform(KeywordExecutor.groovy:90)
com.kms.katalon.core.webui.keyword.WebUiBuiltInKeywords.setText(WebUiBuiltInKeywords.groovy:1081)
Filter_FBI_Detail.run(Filter_FBI_Detail:47)
</property>
</record>
<record>
  <date>2026-09-14T04:15:40.274764500Z</date>
  <millis>1789359340274</millis>
  <nanos>764500</nanos>
  <sequence>350</sequence>
  <level>END</level>
  <class>com.kms.katalon.core.logging.XmlKeywordLogger</class>
  <method>endKeyword</method>
  <thread>1</thread>
  <message>End action : setText(findTestObject(&amp;quot;Data UI/Filter FBI_Detail/PeriodeAwal&amp;quot;), &amp;quot;01012026&amp;quot;)</message>
  <nestedLevel>1</nestedLevel>
  <escapedJava>false</escapedJava>
</record>
<record>
  <date>2026-09-14T04:15:40.274764500Z</date>
  <millis>1789359340274</millis>
  <nanos>764500</nanos>
  <sequence>351</sequence>
  <level>START</level>
  <class>com.kms.katalon.core.logging.XmlKeywordLogger</class>
  <method>startKeyword</method>
  <thread>1</thread>
  <message>Start action : setText(findTestObject(&amp;quot;Data UI/Filter FBI_Detail/PeriodeAkhir&amp;quot;), &amp;quot;28022026&amp;quot;)</message>
  <nestedLevel>1</nestedLevel>
  <escapedJava>false</escapedJava>
  <property name="startLine">49</property>
  <property name="stepIndex">14</property>
</record>
<record>
  <date>2026-09-14T04:15:41.684520200Z</date>
  <millis>1789359341684</millis>
  <nanos>520200</nanos>
  <sequence>365</sequence>
  <level>PASSED</level>
  <class>com.kms.katalon.core.logging.XmlKeywordLogger</class>
  <method>logMessage</method>
  <thread>1</thread>
  <message>Text &amp;apos;28022026&amp;apos; is set on object &amp;apos;Object Repository/Data UI/Filter FBI_Detail/PeriodeAkhir&amp;apos;</message>
  <nestedLevel>1</nestedLevel>
  <escapedJava>false</escapedJava>
  <property name="testops-method-name">com.kms.katalon.core.webui.keyword.internal.WebUIKeywordMain.runKeywordUntilTimeout</property>
  <property name="testops-execution-stacktrace">com.kms.katalon.core.logging.KeywordLogger.logPassed(KeywordLogger.java:332)
com.kms.katalon.core.logging.KeywordLogger.logPassed(KeywordLogger.java:327)
com.kms.katalon.core.webui.keyword.builtin.SetTextKeyword$_setText_closure1.doCall(SetTextKeyword.groovy:99)
java.base/jdk.internal.reflect.NativeMethodAccessorImpl.invoke0(Native Method)
java.base/jdk.internal.reflect.NativeMethodAccessorImpl.invoke(NativeMethodAccessorImpl.java:77)
java.base/jdk.internal.reflect.DelegatingMethodAccessorImpl.invoke(DelegatingMethodAccessorImpl.java:43)
jdk.proxy2/jdk.proxy2.$Proxy50.execute(Unknown Source)
com.kms.katalon.core.webui.model.SeleniumActionRetryController.performAction(SeleniumActionRetryController.java:96)
com.kms.katalon.core.webui.model.SeleniumActionRetryController.performAction(SeleniumActionRetryController.java:83)
com.kms.katalon.core.webui.keyword.internal.WebUIKeywordMain$_runKeywordUntilTimeout_closure1.doCall(WebUIKeywordMain.groovy:135)
com.kms.katalon.core.webui.keyword.internal.WebUIKeywordMain$_runKeywordUntilTimeout_closure1.call(WebUIKeywordMain.groovy)
com.kms.katalon.core.webui.keyword.internal.WebUIKeywordMain.runKeyword(WebUIKeywordMain.groovy:41)
com.kms.katalon.core.webui.keyword.internal.WebUIKeywordMain.runKeywordUntilTimeout(WebUIKeywordMain.groovy:133)
com.kms.katalon.core.webui.keyword.builtin.SetTextKeyword.setText(SetTextKeyword.groovy:106)
com.kms.katalon.core.webui.keyword.builtin.SetTextKeyword.execute(SetTextKeyword.groovy:49)
com.kms.katalon.core.keyword.internal.KeywordExecutor.executeKeywordForPlatform(KeywordExecutor.groovy:90)
com.kms.katalon.core.webui.keyword.WebUiBuiltInKeywords.setText(WebUiBuiltInKeywords.groovy:1081)
Filter_FBI_Detail.run(Filter_FBI_Detail:49)
</property>
</record>
<record>
  <date>2026-09-14T04:15:41.687404700Z</date>
  <millis>1789359341687</millis>
  <nanos>404700</nanos>
  <sequence>366</sequence>
  <level>END</level>
  <class>com.kms.katalon.core.logging.XmlKeywordLogger</class>
  <method>endKeyword</method>
  <thread>1</thread>
  <message>End action : setText(findTestObject(&amp;quot;Data UI/Filter FBI_Detail/PeriodeAkhir&amp;quot;), &amp;quot;28022026&amp;quot;)</message>
  <nestedLevel>1</nestedLevel>
  <escapedJava>false</escapedJava>
</record>
<record>
  <date>2026-09-14T04:15:41.687693900Z</date>
  <millis>1789359341687</millis>
  <nanos>693900</nanos>
  <sequence>367</sequence>
  <level>START</level>
  <class>com.kms.katalon.core.logging.XmlKeywordLogger</class>
  <method>startKeyword</method>
  <thread>1</thread>
  <message>Start action : click(findTestObject(&amp;quot;Data UI/Filter FBI_Detail/Product&amp;quot;))</message>
  <nestedLevel>1</nestedLevel>
  <escapedJava>false</escapedJava>
  <property name="startLine">51</property>
  <property name="stepIndex">15</property>
</record>
<record>
  <date>2026-09-14T04:15:51.764392900Z</date>
  <millis>1789359351764</millis>
  <nanos>392900</nanos>
  <sequence>376</sequence>
  <level>WARNING</level>
  <class>com.kms.katalon.core.logging.XmlKeywordLogger</class>
  <method>logMessage</method>
  <thread>1</thread>
  <message>Waiting for element timed out</message>
  <nestedLevel>1</nestedLevel>
  <escapedJava>false</escapedJava>
</record>
<record>
  <date>2026-09-14T04:15:51.855742100Z</date>
  <millis>1789359351855</millis>
  <nanos>742100</nanos>
  <sequence>379</sequence>
  <level>PASSED</level>
  <class>com.kms.katalon.core.logging.XmlKeywordLogger</class>
  <method>logMessage</method>
  <thread>1</thread>
  <message>Object: &amp;apos;Object Repository/Data UI/Filter FBI_Detail/Product&amp;apos; is clicked on</message>
  <nestedLevel>1</nestedLevel>
  <escapedJava>false</escapedJava>
  <property name="testops-method-name">com.kms.katalon.core.webui.keyword.internal.WebUIKeywordMain.runKeywordUntilTimeout</property>
  <property name="testops-execution-stacktrace">com.kms.katalon.core.logging.KeywordLogger.logPassed(KeywordLogger.java:332)
com.kms.katalon.core.logging.KeywordLogger.logPassed(KeywordLogger.java:327)
com.kms.katalon.core.webui.keyword.builtin.ClickKeyword$_click_closure1.doCall(ClickKeyword.groovy:66)
java.base/jdk.internal.reflect.NativeMethodAccessorImpl.invoke0(Native Method)
java.base/jdk.internal.reflect.NativeMethodAccessorImpl.invoke(NativeMethodAccessorImpl.java:77)
java.base/jdk.internal.reflect.DelegatingMethodAccessorImpl.invoke(DelegatingMethodAccessorImpl.java:43)
jdk.proxy2/jdk.proxy2.$Proxy50.execute(Unknown Source)
com.kms.katalon.core.webui.model.SeleniumActionRetryController.performAction(SeleniumActionRetryController.java:96)
com.kms.katalon.core.webui.model.SeleniumActionRetryController.performAction(SeleniumActionRetryController.java:83)
com.kms.katalon.core.webui.keyword.internal.WebUIKeywordMain$_runKeywordUntilTimeout_closure1.doCall(WebUIKeywordMain.groovy:135)
com.kms.katalon.core.webui.keyword.internal.WebUIKeywordMain$_runKeywordUntilTimeout_closure1.call(WebUIKeywordMain.groovy)
com.kms.katalon.core.webui.keyword.internal.WebUIKeywordMain.runKeyword(WebUIKeywordMain.groovy:41)
com.kms.katalon.core.webui.keyword.internal.WebUIKeywordMain.runKeywordUntilTimeout(WebUIKeywordMain.groovy:133)
com.kms.katalon.core.webui.keyword.builtin.ClickKeyword.click(ClickKeyword.groovy:72)
com.kms.katalon.core.webui.keyword.builtin.ClickKeyword.execute(ClickKeyword.groovy:38)
com.kms.katalon.core.keyword.internal.KeywordExecutor.executeKeywordForPlatform(KeywordExecutor.groovy:90)
com.kms.katalon.core.webui.keyword.WebUiBuiltInKeywords.click(WebUiBuiltInKeywords.groovy:721)
Filter_FBI_Detail.run(Filter_FBI_Detail:51)
</property>
</record>
<record>
  <date>2026-09-14T04:15:51.859113100Z</date>
  <millis>1789359351859</millis>
  <nanos>113100</nanos>
  <sequence>380</sequence>
  <level>END</level>
  <class>com.kms.katalon.core.logging.XmlKeywordLogger</class>
  <method>endKeyword</method>
  <thread>1</thread>
  <message>End action : click(findTestObject(&amp;quot;Data UI/Filter FBI_Detail/Product&amp;quot;))</message>
  <nestedLevel>1</nestedLevel>
  <escapedJava>false</escapedJava>
</record>
<record>
  <date>2026-09-14T04:15:51.860701Z</date>
  <millis>1789359351860</millis>
  <nanos>701000</nanos>
  <sequence>381</sequence>
  <level>START</level>
  <class>com.kms.katalon.core.logging.XmlKeywordLogger</class>
  <method>startKeyword</method>
  <thread>1</thread>
  <message>Start action : click(findTestObject(&amp;quot;Data UI/Filter FBI_Detail/Uker&amp;quot;))</message>
  <nestedLevel>1</nestedLevel>
  <escapedJava>false</escapedJava>
  <property name="startLine">53</property>
  <property name="stepIndex">16</property>
</record>
<record>
  <date>2026-09-14T04:16:01.938381900Z</date>
  <millis>1789359361938</millis>
  <nanos>381900</nanos>
  <sequence>390</sequence>
  <level>WARNING</level>
  <class>com.kms.katalon.core.logging.XmlKeywordLogger</class>
  <method>logMessage</method>
  <thread>1</thread>
  <message>Waiting for element timed out</message>
  <nestedLevel>1</nestedLevel>
  <escapedJava>false</escapedJava>
</record>
<record>
  <date>2026-09-14T04:16:02.030782900Z</date>
  <millis>1789359362030</millis>
  <nanos>782900</nanos>
  <sequence>393</sequence>
  <level>PASSED</level>
  <class>com.kms.katalon.core.logging.XmlKeywordLogger</class>
  <method>logMessage</method>
  <thread>1</thread>
  <message>Object: &amp;apos;Object Repository/Data UI/Filter FBI_Detail/Uker&amp;apos; is clicked on</message>
  <nestedLevel>1</nestedLevel>
  <escapedJava>false</escapedJava>
  <property name="testops-method-name">com.kms.katalon.core.webui.keyword.internal.WebUIKeywordMain.runKeywordUntilTimeout</property>
  <property name="testops-execution-stacktrace">com.kms.katalon.core.logging.KeywordLogger.logPassed(KeywordLogger.java:332)
com.kms.katalon.core.logging.KeywordLogger.logPassed(KeywordLogger.java:327)
com.kms.katalon.core.webui.keyword.builtin.ClickKeyword$_click_closure1.doCall(ClickKeyword.groovy:66)
java.base/jdk.internal.reflect.NativeMethodAccessorImpl.invoke0(Native Method)
java.base/jdk.internal.reflect.NativeMethodAccessorImpl.invoke(NativeMethodAccessorImpl.java:77)
java.base/jdk.internal.reflect.DelegatingMethodAccessorImpl.invoke(DelegatingMethodAccessorImpl.java:43)
jdk.proxy2/jdk.proxy2.$Proxy50.execute(Unknown Source)
com.kms.katalon.core.webui.model.SeleniumActionRetryController.performAction(SeleniumActionRetryController.java:96)
com.kms.katalon.core.webui.model.SeleniumActionRetryController.performAction(SeleniumActionRetryController.java:83)
com.kms.katalon.core.webui.keyword.internal.WebUIKeywordMain$_runKeywordUntilTimeout_closure1.doCall(WebUIKeywordMain.groovy:135)
com.kms.katalon.core.webui.keyword.internal.WebUIKeywordMain$_runKeywordUntilTimeout_closure1.call(WebUIKeywordMain.groovy)
com.kms.katalon.core.webui.keyword.internal.WebUIKeywordMain.runKeyword(WebUIKeywordMain.groovy:41)
com.kms.katalon.core.webui.keyword.internal.WebUIKeywordMain.runKeywordUntilTimeout(WebUIKeywordMain.groovy:133)
com.kms.katalon.core.webui.keyword.builtin.ClickKeyword.click(ClickKeyword.groovy:72)
com.kms.katalon.core.webui.keyword.builtin.ClickKeyword.execute(ClickKeyword.groovy:38)
com.kms.katalon.core.keyword.internal.KeywordExecutor.executeKeywordForPlatform(KeywordExecutor.groovy:90)
com.kms.katalon.core.webui.keyword.WebUiBuiltInKeywords.click(WebUiBuiltInKeywords.groovy:721)
Filter_FBI_Detail.run(Filter_FBI_Detail:53)
</property>
</record>
<record>
  <date>2026-09-14T04:16:02.034705200Z</date>
  <millis>1789359362034</millis>
  <nanos>705200</nanos>
  <sequence>394</sequence>
  <level>END</level>
  <class>com.kms.katalon.core.logging.XmlKeywordLogger</class>
  <method>endKeyword</method>
  <thread>1</thread>
  <message>End action : click(findTestObject(&amp;quot;Data UI/Filter FBI_Detail/Uker&amp;quot;))</message>
  <nestedLevel>1</nestedLevel>
  <escapedJava>false</escapedJava>
</record>
<record>
  <date>2026-09-14T04:16:02.035453100Z</date>
  <millis>1789359362035</millis>
  <nanos>453100</nanos>
  <sequence>395</sequence>
  <level>START</level>
  <class>com.kms.katalon.core.logging.XmlKeywordLogger</class>
  <method>startKeyword</method>
  <thread>1</thread>
  <message>Start action : click(findTestObject(&amp;quot;Data UI/Filter FBI_Detail/Cabang&amp;quot;))</message>
  <nestedLevel>1</nestedLevel>
  <escapedJava>false</escapedJava>
  <property name="startLine">55</property>
  <property name="stepIndex">17</property>
</record>
<record>
  <date>2026-09-14T04:16:12.105429Z</date>
  <millis>1789359372105</millis>
  <nanos>429000</nanos>
  <sequence>404</sequence>
  <level>WARNING</level>
  <class>com.kms.katalon.core.logging.XmlKeywordLogger</class>
  <method>logMessage</method>
  <thread>1</thread>
  <message>Waiting for element timed out</message>
  <nestedLevel>1</nestedLevel>
  <escapedJava>false</escapedJava>
</record>
<record>
  <date>2026-09-14T04:16:12.197891900Z</date>
  <millis>1789359372197</millis>
  <nanos>891900</nanos>
  <sequence>407</sequence>
  <level>PASSED</level>
  <class>com.kms.katalon.core.logging.XmlKeywordLogger</class>
  <method>logMessage</method>
  <thread>1</thread>
  <message>Object: &amp;apos;Object Repository/Data UI/Filter FBI_Detail/Cabang&amp;apos; is clicked on</message>
  <nestedLevel>1</nestedLevel>
  <escapedJava>false</escapedJava>
  <property name="testops-method-name">com.kms.katalon.core.webui.keyword.internal.WebUIKeywordMain.runKeywordUntilTimeout</property>
  <property name="testops-execution-stacktrace">com.kms.katalon.core.logging.KeywordLogger.logPassed(KeywordLogger.java:332)
com.kms.katalon.core.logging.KeywordLogger.logPassed(KeywordLogger.java:327)
com.kms.katalon.core.webui.keyword.builtin.ClickKeyword$_click_closure1.doCall(ClickKeyword.groovy:66)
java.base/jdk.internal.reflect.NativeMethodAccessorImpl.invoke0(Native Method)
java.base/jdk.internal.reflect.NativeMethodAccessorImpl.invoke(NativeMethodAccessorImpl.java:77)
java.base/jdk.internal.reflect.DelegatingMethodAccessorImpl.invoke(DelegatingMethodAccessorImpl.java:43)
jdk.proxy2/jdk.proxy2.$Proxy50.execute(Unknown Source)
com.kms.katalon.core.webui.model.SeleniumActionRetryController.performAction(SeleniumActionRetryController.java:96)
com.kms.katalon.core.webui.model.SeleniumActionRetryController.performAction(SeleniumActionRetryController.java:83)
com.kms.katalon.core.webui.keyword.internal.WebUIKeywordMain$_runKeywordUntilTimeout_closure1.doCall(WebUIKeywordMain.groovy:135)
com.kms.katalon.core.webui.keyword.internal.WebUIKeywordMain$_runKeywordUntilTimeout_closure1.call(WebUIKeywordMain.groovy)
com.kms.katalon.core.webui.keyword.internal.WebUIKeywordMain.runKeyword(WebUIKeywordMain.groovy:41)
com.kms.katalon.core.webui.keyword.internal.WebUIKeywordMain.runKeywordUntilTimeout(WebUIKeywordMain.groovy:133)
com.kms.katalon.core.webui.keyword.builtin.ClickKeyword.click(ClickKeyword.groovy:72)
com.kms.katalon.core.webui.keyword.builtin.ClickKeyword.execute(ClickKeyword.groovy:38)
com.kms.katalon.core.keyword.internal.KeywordExecutor.executeKeywordForPlatform(KeywordExecutor.groovy:90)
com.kms.katalon.core.webui.keyword.WebUiBuiltInKeywords.click(WebUiBuiltInKeywords.groovy:721)
Filter_FBI_Detail.run(Filter_FBI_Detail:55)
</property>
</record>
<record>
  <date>2026-09-14T04:16:12.199938800Z</date>
  <millis>1789359372199</millis>
  <nanos>938800</nanos>
  <sequence>408</sequence>
  <level>END</level>
  <class>com.kms.katalon.core.logging.XmlKeywordLogger</class>
  <method>endKeyword</method>
  <thread>1</thread>
  <message>End action : click(findTestObject(&amp;quot;Data UI/Filter FBI_Detail/Cabang&amp;quot;))</message>
  <nestedLevel>1</nestedLevel>
  <escapedJava>false</escapedJava>
</record>
<record>
  <date>2026-09-14T04:16:12.200908800Z</date>
  <millis>1789359372200</millis>
  <nanos>908800</nanos>
  <sequence>409</sequence>
  <level>START</level>
  <class>com.kms.katalon.core.logging.XmlKeywordLogger</class>
  <method>startKeyword</method>
  <thread>1</thread>
  <message>Start action : click(findTestObject(&amp;quot;Data UI/Filter FBI_Detail/Type&amp;quot;))</message>
  <nestedLevel>1</nestedLevel>
  <escapedJava>false</escapedJava>
  <property name="startLine">57</property>
  <property name="stepIndex">18</property>
</record>
<record>
  <date>2026-09-14T04:16:22.267174500Z</date>
  <millis>1789359382267</millis>
  <nanos>174500</nanos>
  <sequence>418</sequence>
  <level>WARNING</level>
  <class>com.kms.katalon.core.logging.XmlKeywordLogger</class>
  <method>logMessage</method>
  <thread>1</thread>
  <message>Waiting for element timed out</message>
  <nestedLevel>1</nestedLevel>
  <escapedJava>false</escapedJava>
</record>
<record>
  <date>2026-09-14T04:16:22.345324200Z</date>
  <millis>1789359382345</millis>
  <nanos>324200</nanos>
  <sequence>421</sequence>
  <level>PASSED</level>
  <class>com.kms.katalon.core.logging.XmlKeywordLogger</class>
  <method>logMessage</method>
  <thread>1</thread>
  <message>Object: &amp;apos;Object Repository/Data UI/Filter FBI_Detail/Type&amp;apos; is clicked on</message>
  <nestedLevel>1</nestedLevel>
  <escapedJava>false</escapedJava>
  <property name="testops-method-name">com.kms.katalon.core.webui.keyword.internal.WebUIKeywordMain.runKeywordUntilTimeout</property>
  <property name="testops-execution-stacktrace">com.kms.katalon.core.logging.KeywordLogger.logPassed(KeywordLogger.java:332)
com.kms.katalon.core.logging.KeywordLogger.logPassed(KeywordLogger.java:327)
com.kms.katalon.core.webui.keyword.builtin.ClickKeyword$_click_closure1.doCall(ClickKeyword.groovy:66)
java.base/jdk.internal.reflect.NativeMethodAccessorImpl.invoke0(Native Method)
java.base/jdk.internal.reflect.NativeMethodAccessorImpl.invoke(NativeMethodAccessorImpl.java:77)
java.base/jdk.internal.reflect.DelegatingMethodAccessorImpl.invoke(DelegatingMethodAccessorImpl.java:43)
jdk.proxy2/jdk.proxy2.$Proxy50.execute(Unknown Source)
com.kms.katalon.core.webui.model.SeleniumActionRetryController.performAction(SeleniumActionRetryController.java:96)
com.kms.katalon.core.webui.model.SeleniumActionRetryController.performAction(SeleniumActionRetryController.java:83)
com.kms.katalon.core.webui.keyword.internal.WebUIKeywordMain$_runKeywordUntilTimeout_closure1.doCall(WebUIKeywordMain.groovy:135)
com.kms.katalon.core.webui.keyword.internal.WebUIKeywordMain$_runKeywordUntilTimeout_closure1.call(WebUIKeywordMain.groovy)
com.kms.katalon.core.webui.keyword.internal.WebUIKeywordMain.runKeyword(WebUIKeywordMain.groovy:41)
com.kms.katalon.core.webui.keyword.internal.WebUIKeywordMain.runKeywordUntilTimeout(WebUIKeywordMain.groovy:133)
com.kms.katalon.core.webui.keyword.builtin.ClickKeyword.click(ClickKeyword.groovy:72)
com.kms.katalon.core.webui.keyword.builtin.ClickKeyword.execute(ClickKeyword.groovy:38)
com.kms.katalon.core.keyword.internal.KeywordExecutor.executeKeywordForPlatform(KeywordExecutor.groovy:90)
com.kms.katalon.core.webui.keyword.WebUiBuiltInKeywords.click(WebUiBuiltInKeywords.groovy:721)
Filter_FBI_Detail.run(Filter_FBI_Detail:57)
</property>
</record>
<record>
  <date>2026-09-14T04:16:22.347285600Z</date>
  <millis>1789359382347</millis>
  <nanos>285600</nanos>
  <sequence>422</sequence>
  <level>END</level>
  <class>com.kms.katalon.core.logging.XmlKeywordLogger</class>
  <method>endKeyword</method>
  <thread>1</thread>
  <message>End action : click(findTestObject(&amp;quot;Data UI/Filter FBI_Detail/Type&amp;quot;))</message>
  <nestedLevel>1</nestedLevel>
  <escapedJava>false</escapedJava>
</record>
<record>
  <date>2026-09-14T04:16:22.348284400Z</date>
  <millis>1789359382348</millis>
  <nanos>284400</nanos>
  <sequence>423</sequence>
  <level>START</level>
  <class>com.kms.katalon.core.logging.XmlKeywordLogger</class>
  <method>startKeyword</method>
  <thread>1</thread>
  <message>Start action : click(findTestObject(&amp;quot;Data UI/Filter FBI_Detail/btnProses&amp;quot;))</message>
  <nestedLevel>1</nestedLevel>
  <escapedJava>false</escapedJava>
  <property name="startLine">59</property>
  <property name="stepIndex">19</property>
</record>
<record>
  <date>2026-09-14T04:16:23.390733700Z</date>
  <millis>1789359383390</millis>
  <nanos>733700</nanos>
  <sequence>434</sequence>
  <level>PASSED</level>
  <class>com.kms.katalon.core.logging.XmlKeywordLogger</class>
  <method>logMessage</method>
  <thread>1</thread>
  <message>Object: &amp;apos;Object Repository/Data UI/Filter FBI_Detail/btnProses&amp;apos; is clicked on</message>
  <nestedLevel>1</nestedLevel>
  <escapedJava>false</escapedJava>
  <property name="testops-method-name">com.kms.katalon.core.webui.keyword.internal.WebUIKeywordMain.runKeywordUntilTimeout</property>
  <property name="testops-execution-stacktrace">com.kms.katalon.core.logging.KeywordLogger.logPassed(KeywordLogger.java:332)
com.kms.katalon.core.logging.KeywordLogger.logPassed(KeywordLogger.java:327)
com.kms.katalon.core.webui.keyword.builtin.ClickKeyword$_click_closure1.doCall(ClickKeyword.groovy:66)
java.base/jdk.internal.reflect.NativeMethodAccessorImpl.invoke0(Native Method)
java.base/jdk.internal.reflect.NativeMethodAccessorImpl.invoke(NativeMethodAccessorImpl.java:77)
java.base/jdk.internal.reflect.DelegatingMethodAccessorImpl.invoke(DelegatingMethodAccessorImpl.java:43)
jdk.proxy2/jdk.proxy2.$Proxy50.execute(Unknown Source)
com.kms.katalon.core.webui.model.SeleniumActionRetryController.performAction(SeleniumActionRetryController.java:96)
com.kms.katalon.core.webui.model.SeleniumActionRetryController.performAction(SeleniumActionRetryController.java:83)
com.kms.katalon.core.webui.keyword.internal.WebUIKeywordMain$_runKeywordUntilTimeout_closure1.doCall(WebUIKeywordMain.groovy:135)
com.kms.katalon.core.webui.keyword.internal.WebUIKeywordMain$_runKeywordUntilTimeout_closure1.call(WebUIKeywordMain.groovy)
com.kms.katalon.core.webui.keyword.internal.WebUIKeywordMain.runKeyword(WebUIKeywordMain.groovy:41)
com.kms.katalon.core.webui.keyword.internal.WebUIKeywordMain.runKeywordUntilTimeout(WebUIKeywordMain.groovy:133)
com.kms.katalon.core.webui.keyword.builtin.ClickKeyword.click(ClickKeyword.groovy:72)
com.kms.katalon.core.webui.keyword.builtin.ClickKeyword.execute(ClickKeyword.groovy:38)
com.kms.katalon.core.keyword.internal.KeywordExecutor.executeKeywordForPlatform(KeywordExecutor.groovy:90)
com.kms.katalon.core.webui.keyword.WebUiBuiltInKeywords.click(WebUiBuiltInKeywords.groovy:721)
Filter_FBI_Detail.run(Filter_FBI_Detail:59)
</property>
</record>
<record>
  <date>2026-09-14T04:16:23.393929900Z</date>
  <millis>1789359383393</millis>
  <nanos>929900</nanos>
  <sequence>435</sequence>
  <level>END</level>
  <class>com.kms.katalon.core.logging.XmlKeywordLogger</class>
  <method>endKeyword</method>
  <thread>1</thread>
  <message>End action : click(findTestObject(&amp;quot;Data UI/Filter FBI_Detail/btnProses&amp;quot;))</message>
  <nestedLevel>1</nestedLevel>
  <escapedJava>false</escapedJava>
</record>
<record>
  <date>2026-09-14T04:16:23.393929900Z</date>
  <millis>1789359383393</millis>
  <nanos>929900</nanos>
  <sequence>436</sequence>
  <level>START</level>
  <class>com.kms.katalon.core.logging.XmlKeywordLogger</class>
  <method>startKeyword</method>
  <thread>1</thread>
  <message>Start action : delay(3)</message>
  <nestedLevel>1</nestedLevel>
  <escapedJava>false</escapedJava>
  <property name="startLine">61</property>
  <property name="stepIndex">20</property>
</record>
<record>
  <date>2026-09-14T04:16:26.403471300Z</date>
  <millis>1789359386403</millis>
  <nanos>471300</nanos>
  <sequence>439</sequence>
  <level>PASSED</level>
  <class>com.kms.katalon.core.logging.XmlKeywordLogger</class>
  <method>logMessage</method>
  <thread>1</thread>
  <message>Delayed 3 second(s)</message>
  <nestedLevel>1</nestedLevel>
  <escapedJava>false</escapedJava>
  <property name="testops-method-name">com.kms.katalon.core.keyword.builtin.DelayKeyword.delay</property>
  <property name="testops-execution-stacktrace"></property>
</record>
<record>
  <date>2026-09-14T04:16:26.406717700Z</date>
  <millis>1789359386406</millis>
  <nanos>717700</nanos>
  <sequence>440</sequence>
  <level>END</level>
  <class>com.kms.katalon.core.logging.XmlKeywordLogger</class>
  <method>endKeyword</method>
  <thread>1</thread>
  <message>End action : delay(3)</message>
  <nestedLevel>1</nestedLevel>
  <escapedJava>false</escapedJava>
</record>
<record>
  <date>2026-09-14T04:16:26.407728100Z</date>
  <millis>1789359386407</millis>
  <nanos>728100</nanos>
  <sequence>441</sequence>
  <level>START</level>
  <class>com.kms.katalon.core.logging.XmlKeywordLogger</class>
  <method>startKeyword</method>
  <thread>1</thread>
  <message>Start action : verifyElementPresent(findTestObject(&amp;quot;Data UI/Download/popupDownload&amp;quot;), 0)</message>
  <nestedLevel>1</nestedLevel>
  <escapedJava>false</escapedJava>
  <property name="startLine">63</property>
  <property name="stepIndex">21</property>
</record>
<record>
  <date>2026-09-14T04:16:26.424115Z</date>
  <millis>1789359386424</millis>
  <nanos>115000</nanos>
  <sequence>446</sequence>
  <level>WARNING</level>
  <class>com.kms.katalon.core.logging.XmlKeywordLogger</class>
  <method>logMessage</method>
  <thread>1</thread>
  <message>Timeout &amp;apos;0&amp;apos; is invalid. Using default page load timeout: &amp;apos;10&amp;apos;</message>
  <nestedLevel>1</nestedLevel>
  <escapedJava>false</escapedJava>
</record>
<record>
  <date>2026-09-14T04:16:26.756684400Z</date>
  <millis>1789359386756</millis>
  <nanos>684400</nanos>
  <sequence>449</sequence>
  <level>PASSED</level>
  <class>com.kms.katalon.core.logging.XmlKeywordLogger</class>
  <method>logMessage</method>
  <thread>1</thread>
  <message>Object &amp;apos;Object Repository/Data UI/Download/popupDownload&amp;apos; is present</message>
  <nestedLevel>1</nestedLevel>
  <escapedJava>false</escapedJava>
  <property name="testops-is-assertion">true</property>
  <property name="testops-method-name">com.kms.katalon.core.webui.keyword.builtin.VerifyElementPresentKeyword.verifyElementPresent</property>
  <property name="testops-execution-stacktrace"></property>
</record>
<record>
  <date>2026-09-14T04:16:26.757817400Z</date>
  <millis>1789359386757</millis>
  <nanos>817400</nanos>
  <sequence>450</sequence>
  <level>END</level>
  <class>com.kms.katalon.core.logging.XmlKeywordLogger</class>
  <method>endKeyword</method>
  <thread>1</thread>
  <message>End action : verifyElementPresent(findTestObject(&amp;quot;Data UI/Download/popupDownload&amp;quot;), 0)</message>
  <nestedLevel>1</nestedLevel>
  <escapedJava>false</escapedJava>
</record>
<record>
  <date>2026-09-14T04:16:26.758505800Z</date>
  <millis>1789359386758</millis>
  <nanos>505800</nanos>
  <sequence>451</sequence>
  <level>PASSED</level>
  <class>com.kms.katalon.core.logging.XmlKeywordLogger</class>
  <method>logMessage</method>
  <thread>1</thread>
  <message>Test Cases/DATA UI/Filter FBI_Detail/Filter_FBI_Detail</message>
  <nestedLevel>1</nestedLevel>
  <escapedJava>false</escapedJava>
</record>
<record>
  <date>2026-09-14T04:16:26.759727500Z</date>
  <millis>1789359386759</millis>
  <nanos>727500</nanos>
  <sequence>452</sequence>
  <level>START</level>
  <class>com.kms.katalon.core.logging.XmlKeywordLogger</class>
  <method>startKeyword</method>
  <thread>1</thread>
  <message>Start listener action : takeScreenshotAfterTestCase</message>
  <nestedLevel>1</nestedLevel>
  <escapedJava>false</escapedJava>
</record>
<record>
  <date>2026-09-14T04:16:26.760731300Z</date>
  <millis>1789359386760</millis>
  <nanos>731300</nanos>
  <sequence>454</sequence>
  <level>START</level>
  <class>com.kms.katalon.core.logging.XmlKeywordLogger</class>
  <method>startKeyword</method>
  <thread>1</thread>
  <message>Start action : timestamp = Date().format(&amp;quot;dd.MM.yyyy_(HH.mm.ss)&amp;quot;)</message>
  <nestedLevel>1</nestedLevel>
  <escapedJava>false</escapedJava>
  <property name="startLine">17</property>
  <property name="stepIndex">1</property>
</record>
<record>
  <date>2026-09-14T04:16:26.762639Z</date>
  <millis>1789359386762</millis>
  <nanos>639000</nanos>
  <sequence>455</sequence>
  <level>END</level>
  <class>com.kms.katalon.core.logging.XmlKeywordLogger</class>
  <method>endKeyword</method>
  <thread>1</thread>
  <message>End action : timestamp = Date().format(&amp;quot;dd.MM.yyyy_(HH.mm.ss)&amp;quot;)</message>
  <nestedLevel>1</nestedLevel>
  <escapedJava>false</escapedJava>
</record>
<record>
  <date>2026-09-14T04:16:26.762639Z</date>
  <millis>1789359386762</millis>
  <nanos>639000</nanos>
  <sequence>456</sequence>
  <level>START</level>
  <class>com.kms.katalon.core.logging.XmlKeywordLogger</class>
  <method>startKeyword</method>
  <thread>1</thread>
  <message>Start action : projectDir = getProjectDir()</message>
  <nestedLevel>1</nestedLevel>
  <escapedJava>false</escapedJava>
  <property name="startLine">18</property>
  <property name="stepIndex">2</property>
</record>
<record>
  <date>2026-09-14T04:16:26.763576100Z</date>
  <millis>1789359386763</millis>
  <nanos>576100</nanos>
  <sequence>457</sequence>
  <level>END</level>
  <class>com.kms.katalon.core.logging.XmlKeywordLogger</class>
  <method>endKeyword</method>
  <thread>1</thread>
  <message>End action : projectDir = getProjectDir()</message>
  <nestedLevel>1</nestedLevel>
  <escapedJava>false</escapedJava>
</record>
<record>
  <date>2026-09-14T04:16:26.763576100Z</date>
  <millis>1789359386763</millis>
  <nanos>576100</nanos>
  <sequence>458</sequence>
  <level>START</level>
  <class>com.kms.katalon.core.logging.XmlKeywordLogger</class>
  <method>startKeyword</method>
  <thread>1</thread>
  <message>Start action : testCaseName = getTestCaseId().replace(&amp;quot;/&amp;quot;, &amp;quot;_&amp;quot;)</message>
  <nestedLevel>1</nestedLevel>
  <escapedJava>false</escapedJava>
  <property name="startLine">19</property>
  <property name="stepIndex">3</property>
</record>
<record>
  <date>2026-09-14T04:16:26.764864400Z</date>
  <millis>1789359386764</millis>
  <nanos>864400</nanos>
  <sequence>459</sequence>
  <level>END</level>
  <class>com.kms.katalon.core.logging.XmlKeywordLogger</class>
  <method>endKeyword</method>
  <thread>1</thread>
  <message>End action : testCaseName = getTestCaseId().replace(&amp;quot;/&amp;quot;, &amp;quot;_&amp;quot;)</message>
  <nestedLevel>1</nestedLevel>
  <escapedJava>false</escapedJava>
</record>
<record>
  <date>2026-09-14T04:16:26.764864400Z</date>
  <millis>1789359386764</millis>
  <nanos>864400</nanos>
  <sequence>460</sequence>
  <level>START</level>
  <class>com.kms.katalon.core.logging.XmlKeywordLogger</class>
  <method>startKeyword</method>
  <thread>1</thread>
  <message>Start action : status = testCaseContext.getTestCaseStatus()</message>
  <nestedLevel>1</nestedLevel>
  <escapedJava>false</escapedJava>
  <property name="startLine">21</property>
  <property name="stepIndex">4</property>
</record>
<record>
  <date>2026-09-14T04:16:26.765875800Z</date>
  <millis>1789359386765</millis>
  <nanos>875800</nanos>
  <sequence>461</sequence>
  <level>END</level>
  <class>com.kms.katalon.core.logging.XmlKeywordLogger</class>
  <method>endKeyword</method>
  <thread>1</thread>
  <message>End action : status = testCaseContext.getTestCaseStatus()</message>
  <nestedLevel>1</nestedLevel>
  <escapedJava>false</escapedJava>
</record>
<record>
  <date>2026-09-14T04:16:26.766378200Z</date>
  <millis>1789359386766</millis>
  <nanos>378200</nanos>
  <sequence>462</sequence>
  <level>START</level>
  <class>com.kms.katalon.core.logging.XmlKeywordLogger</class>
  <method>startKeyword</method>
  <thread>1</thread>
  <message>Start action : fullPath = $projectDir/Screenshots/Evidence_$status_$timestamp.png</message>
  <nestedLevel>1</nestedLevel>
  <escapedJava>false</escapedJava>
  <property name="startLine">25</property>
  <property name="stepIndex">5</property>
</record>
<record>
  <date>2026-09-14T04:16:26.768144900Z</date>
  <millis>1789359386768</millis>
  <nanos>144900</nanos>
  <sequence>463</sequence>
  <level>END</level>
  <class>com.kms.katalon.core.logging.XmlKeywordLogger</class>
  <method>endKeyword</method>
  <thread>1</thread>
  <message>End action : fullPath = $projectDir/Screenshots/Evidence_$status_$timestamp.png</message>
  <nestedLevel>1</nestedLevel>
  <escapedJava>false</escapedJava>
</record>
<record>
  <date>2026-09-14T04:16:26.768775600Z</date>
  <millis>1789359386768</millis>
  <nanos>775600</nanos>
  <sequence>464</sequence>
  <level>START</level>
  <class>com.kms.katalon.core.logging.XmlKeywordLogger</class>
  <method>startKeyword</method>
  <thread>1</thread>
  <message>Start action : takeScreenshot(fullPath)</message>
  <nestedLevel>1</nestedLevel>
  <escapedJava>false</escapedJava>
  <property name="startLine">28</property>
  <property name="stepIndex">6</property>
</record>
<record>
  <date>2026-09-14T04:16:27.162263800Z</date>
  <millis>1789359387162</millis>
  <nanos>263800</nanos>
  <sequence>467</sequence>
  <level>PASSED</level>
  <class>com.kms.katalon.core.logging.XmlKeywordLogger</class>
  <method>logMessage</method>
  <thread>1</thread>
  <message>Taking screenshot successfully</message>
  <nestedLevel>1</nestedLevel>
  <escapedJava>false</escapedJava>
  <property name="attachment">C:/Users/TTECH-0251/git/AutoAPI/Screenshots/Evidence_PASSED_14.09.2026_(11.16.26).png</property>
  <property name="testops-method-name">com.kms.katalon.core.webui.keyword.builtin.TakeScreenshotKeyword.takeScreenshot</property>
  <property name="testops-execution-stacktrace"></property>
</record>
<record>
  <date>2026-09-14T04:16:27.162756600Z</date>
  <millis>1789359387162</millis>
  <nanos>756600</nanos>
  <sequence>468</sequence>
  <level>END</level>
  <class>com.kms.katalon.core.logging.XmlKeywordLogger</class>
  <method>endKeyword</method>
  <thread>1</thread>
  <message>End action : takeScreenshot(fullPath)</message>
  <nestedLevel>1</nestedLevel>
  <escapedJava>false</escapedJava>
</record>
<record>
  <date>2026-09-14T04:16:27.163135200Z</date>
  <millis>1789359387163</millis>
  <nanos>135200</nanos>
  <sequence>469</sequence>
  <level>START</level>
  <class>com.kms.katalon.core.logging.XmlKeywordLogger</class>
  <method>startKeyword</method>
  <thread>1</thread>
  <message>Start action : println(&amp;quot;Screenshot disimpan: &amp;quot; + fullPath)</message>
  <nestedLevel>1</nestedLevel>
  <escapedJava>false</escapedJava>
  <property name="startLine">30</property>
  <property name="stepIndex">7</property>
</record>
<record>
  <date>2026-09-14T04:16:27.163715400Z</date>
  <millis>1789359387163</millis>
  <nanos>715400</nanos>
  <sequence>471</sequence>
  <level>END</level>
  <class>com.kms.katalon.core.logging.XmlKeywordLogger</class>
  <method>endKeyword</method>
  <thread>1</thread>
  <message>End action : println(&amp;quot;Screenshot disimpan: &amp;quot; + fullPath)</message>
  <nestedLevel>1</nestedLevel>
  <escapedJava>false</escapedJava>
</record>
<record>
  <date>2026-09-14T04:16:27.163940600Z</date>
  <millis>1789359387163</millis>
  <nanos>940600</nanos>
  <sequence>472</sequence>
  <level>END</level>
  <class>com.kms.katalon.core.logging.XmlKeywordLogger</class>
  <method>endKeyword</method>
  <thread>1</thread>
  <message>End listener action : takeScreenshotAfterTestCase</message>
  <nestedLevel>1</nestedLevel>
  <escapedJava>false</escapedJava>
</record>
<record>
  <date>2026-09-14T04:16:27.164941500Z</date>
  <millis>1789359387164</millis>
  <nanos>941500</nanos>
  <sequence>473</sequence>
  <level>END</level>
  <class>com.kms.katalon.core.logging.XmlKeywordLogger</class>
  <method>endTest</method>
  <thread>1</thread>
  <message>End Test Case : Test Cases/DATA UI/Filter FBI_Detail/Filter_FBI_Detail</message>
  <nestedLevel>0</nestedLevel>
  <escapedJava>false</escapedJava>
  <property name="executionBindingVariables">[]</property>
  <property name="applitools">false</property>
  <property name="remainingRetryCount">3</property>
  <property name="executedKeywords">{
  &quot;WebUI.verifyElementPresent&quot;: 2,
  &quot;WebUI.getUrl&quot;: 1,
  &quot;WebUI.click&quot;: 7,
  &quot;WebUI.takeScreenshot&quot;: 2,
  &quot;WebUI.scrollToElement&quot;: 1,
  &quot;BuiltIn.delay&quot;: 3,
  &quot;WebUI.setText&quot;: 2
}</property>
  <property name="currentRetryCount">0</property>
  <property name="keywordsUsage">{
  &quot;web_ui&quot;: true,
  &quot;web_service&quot;: false,
  &quot;cucumber&quot;: false,
  &quot;builtin&quot;: true,
  &quot;mobile&quot;: false,
  &quot;windows&quot;: false,
  &quot;testng&quot;: false
}</property>
</record>
<record>
  <date>2026-09-14T04:16:27.172028300Z</date>
  <millis>1789359387172</millis>
  <nanos>28300</nanos>
  <sequence>474</sequence>
  <level>START</level>
  <class>com.kms.katalon.core.logging.XmlKeywordLogger</class>
  <method>startTest</method>
  <thread>1</thread>
  <message>Start Test Case : Test Cases/DATA UI/Download/ProsesDownload</message>
  <nestedLevel>1</nestedLevel>
  <escapedJava>false</escapedJava>
  <property name="remainingRetryCount">3</property>
  <property name="origin"></property>
  <property name="name">Test Cases/DATA UI/Download/ProsesDownload</property>
  <property name="description"></property>
  <property name="iteration"></property>
  <property name="id">Test Cases/DATA UI/Download/ProsesDownload</property>
  <property name="source">C:\Users\TTECH-0251\git\AutoAPI\Test Cases\DATA UI\Download\ProsesDownload.tc</property>
  <property name="tag"></property>
  <property name="isOptional">false</property>
  <property name="currentRetryCount">0</property>
</record>
<record>
  <date>2026-09-14T04:16:28.360222200Z</date>
  <millis>1789359388360</millis>
  <nanos>222200</nanos>
  <sequence>476</sequence>
  <level>START</level>
  <class>com.kms.katalon.core.logging.XmlKeywordLogger</class>
  <method>startKeyword</method>
  <thread>1</thread>
  <message>Start action : projectDir = getProjectDir()</message>
  <nestedLevel>1</nestedLevel>
  <escapedJava>false</escapedJava>
  <property name="startLine">30</property>
  <property name="stepIndex">1</property>
</record>
<record>
  <date>2026-09-14T04:16:28.364222100Z</date>
  <millis>1789359388364</millis>
  <nanos>222100</nanos>
  <sequence>477</sequence>
  <level>END</level>
  <class>com.kms.katalon.core.logging.XmlKeywordLogger</class>
  <method>endKeyword</method>
  <thread>1</thread>
  <message>End action : projectDir = getProjectDir()</message>
  <nestedLevel>1</nestedLevel>
  <escapedJava>false</escapedJava>
</record>
<record>
  <date>2026-09-14T04:16:28.365222800Z</date>
  <millis>1789359388365</millis>
  <nanos>222800</nanos>
  <sequence>478</sequence>
  <level>START</level>
  <class>com.kms.katalon.core.logging.XmlKeywordLogger</class>
  <method>startKeyword</method>
  <thread>1</thread>
  <message>Start action : timestamp = Date().format(&amp;quot;dd.MM.yyyy_(HH.mm.ss)&amp;quot;)</message>
  <nestedLevel>1</nestedLevel>
  <escapedJava>false</escapedJava>
  <property name="startLine">32</property>
  <property name="stepIndex">2</property>
</record>
<record>
  <date>2026-09-14T04:16:28.370005900Z</date>
  <millis>1789359388370</millis>
  <nanos>5900</nanos>
  <sequence>479</sequence>
  <level>END</level>
  <class>com.kms.katalon.core.logging.XmlKeywordLogger</class>
  <method>endKeyword</method>
  <thread>1</thread>
  <message>End action : timestamp = Date().format(&amp;quot;dd.MM.yyyy_(HH.mm.ss)&amp;quot;)</message>
  <nestedLevel>1</nestedLevel>
  <escapedJava>false</escapedJava>
</record>
<record>
  <date>2026-09-14T04:16:28.371041100Z</date>
  <millis>1789359388371</millis>
  <nanos>41100</nanos>
  <sequence>480</sequence>
  <level>START</level>
  <class>com.kms.katalon.core.logging.XmlKeywordLogger</class>
  <method>startKeyword</method>
  <thread>1</thread>
  <message>Start action : click(findTestObject(&amp;quot;Data UI/Download/btnDownload&amp;quot;))</message>
  <nestedLevel>1</nestedLevel>
  <escapedJava>false</escapedJava>
  <property name="startLine">34</property>
  <property name="stepIndex">3</property>
</record>
<record>
  <date>2026-09-14T04:16:29.033967400Z</date>
  <millis>1789359389033</millis>
  <nanos>967400</nanos>
  <sequence>491</sequence>
  <level>PASSED</level>
  <class>com.kms.katalon.core.logging.XmlKeywordLogger</class>
  <method>logMessage</method>
  <thread>1</thread>
  <message>Object: &amp;apos;Object Repository/Data UI/Download/btnDownload&amp;apos; is clicked on</message>
  <nestedLevel>1</nestedLevel>
  <escapedJava>false</escapedJava>
  <property name="testops-method-name">com.kms.katalon.core.webui.keyword.internal.WebUIKeywordMain.runKeywordUntilTimeout</property>
  <property name="testops-execution-stacktrace">com.kms.katalon.core.logging.KeywordLogger.logPassed(KeywordLogger.java:332)
com.kms.katalon.core.logging.KeywordLogger.logPassed(KeywordLogger.java:327)
com.kms.katalon.core.webui.keyword.builtin.ClickKeyword$_click_closure1.doCall(ClickKeyword.groovy:66)
java.base/jdk.internal.reflect.NativeMethodAccessorImpl.invoke0(Native Method)
java.base/jdk.internal.reflect.NativeMethodAccessorImpl.invoke(NativeMethodAccessorImpl.java:77)
java.base/jdk.internal.reflect.DelegatingMethodAccessorImpl.invoke(DelegatingMethodAccessorImpl.java:43)
jdk.proxy2/jdk.proxy2.$Proxy50.execute(Unknown Source)
com.kms.katalon.core.webui.model.SeleniumActionRetryController.performAction(SeleniumActionRetryController.java:96)
com.kms.katalon.core.webui.model.SeleniumActionRetryController.performAction(SeleniumActionRetryController.java:83)
com.kms.katalon.core.webui.keyword.internal.WebUIKeywordMain$_runKeywordUntilTimeout_closure1.doCall(WebUIKeywordMain.groovy:135)
com.kms.katalon.core.webui.keyword.internal.WebUIKeywordMain$_runKeywordUntilTimeout_closure1.call(WebUIKeywordMain.groovy)
com.kms.katalon.core.webui.keyword.internal.WebUIKeywordMain.runKeyword(WebUIKeywordMain.groovy:41)
com.kms.katalon.core.webui.keyword.internal.WebUIKeywordMain.runKeywordUntilTimeout(WebUIKeywordMain.groovy:133)
com.kms.katalon.core.webui.keyword.builtin.ClickKeyword.click(ClickKeyword.groovy:72)
com.kms.katalon.core.webui.keyword.builtin.ClickKeyword.execute(ClickKeyword.groovy:38)
com.kms.katalon.core.keyword.internal.KeywordExecutor.executeKeywordForPlatform(KeywordExecutor.groovy:90)
com.kms.katalon.core.webui.keyword.WebUiBuiltInKeywords.click(WebUiBuiltInKeywords.groovy:721)
ProsesDownload.run(ProsesDownload:34)
</property>
</record>
<record>
  <date>2026-09-14T04:16:29.038000700Z</date>
  <millis>1789359389038</millis>
  <nanos>700</nanos>
  <sequence>492</sequence>
  <level>END</level>
  <class>com.kms.katalon.core.logging.XmlKeywordLogger</class>
  <method>endKeyword</method>
  <thread>1</thread>
  <message>End action : click(findTestObject(&amp;quot;Data UI/Download/btnDownload&amp;quot;))</message>
  <nestedLevel>1</nestedLevel>
  <escapedJava>false</escapedJava>
</record>
<record>
  <date>2026-09-14T04:16:29.038996900Z</date>
  <millis>1789359389038</millis>
  <nanos>996900</nanos>
  <sequence>493</sequence>
  <level>START</level>
  <class>com.kms.katalon.core.logging.XmlKeywordLogger</class>
  <method>startKeyword</method>
  <thread>1</thread>
  <message>Start action : screenshotPathDownload = $projectDir/Screenshots/Evidence_POSITIVE_Popup_Download_$timestamp.png</message>
  <nestedLevel>1</nestedLevel>
  <escapedJava>false</escapedJava>
  <property name="startLine">36</property>
  <property name="stepIndex">4</property>
</record>
<record>
  <date>2026-09-14T04:16:29.043153300Z</date>
  <millis>1789359389043</millis>
  <nanos>153300</nanos>
  <sequence>494</sequence>
  <level>END</level>
  <class>com.kms.katalon.core.logging.XmlKeywordLogger</class>
  <method>endKeyword</method>
  <thread>1</thread>
  <message>End action : screenshotPathDownload = $projectDir/Screenshots/Evidence_POSITIVE_Popup_Download_$timestamp.png</message>
  <nestedLevel>1</nestedLevel>
  <escapedJava>false</escapedJava>
</record>
<record>
  <date>2026-09-14T04:16:29.044376500Z</date>
  <millis>1789359389044</millis>
  <nanos>376500</nanos>
  <sequence>495</sequence>
  <level>START</level>
  <class>com.kms.katalon.core.logging.XmlKeywordLogger</class>
  <method>startKeyword</method>
  <thread>1</thread>
  <message>Start action : takeScreenshot(screenshotPathDownload)</message>
  <nestedLevel>1</nestedLevel>
  <escapedJava>false</escapedJava>
  <property name="startLine">38</property>
  <property name="stepIndex">5</property>
</record>
<record>
  <date>2026-09-14T04:16:29.588678800Z</date>
  <millis>1789359389588</millis>
  <nanos>678800</nanos>
  <sequence>498</sequence>
  <level>PASSED</level>
  <class>com.kms.katalon.core.logging.XmlKeywordLogger</class>
  <method>logMessage</method>
  <thread>1</thread>
  <message>Taking screenshot successfully</message>
  <nestedLevel>1</nestedLevel>
  <escapedJava>false</escapedJava>
  <property name="attachment">C:/Users/TTECH-0251/git/AutoAPI/Screenshots/Evidence_POSITIVE_Popup_Download_14.09.2026_(11.16.28).png</property>
  <property name="testops-method-name">com.kms.katalon.core.webui.keyword.builtin.TakeScreenshotKeyword.takeScreenshot</property>
  <property name="testops-execution-stacktrace"></property>
</record>
<record>
  <date>2026-09-14T04:16:29.591602600Z</date>
  <millis>1789359389591</millis>
  <nanos>602600</nanos>
  <sequence>499</sequence>
  <level>END</level>
  <class>com.kms.katalon.core.logging.XmlKeywordLogger</class>
  <method>endKeyword</method>
  <thread>1</thread>
  <message>End action : takeScreenshot(screenshotPathDownload)</message>
  <nestedLevel>1</nestedLevel>
  <escapedJava>false</escapedJava>
</record>
<record>
  <date>2026-09-14T04:16:29.592103200Z</date>
  <millis>1789359389592</millis>
  <nanos>103200</nanos>
  <sequence>500</sequence>
  <level>START</level>
  <class>com.kms.katalon.core.logging.XmlKeywordLogger</class>
  <method>startKeyword</method>
  <thread>1</thread>
  <message>Start action : verifyElementPresent(findTestObject(&amp;quot;Data UI/Download/popupDownload&amp;quot;), 0)</message>
  <nestedLevel>1</nestedLevel>
  <escapedJava>false</escapedJava>
  <property name="startLine">40</property>
  <property name="stepIndex">6</property>
</record>
<record>
  <date>2026-09-14T04:16:29.610479300Z</date>
  <millis>1789359389610</millis>
  <nanos>479300</nanos>
  <sequence>505</sequence>
  <level>WARNING</level>
  <class>com.kms.katalon.core.logging.XmlKeywordLogger</class>
  <method>logMessage</method>
  <thread>1</thread>
  <message>Timeout &amp;apos;0&amp;apos; is invalid. Using default page load timeout: &amp;apos;10&amp;apos;</message>
  <nestedLevel>1</nestedLevel>
  <escapedJava>false</escapedJava>
</record>
<record>
  <date>2026-09-14T04:16:29.952704100Z</date>
  <millis>1789359389952</millis>
  <nanos>704100</nanos>
  <sequence>508</sequence>
  <level>PASSED</level>
  <class>com.kms.katalon.core.logging.XmlKeywordLogger</class>
  <method>logMessage</method>
  <thread>1</thread>
  <message>Object &amp;apos;Object Repository/Data UI/Download/popupDownload&amp;apos; is present</message>
  <nestedLevel>1</nestedLevel>
  <escapedJava>false</escapedJava>
  <property name="testops-is-assertion">true</property>
  <property name="testops-method-name">com.kms.katalon.core.webui.keyword.builtin.VerifyElementPresentKeyword.verifyElementPresent</property>
  <property name="testops-execution-stacktrace"></property>
</record>
<record>
  <date>2026-09-14T04:16:29.955598200Z</date>
  <millis>1789359389955</millis>
  <nanos>598200</nanos>
  <sequence>509</sequence>
  <level>END</level>
  <class>com.kms.katalon.core.logging.XmlKeywordLogger</class>
  <method>endKeyword</method>
  <thread>1</thread>
  <message>End action : verifyElementPresent(findTestObject(&amp;quot;Data UI/Download/popupDownload&amp;quot;), 0)</message>
  <nestedLevel>1</nestedLevel>
  <escapedJava>false</escapedJava>
</record>
<record>
  <date>2026-09-14T04:16:29.956108200Z</date>
  <millis>1789359389956</millis>
  <nanos>108200</nanos>
  <sequence>510</sequence>
  <level>START</level>
  <class>com.kms.katalon.core.logging.XmlKeywordLogger</class>
  <method>startKeyword</method>
  <thread>1</thread>
  <message>Start action : comment(&amp;quot;Klik format Excel&amp;quot;)</message>
  <nestedLevel>1</nestedLevel>
  <escapedJava>false</escapedJava>
  <property name="startLine">95</property>
  <property name="stepIndex">7</property>
</record>
<record>
  <date>2026-09-14T04:16:29.976992800Z</date>
  <millis>1789359389976</millis>
  <nanos>992800</nanos>
  <sequence>512</sequence>
  <level>INFO</level>
  <class>com.kms.katalon.core.logging.XmlKeywordLogger</class>
  <method>logMessage</method>
  <thread>1</thread>
  <message>Klik format Excel</message>
  <nestedLevel>1</nestedLevel>
  <escapedJava>false</escapedJava>
</record>
<record>
  <date>2026-09-14T04:16:29.979526700Z</date>
  <millis>1789359389979</millis>
  <nanos>526700</nanos>
  <sequence>513</sequence>
  <level>END</level>
  <class>com.kms.katalon.core.logging.XmlKeywordLogger</class>
  <method>endKeyword</method>
  <thread>1</thread>
  <message>End action : comment(&amp;quot;Klik format Excel&amp;quot;)</message>
  <nestedLevel>1</nestedLevel>
  <escapedJava>false</escapedJava>
</record>
<record>
  <date>2026-09-14T04:16:29.979526700Z</date>
  <millis>1789359389979</millis>
  <nanos>526700</nanos>
  <sequence>514</sequence>
  <level>START</level>
  <class>com.kms.katalon.core.logging.XmlKeywordLogger</class>
  <method>startKeyword</method>
  <thread>1</thread>
  <message>Start action : click(findTestObject(&amp;quot;Data UI/Download/formatExcel&amp;quot;))</message>
  <nestedLevel>1</nestedLevel>
  <escapedJava>false</escapedJava>
  <property name="startLine">97</property>
  <property name="stepIndex">8</property>
</record>
<record>
  <date>2026-09-14T04:16:31.025616900Z</date>
  <millis>1789359391025</millis>
  <nanos>616900</nanos>
  <sequence>525</sequence>
  <level>PASSED</level>
  <class>com.kms.katalon.core.logging.XmlKeywordLogger</class>
  <method>logMessage</method>
  <thread>1</thread>
  <message>Object: &amp;apos;Object Repository/Data UI/Download/formatExcel&amp;apos; is clicked on</message>
  <nestedLevel>1</nestedLevel>
  <escapedJava>false</escapedJava>
  <property name="testops-method-name">com.kms.katalon.core.webui.keyword.internal.WebUIKeywordMain.runKeywordUntilTimeout</property>
  <property name="testops-execution-stacktrace">com.kms.katalon.core.logging.KeywordLogger.logPassed(KeywordLogger.java:332)
com.kms.katalon.core.logging.KeywordLogger.logPassed(KeywordLogger.java:327)
com.kms.katalon.core.webui.keyword.builtin.ClickKeyword$_click_closure1.doCall(ClickKeyword.groovy:66)
java.base/jdk.internal.reflect.NativeMethodAccessorImpl.invoke0(Native Method)
java.base/jdk.internal.reflect.NativeMethodAccessorImpl.invoke(NativeMethodAccessorImpl.java:77)
java.base/jdk.internal.reflect.DelegatingMethodAccessorImpl.invoke(DelegatingMethodAccessorImpl.java:43)
jdk.proxy2/jdk.proxy2.$Proxy50.execute(Unknown Source)
com.kms.katalon.core.webui.model.SeleniumActionRetryController.performAction(SeleniumActionRetryController.java:96)
com.kms.katalon.core.webui.model.SeleniumActionRetryController.performAction(SeleniumActionRetryController.java:83)
com.kms.katalon.core.webui.keyword.internal.WebUIKeywordMain$_runKeywordUntilTimeout_closure1.doCall(WebUIKeywordMain.groovy:135)
com.kms.katalon.core.webui.keyword.internal.WebUIKeywordMain$_runKeywordUntilTimeout_closure1.call(WebUIKeywordMain.groovy)
com.kms.katalon.core.webui.keyword.internal.WebUIKeywordMain.runKeyword(WebUIKeywordMain.groovy:41)
com.kms.katalon.core.webui.keyword.internal.WebUIKeywordMain.runKeywordUntilTimeout(WebUIKeywordMain.groovy:133)
com.kms.katalon.core.webui.keyword.builtin.ClickKeyword.click(ClickKeyword.groovy:72)
com.kms.katalon.core.webui.keyword.builtin.ClickKeyword.execute(ClickKeyword.groovy:38)
com.kms.katalon.core.keyword.internal.KeywordExecutor.executeKeywordForPlatform(KeywordExecutor.groovy:90)
com.kms.katalon.core.webui.keyword.WebUiBuiltInKeywords.click(WebUiBuiltInKeywords.groovy:721)
ProsesDownload.run(ProsesDownload:97)
</property>
</record>
<record>
  <date>2026-09-14T04:16:31.028689300Z</date>
  <millis>1789359391028</millis>
  <nanos>689300</nanos>
  <sequence>526</sequence>
  <level>END</level>
  <class>com.kms.katalon.core.logging.XmlKeywordLogger</class>
  <method>endKeyword</method>
  <thread>1</thread>
  <message>End action : click(findTestObject(&amp;quot;Data UI/Download/formatExcel&amp;quot;))</message>
  <nestedLevel>1</nestedLevel>
  <escapedJava>false</escapedJava>
</record>
<record>
  <date>2026-09-14T04:16:31.029189100Z</date>
  <millis>1789359391029</millis>
  <nanos>189100</nanos>
  <sequence>527</sequence>
  <level>START</level>
  <class>com.kms.katalon.core.logging.XmlKeywordLogger</class>
  <method>startKeyword</method>
  <thread>1</thread>
  <message>Start action : delay(5)</message>
  <nestedLevel>1</nestedLevel>
  <escapedJava>false</escapedJava>
  <property name="startLine">100</property>
  <property name="stepIndex">9</property>
</record>
<record>
  <date>2026-09-14T04:16:36.040478400Z</date>
  <millis>1789359396040</millis>
  <nanos>478400</nanos>
  <sequence>530</sequence>
  <level>PASSED</level>
  <class>com.kms.katalon.core.logging.XmlKeywordLogger</class>
  <method>logMessage</method>
  <thread>1</thread>
  <message>Delayed 5 second(s)</message>
  <nestedLevel>1</nestedLevel>
  <escapedJava>false</escapedJava>
  <property name="testops-method-name">com.kms.katalon.core.keyword.builtin.DelayKeyword.delay</property>
  <property name="testops-execution-stacktrace"></property>
</record>
<record>
  <date>2026-09-14T04:16:36.042555100Z</date>
  <millis>1789359396042</millis>
  <nanos>555100</nanos>
  <sequence>531</sequence>
  <level>END</level>
  <class>com.kms.katalon.core.logging.XmlKeywordLogger</class>
  <method>endKeyword</method>
  <thread>1</thread>
  <message>End action : delay(5)</message>
  <nestedLevel>1</nestedLevel>
  <escapedJava>false</escapedJava>
</record>
<record>
  <date>2026-09-14T04:16:36.043550500Z</date>
  <millis>1789359396043</millis>
  <nanos>550500</nanos>
  <sequence>532</sequence>
  <level>START</level>
  <class>com.kms.katalon.core.logging.XmlKeywordLogger</class>
  <method>startKeyword</method>
  <thread>1</thread>
  <message>Start action : downloadPath = System.getProperty(&amp;quot;user.home&amp;quot;) + &amp;quot;\Downloads&amp;quot;</message>
  <nestedLevel>1</nestedLevel>
  <escapedJava>false</escapedJava>
  <property name="startLine">204</property>
  <property name="stepIndex">10</property>
</record>
<record>
  <date>2026-09-14T04:16:36.057483500Z</date>
  <millis>1789359396057</millis>
  <nanos>483500</nanos>
  <sequence>533</sequence>
  <level>END</level>
  <class>com.kms.katalon.core.logging.XmlKeywordLogger</class>
  <method>endKeyword</method>
  <thread>1</thread>
  <message>End action : downloadPath = System.getProperty(&amp;quot;user.home&amp;quot;) + &amp;quot;\Downloads&amp;quot;</message>
  <nestedLevel>1</nestedLevel>
  <escapedJava>false</escapedJava>
</record>
<record>
  <date>2026-09-14T04:16:36.057483500Z</date>
  <millis>1789359396057</millis>
  <nanos>483500</nanos>
  <sequence>534</sequence>
  <level>START</level>
  <class>com.kms.katalon.core.logging.XmlKeywordLogger</class>
  <method>startKeyword</method>
  <thread>1</thread>
  <message>Start action : downloadFolder = new java.io.File(downloadPath)</message>
  <nestedLevel>1</nestedLevel>
  <escapedJava>false</escapedJava>
  <property name="startLine">205</property>
  <property name="stepIndex">11</property>
</record>
<record>
  <date>2026-09-14T04:16:36.060052700Z</date>
  <millis>1789359396060</millis>
  <nanos>52700</nanos>
  <sequence>535</sequence>
  <level>END</level>
  <class>com.kms.katalon.core.logging.XmlKeywordLogger</class>
  <method>endKeyword</method>
  <thread>1</thread>
  <message>End action : downloadFolder = new java.io.File(downloadPath)</message>
  <nestedLevel>1</nestedLevel>
  <escapedJava>false</escapedJava>
</record>
<record>
  <date>2026-09-14T04:16:36.060052700Z</date>
  <millis>1789359396060</millis>
  <nanos>52700</nanos>
  <sequence>536</sequence>
  <level>START</level>
  <class>com.kms.katalon.core.logging.XmlKeywordLogger</class>
  <method>startKeyword</method>
  <thread>1</thread>
  <message>Start action : logInfo(&amp;quot;Mengecek folder download: &amp;quot; + downloadPath)</message>
  <nestedLevel>1</nestedLevel>
  <escapedJava>false</escapedJava>
  <property name="startLine">207</property>
  <property name="stepIndex">12</property>
</record>
<record>
  <date>2026-09-14T04:16:36.079581200Z</date>
  <millis>1789359396079</millis>
  <nanos>581200</nanos>
  <sequence>537</sequence>
  <level>INFO</level>
  <class>com.kms.katalon.core.logging.XmlKeywordLogger</class>
  <method>logMessage</method>
  <thread>1</thread>
  <message>Mengecek folder download: C:\Users\TTECH-0251\Downloads</message>
  <nestedLevel>1</nestedLevel>
  <escapedJava>false</escapedJava>
</record>
<record>
  <date>2026-09-14T04:16:36.082815500Z</date>
  <millis>1789359396082</millis>
  <nanos>815500</nanos>
  <sequence>538</sequence>
  <level>END</level>
  <class>com.kms.katalon.core.logging.XmlKeywordLogger</class>
  <method>endKeyword</method>
  <thread>1</thread>
  <message>End action : logInfo(&amp;quot;Mengecek folder download: &amp;quot; + downloadPath)</message>
  <nestedLevel>1</nestedLevel>
  <escapedJava>false</escapedJava>
</record>
<record>
  <date>2026-09-14T04:16:36.082815500Z</date>
  <millis>1789359396082</millis>
  <nanos>815500</nanos>
  <sequence>539</sequence>
  <level>START</level>
  <class>com.kms.katalon.core.logging.XmlKeywordLogger</class>
  <method>startKeyword</method>
  <thread>1</thread>
  <message>Start action : downloadedFile = null</message>
  <nestedLevel>1</nestedLevel>
  <escapedJava>false</escapedJava>
  <property name="startLine">209</property>
  <property name="stepIndex">13</property>
</record>
<record>
  <date>2026-09-14T04:16:36.084815200Z</date>
  <millis>1789359396084</millis>
  <nanos>815200</nanos>
  <sequence>540</sequence>
  <level>END</level>
  <class>com.kms.katalon.core.logging.XmlKeywordLogger</class>
  <method>endKeyword</method>
  <thread>1</thread>
  <message>End action : downloadedFile = null</message>
  <nestedLevel>1</nestedLevel>
  <escapedJava>false</escapedJava>
</record>
<record>
  <date>2026-09-14T04:16:36.084815200Z</date>
  <millis>1789359396084</millis>
  <nanos>815200</nanos>
  <sequence>541</sequence>
  <level>START</level>
  <class>com.kms.katalon.core.logging.XmlKeywordLogger</class>
  <method>startKeyword</method>
  <thread>1</thread>
  <message>Start action : for ([i = 0, i &amp;lt; 30, (i++)])</message>
  <nestedLevel>1</nestedLevel>
  <escapedJava>false</escapedJava>
  <property name="startLine">212</property>
  <property name="stepIndex">14</property>
</record>
<record>
  <date>2026-09-14T04:16:36.087846700Z</date>
  <millis>1789359396087</millis>
  <nanos>846700</nanos>
  <sequence>542</sequence>
  <level>START</level>
  <class>com.kms.katalon.core.logging.XmlKeywordLogger</class>
  <method>startKeyword</method>
  <thread>1</thread>
  <message>Start action : files = downloadFolder.listFiles()</message>
  <nestedLevel>2</nestedLevel>
  <escapedJava>false</escapedJava>
  <property name="startLine">214</property>
  <property name="stepIndex">1</property>
</record>
<record>
  <date>2026-09-14T04:16:36.092587400Z</date>
  <millis>1789359396092</millis>
  <nanos>587400</nanos>
  <sequence>543</sequence>
  <level>END</level>
  <class>com.kms.katalon.core.logging.XmlKeywordLogger</class>
  <method>endKeyword</method>
  <thread>1</thread>
  <message>End action : files = downloadFolder.listFiles()</message>
  <nestedLevel>2</nestedLevel>
  <escapedJava>false</escapedJava>
</record>
<record>
  <date>2026-09-14T04:16:36.093587600Z</date>
  <millis>1789359396093</millis>
  <nanos>587600</nanos>
  <sequence>544</sequence>
  <level>START</level>
  <class>com.kms.katalon.core.logging.XmlKeywordLogger</class>
  <method>startKeyword</method>
  <thread>1</thread>
  <message>Start action : if (files != null)</message>
  <nestedLevel>2</nestedLevel>
  <escapedJava>false</escapedJava>
  <property name="startLine">216</property>
  <property name="stepIndex">2</property>
</record>
<record>
  <date>2026-09-14T04:16:36.096319900Z</date>
  <millis>1789359396096</millis>
  <nanos>319900</nanos>
  <sequence>545</sequence>
  <level>START</level>
  <class>com.kms.katalon.core.logging.XmlKeywordLogger</class>
  <method>startKeyword</method>
  <thread>1</thread>
  <message>Start action : excelFiles = files.findAll({ java.io.File file -&amp;gt; ... })</message>
  <nestedLevel>3</nestedLevel>
  <escapedJava>false</escapedJava>
  <property name="startLine">218</property>
  <property name="stepIndex">1</property>
</record>
<record>
  <date>2026-09-14T04:16:36.130531800Z</date>
  <millis>1789359396130</millis>
  <nanos>531800</nanos>
  <sequence>546</sequence>
  <level>END</level>
  <class>com.kms.katalon.core.logging.XmlKeywordLogger</class>
  <method>endKeyword</method>
  <thread>1</thread>
  <message>End action : excelFiles = files.findAll({ java.io.File file -&amp;gt; ... })</message>
  <nestedLevel>3</nestedLevel>
  <escapedJava>false</escapedJava>
</record>
<record>
  <date>2026-09-14T04:16:36.130531800Z</date>
  <millis>1789359396130</millis>
  <nanos>531800</nanos>
  <sequence>547</sequence>
  <level>START</level>
  <class>com.kms.katalon.core.logging.XmlKeywordLogger</class>
  <method>startKeyword</method>
  <thread>1</thread>
  <message>Start action : if (!(excelFiles.isEmpty()))</message>
  <nestedLevel>3</nestedLevel>
  <escapedJava>false</escapedJava>
  <property name="startLine">227</property>
  <property name="stepIndex">2</property>
</record>
<record>
  <date>2026-09-14T04:16:36.137666700Z</date>
  <millis>1789359396137</millis>
  <nanos>666700</nanos>
  <sequence>548</sequence>
  <level>START</level>
  <class>com.kms.katalon.core.logging.XmlKeywordLogger</class>
  <method>startKeyword</method>
  <thread>1</thread>
  <message>Start action : downloadedFile = excelFiles.max({ -&amp;gt; ... })</message>
  <nestedLevel>4</nestedLevel>
  <escapedJava>false</escapedJava>
  <property name="startLine">230</property>
  <property name="stepIndex">1</property>
</record>
<record>
  <date>2026-09-14T04:16:36.150213Z</date>
  <millis>1789359396150</millis>
  <nanos>213000</nanos>
  <sequence>549</sequence>
  <level>END</level>
  <class>com.kms.katalon.core.logging.XmlKeywordLogger</class>
  <method>endKeyword</method>
  <thread>1</thread>
  <message>End action : downloadedFile = excelFiles.max({ -&amp;gt; ... })</message>
  <nestedLevel>4</nestedLevel>
  <escapedJava>false</escapedJava>
</record>
<record>
  <date>2026-09-14T04:16:36.152741500Z</date>
  <millis>1789359396152</millis>
  <nanos>741500</nanos>
  <sequence>550</sequence>
  <level>START</level>
  <class>com.kms.katalon.core.logging.XmlKeywordLogger</class>
  <method>startKeyword</method>
  <thread>1</thread>
  <message>Start action : logInfo(&amp;quot;File Excel ditemukan: &amp;quot; + absolutePath)</message>
  <nestedLevel>4</nestedLevel>
  <escapedJava>false</escapedJava>
  <property name="startLine">234</property>
  <property name="stepIndex">2</property>
</record>
<record>
  <date>2026-09-14T04:16:36.155731800Z</date>
  <millis>1789359396155</millis>
  <nanos>731800</nanos>
  <sequence>551</sequence>
  <level>INFO</level>
  <class>com.kms.katalon.core.logging.XmlKeywordLogger</class>
  <method>logMessage</method>
  <thread>1</thread>
  <message>File Excel ditemukan: C:\Users\TTECH-0251\Downloads\Report FBI Detail (2).xlsx</message>
  <nestedLevel>1</nestedLevel>
  <escapedJava>false</escapedJava>
</record>
<record>
  <date>2026-09-14T04:16:36.158316200Z</date>
  <millis>1789359396158</millis>
  <nanos>316200</nanos>
  <sequence>552</sequence>
  <level>END</level>
  <class>com.kms.katalon.core.logging.XmlKeywordLogger</class>
  <method>endKeyword</method>
  <thread>1</thread>
  <message>End action : logInfo(&amp;quot;File Excel ditemukan: &amp;quot; + absolutePath)</message>
  <nestedLevel>4</nestedLevel>
  <escapedJava>false</escapedJava>
</record>
<record>
  <date>2026-09-14T04:16:36.159185Z</date>
  <millis>1789359396159</millis>
  <nanos>185000</nanos>
  <sequence>553</sequence>
  <level>START</level>
  <class>com.kms.katalon.core.logging.XmlKeywordLogger</class>
  <method>startKeyword</method>
  <thread>1</thread>
  <message>Start action : break</message>
  <nestedLevel>4</nestedLevel>
  <escapedJava>false</escapedJava>
  <property name="startLine">239</property>
  <property name="stepIndex">3</property>
</record>
<record>
  <date>2026-09-14T04:16:36.160714Z</date>
  <millis>1789359396160</millis>
  <nanos>714000</nanos>
  <sequence>554</sequence>
  <level>END</level>
  <class>com.kms.katalon.core.logging.XmlKeywordLogger</class>
  <method>endKeyword</method>
  <thread>1</thread>
  <message>End action : break</message>
  <nestedLevel>4</nestedLevel>
  <escapedJava>false</escapedJava>
</record>
<record>
  <date>2026-09-14T04:16:36.161738300Z</date>
  <millis>1789359396161</millis>
  <nanos>738300</nanos>
  <sequence>555</sequence>
  <level>END</level>
  <class>com.kms.katalon.core.logging.XmlKeywordLogger</class>
  <method>endKeyword</method>
  <thread>1</thread>
  <message>End action : if (!(excelFiles.isEmpty()))</message>
  <nestedLevel>3</nestedLevel>
  <escapedJava>false</escapedJava>
</record>
<record>
  <date>2026-09-14T04:16:36.161738300Z</date>
  <millis>1789359396161</millis>
  <nanos>738300</nanos>
  <sequence>556</sequence>
  <level>END</level>
  <class>com.kms.katalon.core.logging.XmlKeywordLogger</class>
  <method>endKeyword</method>
  <thread>1</thread>
  <message>End action : if (files != null)</message>
  <nestedLevel>2</nestedLevel>
  <escapedJava>false</escapedJava>
</record>
<record>
  <date>2026-09-14T04:16:36.162745300Z</date>
  <millis>1789359396162</millis>
  <nanos>745300</nanos>
  <sequence>557</sequence>
  <level>END</level>
  <class>com.kms.katalon.core.logging.XmlKeywordLogger</class>
  <method>endKeyword</method>
  <thread>1</thread>
  <message>End action : for ([i = 0, i &amp;lt; 30, (i++)])</message>
  <nestedLevel>1</nestedLevel>
  <escapedJava>false</escapedJava>
</record>
<record>
  <date>2026-09-14T04:16:36.163066200Z</date>
  <millis>1789359396163</millis>
  <nanos>66200</nanos>
  <sequence>558</sequence>
  <level>START</level>
  <class>com.kms.katalon.core.logging.XmlKeywordLogger</class>
  <method>startKeyword</method>
  <thread>1</thread>
  <message>Start action : if (downloadedFile == null)</message>
  <nestedLevel>1</nestedLevel>
  <escapedJava>false</escapedJava>
  <property name="startLine">255</property>
  <property name="stepIndex">15</property>
</record>
<record>
  <date>2026-09-14T04:16:36.165154600Z</date>
  <millis>1789359396165</millis>
  <nanos>154600</nanos>
  <sequence>559</sequence>
  <level>END</level>
  <class>com.kms.katalon.core.logging.XmlKeywordLogger</class>
  <method>endKeyword</method>
  <thread>1</thread>
  <message>End action : if (downloadedFile == null)</message>
  <nestedLevel>1</nestedLevel>
  <escapedJava>false</escapedJava>
</record>
<record>
  <date>2026-09-14T04:16:36.165154600Z</date>
  <millis>1789359396165</millis>
  <nanos>154600</nanos>
  <sequence>560</sequence>
  <level>START</level>
  <class>com.kms.katalon.core.logging.XmlKeywordLogger</class>
  <method>startKeyword</method>
  <thread>1</thread>
  <message>Start action : else</message>
  <nestedLevel>1</nestedLevel>
  <escapedJava>false</escapedJava>
  <property name="startLine">262</property>
  <property name="stepIndex">16</property>
</record>
<record>
  <date>2026-09-14T04:16:36.167300800Z</date>
  <millis>1789359396167</millis>
  <nanos>300800</nanos>
  <sequence>561</sequence>
  <level>START</level>
  <class>com.kms.katalon.core.logging.XmlKeywordLogger</class>
  <method>startKeyword</method>
  <thread>1</thread>
  <message>Start action : logInfo(&amp;quot;Download Excel berhasil: &amp;quot; + absolutePath)</message>
  <nestedLevel>2</nestedLevel>
  <escapedJava>false</escapedJava>
  <property name="startLine">264</property>
  <property name="stepIndex">1</property>
</record>
<record>
  <date>2026-09-14T04:16:36.171075600Z</date>
  <millis>1789359396171</millis>
  <nanos>75600</nanos>
  <sequence>562</sequence>
  <level>INFO</level>
  <class>com.kms.katalon.core.logging.XmlKeywordLogger</class>
  <method>logMessage</method>
  <thread>1</thread>
  <message>Download Excel berhasil: C:\Users\TTECH-0251\Downloads\Report FBI Detail (2).xlsx</message>
  <nestedLevel>1</nestedLevel>
  <escapedJava>false</escapedJava>
</record>
<record>
  <date>2026-09-14T04:16:36.173775800Z</date>
  <millis>1789359396173</millis>
  <nanos>775800</nanos>
  <sequence>563</sequence>
  <level>END</level>
  <class>com.kms.katalon.core.logging.XmlKeywordLogger</class>
  <method>endKeyword</method>
  <thread>1</thread>
  <message>End action : logInfo(&amp;quot;Download Excel berhasil: &amp;quot; + absolutePath)</message>
  <nestedLevel>2</nestedLevel>
  <escapedJava>false</escapedJava>
</record>
<record>
  <date>2026-09-14T04:16:36.174775100Z</date>
  <millis>1789359396174</millis>
  <nanos>775100</nanos>
  <sequence>564</sequence>
  <level>START</level>
  <class>com.kms.katalon.core.logging.XmlKeywordLogger</class>
  <method>startKeyword</method>
  <thread>1</thread>
  <message>Start action : logInfo(&amp;quot;Nama file: &amp;quot; + name)</message>
  <nestedLevel>2</nestedLevel>
  <escapedJava>false</escapedJava>
  <property name="startLine">269</property>
  <property name="stepIndex">2</property>
</record>
<record>
  <date>2026-09-14T04:16:36.176841400Z</date>
  <millis>1789359396176</millis>
  <nanos>841400</nanos>
  <sequence>565</sequence>
  <level>INFO</level>
  <class>com.kms.katalon.core.logging.XmlKeywordLogger</class>
  <method>logMessage</method>
  <thread>1</thread>
  <message>Nama file: Report FBI Detail (2).xlsx</message>
  <nestedLevel>1</nestedLevel>
  <escapedJava>false</escapedJava>
</record>
<record>
  <date>2026-09-14T04:16:36.178778600Z</date>
  <millis>1789359396178</millis>
  <nanos>778600</nanos>
  <sequence>566</sequence>
  <level>END</level>
  <class>com.kms.katalon.core.logging.XmlKeywordLogger</class>
  <method>endKeyword</method>
  <thread>1</thread>
  <message>End action : logInfo(&amp;quot;Nama file: &amp;quot; + name)</message>
  <nestedLevel>2</nestedLevel>
  <escapedJava>false</escapedJava>
</record>
<record>
  <date>2026-09-14T04:16:36.178778600Z</date>
  <millis>1789359396178</millis>
  <nanos>778600</nanos>
  <sequence>567</sequence>
  <level>START</level>
  <class>com.kms.katalon.core.logging.XmlKeywordLogger</class>
  <method>startKeyword</method>
  <thread>1</thread>
  <message>Start action : logInfo(&amp;quot;Ukuran file: &amp;quot; + downloadedFile.length() + &amp;quot; bytes&amp;quot;)</message>
  <nestedLevel>2</nestedLevel>
  <escapedJava>false</escapedJava>
  <property name="startLine">274</property>
  <property name="stepIndex">3</property>
</record>
<record>
  <date>2026-09-14T04:16:36.182779900Z</date>
  <millis>1789359396182</millis>
  <nanos>779900</nanos>
  <sequence>568</sequence>
  <level>INFO</level>
  <class>com.kms.katalon.core.logging.XmlKeywordLogger</class>
  <method>logMessage</method>
  <thread>1</thread>
  <message>Ukuran file: 7167 bytes</message>
  <nestedLevel>1</nestedLevel>
  <escapedJava>false</escapedJava>
</record>
<record>
  <date>2026-09-14T04:16:36.186013200Z</date>
  <millis>1789359396186</millis>
  <nanos>13200</nanos>
  <sequence>569</sequence>
  <level>END</level>
  <class>com.kms.katalon.core.logging.XmlKeywordLogger</class>
  <method>endKeyword</method>
  <thread>1</thread>
  <message>End action : logInfo(&amp;quot;Ukuran file: &amp;quot; + downloadedFile.length() + &amp;quot; bytes&amp;quot;)</message>
  <nestedLevel>2</nestedLevel>
  <escapedJava>false</escapedJava>
</record>
<record>
  <date>2026-09-14T04:16:36.187017400Z</date>
  <millis>1789359396187</millis>
  <nanos>17400</nanos>
  <sequence>570</sequence>
  <level>END</level>
  <class>com.kms.katalon.core.logging.XmlKeywordLogger</class>
  <method>endKeyword</method>
  <thread>1</thread>
  <message>End action : else</message>
  <nestedLevel>1</nestedLevel>
  <escapedJava>false</escapedJava>
</record>
<record>
  <date>2026-09-14T04:16:36.187514300Z</date>
  <millis>1789359396187</millis>
  <nanos>514300</nanos>
  <sequence>571</sequence>
  <level>START</level>
  <class>com.kms.katalon.core.logging.XmlKeywordLogger</class>
  <method>startKeyword</method>
  <thread>1</thread>
  <message>Start action : comment(&amp;quot;Membuka file Excel/WPS...&amp;quot;)</message>
  <nestedLevel>1</nestedLevel>
  <escapedJava>false</escapedJava>
  <property name="startLine">286</property>
  <property name="stepIndex">17</property>
</record>
<record>
  <date>2026-09-14T04:16:36.192593Z</date>
  <millis>1789359396192</millis>
  <nanos>593000</nanos>
  <sequence>573</sequence>
  <level>INFO</level>
  <class>com.kms.katalon.core.logging.XmlKeywordLogger</class>
  <method>logMessage</method>
  <thread>1</thread>
  <message>Membuka file Excel/WPS...</message>
  <nestedLevel>1</nestedLevel>
  <escapedJava>false</escapedJava>
</record>
<record>
  <date>2026-09-14T04:16:36.194586100Z</date>
  <millis>1789359396194</millis>
  <nanos>586100</nanos>
  <sequence>574</sequence>
  <level>END</level>
  <class>com.kms.katalon.core.logging.XmlKeywordLogger</class>
  <method>endKeyword</method>
  <thread>1</thread>
  <message>End action : comment(&amp;quot;Membuka file Excel/WPS...&amp;quot;)</message>
  <nestedLevel>1</nestedLevel>
  <escapedJava>false</escapedJava>
</record>
<record>
  <date>2026-09-14T04:16:36.195585700Z</date>
  <millis>1789359396195</millis>
  <nanos>585700</nanos>
  <sequence>575</sequence>
  <level>START</level>
  <class>com.kms.katalon.core.logging.XmlKeywordLogger</class>
  <method>startKeyword</method>
  <thread>1</thread>
  <message>Start action : excelPath = absolutePath</message>
  <nestedLevel>1</nestedLevel>
  <escapedJava>false</escapedJava>
  <property name="startLine">288</property>
  <property name="stepIndex">18</property>
</record>
<record>
  <date>2026-09-14T04:16:36.198586300Z</date>
  <millis>1789359396198</millis>
  <nanos>586300</nanos>
  <sequence>576</sequence>
  <level>END</level>
  <class>com.kms.katalon.core.logging.XmlKeywordLogger</class>
  <method>endKeyword</method>
  <thread>1</thread>
  <message>End action : excelPath = absolutePath</message>
  <nestedLevel>1</nestedLevel>
  <escapedJava>false</escapedJava>
</record>
<record>
  <date>2026-09-14T04:16:36.198586300Z</date>
  <millis>1789359396198</millis>
  <nanos>586300</nanos>
  <sequence>577</sequence>
  <level>START</level>
  <class>com.kms.katalon.core.logging.XmlKeywordLogger</class>
  <method>startKeyword</method>
  <thread>1</thread>
  <message>Start action : excelProcess = ProcessBuilder(cmd, /c, start, , excelPath).start()</message>
  <nestedLevel>1</nestedLevel>
  <escapedJava>false</escapedJava>
  <property name="startLine">290</property>
  <property name="stepIndex">19</property>
</record>
<record>
  <date>2026-09-14T04:16:36.282335Z</date>
  <millis>1789359396282</millis>
  <nanos>335000</nanos>
  <sequence>578</sequence>
  <level>END</level>
  <class>com.kms.katalon.core.logging.XmlKeywordLogger</class>
  <method>endKeyword</method>
  <thread>1</thread>
  <message>End action : excelProcess = ProcessBuilder(cmd, /c, start, , excelPath).start()</message>
  <nestedLevel>1</nestedLevel>
  <escapedJava>false</escapedJava>
</record>
<record>
  <date>2026-09-14T04:16:36.284328200Z</date>
  <millis>1789359396284</millis>
  <nanos>328200</nanos>
  <sequence>579</sequence>
  <level>START</level>
  <class>com.kms.katalon.core.logging.XmlKeywordLogger</class>
  <method>startKeyword</method>
  <thread>1</thread>
  <message>Start action : delay(10)</message>
  <nestedLevel>1</nestedLevel>
  <escapedJava>false</escapedJava>
  <property name="startLine">298</property>
  <property name="stepIndex">20</property>
</record>
<record>
  <date>2026-09-14T04:16:46.301127700Z</date>
  <millis>1789359406301</millis>
  <nanos>127700</nanos>
  <sequence>582</sequence>
  <level>PASSED</level>
  <class>com.kms.katalon.core.logging.XmlKeywordLogger</class>
  <method>logMessage</method>
  <thread>1</thread>
  <message>Delayed 10 second(s)</message>
  <nestedLevel>1</nestedLevel>
  <escapedJava>false</escapedJava>
  <property name="testops-method-name">com.kms.katalon.core.keyword.builtin.DelayKeyword.delay</property>
  <property name="testops-execution-stacktrace"></property>
</record>
<record>
  <date>2026-09-14T04:16:46.303392800Z</date>
  <millis>1789359406303</millis>
  <nanos>392800</nanos>
  <sequence>583</sequence>
  <level>END</level>
  <class>com.kms.katalon.core.logging.XmlKeywordLogger</class>
  <method>endKeyword</method>
  <thread>1</thread>
  <message>End action : delay(10)</message>
  <nestedLevel>1</nestedLevel>
  <escapedJava>false</escapedJava>
</record>
<record>
  <date>2026-09-14T04:16:46.303392800Z</date>
  <millis>1789359406303</millis>
  <nanos>392800</nanos>
  <sequence>584</sequence>
  <level>START</level>
  <class>com.kms.katalon.core.logging.XmlKeywordLogger</class>
  <method>startKeyword</method>
  <thread>1</thread>
  <message>Start action : comment(&amp;quot;Menunggu window Excel/WPS aktif...&amp;quot;)</message>
  <nestedLevel>1</nestedLevel>
  <escapedJava>false</escapedJava>
  <property name="startLine">305</property>
  <property name="stepIndex">21</property>
</record>
<record>
  <date>2026-09-14T04:16:46.308629500Z</date>
  <millis>1789359406308</millis>
  <nanos>629500</nanos>
  <sequence>586</sequence>
  <level>INFO</level>
  <class>com.kms.katalon.core.logging.XmlKeywordLogger</class>
  <method>logMessage</method>
  <thread>1</thread>
  <message>Menunggu window Excel/WPS aktif...</message>
  <nestedLevel>1</nestedLevel>
  <escapedJava>false</escapedJava>
</record>
<record>
  <date>2026-09-14T04:16:46.311775600Z</date>
  <millis>1789359406311</millis>
  <nanos>775600</nanos>
  <sequence>587</sequence>
  <level>END</level>
  <class>com.kms.katalon.core.logging.XmlKeywordLogger</class>
  <method>endKeyword</method>
  <thread>1</thread>
  <message>End action : comment(&amp;quot;Menunggu window Excel/WPS aktif...&amp;quot;)</message>
  <nestedLevel>1</nestedLevel>
  <escapedJava>false</escapedJava>
</record>
<record>
  <date>2026-09-14T04:16:46.312780600Z</date>
  <millis>1789359406312</millis>
  <nanos>780600</nanos>
  <sequence>588</sequence>
  <level>START</level>
  <class>com.kms.katalon.core.logging.XmlKeywordLogger</class>
  <method>startKeyword</method>
  <thread>1</thread>
  <message>Start action : activateProcess = MainWindowHandle)
    }
    ).start()</message>
  <nestedLevel>1</nestedLevel>
  <escapedJava>false</escapedJava>
  <property name="startLine">307</property>
  <property name="stepIndex">22</property>
</record>
<record>
  <date>2026-09-14T04:16:46.367984200Z</date>
  <millis>1789359406367</millis>
  <nanos>984200</nanos>
  <sequence>589</sequence>
  <level>END</level>
  <class>com.kms.katalon.core.logging.XmlKeywordLogger</class>
  <method>endKeyword</method>
  <thread>1</thread>
  <message>End action : activateProcess = MainWindowHandle)
    }
    ).start()</message>
  <nestedLevel>1</nestedLevel>
  <escapedJava>false</escapedJava>
</record>
<record>
  <date>2026-09-14T04:16:46.367984200Z</date>
  <millis>1789359406367</millis>
  <nanos>984200</nanos>
  <sequence>590</sequence>
  <level>START</level>
  <class>com.kms.katalon.core.logging.XmlKeywordLogger</class>
  <method>startKeyword</method>
  <thread>1</thread>
  <message>Start action : activateProcess.waitFor()</message>
  <nestedLevel>1</nestedLevel>
  <escapedJava>false</escapedJava>
  <property name="startLine">340</property>
  <property name="stepIndex">23</property>
</record>
<record>
  <date>2026-09-14T04:16:48.879534600Z</date>
  <millis>1789359408879</millis>
  <nanos>534600</nanos>
  <sequence>591</sequence>
  <level>END</level>
  <class>com.kms.katalon.core.logging.XmlKeywordLogger</class>
  <method>endKeyword</method>
  <thread>1</thread>
  <message>End action : activateProcess.waitFor()</message>
  <nestedLevel>1</nestedLevel>
  <escapedJava>false</escapedJava>
</record>
<record>
  <date>2026-09-14T04:16:48.880533500Z</date>
  <millis>1789359408880</millis>
  <nanos>533500</nanos>
  <sequence>592</sequence>
  <level>START</level>
  <class>com.kms.katalon.core.logging.XmlKeywordLogger</class>
  <method>startKeyword</method>
  <thread>1</thread>
  <message>Start action : delay(3)</message>
  <nestedLevel>1</nestedLevel>
  <escapedJava>false</escapedJava>
  <property name="startLine">342</property>
  <property name="stepIndex">24</property>
</record>
<record>
  <date>2026-09-14T04:16:51.886787600Z</date>
  <millis>1789359411886</millis>
  <nanos>787600</nanos>
  <sequence>595</sequence>
  <level>PASSED</level>
  <class>com.kms.katalon.core.logging.XmlKeywordLogger</class>
  <method>logMessage</method>
  <thread>1</thread>
  <message>Delayed 3 second(s)</message>
  <nestedLevel>1</nestedLevel>
  <escapedJava>false</escapedJava>
  <property name="testops-method-name">com.kms.katalon.core.keyword.builtin.DelayKeyword.delay</property>
  <property name="testops-execution-stacktrace"></property>
</record>
<record>
  <date>2026-09-14T04:16:51.890333Z</date>
  <millis>1789359411890</millis>
  <nanos>333000</nanos>
  <sequence>596</sequence>
  <level>END</level>
  <class>com.kms.katalon.core.logging.XmlKeywordLogger</class>
  <method>endKeyword</method>
  <thread>1</thread>
  <message>End action : delay(3)</message>
  <nestedLevel>1</nestedLevel>
  <escapedJava>false</escapedJava>
</record>
<record>
  <date>2026-09-14T04:16:51.891376900Z</date>
  <millis>1789359411891</millis>
  <nanos>376900</nanos>
  <sequence>597</sequence>
  <level>START</level>
  <class>com.kms.katalon.core.logging.XmlKeywordLogger</class>
  <method>startKeyword</method>
  <thread>1</thread>
  <message>Start action : comment(&amp;quot;==============================================&amp;quot;)</message>
  <nestedLevel>1</nestedLevel>
  <escapedJava>false</escapedJava>
  <property name="startLine">349</property>
  <property name="stepIndex">25</property>
</record>
<record>
  <date>2026-09-14T04:16:51.897413200Z</date>
  <millis>1789359411897</millis>
  <nanos>413200</nanos>
  <sequence>599</sequence>
  <level>INFO</level>
  <class>com.kms.katalon.core.logging.XmlKeywordLogger</class>
  <method>logMessage</method>
  <thread>1</thread>
  <message>==============================================</message>
  <nestedLevel>1</nestedLevel>
  <escapedJava>false</escapedJava>
</record>
<record>
  <date>2026-09-14T04:16:51.899409900Z</date>
  <millis>1789359411899</millis>
  <nanos>409900</nanos>
  <sequence>600</sequence>
  <level>END</level>
  <class>com.kms.katalon.core.logging.XmlKeywordLogger</class>
  <method>endKeyword</method>
  <thread>1</thread>
  <message>End action : comment(&amp;quot;==============================================&amp;quot;)</message>
  <nestedLevel>1</nestedLevel>
  <escapedJava>false</escapedJava>
</record>
<record>
  <date>2026-09-14T04:16:51.900424800Z</date>
  <millis>1789359411900</millis>
  <nanos>424800</nanos>
  <sequence>601</sequence>
  <level>START</level>
  <class>com.kms.katalon.core.logging.XmlKeywordLogger</class>
  <method>startKeyword</method>
  <thread>1</thread>
  <message>Start action : comment(&amp;quot;MULAI SCREENSHOT WINDOW WPS / EXCEL&amp;quot;)</message>
  <nestedLevel>1</nestedLevel>
  <escapedJava>false</escapedJava>
  <property name="startLine">350</property>
  <property name="stepIndex">26</property>
</record>
<record>
  <date>2026-09-14T04:16:51.905551400Z</date>
  <millis>1789359411905</millis>
  <nanos>551400</nanos>
  <sequence>603</sequence>
  <level>INFO</level>
  <class>com.kms.katalon.core.logging.XmlKeywordLogger</class>
  <method>logMessage</method>
  <thread>1</thread>
  <message>MULAI SCREENSHOT WINDOW WPS / EXCEL</message>
  <nestedLevel>1</nestedLevel>
  <escapedJava>false</escapedJava>
</record>
<record>
  <date>2026-09-14T04:16:51.907842900Z</date>
  <millis>1789359411907</millis>
  <nanos>842900</nanos>
  <sequence>604</sequence>
  <level>END</level>
  <class>com.kms.katalon.core.logging.XmlKeywordLogger</class>
  <method>endKeyword</method>
  <thread>1</thread>
  <message>End action : comment(&amp;quot;MULAI SCREENSHOT WINDOW WPS / EXCEL&amp;quot;)</message>
  <nestedLevel>1</nestedLevel>
  <escapedJava>false</escapedJava>
</record>
<record>
  <date>2026-09-14T04:16:51.907842900Z</date>
  <millis>1789359411907</millis>
  <nanos>842900</nanos>
  <sequence>605</sequence>
  <level>START</level>
  <class>com.kms.katalon.core.logging.XmlKeywordLogger</class>
  <method>startKeyword</method>
  <thread>1</thread>
  <message>Start action : comment(&amp;quot;==============================================&amp;quot;)</message>
  <nestedLevel>1</nestedLevel>
  <escapedJava>false</escapedJava>
  <property name="startLine">351</property>
  <property name="stepIndex">27</property>
</record>
<record>
  <date>2026-09-14T04:16:51.913231700Z</date>
  <millis>1789359411913</millis>
  <nanos>231700</nanos>
  <sequence>607</sequence>
  <level>INFO</level>
  <class>com.kms.katalon.core.logging.XmlKeywordLogger</class>
  <method>logMessage</method>
  <thread>1</thread>
  <message>==============================================</message>
  <nestedLevel>1</nestedLevel>
  <escapedJava>false</escapedJava>
</record>
<record>
  <date>2026-09-14T04:16:51.915232400Z</date>
  <millis>1789359411915</millis>
  <nanos>232400</nanos>
  <sequence>608</sequence>
  <level>END</level>
  <class>com.kms.katalon.core.logging.XmlKeywordLogger</class>
  <method>endKeyword</method>
  <thread>1</thread>
  <message>End action : comment(&amp;quot;==============================================&amp;quot;)</message>
  <nestedLevel>1</nestedLevel>
  <escapedJava>false</escapedJava>
</record>
<record>
  <date>2026-09-14T04:16:51.915232400Z</date>
  <millis>1789359411915</millis>
  <nanos>232400</nanos>
  <sequence>609</sequence>
  <level>START</level>
  <class>com.kms.katalon.core.logging.XmlKeywordLogger</class>
  <method>startKeyword</method>
  <thread>1</thread>
  <message>Start action : if (downloadedFile == null)</message>
  <nestedLevel>1</nestedLevel>
  <escapedJava>false</escapedJava>
  <property name="startLine">357</property>
  <property name="stepIndex">28</property>
</record>
<record>
  <date>2026-09-14T04:16:51.917390100Z</date>
  <millis>1789359411917</millis>
  <nanos>390100</nanos>
  <sequence>610</sequence>
  <level>END</level>
  <class>com.kms.katalon.core.logging.XmlKeywordLogger</class>
  <method>endKeyword</method>
  <thread>1</thread>
  <message>End action : if (downloadedFile == null)</message>
  <nestedLevel>1</nestedLevel>
  <escapedJava>false</escapedJava>
</record>
<record>
  <date>2026-09-14T04:16:51.917390100Z</date>
  <millis>1789359411917</millis>
  <nanos>390100</nanos>
  <sequence>611</sequence>
  <level>START</level>
  <class>com.kms.katalon.core.logging.XmlKeywordLogger</class>
  <method>startKeyword</method>
  <thread>1</thread>
  <message>Start action : if (!(downloadedFile.exists()))</message>
  <nestedLevel>1</nestedLevel>
  <escapedJava>false</escapedJava>
  <property name="startLine">366</property>
  <property name="stepIndex">29</property>
</record>
<record>
  <date>2026-09-14T04:16:51.921328100Z</date>
  <millis>1789359411921</millis>
  <nanos>328100</nanos>
  <sequence>612</sequence>
  <level>END</level>
  <class>com.kms.katalon.core.logging.XmlKeywordLogger</class>
  <method>endKeyword</method>
  <thread>1</thread>
  <message>End action : if (!(downloadedFile.exists()))</message>
  <nestedLevel>1</nestedLevel>
  <escapedJava>false</escapedJava>
</record>
<record>
  <date>2026-09-14T04:16:51.922322200Z</date>
  <millis>1789359411922</millis>
  <nanos>322200</nanos>
  <sequence>613</sequence>
  <level>START</level>
  <class>com.kms.katalon.core.logging.XmlKeywordLogger</class>
  <method>startKeyword</method>
  <thread>1</thread>
  <message>Start action : comment(&amp;quot;File download: &amp;quot; + absolutePath)</message>
  <nestedLevel>1</nestedLevel>
  <escapedJava>false</escapedJava>
  <property name="startLine">376</property>
  <property name="stepIndex">30</property>
</record>
<record>
  <date>2026-09-14T04:16:51.952522800Z</date>
  <millis>1789359411952</millis>
  <nanos>522800</nanos>
  <sequence>615</sequence>
  <level>INFO</level>
  <class>com.kms.katalon.core.logging.XmlKeywordLogger</class>
  <method>logMessage</method>
  <thread>1</thread>
  <message>File download: C:\Users\TTECH-0251\Downloads\Report FBI Detail (2).xlsx</message>
  <nestedLevel>1</nestedLevel>
  <escapedJava>false</escapedJava>
</record>
<record>
  <date>2026-09-14T04:16:51.958266800Z</date>
  <millis>1789359411958</millis>
  <nanos>266800</nanos>
  <sequence>616</sequence>
  <level>END</level>
  <class>com.kms.katalon.core.logging.XmlKeywordLogger</class>
  <method>endKeyword</method>
  <thread>1</thread>
  <message>End action : comment(&amp;quot;File download: &amp;quot; + absolutePath)</message>
  <nestedLevel>1</nestedLevel>
  <escapedJava>false</escapedJava>
</record>
<record>
  <date>2026-09-14T04:16:51.958771300Z</date>
  <millis>1789359411958</millis>
  <nanos>771300</nanos>
  <sequence>617</sequence>
  <level>START</level>
  <class>com.kms.katalon.core.logging.XmlKeywordLogger</class>
  <method>startKeyword</method>
  <thread>1</thread>
  <message>Start action : comment(&amp;quot;Nama file: &amp;quot; + name)</message>
  <nestedLevel>1</nestedLevel>
  <escapedJava>false</escapedJava>
  <property name="startLine">381</property>
  <property name="stepIndex">31</property>
</record>
<record>
  <date>2026-09-14T04:16:51.966700800Z</date>
  <millis>1789359411966</millis>
  <nanos>700800</nanos>
  <sequence>619</sequence>
  <level>INFO</level>
  <class>com.kms.katalon.core.logging.XmlKeywordLogger</class>
  <method>logMessage</method>
  <thread>1</thread>
  <message>Nama file: Report FBI Detail (2).xlsx</message>
  <nestedLevel>1</nestedLevel>
  <escapedJava>false</escapedJava>
</record>
<record>
  <date>2026-09-14T04:16:51.968329Z</date>
  <millis>1789359411968</millis>
  <nanos>329000</nanos>
  <sequence>620</sequence>
  <level>END</level>
  <class>com.kms.katalon.core.logging.XmlKeywordLogger</class>
  <method>endKeyword</method>
  <thread>1</thread>
  <message>End action : comment(&amp;quot;Nama file: &amp;quot; + name)</message>
  <nestedLevel>1</nestedLevel>
  <escapedJava>false</escapedJava>
</record>
<record>
  <date>2026-09-14T04:16:51.968329Z</date>
  <millis>1789359411968</millis>
  <nanos>329000</nanos>
  <sequence>621</sequence>
  <level>START</level>
  <class>com.kms.katalon.core.logging.XmlKeywordLogger</class>
  <method>startKeyword</method>
  <thread>1</thread>
  <message>Start action : excelFileNameForPS = name.replace(&amp;quot;&amp;apos;&amp;quot;, &amp;quot;&amp;apos;&amp;apos;&amp;quot;)</message>
  <nestedLevel>1</nestedLevel>
  <escapedJava>false</escapedJava>
  <property name="startLine">391</property>
  <property name="stepIndex">32</property>
</record>
<record>
  <date>2026-09-14T04:16:51.972779400Z</date>
  <millis>1789359411972</millis>
  <nanos>779400</nanos>
  <sequence>622</sequence>
  <level>END</level>
  <class>com.kms.katalon.core.logging.XmlKeywordLogger</class>
  <method>endKeyword</method>
  <thread>1</thread>
  <message>End action : excelFileNameForPS = name.replace(&amp;quot;&amp;apos;&amp;quot;, &amp;quot;&amp;apos;&amp;apos;&amp;quot;)</message>
  <nestedLevel>1</nestedLevel>
  <escapedJava>false</escapedJava>
</record>
<record>
  <date>2026-09-14T04:16:51.973278600Z</date>
  <millis>1789359411973</millis>
  <nanos>278600</nanos>
  <sequence>623</sequence>
  <level>START</level>
  <class>com.kms.katalon.core.logging.XmlKeywordLogger</class>
  <method>startKeyword</method>
  <thread>1</thread>
  <message>Start action : screenshotDirPath = $projectDir\Screenshots\EVIDENCE_POSITIVE_Excel</message>
  <nestedLevel>1</nestedLevel>
  <escapedJava>false</escapedJava>
  <property name="startLine">399</property>
  <property name="stepIndex">33</property>
</record>
<record>
  <date>2026-09-14T04:16:51.974107200Z</date>
  <millis>1789359411974</millis>
  <nanos>107200</nanos>
  <sequence>624</sequence>
  <level>END</level>
  <class>com.kms.katalon.core.logging.XmlKeywordLogger</class>
  <method>endKeyword</method>
  <thread>1</thread>
  <message>End action : screenshotDirPath = $projectDir\Screenshots\EVIDENCE_POSITIVE_Excel</message>
  <nestedLevel>1</nestedLevel>
  <escapedJava>false</escapedJava>
</record>
<record>
  <date>2026-09-14T04:16:51.974107200Z</date>
  <millis>1789359411974</millis>
  <nanos>107200</nanos>
  <sequence>625</sequence>
  <level>START</level>
  <class>com.kms.katalon.core.logging.XmlKeywordLogger</class>
  <method>startKeyword</method>
  <thread>1</thread>
  <message>Start action : screenshotDir = new java.io.File(screenshotDirPath)</message>
  <nestedLevel>1</nestedLevel>
  <escapedJava>false</escapedJava>
  <property name="startLine">402</property>
  <property name="stepIndex">34</property>
</record>
<record>
  <date>2026-09-14T04:16:51.974107200Z</date>
  <millis>1789359411974</millis>
  <nanos>107200</nanos>
  <sequence>626</sequence>
  <level>END</level>
  <class>com.kms.katalon.core.logging.XmlKeywordLogger</class>
  <method>endKeyword</method>
  <thread>1</thread>
  <message>End action : screenshotDir = new java.io.File(screenshotDirPath)</message>
  <nestedLevel>1</nestedLevel>
  <escapedJava>false</escapedJava>
</record>
<record>
  <date>2026-09-14T04:16:51.974107200Z</date>
  <millis>1789359411974</millis>
  <nanos>107200</nanos>
  <sequence>627</sequence>
  <level>START</level>
  <class>com.kms.katalon.core.logging.XmlKeywordLogger</class>
  <method>startKeyword</method>
  <thread>1</thread>
  <message>Start action : if (!(screenshotDir.exists()))</message>
  <nestedLevel>1</nestedLevel>
  <escapedJava>false</escapedJava>
  <property name="startLine">405</property>
  <property name="stepIndex">35</property>
</record>
<record>
  <date>2026-09-14T04:16:51.981931900Z</date>
  <millis>1789359411981</millis>
  <nanos>931900</nanos>
  <sequence>628</sequence>
  <level>END</level>
  <class>com.kms.katalon.core.logging.XmlKeywordLogger</class>
  <method>endKeyword</method>
  <thread>1</thread>
  <message>End action : if (!(screenshotDir.exists()))</message>
  <nestedLevel>1</nestedLevel>
  <escapedJava>false</escapedJava>
</record>
<record>
  <date>2026-09-14T04:16:51.981931900Z</date>
  <millis>1789359411981</millis>
  <nanos>931900</nanos>
  <sequence>629</sequence>
  <level>START</level>
  <class>com.kms.katalon.core.logging.XmlKeywordLogger</class>
  <method>startKeyword</method>
  <thread>1</thread>
  <message>Start action : screenshotExcel = $screenshotDirPath\Excel_$timestamp.png</message>
  <nestedLevel>1</nestedLevel>
  <escapedJava>false</escapedJava>
  <property name="startLine">426</property>
  <property name="stepIndex">36</property>
</record>
<record>
  <date>2026-09-14T04:16:51.984836300Z</date>
  <millis>1789359411984</millis>
  <nanos>836300</nanos>
  <sequence>630</sequence>
  <level>END</level>
  <class>com.kms.katalon.core.logging.XmlKeywordLogger</class>
  <method>endKeyword</method>
  <thread>1</thread>
  <message>End action : screenshotExcel = $screenshotDirPath\Excel_$timestamp.png</message>
  <nestedLevel>1</nestedLevel>
  <escapedJava>false</escapedJava>
</record>
<record>
  <date>2026-09-14T04:16:51.984836300Z</date>
  <millis>1789359411984</millis>
  <nanos>836300</nanos>
  <sequence>631</sequence>
  <level>START</level>
  <class>com.kms.katalon.core.logging.XmlKeywordLogger</class>
  <method>startKeyword</method>
  <thread>1</thread>
  <message>Start action : comment(&amp;quot;Target screenshot: &amp;quot; + screenshotExcel)</message>
  <nestedLevel>1</nestedLevel>
  <escapedJava>false</escapedJava>
  <property name="startLine">429</property>
  <property name="stepIndex">37</property>
</record>
<record>
  <date>2026-09-14T04:16:51.991411200Z</date>
  <millis>1789359411991</millis>
  <nanos>411200</nanos>
  <sequence>633</sequence>
  <level>INFO</level>
  <class>com.kms.katalon.core.logging.XmlKeywordLogger</class>
  <method>logMessage</method>
  <thread>1</thread>
  <message>Target screenshot: C:/Users/TTECH-0251/git/AutoAPI\Screenshots\EVIDENCE_POSITIVE_Excel\Excel_14.09.2026_(11.16.28).png</message>
  <nestedLevel>1</nestedLevel>
  <escapedJava>false</escapedJava>
</record>
<record>
  <date>2026-09-14T04:16:51.994767300Z</date>
  <millis>1789359411994</millis>
  <nanos>767300</nanos>
  <sequence>634</sequence>
  <level>END</level>
  <class>com.kms.katalon.core.logging.XmlKeywordLogger</class>
  <method>endKeyword</method>
  <thread>1</thread>
  <message>End action : comment(&amp;quot;Target screenshot: &amp;quot; + screenshotExcel)</message>
  <nestedLevel>1</nestedLevel>
  <escapedJava>false</escapedJava>
</record>
<record>
  <date>2026-09-14T04:16:51.994767300Z</date>
  <millis>1789359411994</millis>
  <nanos>767300</nanos>
  <sequence>635</sequence>
  <level>START</level>
  <class>com.kms.katalon.core.logging.XmlKeywordLogger</class>
  <method>startKeyword</method>
  <thread>1</thread>
  <message>Start action : comment(&amp;quot;Menunggu window WPS/Excel terbuka...&amp;quot;)</message>
  <nestedLevel>1</nestedLevel>
  <escapedJava>false</escapedJava>
  <property name="startLine">439</property>
  <property name="stepIndex">38</property>
</record>
<record>
  <date>2026-09-14T04:16:51.996436100Z</date>
  <millis>1789359411996</millis>
  <nanos>436100</nanos>
  <sequence>637</sequence>
  <level>INFO</level>
  <class>com.kms.katalon.core.logging.XmlKeywordLogger</class>
  <method>logMessage</method>
  <thread>1</thread>
  <message>Menunggu window WPS/Excel terbuka...</message>
  <nestedLevel>1</nestedLevel>
  <escapedJava>false</escapedJava>
</record>
<record>
  <date>2026-09-14T04:16:51.996436100Z</date>
  <millis>1789359411996</millis>
  <nanos>436100</nanos>
  <sequence>638</sequence>
  <level>END</level>
  <class>com.kms.katalon.core.logging.XmlKeywordLogger</class>
  <method>endKeyword</method>
  <thread>1</thread>
  <message>End action : comment(&amp;quot;Menunggu window WPS/Excel terbuka...&amp;quot;)</message>
  <nestedLevel>1</nestedLevel>
  <escapedJava>false</escapedJava>
</record>
<record>
  <date>2026-09-14T04:16:51.996436100Z</date>
  <millis>1789359411996</millis>
  <nanos>436100</nanos>
  <sequence>639</sequence>
  <level>START</level>
  <class>com.kms.katalon.core.logging.XmlKeywordLogger</class>
  <method>startKeyword</method>
  <thread>1</thread>
  <message>Start action : delay(3)</message>
  <nestedLevel>1</nestedLevel>
  <escapedJava>false</escapedJava>
  <property name="startLine">443</property>
  <property name="stepIndex">39</property>
</record>
<record>
  <date>2026-09-14T04:16:55.011360400Z</date>
  <millis>1789359415011</millis>
  <nanos>360400</nanos>
  <sequence>642</sequence>
  <level>PASSED</level>
  <class>com.kms.katalon.core.logging.XmlKeywordLogger</class>
  <method>logMessage</method>
  <thread>1</thread>
  <message>Delayed 3 second(s)</message>
  <nestedLevel>1</nestedLevel>
  <escapedJava>false</escapedJava>
  <property name="testops-method-name">com.kms.katalon.core.keyword.builtin.DelayKeyword.delay</property>
  <property name="testops-execution-stacktrace"></property>
</record>
<record>
  <date>2026-09-14T04:16:55.012855500Z</date>
  <millis>1789359415012</millis>
  <nanos>855500</nanos>
  <sequence>643</sequence>
  <level>END</level>
  <class>com.kms.katalon.core.logging.XmlKeywordLogger</class>
  <method>endKeyword</method>
  <thread>1</thread>
  <message>End action : delay(3)</message>
  <nestedLevel>1</nestedLevel>
  <escapedJava>false</escapedJava>
</record>
<record>
  <date>2026-09-14T04:16:55.014249900Z</date>
  <millis>1789359415014</millis>
  <nanos>249900</nanos>
  <sequence>644</sequence>
  <level>START</level>
  <class>com.kms.katalon.core.logging.XmlKeywordLogger</class>
  <method>startKeyword</method>
  <thread>1</thread>
  <message>Start action : psScript = &amp;quot;
$processes = Get-Process

foreach ($p in $processes) {

    if ($p.MainWindowHandle -ne 0) {

        $title = $p.MainWindowTitle

        if ($title) {

            Write-Output (&amp;quot;HWND=&amp;quot; + $p.MainWindowHandle)

            Write-Output (&amp;quot;TITLE=&amp;quot; + $title)
        }
    }
}
&amp;quot;</message>
  <nestedLevel>1</nestedLevel>
  <escapedJava>false</escapedJava>
  <property name="startLine">454</property>
  <property name="stepIndex">40</property>
</record>
<record>
  <date>2026-09-14T04:16:55.016038600Z</date>
  <millis>1789359415016</millis>
  <nanos>38600</nanos>
  <sequence>645</sequence>
  <level>END</level>
  <class>com.kms.katalon.core.logging.XmlKeywordLogger</class>
  <method>endKeyword</method>
  <thread>1</thread>
  <message>End action : psScript = &amp;quot;
$processes = Get-Process

foreach ($p in $processes) {

    if ($p.MainWindowHandle -ne 0) {

        $title = $p.MainWindowTitle

        if ($title) {

            Write-Output (&amp;quot;HWND=&amp;quot; + $p.MainWindowHandle)

            Write-Output (&amp;quot;TITLE=&amp;quot; + $title)
        }
    }
}
&amp;quot;</message>
  <nestedLevel>1</nestedLevel>
  <escapedJava>false</escapedJava>
</record>
<record>
  <date>2026-09-14T04:16:55.016038600Z</date>
  <millis>1789359415016</millis>
  <nanos>38600</nanos>
  <sequence>646</sequence>
  <level>START</level>
  <class>com.kms.katalon.core.logging.XmlKeywordLogger</class>
  <method>startKeyword</method>
  <thread>1</thread>
  <message>Start action : psProcess = redirectErrorStream(true).start()</message>
  <nestedLevel>1</nestedLevel>
  <escapedJava>false</escapedJava>
  <property name="startLine">478</property>
  <property name="stepIndex">41</property>
</record>
<record>
  <date>2026-09-14T04:16:55.097829500Z</date>
  <millis>1789359415097</millis>
  <nanos>829500</nanos>
  <sequence>647</sequence>
  <level>END</level>
  <class>com.kms.katalon.core.logging.XmlKeywordLogger</class>
  <method>endKeyword</method>
  <thread>1</thread>
  <message>End action : psProcess = redirectErrorStream(true).start()</message>
  <nestedLevel>1</nestedLevel>
  <escapedJava>false</escapedJava>
</record>
<record>
  <date>2026-09-14T04:16:55.098779400Z</date>
  <millis>1789359415098</millis>
  <nanos>779400</nanos>
  <sequence>648</sequence>
  <level>START</level>
  <class>com.kms.katalon.core.logging.XmlKeywordLogger</class>
  <method>startKeyword</method>
  <thread>1</thread>
  <message>Start action : psResult = text.trim()</message>
  <nestedLevel>1</nestedLevel>
  <escapedJava>false</escapedJava>
  <property name="startLine">494</property>
  <property name="stepIndex">42</property>
</record>
<record>
  <date>2026-09-14T04:17:01.853771400Z</date>
  <millis>1789359421853</millis>
  <nanos>771400</nanos>
  <sequence>649</sequence>
  <level>END</level>
  <class>com.kms.katalon.core.logging.XmlKeywordLogger</class>
  <method>endKeyword</method>
  <thread>1</thread>
  <message>End action : psResult = text.trim()</message>
  <nestedLevel>1</nestedLevel>
  <escapedJava>false</escapedJava>
</record>
<record>
  <date>2026-09-14T04:17:01.853771400Z</date>
  <millis>1789359421853</millis>
  <nanos>771400</nanos>
  <sequence>650</sequence>
  <level>START</level>
  <class>com.kms.katalon.core.logging.XmlKeywordLogger</class>
  <method>startKeyword</method>
  <thread>1</thread>
  <message>Start action : psExitCode = psProcess.waitFor()</message>
  <nestedLevel>1</nestedLevel>
  <escapedJava>false</escapedJava>
  <property name="startLine">497</property>
  <property name="stepIndex">43</property>
</record>
<record>
  <date>2026-09-14T04:17:01.866432300Z</date>
  <millis>1789359421866</millis>
  <nanos>432300</nanos>
  <sequence>651</sequence>
  <level>END</level>
  <class>com.kms.katalon.core.logging.XmlKeywordLogger</class>
  <method>endKeyword</method>
  <thread>1</thread>
  <message>End action : psExitCode = psProcess.waitFor()</message>
  <nestedLevel>1</nestedLevel>
  <escapedJava>false</escapedJava>
</record>
<record>
  <date>2026-09-14T04:17:01.867119200Z</date>
  <millis>1789359421867</millis>
  <nanos>119200</nanos>
  <sequence>652</sequence>
  <level>START</level>
  <class>com.kms.katalon.core.logging.XmlKeywordLogger</class>
  <method>startKeyword</method>
  <thread>1</thread>
  <message>Start action : comment(&amp;quot;PowerShell exit code: &amp;quot; + psExitCode)</message>
  <nestedLevel>1</nestedLevel>
  <escapedJava>false</escapedJava>
  <property name="startLine">505</property>
  <property name="stepIndex">44</property>
</record>
<record>
  <date>2026-09-14T04:17:01.874132800Z</date>
  <millis>1789359421874</millis>
  <nanos>132800</nanos>
  <sequence>654</sequence>
  <level>INFO</level>
  <class>com.kms.katalon.core.logging.XmlKeywordLogger</class>
  <method>logMessage</method>
  <thread>1</thread>
  <message>PowerShell exit code: 1</message>
  <nestedLevel>1</nestedLevel>
  <escapedJava>false</escapedJava>
</record>
<record>
  <date>2026-09-14T04:17:01.875728100Z</date>
  <millis>1789359421875</millis>
  <nanos>728100</nanos>
  <sequence>655</sequence>
  <level>END</level>
  <class>com.kms.katalon.core.logging.XmlKeywordLogger</class>
  <method>endKeyword</method>
  <thread>1</thread>
  <message>End action : comment(&amp;quot;PowerShell exit code: &amp;quot; + psExitCode)</message>
  <nestedLevel>1</nestedLevel>
  <escapedJava>false</escapedJava>
</record>
<record>
  <date>2026-09-14T04:17:01.876763800Z</date>
  <millis>1789359421876</millis>
  <nanos>763800</nanos>
  <sequence>656</sequence>
  <level>START</level>
  <class>com.kms.katalon.core.logging.XmlKeywordLogger</class>
  <method>startKeyword</method>
  <thread>1</thread>
  <message>Start action : comment(&amp;quot;==============================================&amp;quot;)</message>
  <nestedLevel>1</nestedLevel>
  <escapedJava>false</escapedJava>
  <property name="startLine">510</property>
  <property name="stepIndex">45</property>
</record>
<record>
  <date>2026-09-14T04:17:01.881915300Z</date>
  <millis>1789359421881</millis>
  <nanos>915300</nanos>
  <sequence>658</sequence>
  <level>INFO</level>
  <class>com.kms.katalon.core.logging.XmlKeywordLogger</class>
  <method>logMessage</method>
  <thread>1</thread>
  <message>==============================================</message>
  <nestedLevel>1</nestedLevel>
  <escapedJava>false</escapedJava>
</record>
<record>
  <date>2026-09-14T04:17:01.883793Z</date>
  <millis>1789359421883</millis>
  <nanos>793000</nanos>
  <sequence>659</sequence>
  <level>END</level>
  <class>com.kms.katalon.core.logging.XmlKeywordLogger</class>
  <method>endKeyword</method>
  <thread>1</thread>
  <message>End action : comment(&amp;quot;==============================================&amp;quot;)</message>
  <nestedLevel>1</nestedLevel>
  <escapedJava>false</escapedJava>
</record>
<record>
  <date>2026-09-14T04:17:01.884874200Z</date>
  <millis>1789359421884</millis>
  <nanos>874200</nanos>
  <sequence>660</sequence>
  <level>START</level>
  <class>com.kms.katalon.core.logging.XmlKeywordLogger</class>
  <method>startKeyword</method>
  <thread>1</thread>
  <message>Start action : comment(&amp;quot;DAFTAR WINDOW YANG DITEMUKAN:&amp;quot;)</message>
  <nestedLevel>1</nestedLevel>
  <escapedJava>false</escapedJava>
  <property name="startLine">514</property>
  <property name="stepIndex">46</property>
</record>
<record>
  <date>2026-09-14T04:17:01.888812100Z</date>
  <millis>1789359421888</millis>
  <nanos>812100</nanos>
  <sequence>662</sequence>
  <level>INFO</level>
  <class>com.kms.katalon.core.logging.XmlKeywordLogger</class>
  <method>logMessage</method>
  <thread>1</thread>
  <message>DAFTAR WINDOW YANG DITEMUKAN:</message>
  <nestedLevel>1</nestedLevel>
  <escapedJava>false</escapedJava>
</record>
<record>
  <date>2026-09-14T04:17:01.891235300Z</date>
  <millis>1789359421891</millis>
  <nanos>235300</nanos>
  <sequence>663</sequence>
  <level>END</level>
  <class>com.kms.katalon.core.logging.XmlKeywordLogger</class>
  <method>endKeyword</method>
  <thread>1</thread>
  <message>End action : comment(&amp;quot;DAFTAR WINDOW YANG DITEMUKAN:&amp;quot;)</message>
  <nestedLevel>1</nestedLevel>
  <escapedJava>false</escapedJava>
</record>
<record>
  <date>2026-09-14T04:17:01.891235300Z</date>
  <millis>1789359421891</millis>
  <nanos>235300</nanos>
  <sequence>664</sequence>
  <level>START</level>
  <class>com.kms.katalon.core.logging.XmlKeywordLogger</class>
  <method>startKeyword</method>
  <thread>1</thread>
  <message>Start action : comment(psResult)</message>
  <nestedLevel>1</nestedLevel>
  <escapedJava>false</escapedJava>
  <property name="startLine">518</property>
  <property name="stepIndex">47</property>
</record>
<record>
  <date>2026-09-14T04:17:01.896928600Z</date>
  <millis>1789359421896</millis>
  <nanos>928600</nanos>
  <sequence>666</sequence>
  <level>INFO</level>
  <class>com.kms.katalon.core.logging.XmlKeywordLogger</class>
  <method>logMessage</method>
  <thread>1</thread>
  <message>HWND= : The term &amp;apos;HWND=&amp;apos; is not recognized as the name of a cmdlet, function, script file, or operable program. Check 
the spelling of the name, or if a path was included, verify that the path is correct and try again.
At line:12 char:27
+             Write-Output (HWND= + $p.MainWindowHandle)
+                           ~~~~~
    + CategoryInfo          : ObjectNotFound: (HWND=:String) [], CommandNotFoundException
    + FullyQualifiedErrorId : CommandNotFoundException
 
TITLE= : The term &amp;apos;TITLE=&amp;apos; is not recognized as the name of a cmdlet, function, script file, or operable program. 
Check the spelling of the name, or if a path was included, verify that the path is correct and try again.
At line:14 char:27
+             Write-Output (TITLE= + $title)
+                           ~~~~~~
    + CategoryInfo          : ObjectNotFound: (TITLE=:String) [], CommandNotFoundException
    + FullyQualifiedErrorId : CommandNotFoundException
 
HWND= : The term &amp;apos;HWND=&amp;apos; is not recognized as the name of a cmdlet, function, script file, or operable program. Check 
the spelling of the name, or if a path was included, verify that the path is correct and try again.
At line:12 char:27
+             Write-Output (HWND= + $p.MainWindowHandle)
+                           ~~~~~
    + CategoryInfo          : ObjectNotFound: (HWND=:String) [], CommandNotFoundException
    + FullyQualifiedErrorId : CommandNotFoundException
 
TITLE= : The term &amp;apos;TITLE=&amp;apos; is not recognized as the name of a cmdlet, function, script file, or operable program. 
Check the spelling of the name, or if a path was included, verify that the path is correct and try again.
At line:14 char:27
+             Write-Output (TITLE= + $title)
+                           ~~~~~~
    + CategoryInfo          : ObjectNotFound: (TITLE=:String) [], CommandNotFoundException
    + FullyQualifiedErrorId : CommandNotFoundException
 
HWND= : The term &amp;apos;HWND=&amp;apos; is not recognized as the name of a cmdlet, function, script file, or operable program. Check 
the spelling of the name, or if a path was included, verify that the path is correct and try again.
At line:12 char:27
+             Write-Output (HWND= + $p.MainWindowHandle)
+                           ~~~~~
    + CategoryInfo          : ObjectNotFound: (HWND=:String) [], CommandNotFoundException
    + FullyQualifiedErrorId : CommandNotFoundException
 
TITLE= : The term &amp;apos;TITLE=&amp;apos; is not recognized as the name of a cmdlet, function, script file, or operable program. 
Check the spelling of the name, or if a path was included, verify that the path is correct and try again.
At line:14 char:27
+             Write-Output (TITLE= + $title)
+                           ~~~~~~
    + CategoryInfo          : ObjectNotFound: (TITLE=:String) [], CommandNotFoundException
    + FullyQualifiedErrorId : CommandNotFoundException
 
HWND= : The term &amp;apos;HWND=&amp;apos; is not recognized as the name of a cmdlet, function, script file, or operable program. Check 
the spelling of the name, or if a path was included, verify that the path is correct and try again.
At line:12 char:27
+             Write-Output (HWND= + $p.MainWindowHandle)
+                           ~~~~~
    + CategoryInfo          : ObjectNotFound: (HWND=:String) [], CommandNotFoundException
    + FullyQualifiedErrorId : CommandNotFoundException
 
TITLE= : The term &amp;apos;TITLE=&amp;apos; is not recognized as the name of a cmdlet, function, script file, or operable program. 
Check the spelling of the name, or if a path was included, verify that the path is correct and try again.
At line:14 char:27
+             Write-Output (TITLE= + $title)
+                           ~~~~~~
    + CategoryInfo          : ObjectNotFound: (TITLE=:String) [], CommandNotFoundException
    + FullyQualifiedErrorId : CommandNotFoundException
 
HWND= : The term &amp;apos;HWND=&amp;apos; is not recognized as the name of a cmdlet, function, script file, or operable program. Check 
the spelling of the name, or if a path was included, verify that the path is correct and try again.
At line:12 char:27
+             Write-Output (HWND= + $p.MainWindowHandle)
+                           ~~~~~
    + CategoryInfo          : ObjectNotFound: (HWND=:String) [], CommandNotFoundException
    + FullyQualifiedErrorId : CommandNotFoundException
 
TITLE= : The term &amp;apos;TITLE=&amp;apos; is not recognized as the name of a cmdlet, function, script file, or operable program. 
Check the spelling of the name, or if a path was included, verify that the path is correct and try again.
At line:14 char:27
+             Write-Output (TITLE= + $title)
+                           ~~~~~~
    + CategoryInfo          : ObjectNotFound: (TITLE=:String) [], CommandNotFoundException
    + FullyQualifiedErrorId : CommandNotFoundException
 
HWND= : The term &amp;apos;HWND=&amp;apos; is not recognized as the name of a cmdlet, function, script file, or operable program. Check 
the spelling of the name, or if a path was included, verify that the path is correct and try again.
At line:12 char:27
+             Write-Output (HWND= + $p.MainWindowHandle)
+                           ~~~~~
    + CategoryInfo          : ObjectNotFound: (HWND=:String) [], CommandNotFoundException
    + FullyQualifiedErrorId : CommandNotFoundException
 
TITLE= : The term &amp;apos;TITLE=&amp;apos; is not recognized as the name of a cmdlet, function, script file, or operable program. 
Check the spelling of the name, or if a path was included, verify that the path is correct and try again.
At line:14 char:27
+             Write-Output (TITLE= + $title)
+                           ~~~~~~
    + CategoryInfo          : ObjectNotFound: (TITLE=:String) [], CommandNotFoundException
    + FullyQualifiedErrorId : CommandNotFoundException
 
HWND= : The term &amp;apos;HWND=&amp;apos; is not recognized as the name of a cmdlet, function, script file, or operable program. Check 
the spelling of the name, or if a path was included, verify that the path is correct and try again.
At line:12 char:27
+             Write-Output (HWND= + $p.MainWindowHandle)
+                           ~~~~~
    + CategoryInfo          : ObjectNotFound: (HWND=:String) [], CommandNotFoundException
    + FullyQualifiedErrorId : CommandNotFoundException
 
TITLE= : The term &amp;apos;TITLE=&amp;apos; is not recognized as the name of a cmdlet, function, script file, or operable program. 
Check the spelling of the name, or if a path was included, verify that the path is correct and try again.
At line:14 char:27
+             Write-Output (TITLE= + $title)
+                           ~~~~~~
    + CategoryInfo          : ObjectNotFound: (TITLE=:String) [], CommandNotFoundException
    + FullyQualifiedErrorId : CommandNotFoundException
 
HWND= : The term &amp;apos;HWND=&amp;apos; is not recognized as the name of a cmdlet, function, script file, or operable program. Check 
the spelling of the name, or if a path was included, verify that the path is correct and try again.
At line:12 char:27
+             Write-Output (HWND= + $p.MainWindowHandle)
+                           ~~~~~
    + CategoryInfo          : ObjectNotFound: (HWND=:String) [], CommandNotFoundException
    + FullyQualifiedErrorId : CommandNotFoundException
 
TITLE= : The term &amp;apos;TITLE=&amp;apos; is not recognized as the name of a cmdlet, function, script file, or operable program. 
Check the spelling of the name, or if a path was included, verify that the path is correct and try again.
At line:14 char:27
+             Write-Output (TITLE= + $title)
+                           ~~~~~~
    + CategoryInfo          : ObjectNotFound: (TITLE=:String) [], CommandNotFoundException
    + FullyQualifiedErrorId : CommandNotFoundException
 
HWND= : The term &amp;apos;HWND=&amp;apos; is not recognized as the name of a cmdlet, function, script file, or operable program. Check 
the spelling of the name, or if a path was included, verify that the path is correct and try again.
At line:12 char:27
+             Write-Output (HWND= + $p.MainWindowHandle)
+                           ~~~~~
    + CategoryInfo          : ObjectNotFound: (HWND=:String) [], CommandNotFoundException
    + FullyQualifiedErrorId : CommandNotFoundException
 
TITLE= : The term &amp;apos;TITLE=&amp;apos; is not recognized as the name of a cmdlet, function, script file, or operable program. 
Check the spelling of the name, or if a path was included, verify that the path is correct and try again.
At line:14 char:27
+             Write-Output (TITLE= + $title)
+                           ~~~~~~
    + CategoryInfo          : ObjectNotFound: (TITLE=:String) [], CommandNotFoundException
    + FullyQualifiedErrorId : CommandNotFoundException</message>
  <nestedLevel>1</nestedLevel>
  <escapedJava>false</escapedJava>
</record>
<record>
  <date>2026-09-14T04:17:01.901200Z</date>
  <millis>1789359421901</millis>
  <nanos>200000</nanos>
  <sequence>667</sequence>
  <level>END</level>
  <class>com.kms.katalon.core.logging.XmlKeywordLogger</class>
  <method>endKeyword</method>
  <thread>1</thread>
  <message>End action : comment(psResult)</message>
  <nestedLevel>1</nestedLevel>
  <escapedJava>false</escapedJava>
</record>
<record>
  <date>2026-09-14T04:17:01.901200Z</date>
  <millis>1789359421901</millis>
  <nanos>200000</nanos>
  <sequence>668</sequence>
  <level>START</level>
  <class>com.kms.katalon.core.logging.XmlKeywordLogger</class>
  <method>startKeyword</method>
  <thread>1</thread>
  <message>Start action : comment(&amp;quot;==============================================&amp;quot;)</message>
  <nestedLevel>1</nestedLevel>
  <escapedJava>false</escapedJava>
  <property name="startLine">522</property>
  <property name="stepIndex">48</property>
</record>
<record>
  <date>2026-09-14T04:17:01.905848700Z</date>
  <millis>1789359421905</millis>
  <nanos>848700</nanos>
  <sequence>670</sequence>
  <level>INFO</level>
  <class>com.kms.katalon.core.logging.XmlKeywordLogger</class>
  <method>logMessage</method>
  <thread>1</thread>
  <message>==============================================</message>
  <nestedLevel>1</nestedLevel>
  <escapedJava>false</escapedJava>
</record>
<record>
  <date>2026-09-14T04:17:01.907844900Z</date>
  <millis>1789359421907</millis>
  <nanos>844900</nanos>
  <sequence>671</sequence>
  <level>END</level>
  <class>com.kms.katalon.core.logging.XmlKeywordLogger</class>
  <method>endKeyword</method>
  <thread>1</thread>
  <message>End action : comment(&amp;quot;==============================================&amp;quot;)</message>
  <nestedLevel>1</nestedLevel>
  <escapedJava>false</escapedJava>
</record>
<record>
  <date>2026-09-14T04:17:01.907844900Z</date>
  <millis>1789359421907</millis>
  <nanos>844900</nanos>
  <sequence>672</sequence>
  <level>START</level>
  <class>com.kms.katalon.core.logging.XmlKeywordLogger</class>
  <method>startKeyword</method>
  <thread>1</thread>
  <message>Start action : if (psExitCode != 0)</message>
  <nestedLevel>1</nestedLevel>
  <escapedJava>false</escapedJava>
  <property name="startLine">531</property>
  <property name="stepIndex">49</property>
</record>
<record>
  <date>2026-09-14T04:17:01.911803100Z</date>
  <millis>1789359421911</millis>
  <nanos>803100</nanos>
  <sequence>673</sequence>
  <level>START</level>
  <class>com.kms.katalon.core.logging.XmlKeywordLogger</class>
  <method>startKeyword</method>
  <thread>1</thread>
  <message>Start action : markFailed(&amp;quot;PowerShell gagal dijalankan. Exit code: &amp;quot; + psExitCode + &amp;quot;. Hasil: &amp;quot; + psResult)</message>
  <nestedLevel>2</nestedLevel>
  <escapedJava>false</escapedJava>
  <property name="startLine">533</property>
  <property name="stepIndex">1</property>
</record>
<record>
  <date>2026-09-14T04:17:01.917018700Z</date>
  <millis>1789359421917</millis>
  <nanos>18700</nanos>
  <sequence>675</sequence>
  <level>FAILED</level>
  <class>com.kms.katalon.core.logging.XmlKeywordLogger</class>
  <method>logMessage</method>
  <thread>1</thread>
  <message>PowerShell gagal dijalankan. Exit code: 1. Hasil: HWND= : The term &amp;apos;HWND=&amp;apos; is not recognized as the name of a cmdlet, function, script file, or operable program. Check 
the spelling of the name, or if a path was included, verify that the path is correct and try again.
At line:12 char:27
+             Write-Output (HWND= + $p.MainWindowHandle)
+                           ~~~~~
    + CategoryInfo          : ObjectNotFound: (HWND=:String) [], CommandNotFoundException
    + FullyQualifiedErrorId : CommandNotFoundException
 
TITLE= : The term &amp;apos;TITLE=&amp;apos; is not recognized as the name of a cmdlet, function, script file, or operable program. 
Check the spelling of the name, or if a path was included, verify that the path is correct and try again.
At line:14 char:27
+             Write-Output (TITLE= + $title)
+                           ~~~~~~
    + CategoryInfo          : ObjectNotFound: (TITLE=:String) [], CommandNotFoundException
    + FullyQualifiedErrorId : CommandNotFoundException
 
HWND= : The term &amp;apos;HWND=&amp;apos; is not recognized as the name of a cmdlet, function, script file, or operable program. Check 
the spelling of the name, or if a path was included, verify that the path is correct and try again.
At line:12 char:27
+             Write-Output (HWND= + $p.MainWindowHandle)
+                           ~~~~~
    + CategoryInfo          : ObjectNotFound: (HWND=:String) [], CommandNotFoundException
    + FullyQualifiedErrorId : CommandNotFoundException
 
TITLE= : The term &amp;apos;TITLE=&amp;apos; is not recognized as the name of a cmdlet, function, script file, or operable program. 
Check the spelling of the name, or if a path was included, verify that the path is correct and try again.
At line:14 char:27
+             Write-Output (TITLE= + $title)
+                           ~~~~~~
    + CategoryInfo          : ObjectNotFound: (TITLE=:String) [], CommandNotFoundException
    + FullyQualifiedErrorId : CommandNotFoundException
 
HWND= : The term &amp;apos;HWND=&amp;apos; is not recognized as the name of a cmdlet, function, script file, or operable program. Check 
the spelling of the name, or if a path was included, verify that the path is correct and try again.
At line:12 char:27
+             Write-Output (HWND= + $p.MainWindowHandle)
+                           ~~~~~
    + CategoryInfo          : ObjectNotFound: (HWND=:String) [], CommandNotFoundException
    + FullyQualifiedErrorId : CommandNotFoundException
 
TITLE= : The term &amp;apos;TITLE=&amp;apos; is not recognized as the name of a cmdlet, function, script file, or operable program. 
Check the spelling of the name, or if a path was included, verify that the path is correct and try again.
At line:14 char:27
+             Write-Output (TITLE= + $title)
+                           ~~~~~~
    + CategoryInfo          : ObjectNotFound: (TITLE=:String) [], CommandNotFoundException
    + FullyQualifiedErrorId : CommandNotFoundException
 
HWND= : The term &amp;apos;HWND=&amp;apos; is not recognized as the name of a cmdlet, function, script file, or operable program. Check 
the spelling of the name, or if a path was included, verify that the path is correct and try again.
At line:12 char:27
+             Write-Output (HWND= + $p.MainWindowHandle)
+                           ~~~~~
    + CategoryInfo          : ObjectNotFound: (HWND=:String) [], CommandNotFoundException
    + FullyQualifiedErrorId : CommandNotFoundException
 
TITLE= : The term &amp;apos;TITLE=&amp;apos; is not recognized as the name of a cmdlet, function, script file, or operable program. 
Check the spelling of the name, or if a path was included, verify that the path is correct and try again.
At line:14 char:27
+             Write-Output (TITLE= + $title)
+                           ~~~~~~
    + CategoryInfo          : ObjectNotFound: (TITLE=:String) [], CommandNotFoundException
    + FullyQualifiedErrorId : CommandNotFoundException
 
HWND= : The term &amp;apos;HWND=&amp;apos; is not recognized as the name of a cmdlet, function, script file, or operable program. Check 
the spelling of the name, or if a path was included, verify that the path is correct and try again.
At line:12 char:27
+             Write-Output (HWND= + $p.MainWindowHandle)
+                           ~~~~~
    + CategoryInfo          : ObjectNotFound: (HWND=:String) [], CommandNotFoundException
    + FullyQualifiedErrorId : CommandNotFoundException
 
TITLE= : The term &amp;apos;TITLE=&amp;apos; is not recognized as the name of a cmdlet, function, script file, or operable program. 
Check the spelling of the name, or if a path was included, verify that the path is correct and try again.
At line:14 char:27
+             Write-Output (TITLE= + $title)
+                           ~~~~~~
    + CategoryInfo          : ObjectNotFound: (TITLE=:String) [], CommandNotFoundException
    + FullyQualifiedErrorId : CommandNotFoundException
 
HWND= : The term &amp;apos;HWND=&amp;apos; is not recognized as the name of a cmdlet, function, script file, or operable program. Check 
the spelling of the name, or if a path was included, verify that the path is correct and try again.
At line:12 char:27
+             Write-Output (HWND= + $p.MainWindowHandle)
+                           ~~~~~
    + CategoryInfo          : ObjectNotFound: (HWND=:String) [], CommandNotFoundException
    + FullyQualifiedErrorId : CommandNotFoundException
 
TITLE= : The term &amp;apos;TITLE=&amp;apos; is not recognized as the name of a cmdlet, function, script file, or operable program. 
Check the spelling of the name, or if a path was included, verify that the path is correct and try again.
At line:14 char:27
+             Write-Output (TITLE= + $title)
+                           ~~~~~~
    + CategoryInfo          : ObjectNotFound: (TITLE=:String) [], CommandNotFoundException
    + FullyQualifiedErrorId : CommandNotFoundException
 
HWND= : The term &amp;apos;HWND=&amp;apos; is not recognized as the name of a cmdlet, function, script file, or operable program. Check 
the spelling of the name, or if a path was included, verify that the path is correct and try again.
At line:12 char:27
+             Write-Output (HWND= + $p.MainWindowHandle)
+                           ~~~~~
    + CategoryInfo          : ObjectNotFound: (HWND=:String) [], CommandNotFoundException
    + FullyQualifiedErrorId : CommandNotFoundException
 
TITLE= : The term &amp;apos;TITLE=&amp;apos; is not recognized as the name of a cmdlet, function, script file, or operable program. 
Check the spelling of the name, or if a path was included, verify that the path is correct and try again.
At line:14 char:27
+             Write-Output (TITLE= + $title)
+                           ~~~~~~
    + CategoryInfo          : ObjectNotFound: (TITLE=:String) [], CommandNotFoundException
    + FullyQualifiedErrorId : CommandNotFoundException
 
HWND= : The term &amp;apos;HWND=&amp;apos; is not recognized as the name of a cmdlet, function, script file, or operable program. Check 
the spelling of the name, or if a path was included, verify that the path is correct and try again.
At line:12 char:27
+             Write-Output (HWND= + $p.MainWindowHandle)
+                           ~~~~~
    + CategoryInfo          : ObjectNotFound: (HWND=:String) [], CommandNotFoundException
    + FullyQualifiedErrorId : CommandNotFoundException
 
TITLE= : The term &amp;apos;TITLE=&amp;apos; is not recognized as the name of a cmdlet, function, script file, or operable program. 
Check the spelling of the name, or if a path was included, verify that the path is correct and try again.
At line:14 char:27
+             Write-Output (TITLE= + $title)
+                           ~~~~~~
    + CategoryInfo          : ObjectNotFound: (TITLE=:String) [], CommandNotFoundException
    + FullyQualifiedErrorId : CommandNotFoundException
 
HWND= : The term &amp;apos;HWND=&amp;apos; is not recognized as the name of a cmdlet, function, script file, or operable program. Check 
the spelling of the name, or if a path was included, verify that the path is correct and try again.
At line:12 char:27
+             Write-Output (HWND= + $p.MainWindowHandle)
+                           ~~~~~
    + CategoryInfo          : ObjectNotFound: (HWND=:String) [], CommandNotFoundException
    + FullyQualifiedErrorId : CommandNotFoundException
 
TITLE= : The term &amp;apos;TITLE=&amp;apos; is not recognized as the name of a cmdlet, function, script file, or operable program. 
Check the spelling of the name, or if a path was included, verify that the path is correct and try again.
At line:14 char:27
+             Write-Output (TITLE= + $title)
+                           ~~~~~~
    + CategoryInfo          : ObjectNotFound: (TITLE=:String) [], CommandNotFoundException
    + FullyQualifiedErrorId : CommandNotFoundException</message>
  <nestedLevel>1</nestedLevel>
  <escapedJava>false</escapedJava>
  <property name="testops-execution-stacktrace">com.kms.katalon.core.logging.testops.TestOpsLogHelper.handleFailedLogEntry(TestOpsLogHelper.java:120)
com.kms.katalon.core.logging.KeywordLogger.logFailed(KeywordLogger.java:295)
com.kms.katalon.core.logging.KeywordLogger.logFailed(KeywordLogger.java:273)
com.kms.katalon.core.util.KeywordUtil.markFailed(KeywordUtil.java:18)
ProsesDownload.run(ProsesDownload:534)
</property>
</record>
<record>
  <date>2026-09-14T04:17:01.922280900Z</date>
  <millis>1789359421922</millis>
  <nanos>280900</nanos>
  <sequence>676</sequence>
  <level>END</level>
  <class>com.kms.katalon.core.logging.XmlKeywordLogger</class>
  <method>endKeyword</method>
  <thread>1</thread>
  <message>End action : markFailed(&amp;quot;PowerShell gagal dijalankan. Exit code: &amp;quot; + psExitCode + &amp;quot;. Hasil: &amp;quot; + psResult)</message>
  <nestedLevel>2</nestedLevel>
  <escapedJava>false</escapedJava>
</record>
<record>
  <date>2026-09-14T04:17:01.922280900Z</date>
  <millis>1789359421922</millis>
  <nanos>280900</nanos>
  <sequence>677</sequence>
  <level>START</level>
  <class>com.kms.katalon.core.logging.XmlKeywordLogger</class>
  <method>startKeyword</method>
  <thread>1</thread>
  <message>Start action : return null</message>
  <nestedLevel>2</nestedLevel>
  <escapedJava>false</escapedJava>
  <property name="startLine">540</property>
  <property name="stepIndex">2</property>
</record>
<record>
  <date>2026-09-14T04:17:01.923896800Z</date>
  <millis>1789359421923</millis>
  <nanos>896800</nanos>
  <sequence>679</sequence>
  <level>END</level>
  <class>com.kms.katalon.core.logging.XmlKeywordLogger</class>
  <method>endKeyword</method>
  <thread>1</thread>
  <message>End action : return null</message>
  <nestedLevel>2</nestedLevel>
  <escapedJava>false</escapedJava>
</record>
<record>
  <date>2026-09-14T04:17:01.924396700Z</date>
  <millis>1789359421924</millis>
  <nanos>396700</nanos>
  <sequence>680</sequence>
  <level>END</level>
  <class>com.kms.katalon.core.logging.XmlKeywordLogger</class>
  <method>endKeyword</method>
  <thread>1</thread>
  <message>End action : if (psExitCode != 0)</message>
  <nestedLevel>1</nestedLevel>
  <escapedJava>false</escapedJava>
</record>
<record>
  <date>2026-09-14T04:17:01.927321Z</date>
  <millis>1789359421927</millis>
  <nanos>321000</nanos>
  <sequence>682</sequence>
  <level>FAILED</level>
  <class>com.kms.katalon.core.logging.XmlKeywordLogger</class>
  <method>logMessage</method>
  <thread>1</thread>
  <message>Test Cases/DATA UI/Download/ProsesDownload FAILED.
Reason:
com.kms.katalon.core.exception.StepFailedException: PowerShell gagal dijalankan. Exit code: 1. Hasil: HWND= : The term &amp;apos;HWND=&amp;apos; is not recognized as the name of a cmdlet, function, script file, or operable program. Check 
the spelling of the name, or if a path was included, verify that the path is correct and try again.
At line:12 char:27
+             Write-Output (HWND= + $p.MainWindowHandle)
+                           ~~~~~
    + CategoryInfo          : ObjectNotFound: (HWND=:String) [], CommandNotFoundException
    + FullyQualifiedErrorId : CommandNotFoundException
 
TITLE= : The term &amp;apos;TITLE=&amp;apos; is not recognized as the name of a cmdlet, function, script file, or operable program. 
Check the spelling of the name, or if a path was included, verify that the path is correct and try again.
At line:14 char:27
+             Write-Output (TITLE= + $title)
+                           ~~~~~~
    + CategoryInfo          : ObjectNotFound: (TITLE=:String) [], CommandNotFoundException
    + FullyQualifiedErrorId : CommandNotFoundException
 
HWND= : The term &amp;apos;HWND=&amp;apos; is not recognized as the name of a cmdlet, function, script file, or operable program. Check 
the spelling of the name, or if a path was included, verify that the path is correct and try again.
At line:12 char:27
+             Write-Output (HWND= + $p.MainWindowHandle)
+                           ~~~~~
    + CategoryInfo          : ObjectNotFound: (HWND=:String) [], CommandNotFoundException
    + FullyQualifiedErrorId : CommandNotFoundException
 
TITLE= : The term &amp;apos;TITLE=&amp;apos; is not recognized as the name of a cmdlet, function, script file, or operable program. 
Check the spelling of the name, or if a path was included, verify that the path is correct and try again.
At line:14 char:27
+             Write-Output (TITLE= + $title)
+                           ~~~~~~
    + CategoryInfo          : ObjectNotFound: (TITLE=:String) [], CommandNotFoundException
    + FullyQualifiedErrorId : CommandNotFoundException
 
HWND= : The term &amp;apos;HWND=&amp;apos; is not recognized as the name of a cmdlet, function, script file, or operable program. Check 
the spelling of the name, or if a path was included, verify that the path is correct and try again.
At line:12 char:27
+             Write-Output (HWND= + $p.MainWindowHandle)
+                           ~~~~~
    + CategoryInfo          : ObjectNotFound: (HWND=:String) [], CommandNotFoundException
    + FullyQualifiedErrorId : CommandNotFoundException
 
TITLE= : The term &amp;apos;TITLE=&amp;apos; is not recognized as the name of a cmdlet, function, script file, or operable program. 
Check the spelling of the name, or if a path was included, verify that the path is correct and try again.
At line:14 char:27
+             Write-Output (TITLE= + $title)
+                           ~~~~~~
    + CategoryInfo          : ObjectNotFound: (TITLE=:String) [], CommandNotFoundException
    + FullyQualifiedErrorId : CommandNotFoundException
 
HWND= : The term &amp;apos;HWND=&amp;apos; is not recognized as the name of a cmdlet, function, script file, or operable program. Check 
the spelling of the name, or if a path was included, verify that the path is correct and try again.
At line:12 char:27
+             Write-Output (HWND= + $p.MainWindowHandle)
+                           ~~~~~
    + CategoryInfo          : ObjectNotFound: (HWND=:String) [], CommandNotFoundException
    + FullyQualifiedErrorId : CommandNotFoundException
 
TITLE= : The term &amp;apos;TITLE=&amp;apos; is not recognized as the name of a cmdlet, function, script file, or operable program. 
Check the spelling of the name, or if a path was included, verify that the path is correct and try again.
At line:14 char:27
+             Write-Output (TITLE= + $title)
+                           ~~~~~~
    + CategoryInfo          : ObjectNotFound: (TITLE=:String) [], CommandNotFoundException
    + FullyQualifiedErrorId : CommandNotFoundException
 
HWND= : The term &amp;apos;HWND=&amp;apos; is not recognized as the name of a cmdlet, function, script file, or operable program. Check 
the spelling of the name, or if a path was included, verify that the path is correct and try again.
At line:12 char:27
+             Write-Output (HWND= + $p.MainWindowHandle)
+                           ~~~~~
    + CategoryInfo          : ObjectNotFound: (HWND=:String) [], CommandNotFoundException
    + FullyQualifiedErrorId : CommandNotFoundException
 
TITLE= : The term &amp;apos;TITLE=&amp;apos; is not recognized as the name of a cmdlet, function, script file, or operable program. 
Check the spelling of the name, or if a path was included, verify that the path is correct and try again.
At line:14 char:27
+             Write-Output (TITLE= + $title)
+                           ~~~~~~
    + CategoryInfo          : ObjectNotFound: (TITLE=:String) [], CommandNotFoundException
    + FullyQualifiedErrorId : CommandNotFoundException
 
HWND= : The term &amp;apos;HWND=&amp;apos; is not recognized as the name of a cmdlet, function, script file, or operable program. Check 
the spelling of the name, or if a path was included, verify that the path is correct and try again.
At line:12 char:27
+             Write-Output (HWND= + $p.MainWindowHandle)
+                           ~~~~~
    + CategoryInfo          : ObjectNotFound: (HWND=:String) [], CommandNotFoundException
    + FullyQualifiedErrorId : CommandNotFoundException
 
TITLE= : The term &amp;apos;TITLE=&amp;apos; is not recognized as the name of a cmdlet, function, script file, or operable program. 
Check the spelling of the name, or if a path was included, verify that the path is correct and try again.
At line:14 char:27
+             Write-Output (TITLE= + $title)
+                           ~~~~~~
    + CategoryInfo          : ObjectNotFound: (TITLE=:String) [], CommandNotFoundException
    + FullyQualifiedErrorId : CommandNotFoundException
 
HWND= : The term &amp;apos;HWND=&amp;apos; is not recognized as the name of a cmdlet, function, script file, or operable program. Check 
the spelling of the name, or if a path was included, verify that the path is correct and try again.
At line:12 char:27
+             Write-Output (HWND= + $p.MainWindowHandle)
+                           ~~~~~
    + CategoryInfo          : ObjectNotFound: (HWND=:String) [], CommandNotFoundException
    + FullyQualifiedErrorId : CommandNotFoundException
 
TITLE= : The term &amp;apos;TITLE=&amp;apos; is not recognized as the name of a cmdlet, function, script file, or operable program. 
Check the spelling of the name, or if a path was included, verify that the path is correct and try again.
At line:14 char:27
+             Write-Output (TITLE= + $title)
+                           ~~~~~~
    + CategoryInfo          : ObjectNotFound: (TITLE=:String) [], CommandNotFoundException
    + FullyQualifiedErrorId : CommandNotFoundException
 
HWND= : The term &amp;apos;HWND=&amp;apos; is not recognized as the name of a cmdlet, function, script file, or operable program. Check 
the spelling of the name, or if a path was included, verify that the path is correct and try again.
At line:12 char:27
+             Write-Output (HWND= + $p.MainWindowHandle)
+                           ~~~~~
    + CategoryInfo          : ObjectNotFound: (HWND=:String) [], CommandNotFoundException
    + FullyQualifiedErrorId : CommandNotFoundException
 
TITLE= : The term &amp;apos;TITLE=&amp;apos; is not recognized as the name of a cmdlet, function, script file, or operable program. 
Check the spelling of the name, or if a path was included, verify that the path is correct and try again.
At line:14 char:27
+             Write-Output (TITLE= + $title)
+                           ~~~~~~
    + CategoryInfo          : ObjectNotFound: (TITLE=:String) [], CommandNotFoundException
    + FullyQualifiedErrorId : CommandNotFoundException
 
HWND= : The term &amp;apos;HWND=&amp;apos; is not recognized as the name of a cmdlet, function, script file, or operable program. Check 
the spelling of the name, or if a path was included, verify that the path is correct and try again.
At line:12 char:27
+             Write-Output (HWND= + $p.MainWindowHandle)
+                           ~~~~~
    + CategoryInfo          : ObjectNotFound: (HWND=:String) [], CommandNotFoundException
    + FullyQualifiedErrorId : CommandNotFoundException
 
TITLE= : The term &amp;apos;TITLE=&amp;apos; is not recognized as the name of a cmdlet, function, script file, or operable program. 
Check the spelling of the name, or if a path was included, verify that the path is correct and try again.
At line:14 char:27
+             Write-Output (TITLE= + $title)
+                           ~~~~~~
    + CategoryInfo          : ObjectNotFound: (TITLE=:String) [], CommandNotFoundException
    + FullyQualifiedErrorId : CommandNotFoundException
	at com.kms.katalon.core.util.KeywordUtil.markFailed(KeywordUtil.java:19)
	at ProsesDownload.run(ProsesDownload:534)
	at com.kms.katalon.core.main.ScriptEngine.run(ScriptEngine.java:194)
	at com.kms.katalon.core.main.ScriptEngine.runScriptAsRawText(ScriptEngine.java:119)
	at com.kms.katalon.core.main.TestCaseExecutor.runScript(TestCaseExecutor.java:490)
	at com.kms.katalon.core.main.TestCaseExecutor.doExecute(TestCaseExecutor.java:481)
	at com.kms.katalon.core.main.TestCaseExecutor.processExecutionPhase(TestCaseExecutor.java:460)
	at com.kms.katalon.core.main.TestCaseExecutor.accessMainPhase(TestCaseExecutor.java:452)
	at com.kms.katalon.core.main.TestCaseExecutor.execute(TestCaseExecutor.java:322)
	at com.kms.katalon.core.common.CommonExecutor.accessTestCaseMainPhase(CommonExecutor.java:71)
	at com.kms.katalon.core.main.TestSuiteExecutor.accessTestSuiteMainPhase(TestSuiteExecutor.java:153)
	at com.kms.katalon.core.main.TestSuiteExecutor.execute(TestSuiteExecutor.java:110)
	at com.kms.katalon.core.main.TestCaseMain.startTestSuite(TestCaseMain.java:205)
	at TempTestSuite1789359285563.run(TempTestSuite1789359285563.groovy:35)
	at java.base/jdk.internal.reflect.NativeMethodAccessorImpl.invoke0(Native Method)
	at java.base/jdk.internal.reflect.NativeMethodAccessorImpl.invoke(NativeMethodAccessorImpl.java:77)
	at java.base/jdk.internal.reflect.DelegatingMethodAccessorImpl.invoke(DelegatingMethodAccessorImpl.java:43)
</message>
  <exception>
    <message>com.kms.katalon.core.exception.StepFailedException: PowerShell gagal dijalankan. Exit code: 1. Hasil: HWND= : The term 'HWND=' is not recognized as the name of a cmdlet, function, script file, or operable program. Check 
the spelling of the name, or if a path was included, verify that the path is correct and try again.
At line:12 char:27
+             Write-Output (HWND= + $p.MainWindowHandle)
+                           ~~~~~
    + CategoryInfo          : ObjectNotFound: (HWND=:String) [], CommandNotFoundException
    + FullyQualifiedErrorId : CommandNotFoundException
 
TITLE= : The term 'TITLE=' is not recognized as the name of a cmdlet, function, script file, or operable program. 
Check the spelling of the name, or if a path was included, verify that the path is correct and try again.
At line:14 char:27
+             Write-Output (TITLE= + $title)
+                           ~~~~~~
    + CategoryInfo          : ObjectNotFound: (TITLE=:String) [], CommandNotFoundException
    + FullyQualifiedErrorId : CommandNotFoundException
 
HWND= : The term 'HWND=' is not recognized as the name of a cmdlet, function, script file, or operable program. Check 
the spelling of the name, or if a path was included, verify that the path is correct and try again.
At line:12 char:27
+             Write-Output (HWND= + $p.MainWindowHandle)
+                           ~~~~~
    + CategoryInfo          : ObjectNotFound: (HWND=:String) [], CommandNotFoundException
    + FullyQualifiedErrorId : CommandNotFoundException
 
TITLE= : The term 'TITLE=' is not recognized as the name of a cmdlet, function, script file, or operable program. 
Check the spelling of the name, or if a path was included, verify that the path is correct and try again.
At line:14 char:27
+             Write-Output (TITLE= + $title)
+                           ~~~~~~
    + CategoryInfo          : ObjectNotFound: (TITLE=:String) [], CommandNotFoundException
    + FullyQualifiedErrorId : CommandNotFoundException
 
HWND= : The term 'HWND=' is not recognized as the name of a cmdlet, function, script file, or operable program. Check 
the spelling of the name, or if a path was included, verify that the path is correct and try again.
At line:12 char:27
+             Write-Output (HWND= + $p.MainWindowHandle)
+                           ~~~~~
    + CategoryInfo          : ObjectNotFound: (HWND=:String) [], CommandNotFoundException
    + FullyQualifiedErrorId : CommandNotFoundException
 
TITLE= : The term 'TITLE=' is not recognized as the name of a cmdlet, function, script file, or operable program. 
Check the spelling of the name, or if a path was included, verify that the path is correct and try again.
At line:14 char:27
+             Write-Output (TITLE= + $title)
+                           ~~~~~~
    + CategoryInfo          : ObjectNotFound: (TITLE=:String) [], CommandNotFoundException
    + FullyQualifiedErrorId : CommandNotFoundException
 
HWND= : The term 'HWND=' is not recognized as the name of a cmdlet, function, script file, or operable program. Check 
the spelling of the name, or if a path was included, verify that the path is correct and try again.
At line:12 char:27
+             Write-Output (HWND= + $p.MainWindowHandle)
+                           ~~~~~
    + CategoryInfo          : ObjectNotFound: (HWND=:String) [], CommandNotFoundException
    + FullyQualifiedErrorId : CommandNotFoundException
 
TITLE= : The term 'TITLE=' is not recognized as the name of a cmdlet, function, script file, or operable program. 
Check the spelling of the name, or if a path was included, verify that the path is correct and try again.
At line:14 char:27
+             Write-Output (TITLE= + $title)
+                           ~~~~~~
    + CategoryInfo          : ObjectNotFound: (TITLE=:String) [], CommandNotFoundException
    + FullyQualifiedErrorId : CommandNotFoundException
 
HWND= : The term 'HWND=' is not recognized as the name of a cmdlet, function, script file, or operable program. Check 
the spelling of the name, or if a path was included, verify that the path is correct and try again.
At line:12 char:27
+             Write-Output (HWND= + $p.MainWindowHandle)
+                           ~~~~~
    + CategoryInfo          : ObjectNotFound: (HWND=:String) [], CommandNotFoundException
    + FullyQualifiedErrorId : CommandNotFoundException
 
TITLE= : The term 'TITLE=' is not recognized as the name of a cmdlet, function, script file, or operable program. 
Check the spelling of the name, or if a path was included, verify that the path is correct and try again.
At line:14 char:27
+             Write-Output (TITLE= + $title)
+                           ~~~~~~
    + CategoryInfo          : ObjectNotFound: (TITLE=:String) [], CommandNotFoundException
    + FullyQualifiedErrorId : CommandNotFoundException
 
HWND= : The term 'HWND=' is not recognized as the name of a cmdlet, function, script file, or operable program. Check 
the spelling of the name, or if a path was included, verify that the path is correct and try again.
At line:12 char:27
+             Write-Output (HWND= + $p.MainWindowHandle)
+                           ~~~~~
    + CategoryInfo          : ObjectNotFound: (HWND=:String) [], CommandNotFoundException
    + FullyQualifiedErrorId : CommandNotFoundException
 
TITLE= : The term 'TITLE=' is not recognized as the name of a cmdlet, function, script file, or operable program. 
Check the spelling of the name, or if a path was included, verify that the path is correct and try again.
At line:14 char:27
+             Write-Output (TITLE= + $title)
+                           ~~~~~~
    + CategoryInfo          : ObjectNotFound: (TITLE=:String) [], CommandNotFoundException
    + FullyQualifiedErrorId : CommandNotFoundException
 
HWND= : The term 'HWND=' is not recognized as the name of a cmdlet, function, script file, or operable program. Check 
the spelling of the name, or if a path was included, verify that the path is correct and try again.
At line:12 char:27
+             Write-Output (HWND= + $p.MainWindowHandle)
+                           ~~~~~
    + CategoryInfo          : ObjectNotFound: (HWND=:String) [], CommandNotFoundException
    + FullyQualifiedErrorId : CommandNotFoundException
 
TITLE= : The term 'TITLE=' is not recognized as the name of a cmdlet, function, script file, or operable program. 
Check the spelling of the name, or if a path was included, verify that the path is correct and try again.
At line:14 char:27
+             Write-Output (TITLE= + $title)
+                           ~~~~~~
    + CategoryInfo          : ObjectNotFound: (TITLE=:String) [], CommandNotFoundException
    + FullyQualifiedErrorId : CommandNotFoundException
 
HWND= : The term 'HWND=' is not recognized as the name of a cmdlet, function, script file, or operable program. Check 
the spelling of the name, or if a path was included, verify that the path is correct and try again.
At line:12 char:27
+             Write-Output (HWND= + $p.MainWindowHandle)
+                           ~~~~~
    + CategoryInfo          : ObjectNotFound: (HWND=:String) [], CommandNotFoundException
    + FullyQualifiedErrorId : CommandNotFoundException
 
TITLE= : The term 'TITLE=' is not recognized as the name of a cmdlet, function, script file, or operable program. 
Check the spelling of the name, or if a path was included, verify that the path is correct and try again.
At line:14 char:27
+             Write-Output (TITLE= + $title)
+                           ~~~~~~
    + CategoryInfo          : ObjectNotFound: (TITLE=:String) [], CommandNotFoundException
    + FullyQualifiedErrorId : CommandNotFoundException
 
HWND= : The term 'HWND=' is not recognized as the name of a cmdlet, function, script file, or operable program. Check 
the spelling of the name, or if a path was included, verify that the path is correct and try again.
At line:12 char:27
+             Write-Output (HWND= + $p.MainWindowHandle)
+                           ~~~~~
    + CategoryInfo          : ObjectNotFound: (HWND=:String) [], CommandNotFoundException
    + FullyQualifiedErrorId : CommandNotFoundException
 
TITLE= : The term 'TITLE=' is not recognized as the name of a cmdlet, function, script file, or operable program. 
Check the spelling of the name, or if a path was included, verify that the path is correct and try again.
At line:14 char:27
+             Write-Output (TITLE= + $title)
+                           ~~~~~~
    + CategoryInfo          : ObjectNotFound: (TITLE=:String) [], CommandNotFoundException
    + FullyQualifiedErrorId : CommandNotFoundException</message>
    <frame>
      <class>com.kms.katalon.core.logging.XmlKeywordLogger</class>
      <method>logMessage</method>
      <line>512</line>
    </frame>
    <frame>
      <class>com.kms.katalon.core.logging.KeywordLogger</class>
      <method>logMessage</method>
      <line>447</line>
    </frame>
    <frame>
      <class>com.kms.katalon.core.main.TestCaseExecutor</class>
      <method>logError</method>
      <line>599</line>
    </frame>
    <frame>
      <class>com.kms.katalon.core.main.TestCaseExecutor</class>
      <method>onExecutionError</method>
      <line>187</line>
    </frame>
    <frame>
      <class>com.kms.katalon.core.main.TestCaseExecutor</class>
      <method>processExecutionPhase</method>
      <line>470</line>
    </frame>
    <frame>
      <class>com.kms.katalon.core.main.TestCaseExecutor</class>
      <method>accessMainPhase</method>
      <line>452</line>
    </frame>
    <frame>
      <class>com.kms.katalon.core.main.TestCaseExecutor</class>
      <method>execute</method>
      <line>322</line>
    </frame>
    <frame>
      <class>com.kms.katalon.core.common.CommonExecutor</class>
      <method>accessTestCaseMainPhase</method>
      <line>71</line>
    </frame>
    <frame>
      <class>com.kms.katalon.core.main.TestSuiteExecutor</class>
      <method>accessTestSuiteMainPhase</method>
      <line>153</line>
    </frame>
    <frame>
      <class>com.kms.katalon.core.main.TestSuiteExecutor</class>
      <method>execute</method>
      <line>110</line>
    </frame>
    <frame>
      <class>com.kms.katalon.core.main.TestCaseMain</class>
      <method>startTestSuite</method>
      <line>205</line>
    </frame>
    <frame>
      <class>org.codehaus.groovy.vmplugin.v8.IndyInterface</class>
      <method>fromCache</method>
      <line>318</line>
    </frame>
    <frame>
      <class>TempTestSuite1789359285563</class>
      <method>run</method>
      <line>35</line>
    </frame>
    <frame>
      <class>groovy.lang.GroovyShell</class>
      <method>runScriptOrMainOrTestOrRunnable</method>
      <line>254</line>
    </frame>
    <frame>
      <class>groovy.lang.GroovyShell</class>
      <method>run</method>
      <line>360</line>
    </frame>
    <frame>
      <class>groovy.lang.GroovyShell</class>
      <method>run</method>
      <line>349</line>
    </frame>
    <frame>
      <class>groovy.ui.GroovyMain</class>
      <method>processOnce</method>
      <line>652</line>
    </frame>
    <frame>
      <class>groovy.ui.GroovyMain</class>
      <method>run</method>
      <line>398</line>
    </frame>
    <frame>
      <class>groovy.ui.GroovyMain</class>
      <method>access$1400</method>
      <line>68</line>
    </frame>
    <frame>
      <class>groovy.ui.GroovyMain$GroovyCommand</class>
      <method>process</method>
      <line>322</line>
    </frame>
    <frame>
      <class>groovy.ui.GroovyMain</class>
      <method>processArgs</method>
      <line>142</line>
    </frame>
    <frame>
      <class>groovy.ui.GroovyMain</class>
      <method>main</method>
      <line>115</line>
    </frame>
    <frame>
      <class>jdk.internal.reflect.NativeMethodAccessorImpl</class>
      <method>invoke0</method>
    </frame>
    <frame>
      <class>jdk.internal.reflect.NativeMethodAccessorImpl</class>
      <method>invoke</method>
      <line>77</line>
    </frame>
    <frame>
      <class>jdk.internal.reflect.DelegatingMethodAccessorImpl</class>
      <method>invoke</method>
      <line>43</line>
    </frame>
    <frame>
      <class>java.lang.reflect.Method</class>
      <method>invoke</method>
      <line>569</line>
    </frame>
    <frame>
      <class>org.codehaus.groovy.tools.GroovyStarter</class>
      <method>rootLoader</method>
      <line>117</line>
    </frame>
    <frame>
      <class>org.codehaus.groovy.tools.GroovyStarter</class>
      <method>main</method>
      <line>39</line>
    </frame>
  </exception>
  <nestedLevel>0</nestedLevel>
  <escapedJava>false</escapedJava>
  <property name="failed.exception.stacktrace">com.kms.katalon.core.exception.StepFailedException: PowerShell gagal dijalankan. Exit code: 1. Hasil: HWND= : The term &apos;HWND=&apos; is not recognized as the name of a cmdlet, function, script file, or operable program. Check 
the spelling of the name, or if a path was included, verify that the path is correct and try again.
At line:12 char:27
+             Write-Output (HWND= + $p.MainWindowHandle)
+                           ~~~~~
    + CategoryInfo          : ObjectNotFound: (HWND=:String) [], CommandNotFoundException
    + FullyQualifiedErrorId : CommandNotFoundException
 
TITLE= : The term &apos;TITLE=&apos; is not recognized as the name of a cmdlet, function, script file, or operable program. 
Check the spelling of the name, or if a path was included, verify that the path is correct and try again.
At line:14 char:27
+             Write-Output (TITLE= + $title)
+                           ~~~~~~
    + CategoryInfo          : ObjectNotFound: (TITLE=:String) [], CommandNotFoundException
    + FullyQualifiedErrorId : CommandNotFoundException
 
HWND= : The term &apos;HWND=&apos; is not recognized as the name of a cmdlet, function, script file, or operable program. Check 
the spelling of the name, or if a path was included, verify that the path is correct and try again.
At line:12 char:27
+             Write-Output (HWND= + $p.MainWindowHandle)
+                           ~~~~~
    + CategoryInfo          : ObjectNotFound: (HWND=:String) [], CommandNotFoundException
    + FullyQualifiedErrorId : CommandNotFoundException
 
TITLE= : The term &apos;TITLE=&apos; is not recognized as the name of a cmdlet, function, script file, or operable program. 
Check the spelling of the name, or if a path was included, verify that the path is correct and try again.
At line:14 char:27
+             Write-Output (TITLE= + $title)
+                           ~~~~~~
    + CategoryInfo          : ObjectNotFound: (TITLE=:String) [], CommandNotFoundException
    + FullyQualifiedErrorId : CommandNotFoundException
 
HWND= : The term &apos;HWND=&apos; is not recognized as the name of a cmdlet, function, script file, or operable program. Check 
the spelling of the name, or if a path was included, verify that the path is correct and try again.
At line:12 char:27
+             Write-Output (HWND= + $p.MainWindowHandle)
+                           ~~~~~
    + CategoryInfo          : ObjectNotFound: (HWND=:String) [], CommandNotFoundException
    + FullyQualifiedErrorId : CommandNotFoundException
 
TITLE= : The term &apos;TITLE=&apos; is not recognized as the name of a cmdlet, function, script file, or operable program. 
Check the spelling of the name, or if a path was included, verify that the path is correct and try again.
At line:14 char:27
+             Write-Output (TITLE= + $title)
+                           ~~~~~~
    + CategoryInfo          : ObjectNotFound: (TITLE=:String) [], CommandNotFoundException
    + FullyQualifiedErrorId : CommandNotFoundException
 
HWND= : The term &apos;HWND=&apos; is not recognized as the name of a cmdlet, function, script file, or operable program. Check 
the spelling of the name, or if a path was included, verify that the path is correct and try again.
At line:12 char:27
+             Write-Output (HWND= + $p.MainWindowHandle)
+                           ~~~~~
    + CategoryInfo          : ObjectNotFound: (HWND=:String) [], CommandNotFoundException
    + FullyQualifiedErrorId : CommandNotFoundException
 
TITLE= : The term &apos;TITLE=&apos; is not recognized as the name of a cmdlet, function, script file, or operable program. 
Check the spelling of the name, or if a path was included, verify that the path is correct and try again.
At line:14 char:27
+             Write-Output (TITLE= + $title)
+                           ~~~~~~
    + CategoryInfo          : ObjectNotFound: (TITLE=:String) [], CommandNotFoundException
    + FullyQualifiedErrorId : CommandNotFoundException
 
HWND= : The term &apos;HWND=&apos; is not recognized as the name of a cmdlet, function, script file, or operable program. Check 
the spelling of the name, or if a path was included, verify that the path is correct and try again.
At line:12 char:27
+             Write-Output (HWND= + $p.MainWindowHandle)
+                           ~~~~~
    + CategoryInfo          : ObjectNotFound: (HWND=:String) [], CommandNotFoundException
    + FullyQualifiedErrorId : CommandNotFoundException
 
TITLE= : The term &apos;TITLE=&apos; is not recognized as the name of a cmdlet, function, script file, or operable program. 
Check the spelling of the name, or if a path was included, verify that the path is correct and try again.
At line:14 char:27
+             Write-Output (TITLE= + $title)
+                           ~~~~~~
    + CategoryInfo          : ObjectNotFound: (TITLE=:String) [], CommandNotFoundException
    + FullyQualifiedErrorId : CommandNotFoundException
 
HWND= : The term &apos;HWND=&apos; is not recognized as the name of a cmdlet, function, script file, or operable program. Check 
the spelling of the name, or if a path was included, verify that the path is correct and try again.
At line:12 char:27
+             Write-Output (HWND= + $p.MainWindowHandle)
+                           ~~~~~
    + CategoryInfo          : ObjectNotFound: (HWND=:String) [], CommandNotFoundException
    + FullyQualifiedErrorId : CommandNotFoundException
 
TITLE= : The term &apos;TITLE=&apos; is not recognized as the name of a cmdlet, function, script file, or operable program. 
Check the spelling of the name, or if a path was included, verify that the path is correct and try again.
At line:14 char:27
+             Write-Output (TITLE= + $title)
+                           ~~~~~~
    + CategoryInfo          : ObjectNotFound: (TITLE=:String) [], CommandNotFoundException
    + FullyQualifiedErrorId : CommandNotFoundException
 
HWND= : The term &apos;HWND=&apos; is not recognized as the name of a cmdlet, function, script file, or operable program. Check 
the spelling of the name, or if a path was included, verify that the path is correct and try again.
At line:12 char:27
+             Write-Output (HWND= + $p.MainWindowHandle)
+                           ~~~~~
    + CategoryInfo          : ObjectNotFound: (HWND=:String) [], CommandNotFoundException
    + FullyQualifiedErrorId : CommandNotFoundException
 
TITLE= : The term &apos;TITLE=&apos; is not recognized as the name of a cmdlet, function, script file, or operable program. 
Check the spelling of the name, or if a path was included, verify that the path is correct and try again.
At line:14 char:27
+             Write-Output (TITLE= + $title)
+                           ~~~~~~
    + CategoryInfo          : ObjectNotFound: (TITLE=:String) [], CommandNotFoundException
    + FullyQualifiedErrorId : CommandNotFoundException
 
HWND= : The term &apos;HWND=&apos; is not recognized as the name of a cmdlet, function, script file, or operable program. Check 
the spelling of the name, or if a path was included, verify that the path is correct and try again.
At line:12 char:27
+             Write-Output (HWND= + $p.MainWindowHandle)
+                           ~~~~~
    + CategoryInfo          : ObjectNotFound: (HWND=:String) [], CommandNotFoundException
    + FullyQualifiedErrorId : CommandNotFoundException
 
TITLE= : The term &apos;TITLE=&apos; is not recognized as the name of a cmdlet, function, script file, or operable program. 
Check the spelling of the name, or if a path was included, verify that the path is correct and try again.
At line:14 char:27
+             Write-Output (TITLE= + $title)
+                           ~~~~~~
    + CategoryInfo          : ObjectNotFound: (TITLE=:String) [], CommandNotFoundException
    + FullyQualifiedErrorId : CommandNotFoundException
 
HWND= : The term &apos;HWND=&apos; is not recognized as the name of a cmdlet, function, script file, or operable program. Check 
the spelling of the name, or if a path was included, verify that the path is correct and try again.
At line:12 char:27
+             Write-Output (HWND= + $p.MainWindowHandle)
+                           ~~~~~
    + CategoryInfo          : ObjectNotFound: (HWND=:String) [], CommandNotFoundException
    + FullyQualifiedErrorId : CommandNotFoundException
 
TITLE= : The term &apos;TITLE=&apos; is not recognized as the name of a cmdlet, function, script file, or operable program. 
Check the spelling of the name, or if a path was included, verify that the path is correct and try again.
At line:14 char:27
+             Write-Output (TITLE= + $title)
+                           ~~~~~~
    + CategoryInfo          : ObjectNotFound: (TITLE=:String) [], CommandNotFoundException
    + FullyQualifiedErrorId : CommandNotFoundException
	at com.kms.katalon.core.util.KeywordUtil.markFailed(KeywordUtil.java:19)
	at ProsesDownload.run(ProsesDownload:534)
	at com.kms.katalon.core.main.ScriptEngine.run(ScriptEngine.java:194)
	at com.kms.katalon.core.main.ScriptEngine.runScriptAsRawText(ScriptEngine.java:119)
	at com.kms.katalon.core.main.TestCaseExecutor.runScript(TestCaseExecutor.java:490)
	at com.kms.katalon.core.main.TestCaseExecutor.doExecute(TestCaseExecutor.java:481)
	at com.kms.katalon.core.main.TestCaseExecutor.processExecutionPhase(TestCaseExecutor.java:460)
	at com.kms.katalon.core.main.TestCaseExecutor.accessMainPhase(TestCaseExecutor.java:452)
	at com.kms.katalon.core.main.TestCaseExecutor.execute(TestCaseExecutor.java:322)
	at com.kms.katalon.core.common.CommonExecutor.accessTestCaseMainPhase(CommonExecutor.java:71)
	at com.kms.katalon.core.main.TestSuiteExecutor.accessTestSuiteMainPhase(TestSuiteExecutor.java:153)
	at com.kms.katalon.core.main.TestSuiteExecutor.execute(TestSuiteExecutor.java:110)
	at com.kms.katalon.core.main.TestCaseMain.startTestSuite(TestCaseMain.java:205)
	at TempTestSuite1789359285563.run(TempTestSuite1789359285563.groovy:35)
	at java.base/jdk.internal.reflect.NativeMethodAccessorImpl.invoke0(Native Method)
	at java.base/jdk.internal.reflect.NativeMethodAccessorImpl.invoke(NativeMethodAccessorImpl.java:77)
	at java.base/jdk.internal.reflect.DelegatingMethodAccessorImpl.invoke(DelegatingMethodAccessorImpl.java:43)
</property>
  <property name="failed.exception.class">com.kms.katalon.core.exception.StepFailedException</property>
  <property name="failed.exception.message">PowerShell gagal dijalankan. Exit code: 1. Hasil: HWND= : The term &apos;HWND=&apos; is not recognized as the name of a cmdlet, function, script file, or operable program. Check 
the spelling of the name, or if a path was included, verify that the path is correct and try again.
At line:12 char:27
+             Write-Output (HWND= + $p.MainWindowHandle)
+                           ~~~~~
    + CategoryInfo          : ObjectNotFound: (HWND=:String) [], CommandNotFoundException
    + FullyQualifiedErrorId : CommandNotFoundException
 
TITLE= : The term &apos;TITLE=&apos; is not recognized as the name of a cmdlet, function, script file, or operable program. 
Check the spelling of the name, or if a path was included, verify that the path is correct and try again.
At line:14 char:27
+             Write-Output (TITLE= + $title)
+                           ~~~~~~
    + CategoryInfo          : ObjectNotFound: (TITLE=:String) [], CommandNotFoundException
    + FullyQualifiedErrorId : CommandNotFoundException
 
HWND= : The term &apos;HWND=&apos; is not recognized as the name of a cmdlet, function, script file, or operable program. Check 
the spelling of the name, or if a path was included, verify that the path is correct and try again.
At line:12 char:27
+             Write-Output (HWND= + $p.MainWindowHandle)
+                           ~~~~~
    + CategoryInfo          : ObjectNotFound: (HWND=:String) [], CommandNotFoundException
    + FullyQualifiedErrorId : CommandNotFoundException
 
TITLE= : The term &apos;TITLE=&apos; is not recognized as the name of a cmdlet, function, script file, or operable program. 
Check the spelling of the name, or if a path was included, verify that the path is correct and try again.
At line:14 char:27
+             Write-Output (TITLE= + $title)
+                           ~~~~~~
    + CategoryInfo          : ObjectNotFound: (TITLE=:String) [], CommandNotFoundException
    + FullyQualifiedErrorId : CommandNotFoundException
 
HWND= : The term &apos;HWND=&apos; is not recognized as the name of a cmdlet, function, script file, or operable program. Check 
the spelling of the name, or if a path was included, verify that the path is correct and try again.
At line:12 char:27
+             Write-Output (HWND= + $p.MainWindowHandle)
+                           ~~~~~
    + CategoryInfo          : ObjectNotFound: (HWND=:String) [], CommandNotFoundException
    + FullyQualifiedErrorId : CommandNotFoundException
 
TITLE= : The term &apos;TITLE=&apos; is not recognized as the name of a cmdlet, function, script file, or operable program. 
Check the spelling of the name, or if a path was included, verify that the path is correct and try again.
At line:14 char:27
+             Write-Output (TITLE= + $title)
+                           ~~~~~~
    + CategoryInfo          : ObjectNotFound: (TITLE=:String) [], CommandNotFoundException
    + FullyQualifiedErrorId : CommandNotFoundException
 
HWND= : The term &apos;HWND=&apos; is not recognized as the name of a cmdlet, function, script file, or operable program. Check 
the spelling of the name, or if a path was included, verify that the path is correct and try again.
At line:12 char:27
+             Write-Output (HWND= + $p.MainWindowHandle)
+                           ~~~~~
    + CategoryInfo          : ObjectNotFound: (HWND=:String) [], CommandNotFoundException
    + FullyQualifiedErrorId : CommandNotFoundException
 
TITLE= : The term &apos;TITLE=&apos; is not recognized as the name of a cmdlet, function, script file, or operable program. 
Check the spelling of the name, or if a path was included, verify that the path is correct and try again.
At line:14 char:27
+             Write-Output (TITLE= + $title)
+                           ~~~~~~
    + CategoryInfo          : ObjectNotFound: (TITLE=:String) [], CommandNotFoundException
    + FullyQualifiedErrorId : CommandNotFoundException
 
HWND= : The term &apos;HWND=&apos; is not recognized as the name of a cmdlet, function, script file, or operable program. Check 
the spelling of the name, or if a path was included, verify that the path is correct and try again.
At line:12 char:27
+             Write-Output (HWND= + $p.MainWindowHandle)
+                           ~~~~~
    + CategoryInfo          : ObjectNotFound: (HWND=:String) [], CommandNotFoundException
    + FullyQualifiedErrorId : CommandNotFoundException
 
TITLE= : The term &apos;TITLE=&apos; is not recognized as the name of a cmdlet, function, script file, or operable program. 
Check the spelling of the name, or if a path was included, verify that the path is correct and try again.
At line:14 char:27
+             Write-Output (TITLE= + $title)
+                           ~~~~~~
    + CategoryInfo          : ObjectNotFound: (TITLE=:String) [], CommandNotFoundException
    + FullyQualifiedErrorId : CommandNotFoundException
 
HWND= : The term &apos;HWND=&apos; is not recognized as the name of a cmdlet, function, script file, or operable program. Check 
the spelling of the name, or if a path was included, verify that the path is correct and try again.
At line:12 char:27
+             Write-Output (HWND= + $p.MainWindowHandle)
+                           ~~~~~
    + CategoryInfo          : ObjectNotFound: (HWND=:String) [], CommandNotFoundException
    + FullyQualifiedErrorId : CommandNotFoundException
 
TITLE= : The term &apos;TITLE=&apos; is not recognized as the name of a cmdlet, function, script file, or operable program. 
Check the spelling of the name, or if a path was included, verify that the path is correct and try again.
At line:14 char:27
+             Write-Output (TITLE= + $title)
+                           ~~~~~~
    + CategoryInfo          : ObjectNotFound: (TITLE=:String) [], CommandNotFoundException
    + FullyQualifiedErrorId : CommandNotFoundException
 
HWND= : The term &apos;HWND=&apos; is not recognized as the name of a cmdlet, function, script file, or operable program. Check 
the spelling of the name, or if a path was included, verify that the path is correct and try again.
At line:12 char:27
+             Write-Output (HWND= + $p.MainWindowHandle)
+                           ~~~~~
    + CategoryInfo          : ObjectNotFound: (HWND=:String) [], CommandNotFoundException
    + FullyQualifiedErrorId : CommandNotFoundException
 
TITLE= : The term &apos;TITLE=&apos; is not recognized as the name of a cmdlet, function, script file, or operable program. 
Check the spelling of the name, or if a path was included, verify that the path is correct and try again.
At line:14 char:27
+             Write-Output (TITLE= + $title)
+                           ~~~~~~
    + CategoryInfo          : ObjectNotFound: (TITLE=:String) [], CommandNotFoundException
    + FullyQualifiedErrorId : CommandNotFoundException
 
HWND= : The term &apos;HWND=&apos; is not recognized as the name of a cmdlet, function, script file, or operable program. Check 
the spelling of the name, or if a path was included, verify that the path is correct and try again.
At line:12 char:27
+             Write-Output (HWND= + $p.MainWindowHandle)
+                           ~~~~~
    + CategoryInfo          : ObjectNotFound: (HWND=:String) [], CommandNotFoundException
    + FullyQualifiedErrorId : CommandNotFoundException
 
TITLE= : The term &apos;TITLE=&apos; is not recognized as the name of a cmdlet, function, script file, or operable program. 
Check the spelling of the name, or if a path was included, verify that the path is correct and try again.
At line:14 char:27
+             Write-Output (TITLE= + $title)
+                           ~~~~~~
    + CategoryInfo          : ObjectNotFound: (TITLE=:String) [], CommandNotFoundException
    + FullyQualifiedErrorId : CommandNotFoundException
 
HWND= : The term &apos;HWND=&apos; is not recognized as the name of a cmdlet, function, script file, or operable program. Check 
the spelling of the name, or if a path was included, verify that the path is correct and try again.
At line:12 char:27
+             Write-Output (HWND= + $p.MainWindowHandle)
+                           ~~~~~
    + CategoryInfo          : ObjectNotFound: (HWND=:String) [], CommandNotFoundException
    + FullyQualifiedErrorId : CommandNotFoundException
 
TITLE= : The term &apos;TITLE=&apos; is not recognized as the name of a cmdlet, function, script file, or operable program. 
Check the spelling of the name, or if a path was included, verify that the path is correct and try again.
At line:14 char:27
+             Write-Output (TITLE= + $title)
+                           ~~~~~~
    + CategoryInfo          : ObjectNotFound: (TITLE=:String) [], CommandNotFoundException
    + FullyQualifiedErrorId : CommandNotFoundException</property>
</record>
<record>
  <date>2026-09-14T04:17:01.936996500Z</date>
  <millis>1789359421936</millis>
  <nanos>996500</nanos>
  <sequence>684</sequence>
  <level>START</level>
  <class>com.kms.katalon.core.logging.XmlKeywordLogger</class>
  <method>startKeyword</method>
  <thread>1</thread>
  <message>Start listener action : takeScreenshotAfterTestCase</message>
  <nestedLevel>1</nestedLevel>
  <escapedJava>false</escapedJava>
</record>
<record>
  <date>2026-09-14T04:17:01.938056800Z</date>
  <millis>1789359421938</millis>
  <nanos>56800</nanos>
  <sequence>686</sequence>
  <level>START</level>
  <class>com.kms.katalon.core.logging.XmlKeywordLogger</class>
  <method>startKeyword</method>
  <thread>1</thread>
  <message>Start action : timestamp = Date().format(&amp;quot;dd.MM.yyyy_(HH.mm.ss)&amp;quot;)</message>
  <nestedLevel>1</nestedLevel>
  <escapedJava>false</escapedJava>
  <property name="startLine">17</property>
  <property name="stepIndex">1</property>
</record>
<record>
  <date>2026-09-14T04:17:01.939027800Z</date>
  <millis>1789359421939</millis>
  <nanos>27800</nanos>
  <sequence>687</sequence>
  <level>END</level>
  <class>com.kms.katalon.core.logging.XmlKeywordLogger</class>
  <method>endKeyword</method>
  <thread>1</thread>
  <message>End action : timestamp = Date().format(&amp;quot;dd.MM.yyyy_(HH.mm.ss)&amp;quot;)</message>
  <nestedLevel>1</nestedLevel>
  <escapedJava>false</escapedJava>
</record>
<record>
  <date>2026-09-14T04:17:01.939337800Z</date>
  <millis>1789359421939</millis>
  <nanos>337800</nanos>
  <sequence>688</sequence>
  <level>START</level>
  <class>com.kms.katalon.core.logging.XmlKeywordLogger</class>
  <method>startKeyword</method>
  <thread>1</thread>
  <message>Start action : projectDir = getProjectDir()</message>
  <nestedLevel>1</nestedLevel>
  <escapedJava>false</escapedJava>
  <property name="startLine">18</property>
  <property name="stepIndex">2</property>
</record>
<record>
  <date>2026-09-14T04:17:01.940138400Z</date>
  <millis>1789359421940</millis>
  <nanos>138400</nanos>
  <sequence>689</sequence>
  <level>END</level>
  <class>com.kms.katalon.core.logging.XmlKeywordLogger</class>
  <method>endKeyword</method>
  <thread>1</thread>
  <message>End action : projectDir = getProjectDir()</message>
  <nestedLevel>1</nestedLevel>
  <escapedJava>false</escapedJava>
</record>
<record>
  <date>2026-09-14T04:17:01.940684600Z</date>
  <millis>1789359421940</millis>
  <nanos>684600</nanos>
  <sequence>690</sequence>
  <level>START</level>
  <class>com.kms.katalon.core.logging.XmlKeywordLogger</class>
  <method>startKeyword</method>
  <thread>1</thread>
  <message>Start action : testCaseName = getTestCaseId().replace(&amp;quot;/&amp;quot;, &amp;quot;_&amp;quot;)</message>
  <nestedLevel>1</nestedLevel>
  <escapedJava>false</escapedJava>
  <property name="startLine">19</property>
  <property name="stepIndex">3</property>
</record>
<record>
  <date>2026-09-14T04:17:01.941185600Z</date>
  <millis>1789359421941</millis>
  <nanos>185600</nanos>
  <sequence>691</sequence>
  <level>END</level>
  <class>com.kms.katalon.core.logging.XmlKeywordLogger</class>
  <method>endKeyword</method>
  <thread>1</thread>
  <message>End action : testCaseName = getTestCaseId().replace(&amp;quot;/&amp;quot;, &amp;quot;_&amp;quot;)</message>
  <nestedLevel>1</nestedLevel>
  <escapedJava>false</escapedJava>
</record>
<record>
  <date>2026-09-14T04:17:01.941185600Z</date>
  <millis>1789359421941</millis>
  <nanos>185600</nanos>
  <sequence>692</sequence>
  <level>START</level>
  <class>com.kms.katalon.core.logging.XmlKeywordLogger</class>
  <method>startKeyword</method>
  <thread>1</thread>
  <message>Start action : status = testCaseContext.getTestCaseStatus()</message>
  <nestedLevel>1</nestedLevel>
  <escapedJava>false</escapedJava>
  <property name="startLine">21</property>
  <property name="stepIndex">4</property>
</record>
<record>
  <date>2026-09-14T04:17:01.941643500Z</date>
  <millis>1789359421941</millis>
  <nanos>643500</nanos>
  <sequence>693</sequence>
  <level>END</level>
  <class>com.kms.katalon.core.logging.XmlKeywordLogger</class>
  <method>endKeyword</method>
  <thread>1</thread>
  <message>End action : status = testCaseContext.getTestCaseStatus()</message>
  <nestedLevel>1</nestedLevel>
  <escapedJava>false</escapedJava>
</record>
<record>
  <date>2026-09-14T04:17:01.941643500Z</date>
  <millis>1789359421941</millis>
  <nanos>643500</nanos>
  <sequence>694</sequence>
  <level>START</level>
  <class>com.kms.katalon.core.logging.XmlKeywordLogger</class>
  <method>startKeyword</method>
  <thread>1</thread>
  <message>Start action : fullPath = $projectDir/Screenshots/Evidence_$status_$timestamp.png</message>
  <nestedLevel>1</nestedLevel>
  <escapedJava>false</escapedJava>
  <property name="startLine">25</property>
  <property name="stepIndex">5</property>
</record>
<record>
  <date>2026-09-14T04:17:01.941643500Z</date>
  <millis>1789359421941</millis>
  <nanos>643500</nanos>
  <sequence>695</sequence>
  <level>END</level>
  <class>com.kms.katalon.core.logging.XmlKeywordLogger</class>
  <method>endKeyword</method>
  <thread>1</thread>
  <message>End action : fullPath = $projectDir/Screenshots/Evidence_$status_$timestamp.png</message>
  <nestedLevel>1</nestedLevel>
  <escapedJava>false</escapedJava>
</record>
<record>
  <date>2026-09-14T04:17:01.942142700Z</date>
  <millis>1789359421942</millis>
  <nanos>142700</nanos>
  <sequence>696</sequence>
  <level>START</level>
  <class>com.kms.katalon.core.logging.XmlKeywordLogger</class>
  <method>startKeyword</method>
  <thread>1</thread>
  <message>Start action : takeScreenshot(fullPath)</message>
  <nestedLevel>1</nestedLevel>
  <escapedJava>false</escapedJava>
  <property name="startLine">28</property>
  <property name="stepIndex">6</property>
</record>
<record>
  <date>2026-09-14T04:17:02.407643300Z</date>
  <millis>1789359422407</millis>
  <nanos>643300</nanos>
  <sequence>699</sequence>
  <level>PASSED</level>
  <class>com.kms.katalon.core.logging.XmlKeywordLogger</class>
  <method>logMessage</method>
  <thread>1</thread>
  <message>Taking screenshot successfully</message>
  <nestedLevel>1</nestedLevel>
  <escapedJava>false</escapedJava>
  <property name="attachment">C:/Users/TTECH-0251/git/AutoAPI/Screenshots/Evidence_FAILED_14.09.2026_(11.17.01).png</property>
  <property name="testops-method-name">com.kms.katalon.core.webui.keyword.builtin.TakeScreenshotKeyword.takeScreenshot</property>
  <property name="testops-execution-stacktrace"></property>
</record>
<record>
  <date>2026-09-14T04:17:02.409246800Z</date>
  <millis>1789359422409</millis>
  <nanos>246800</nanos>
  <sequence>700</sequence>
  <level>END</level>
  <class>com.kms.katalon.core.logging.XmlKeywordLogger</class>
  <method>endKeyword</method>
  <thread>1</thread>
  <message>End action : takeScreenshot(fullPath)</message>
  <nestedLevel>1</nestedLevel>
  <escapedJava>false</escapedJava>
</record>
<record>
  <date>2026-09-14T04:17:02.409636500Z</date>
  <millis>1789359422409</millis>
  <nanos>636500</nanos>
  <sequence>701</sequence>
  <level>START</level>
  <class>com.kms.katalon.core.logging.XmlKeywordLogger</class>
  <method>startKeyword</method>
  <thread>1</thread>
  <message>Start action : println(&amp;quot;Screenshot disimpan: &amp;quot; + fullPath)</message>
  <nestedLevel>1</nestedLevel>
  <escapedJava>false</escapedJava>
  <property name="startLine">30</property>
  <property name="stepIndex">7</property>
</record>
<record>
  <date>2026-09-14T04:17:02.410563600Z</date>
  <millis>1789359422410</millis>
  <nanos>563600</nanos>
  <sequence>703</sequence>
  <level>END</level>
  <class>com.kms.katalon.core.logging.XmlKeywordLogger</class>
  <method>endKeyword</method>
  <thread>1</thread>
  <message>End action : println(&amp;quot;Screenshot disimpan: &amp;quot; + fullPath)</message>
  <nestedLevel>1</nestedLevel>
  <escapedJava>false</escapedJava>
</record>
<record>
  <date>2026-09-14T04:17:02.410658500Z</date>
  <millis>1789359422410</millis>
  <nanos>658500</nanos>
  <sequence>704</sequence>
  <level>END</level>
  <class>com.kms.katalon.core.logging.XmlKeywordLogger</class>
  <method>endKeyword</method>
  <thread>1</thread>
  <message>End listener action : takeScreenshotAfterTestCase</message>
  <nestedLevel>1</nestedLevel>
  <escapedJava>false</escapedJava>
</record>
<record>
  <date>2026-09-14T04:17:02.412225400Z</date>
  <millis>1789359422412</millis>
  <nanos>225400</nanos>
  <sequence>705</sequence>
  <level>END</level>
  <class>com.kms.katalon.core.logging.XmlKeywordLogger</class>
  <method>endTest</method>
  <thread>1</thread>
  <message>End Test Case : Test Cases/DATA UI/Download/ProsesDownload</message>
  <nestedLevel>0</nestedLevel>
  <escapedJava>false</escapedJava>
  <property name="executionBindingVariables">[]</property>
  <property name="applitools">false</property>
  <property name="remainingRetryCount">3</property>
  <property name="executedKeywords">{
  &quot;WebUI.verifyElementPresent&quot;: 1,
  &quot;WebUI.takeScreenshot&quot;: 2,
  &quot;WebUI.click&quot;: 2,
  &quot;BuiltIn.delay&quot;: 4,
  &quot;BuiltIn.comment&quot;: 15
}</property>
  <property name="currentRetryCount">0</property>
  <property name="keywordsUsage">{
  &quot;web_ui&quot;: true,
  &quot;web_service&quot;: false,
  &quot;cucumber&quot;: false,
  &quot;builtin&quot;: true,
  &quot;mobile&quot;: false,
  &quot;windows&quot;: false,
  &quot;testng&quot;: false
}</property>
</record>
<record>
  <date>2026-09-14T04:17:02.413312600Z</date>
  <millis>1789359422413</millis>
  <nanos>312600</nanos>
  <sequence>706</sequence>
  <level>START</level>
  <class>com.kms.katalon.core.logging.XmlKeywordLogger</class>
  <method>startTest</method>
  <thread>1</thread>
  <message>Start Test Case : Test Cases/DATA UI/Download/ProsesDownload</message>
  <nestedLevel>1</nestedLevel>
  <escapedJava>false</escapedJava>
  <property name="remainingRetryCount">2</property>
  <property name="origin"></property>
  <property name="name">Test Cases/DATA UI/Download/ProsesDownload</property>
  <property name="description"></property>
  <property name="iteration"></property>
  <property name="id">Test Cases/DATA UI/Download/ProsesDownload</property>
  <property name="source">C:\Users\TTECH-0251\git\AutoAPI\Test Cases\DATA UI\Download\ProsesDownload.tc</property>
  <property name="tag"></property>
  <property name="isOptional">false</property>
  <property name="currentRetryCount">1</property>
</record>
<record>
  <date>2026-09-14T04:17:02.527686100Z</date>
  <millis>1789359422527</millis>
  <nanos>686100</nanos>
  <sequence>708</sequence>
  <level>START</level>
  <class>com.kms.katalon.core.logging.XmlKeywordLogger</class>
  <method>startKeyword</method>
  <thread>1</thread>
  <message>Start action : projectDir = getProjectDir()</message>
  <nestedLevel>1</nestedLevel>
  <escapedJava>false</escapedJava>
  <property name="startLine">30</property>
  <property name="stepIndex">1</property>
</record>
<record>
  <date>2026-09-14T04:17:02.530699300Z</date>
  <millis>1789359422530</millis>
  <nanos>699300</nanos>
  <sequence>709</sequence>
  <level>END</level>
  <class>com.kms.katalon.core.logging.XmlKeywordLogger</class>
  <method>endKeyword</method>
  <thread>1</thread>
  <message>End action : projectDir = getProjectDir()</message>
  <nestedLevel>1</nestedLevel>
  <escapedJava>false</escapedJava>
</record>
<record>
  <date>2026-09-14T04:17:02.531699400Z</date>
  <millis>1789359422531</millis>
  <nanos>699400</nanos>
  <sequence>710</sequence>
  <level>START</level>
  <class>com.kms.katalon.core.logging.XmlKeywordLogger</class>
  <method>startKeyword</method>
  <thread>1</thread>
  <message>Start action : timestamp = Date().format(&amp;quot;dd.MM.yyyy_(HH.mm.ss)&amp;quot;)</message>
  <nestedLevel>1</nestedLevel>
  <escapedJava>false</escapedJava>
  <property name="startLine">32</property>
  <property name="stepIndex">2</property>
</record>
<record>
  <date>2026-09-14T04:17:02.534163200Z</date>
  <millis>1789359422534</millis>
  <nanos>163200</nanos>
  <sequence>711</sequence>
  <level>END</level>
  <class>com.kms.katalon.core.logging.XmlKeywordLogger</class>
  <method>endKeyword</method>
  <thread>1</thread>
  <message>End action : timestamp = Date().format(&amp;quot;dd.MM.yyyy_(HH.mm.ss)&amp;quot;)</message>
  <nestedLevel>1</nestedLevel>
  <escapedJava>false</escapedJava>
</record>
<record>
  <date>2026-09-14T04:17:02.534163200Z</date>
  <millis>1789359422534</millis>
  <nanos>163200</nanos>
  <sequence>712</sequence>
  <level>START</level>
  <class>com.kms.katalon.core.logging.XmlKeywordLogger</class>
  <method>startKeyword</method>
  <thread>1</thread>
  <message>Start action : click(findTestObject(&amp;quot;Data UI/Download/btnDownload&amp;quot;))</message>
  <nestedLevel>1</nestedLevel>
  <escapedJava>false</escapedJava>
  <property name="startLine">34</property>
  <property name="stepIndex">3</property>
</record>
