<?xml version="1.0" encoding="UTF-8" standalone="no"?>
<!DOCTYPE log SYSTEM "logger.dtd">
<log>
<record>
  <date>2026-07-29T05:35:44.312026100Z</date>
  <millis>1785303344312</millis>
  <nanos>26100</nanos>
  <sequence>0</sequence>
  <level>START</level>
  <class>com.kms.katalon.core.logging.XmlKeywordLogger</class>
  <method>startSuite</method>
  <thread>1</thread>
  <message>Start Test Suite : Test Suites/BrinScreen/BrinScreenBook</message>
  <nestedLevel>0</nestedLevel>
  <escapedJava>false</escapedJava>
  <property name="rerunTestFailImmediately">false</property>
  <property name="retryCount">0</property>
  <property name="name">BrinScreenBook</property>
  <property name="description"></property>
  <property name="id">Test Suites/BrinScreen/BrinScreenBook</property>
</record>
<record>
  <date>2026-07-29T05:35:44.334796200Z</date>
  <millis>1785303344334</millis>
  <nanos>796200</nanos>
  <sequence>1</sequence>
  <level>RUN_DATA</level>
  <class>com.kms.katalon.core.logging.XmlKeywordLogger</class>
  <method>logMessage</method>
  <thread>1</thread>
  <message>userFullName = Noval Wina</message>
  <nestedLevel>0</nestedLevel>
  <escapedJava>false</escapedJava>
  <property name="userFullName">Noval Wina</property>
</record>
<record>
  <date>2026-07-29T05:35:44.335786300Z</date>
  <millis>1785303344335</millis>
  <nanos>786300</nanos>
  <sequence>2</sequence>
  <level>RUN_DATA</level>
  <class>com.kms.katalon.core.logging.XmlKeywordLogger</class>
  <method>logMessage</method>
  <thread>1</thread>
  <message>projectName = AutoAPI</message>
  <nestedLevel>0</nestedLevel>
  <escapedJava>false</escapedJava>
  <property name="projectName">AutoAPI</property>
</record>
<record>
  <date>2026-07-29T05:35:44.336785100Z</date>
  <millis>1785303344336</millis>
  <nanos>785100</nanos>
  <sequence>3</sequence>
  <level>RUN_DATA</level>
  <class>com.kms.katalon.core.logging.XmlKeywordLogger</class>
  <method>logMessage</method>
  <thread>1</thread>
  <message>hostName = TTECH-0251 - NovalWinaNurcahyo.brins.co.id</message>
  <nestedLevel>0</nestedLevel>
  <escapedJava>false</escapedJava>
  <property name="hostName">TTECH-0251 - NovalWinaNurcahyo.brins.co.id</property>
</record>
<record>
  <date>2026-07-29T05:35:44.338777Z</date>
  <millis>1785303344338</millis>
  <nanos>777000</nanos>
  <sequence>4</sequence>
  <level>RUN_DATA</level>
  <class>com.kms.katalon.core.logging.XmlKeywordLogger</class>
  <method>logMessage</method>
  <thread>1</thread>
  <message>os = Windows 10 64bit</message>
  <nestedLevel>0</nestedLevel>
  <escapedJava>false</escapedJava>
  <property name="os">Windows 10 64bit</property>
</record>
<record>
  <date>2026-07-29T05:35:44.340627Z</date>
  <millis>1785303344340</millis>
  <nanos>627000</nanos>
  <sequence>5</sequence>
  <level>RUN_DATA</level>
  <class>com.kms.katalon.core.logging.XmlKeywordLogger</class>
  <method>logMessage</method>
  <thread>1</thread>
  <message>hostAddress = 10.1.48.87</message>
  <nestedLevel>0</nestedLevel>
  <escapedJava>false</escapedJava>
  <property name="hostAddress">10.1.48.87</property>
</record>
<record>
  <date>2026-07-29T05:35:44.343546800Z</date>
  <millis>1785303344343</millis>
  <nanos>546800</nanos>
  <sequence>6</sequence>
  <level>RUN_DATA</level>
  <class>com.kms.katalon.core.logging.XmlKeywordLogger</class>
  <method>logMessage</method>
  <thread>1</thread>
  <message>katalonVersion = 10.4.2.0</message>
  <nestedLevel>0</nestedLevel>
  <escapedJava>false</escapedJava>
  <property name="katalonVersion">10.4.2.0</property>
</record>
<record>
  <date>2026-07-29T05:35:44.963388600Z</date>
  <millis>1785303344963</millis>
  <nanos>388600</nanos>
  <sequence>7</sequence>
  <level>START</level>
  <class>com.kms.katalon.core.logging.XmlKeywordLogger</class>
  <method>startTest</method>
  <thread>1</thread>
  <message>Start Test Case : Test Cases/BRINESIA UI/BRINSCREEN/ScreenBook</message>
  <nestedLevel>1</nestedLevel>
  <escapedJava>false</escapedJava>
  <property name="origin"></property>
  <property name="name">Test Cases/BRINESIA UI/BRINSCREEN/ScreenBook</property>
  <property name="description"></property>
  <property name="iteration"></property>
  <property name="id">Test Cases/BRINESIA UI/BRINSCREEN/ScreenBook</property>
  <property name="source">C:\Users\TTECH-0251\git\AutoAPI\Test Cases\BRINESIA UI\BRINSCREEN\ScreenBook.tc</property>
  <property name="tag"></property>
  <property name="isOptional">false</property>
</record>
<record>
  <date>2026-07-29T05:35:45.323713800Z</date>
  <millis>1785303345323</millis>
  <nanos>713800</nanos>
  <sequence>9</sequence>
  <level>START</level>
  <class>com.kms.katalon.core.logging.XmlKeywordLogger</class>
  <method>startKeyword</method>
  <thread>1</thread>
  <message>Start action : projectDir = getProjectDir()</message>
  <nestedLevel>1</nestedLevel>
  <escapedJava>false</escapedJava>
  <property name="startLine">20</property>
  <property name="stepIndex">1</property>
</record>
<record>
  <date>2026-07-29T05:35:45.330829500Z</date>
  <millis>1785303345330</millis>
  <nanos>829500</nanos>
  <sequence>10</sequence>
  <level>END</level>
  <class>com.kms.katalon.core.logging.XmlKeywordLogger</class>
  <method>endKeyword</method>
  <thread>1</thread>
  <message>End action : projectDir = getProjectDir()</message>
  <nestedLevel>1</nestedLevel>
  <escapedJava>false</escapedJava>
</record>
<record>
  <date>2026-07-29T05:35:45.331526400Z</date>
  <millis>1785303345331</millis>
  <nanos>526400</nanos>
  <sequence>11</sequence>
  <level>START</level>
  <class>com.kms.katalon.core.logging.XmlKeywordLogger</class>
  <method>startKeyword</method>
  <thread>1</thread>
  <message>Start action : timestamp = Date().format(&amp;quot;dd.MM.yyyy_(HH.mm.ss)&amp;quot;)</message>
  <nestedLevel>1</nestedLevel>
  <escapedJava>false</escapedJava>
  <property name="startLine">22</property>
  <property name="stepIndex">2</property>
</record>
<record>
  <date>2026-07-29T05:35:45.361595300Z</date>
  <millis>1785303345361</millis>
  <nanos>595300</nanos>
  <sequence>12</sequence>
  <level>END</level>
  <class>com.kms.katalon.core.logging.XmlKeywordLogger</class>
  <method>endKeyword</method>
  <thread>1</thread>
  <message>End action : timestamp = Date().format(&amp;quot;dd.MM.yyyy_(HH.mm.ss)&amp;quot;)</message>
  <nestedLevel>1</nestedLevel>
  <escapedJava>false</escapedJava>
</record>
<record>
  <date>2026-07-29T05:35:45.362392300Z</date>
  <millis>1785303345362</millis>
  <nanos>392300</nanos>
  <sequence>13</sequence>
  <level>START</level>
  <class>com.kms.katalon.core.logging.XmlKeywordLogger</class>
  <method>startKeyword</method>
  <thread>1</thread>
  <message>Start action : openBrowser(&amp;quot;http://192.168.140.18:8005/login/&amp;quot;)</message>
  <nestedLevel>1</nestedLevel>
  <escapedJava>false</escapedJava>
  <property name="startLine">27</property>
  <property name="stepIndex">3</property>
</record>
<record>
  <date>2026-07-29T05:35:45.733866700Z</date>
  <millis>1785303345733</millis>
  <nanos>866700</nanos>
  <sequence>16</sequence>
  <level>INFO</level>
  <class>com.kms.katalon.core.logging.XmlKeywordLogger</class>
  <method>logMessage</method>
  <thread>1</thread>
  <message>Starting &amp;apos;Chrome&amp;apos; driver</message>
  <nestedLevel>1</nestedLevel>
  <escapedJava>false</escapedJava>
</record>
<record>
  <date>2026-07-29T05:35:45.822638100Z</date>
  <millis>1785303345822</millis>
  <nanos>638100</nanos>
  <sequence>17</sequence>
  <level>INFO</level>
  <class>com.kms.katalon.core.logging.XmlKeywordLogger</class>
  <method>logMessage</method>
  <thread>1</thread>
  <message>Action delay is set to 0 milliseconds</message>
  <nestedLevel>1</nestedLevel>
  <escapedJava>false</escapedJava>
</record>
<record>
  <date>2026-07-29T05:35:48.923913200Z</date>
  <millis>1785303348923</millis>
  <nanos>913200</nanos>
  <sequence>20</sequence>
  <level>RUN_DATA</level>
  <class>com.kms.katalon.core.logging.XmlKeywordLogger</class>
  <method>logMessage</method>
  <thread>1</thread>
  <message>sessionId = 8e54fb3107f2ecbd7b88cd9ec7af786e</message>
  <nestedLevel>1</nestedLevel>
  <escapedJava>false</escapedJava>
  <property name="sessionId">8e54fb3107f2ecbd7b88cd9ec7af786e</property>
</record>
<record>
  <date>2026-07-29T05:35:48.925618500Z</date>
  <millis>1785303348925</millis>
  <nanos>618500</nanos>
  <sequence>21</sequence>
  <level>RUN_DATA</level>
  <class>com.kms.katalon.core.logging.XmlKeywordLogger</class>
  <method>logMessage</method>
  <thread>1</thread>
  <message>browser = Chrome 150.0.7871.187</message>
  <nestedLevel>1</nestedLevel>
  <escapedJava>false</escapedJava>
  <property name="browser">Chrome 150.0.7871.187</property>
</record>
<record>
  <date>2026-07-29T05:35:48.927152400Z</date>
  <millis>1785303348927</millis>
  <nanos>152400</nanos>
  <sequence>22</sequence>
  <level>RUN_DATA</level>
  <class>com.kms.katalon.core.logging.XmlKeywordLogger</class>
  <method>logMessage</method>
  <thread>1</thread>
  <message>platform = Windows 10</message>
  <nestedLevel>1</nestedLevel>
  <escapedJava>false</escapedJava>
  <property name="platform">Windows 10</property>
</record>
<record>
  <date>2026-07-29T05:35:48.927856700Z</date>
  <millis>1785303348927</millis>
  <nanos>856700</nanos>
  <sequence>23</sequence>
  <level>RUN_DATA</level>
  <class>com.kms.katalon.core.logging.XmlKeywordLogger</class>
  <method>logMessage</method>
  <thread>1</thread>
  <message>seleniumVersion = 4.34.0</message>
  <nestedLevel>1</nestedLevel>
  <escapedJava>false</escapedJava>
  <property name="seleniumVersion">4.34.0</property>
</record>
<record>
  <date>2026-07-29T05:35:48.940782500Z</date>
  <millis>1785303348940</millis>
  <nanos>782500</nanos>
  <sequence>24</sequence>
  <level>RUN_DATA</level>
  <class>com.kms.katalon.core.logging.XmlKeywordLogger</class>
  <method>logMessage</method>
  <thread>1</thread>
  <message>proxyInformation = ProxyInformation { proxyOption=NO_PROXY, proxyServerType=HTTP, username=, password=********, proxyServerAddress=, proxyServerPort=0, executionList=&amp;quot;&amp;quot;, isApplyToDesiredCapabilities=true }</message>
  <nestedLevel>1</nestedLevel>
  <escapedJava>false</escapedJava>
  <property name="proxyInformation">ProxyInformation { proxyOption=NO_PROXY, proxyServerType=HTTP, username=, password=********, proxyServerAddress=, proxyServerPort=0, executionList=&quot;&quot;, isApplyToDesiredCapabilities=true }</property>
</record>
<record>
  <date>2026-07-29T05:35:51.339952500Z</date>
  <millis>1785303351339</millis>
  <nanos>952500</nanos>
  <sequence>26</sequence>
  <level>PASSED</level>
  <class>com.kms.katalon.core.logging.XmlKeywordLogger</class>
  <method>logMessage</method>
  <thread>1</thread>
  <message>Browser is opened with url: &amp;apos;http://192.168.140.18:8005/login/&amp;apos;</message>
  <nestedLevel>1</nestedLevel>
  <escapedJava>false</escapedJava>
  <property name="testops-method-name">com.kms.katalon.core.webui.keyword.builtin.OpenBrowserKeyword.openBrowser</property>
  <property name="testops-execution-stacktrace"></property>
</record>
<record>
  <date>2026-07-29T05:35:51.343474Z</date>
  <millis>1785303351343</millis>
  <nanos>474000</nanos>
  <sequence>27</sequence>
  <level>END</level>
  <class>com.kms.katalon.core.logging.XmlKeywordLogger</class>
  <method>endKeyword</method>
  <thread>1</thread>
  <message>End action : openBrowser(&amp;quot;http://192.168.140.18:8005/login/&amp;quot;)</message>
  <nestedLevel>1</nestedLevel>
  <escapedJava>false</escapedJava>
</record>
<record>
  <date>2026-07-29T05:35:51.343474Z</date>
  <millis>1785303351343</millis>
  <nanos>474000</nanos>
  <sequence>28</sequence>
  <level>START</level>
  <class>com.kms.katalon.core.logging.XmlKeywordLogger</class>
  <method>startKeyword</method>
  <thread>1</thread>
  <message>Start action : maximizeWindow()</message>
  <nestedLevel>1</nestedLevel>
  <escapedJava>false</escapedJava>
  <property name="startLine">29</property>
  <property name="stepIndex">4</property>
</record>
<record>
  <date>2026-07-29T05:35:51.457870800Z</date>
  <millis>1785303351457</millis>
  <nanos>870800</nanos>
  <sequence>31</sequence>
  <level>PASSED</level>
  <class>com.kms.katalon.core.logging.XmlKeywordLogger</class>
  <method>logMessage</method>
  <thread>1</thread>
  <message>Current window maximized</message>
  <nestedLevel>1</nestedLevel>
  <escapedJava>false</escapedJava>
  <property name="testops-method-name">com.kms.katalon.core.webui.keyword.builtin.MaximizeWindowKeyword.maximizeWindow</property>
  <property name="testops-execution-stacktrace"></property>
</record>
<record>
  <date>2026-07-29T05:35:51.461074900Z</date>
  <millis>1785303351461</millis>
  <nanos>74900</nanos>
  <sequence>32</sequence>
  <level>END</level>
  <class>com.kms.katalon.core.logging.XmlKeywordLogger</class>
  <method>endKeyword</method>
  <thread>1</thread>
  <message>End action : maximizeWindow()</message>
  <nestedLevel>1</nestedLevel>
  <escapedJava>false</escapedJava>
</record>
<record>
  <date>2026-07-29T05:35:51.463023200Z</date>
  <millis>1785303351463</millis>
  <nanos>23200</nanos>
  <sequence>33</sequence>
  <level>START</level>
  <class>com.kms.katalon.core.logging.XmlKeywordLogger</class>
  <method>startKeyword</method>
  <thread>1</thread>
  <message>Start action : setText(findTestObject(&amp;quot;BRINESIA UI/BrinscreenBook/Login/username&amp;quot;), &amp;quot;test&amp;quot;)</message>
  <nestedLevel>1</nestedLevel>
  <escapedJava>false</escapedJava>
  <property name="startLine">31</property>
  <property name="stepIndex">5</property>
</record>
<record>
  <date>2026-07-29T05:35:52.807127200Z</date>
  <millis>1785303352807</millis>
  <nanos>127200</nanos>
  <sequence>47</sequence>
  <level>PASSED</level>
  <class>com.kms.katalon.core.logging.XmlKeywordLogger</class>
  <method>logMessage</method>
  <thread>1</thread>
  <message>Text &amp;apos;test&amp;apos; is set on object &amp;apos;Object Repository/BRINESIA UI/BrinscreenBook/Login/username&amp;apos;</message>
  <nestedLevel>1</nestedLevel>
  <escapedJava>false</escapedJava>
  <property name="testops-method-name">com.kms.katalon.core.webui.keyword.internal.WebUIKeywordMain.runKeywordUntilTimeout</property>
  <property name="testops-execution-stacktrace">com.kms.katalon.core.logging.KeywordLogger.logPassed(KeywordLogger.java:332)
com.kms.katalon.core.logging.KeywordLogger.logPassed(KeywordLogger.java:327)
com.kms.katalon.core.webui.keyword.builtin.SetTextKeyword$_setText_closure1.doCall(SetTextKeyword.groovy:99)
java.base/jdk.internal.reflect.NativeMethodAccessorImpl.invoke0(Native Method)
java.base/jdk.internal.reflect.NativeMethodAccessorImpl.invoke(NativeMethodAccessorImpl.java:77)
java.base/jdk.internal.reflect.DelegatingMethodAccessorImpl.invoke(DelegatingMethodAccessorImpl.java:43)
jdk.proxy2/jdk.proxy2.$Proxy50.execute(Unknown Source)
com.kms.katalon.core.webui.model.SeleniumActionRetryController.performAction(SeleniumActionRetryController.java:96)
com.kms.katalon.core.webui.model.SeleniumActionRetryController.performAction(SeleniumActionRetryController.java:83)
com.kms.katalon.core.webui.keyword.internal.WebUIKeywordMain$_runKeywordUntilTimeout_closure1.doCall(WebUIKeywordMain.groovy:135)
com.kms.katalon.core.webui.keyword.internal.WebUIKeywordMain$_runKeywordUntilTimeout_closure1.call(WebUIKeywordMain.groovy)
com.kms.katalon.core.webui.keyword.internal.WebUIKeywordMain.runKeyword(WebUIKeywordMain.groovy:41)
com.kms.katalon.core.webui.keyword.internal.WebUIKeywordMain.runKeywordUntilTimeout(WebUIKeywordMain.groovy:133)
com.kms.katalon.core.webui.keyword.builtin.SetTextKeyword.setText(SetTextKeyword.groovy:106)
com.kms.katalon.core.webui.keyword.builtin.SetTextKeyword.execute(SetTextKeyword.groovy:49)
com.kms.katalon.core.keyword.internal.KeywordExecutor.executeKeywordForPlatform(KeywordExecutor.groovy:90)
com.kms.katalon.core.webui.keyword.WebUiBuiltInKeywords.setText(WebUiBuiltInKeywords.groovy:1081)
ScreenBook.run(ScreenBook:31)
</property>
</record>
<record>
  <date>2026-07-29T05:35:52.810114200Z</date>
  <millis>1785303352810</millis>
  <nanos>114200</nanos>
  <sequence>48</sequence>
  <level>END</level>
  <class>com.kms.katalon.core.logging.XmlKeywordLogger</class>
  <method>endKeyword</method>
  <thread>1</thread>
  <message>End action : setText(findTestObject(&amp;quot;BRINESIA UI/BrinscreenBook/Login/username&amp;quot;), &amp;quot;test&amp;quot;)</message>
  <nestedLevel>1</nestedLevel>
  <escapedJava>false</escapedJava>
</record>
<record>
  <date>2026-07-29T05:35:52.810114200Z</date>
  <millis>1785303352810</millis>
  <nanos>114200</nanos>
  <sequence>49</sequence>
  <level>START</level>
  <class>com.kms.katalon.core.logging.XmlKeywordLogger</class>
  <method>startKeyword</method>
  <thread>1</thread>
  <message>Start action : setText(findTestObject(&amp;quot;BRINESIA UI/BrinscreenBook/Login/password&amp;quot;), &amp;quot;passwordSalah&amp;quot;)</message>
  <nestedLevel>1</nestedLevel>
  <escapedJava>false</escapedJava>
  <property name="startLine">33</property>
  <property name="stepIndex">6</property>
</record>
<record>
  <date>2026-07-29T05:35:53.832048600Z</date>
  <millis>1785303353832</millis>
  <nanos>48600</nanos>
  <sequence>63</sequence>
  <level>PASSED</level>
  <class>com.kms.katalon.core.logging.XmlKeywordLogger</class>
  <method>logMessage</method>
  <thread>1</thread>
  <message>Text &amp;apos;passwordSalah&amp;apos; is set on object &amp;apos;Object Repository/BRINESIA UI/BrinscreenBook/Login/password&amp;apos;</message>
  <nestedLevel>1</nestedLevel>
  <escapedJava>false</escapedJava>
  <property name="testops-method-name">com.kms.katalon.core.webui.keyword.internal.WebUIKeywordMain.runKeywordUntilTimeout</property>
  <property name="testops-execution-stacktrace">com.kms.katalon.core.logging.KeywordLogger.logPassed(KeywordLogger.java:332)
com.kms.katalon.core.logging.KeywordLogger.logPassed(KeywordLogger.java:327)
com.kms.katalon.core.webui.keyword.builtin.SetTextKeyword$_setText_closure1.doCall(SetTextKeyword.groovy:99)
java.base/jdk.internal.reflect.NativeMethodAccessorImpl.invoke0(Native Method)
java.base/jdk.internal.reflect.NativeMethodAccessorImpl.invoke(NativeMethodAccessorImpl.java:77)
java.base/jdk.internal.reflect.DelegatingMethodAccessorImpl.invoke(DelegatingMethodAccessorImpl.java:43)
jdk.proxy2/jdk.proxy2.$Proxy50.execute(Unknown Source)
com.kms.katalon.core.webui.model.SeleniumActionRetryController.performAction(SeleniumActionRetryController.java:96)
com.kms.katalon.core.webui.model.SeleniumActionRetryController.performAction(SeleniumActionRetryController.java:83)
com.kms.katalon.core.webui.keyword.internal.WebUIKeywordMain$_runKeywordUntilTimeout_closure1.doCall(WebUIKeywordMain.groovy:135)
com.kms.katalon.core.webui.keyword.internal.WebUIKeywordMain$_runKeywordUntilTimeout_closure1.call(WebUIKeywordMain.groovy)
com.kms.katalon.core.webui.keyword.internal.WebUIKeywordMain.runKeyword(WebUIKeywordMain.groovy:41)
com.kms.katalon.core.webui.keyword.internal.WebUIKeywordMain.runKeywordUntilTimeout(WebUIKeywordMain.groovy:133)
com.kms.katalon.core.webui.keyword.builtin.SetTextKeyword.setText(SetTextKeyword.groovy:106)
com.kms.katalon.core.webui.keyword.builtin.SetTextKeyword.execute(SetTextKeyword.groovy:49)
com.kms.katalon.core.keyword.internal.KeywordExecutor.executeKeywordForPlatform(KeywordExecutor.groovy:90)
com.kms.katalon.core.webui.keyword.WebUiBuiltInKeywords.setText(WebUiBuiltInKeywords.groovy:1081)
ScreenBook.run(ScreenBook:33)
</property>
</record>
<record>
  <date>2026-07-29T05:35:53.834021400Z</date>
  <millis>1785303353834</millis>
  <nanos>21400</nanos>
  <sequence>64</sequence>
  <level>END</level>
  <class>com.kms.katalon.core.logging.XmlKeywordLogger</class>
  <method>endKeyword</method>
  <thread>1</thread>
  <message>End action : setText(findTestObject(&amp;quot;BRINESIA UI/BrinscreenBook/Login/password&amp;quot;), &amp;quot;passwordSalah&amp;quot;)</message>
  <nestedLevel>1</nestedLevel>
  <escapedJava>false</escapedJava>
</record>
<record>
  <date>2026-07-29T05:35:53.834021400Z</date>
  <millis>1785303353834</millis>
  <nanos>21400</nanos>
  <sequence>65</sequence>
  <level>START</level>
  <class>com.kms.katalon.core.logging.XmlKeywordLogger</class>
  <method>startKeyword</method>
  <thread>1</thread>
  <message>Start action : click(findTestObject(&amp;quot;BRINESIA UI/BrinscreenBook/Login/btnPortal&amp;quot;))</message>
  <nestedLevel>1</nestedLevel>
  <escapedJava>false</escapedJava>
  <property name="startLine">35</property>
  <property name="stepIndex">7</property>
</record>
<record>
  <date>2026-07-29T05:35:54.633792400Z</date>
  <millis>1785303354633</millis>
  <nanos>792400</nanos>
  <sequence>76</sequence>
  <level>PASSED</level>
  <class>com.kms.katalon.core.logging.XmlKeywordLogger</class>
  <method>logMessage</method>
  <thread>1</thread>
  <message>Object: &amp;apos;Object Repository/BRINESIA UI/BrinscreenBook/Login/btnPortal&amp;apos; is clicked on</message>
  <nestedLevel>1</nestedLevel>
  <escapedJava>false</escapedJava>
  <property name="testops-method-name">com.kms.katalon.core.webui.keyword.internal.WebUIKeywordMain.runKeywordUntilTimeout</property>
  <property name="testops-execution-stacktrace">com.kms.katalon.core.logging.KeywordLogger.logPassed(KeywordLogger.java:332)
com.kms.katalon.core.logging.KeywordLogger.logPassed(KeywordLogger.java:327)
com.kms.katalon.core.webui.keyword.builtin.ClickKeyword$_click_closure1.doCall(ClickKeyword.groovy:66)
java.base/jdk.internal.reflect.NativeMethodAccessorImpl.invoke0(Native Method)
java.base/jdk.internal.reflect.NativeMethodAccessorImpl.invoke(NativeMethodAccessorImpl.java:77)
java.base/jdk.internal.reflect.DelegatingMethodAccessorImpl.invoke(DelegatingMethodAccessorImpl.java:43)
jdk.proxy2/jdk.proxy2.$Proxy50.execute(Unknown Source)
com.kms.katalon.core.webui.model.SeleniumActionRetryController.performAction(SeleniumActionRetryController.java:96)
com.kms.katalon.core.webui.model.SeleniumActionRetryController.performAction(SeleniumActionRetryController.java:83)
com.kms.katalon.core.webui.keyword.internal.WebUIKeywordMain$_runKeywordUntilTimeout_closure1.doCall(WebUIKeywordMain.groovy:135)
com.kms.katalon.core.webui.keyword.internal.WebUIKeywordMain$_runKeywordUntilTimeout_closure1.call(WebUIKeywordMain.groovy)
com.kms.katalon.core.webui.keyword.internal.WebUIKeywordMain.runKeyword(WebUIKeywordMain.groovy:41)
com.kms.katalon.core.webui.keyword.internal.WebUIKeywordMain.runKeywordUntilTimeout(WebUIKeywordMain.groovy:133)
com.kms.katalon.core.webui.keyword.builtin.ClickKeyword.click(ClickKeyword.groovy:72)
com.kms.katalon.core.webui.keyword.builtin.ClickKeyword.execute(ClickKeyword.groovy:38)
com.kms.katalon.core.keyword.internal.KeywordExecutor.executeKeywordForPlatform(KeywordExecutor.groovy:90)
com.kms.katalon.core.webui.keyword.WebUiBuiltInKeywords.click(WebUiBuiltInKeywords.groovy:721)
ScreenBook.run(ScreenBook:35)
</property>
</record>
<record>
  <date>2026-07-29T05:35:54.638047500Z</date>
  <millis>1785303354638</millis>
  <nanos>47500</nanos>
  <sequence>77</sequence>
  <level>END</level>
  <class>com.kms.katalon.core.logging.XmlKeywordLogger</class>
  <method>endKeyword</method>
  <thread>1</thread>
  <message>End action : click(findTestObject(&amp;quot;BRINESIA UI/BrinscreenBook/Login/btnPortal&amp;quot;))</message>
  <nestedLevel>1</nestedLevel>
  <escapedJava>false</escapedJava>
</record>
<record>
  <date>2026-07-29T05:35:54.638586600Z</date>
  <millis>1785303354638</millis>
  <nanos>586600</nanos>
  <sequence>78</sequence>
  <level>START</level>
  <class>com.kms.katalon.core.logging.XmlKeywordLogger</class>
  <method>startKeyword</method>
  <thread>1</thread>
  <message>Start action : delay(2)</message>
  <nestedLevel>1</nestedLevel>
  <escapedJava>false</escapedJava>
  <property name="startLine">37</property>
  <property name="stepIndex">8</property>
</record>
<record>
  <date>2026-07-29T05:35:56.693041200Z</date>
  <millis>1785303356693</millis>
  <nanos>41200</nanos>
  <sequence>81</sequence>
  <level>PASSED</level>
  <class>com.kms.katalon.core.logging.XmlKeywordLogger</class>
  <method>logMessage</method>
  <thread>1</thread>
  <message>Delayed 2 second(s)</message>
  <nestedLevel>1</nestedLevel>
  <escapedJava>false</escapedJava>
  <property name="testops-method-name">com.kms.katalon.core.keyword.builtin.DelayKeyword.delay</property>
  <property name="testops-execution-stacktrace"></property>
</record>
<record>
  <date>2026-07-29T05:35:56.697057500Z</date>
  <millis>1785303356697</millis>
  <nanos>57500</nanos>
  <sequence>82</sequence>
  <level>END</level>
  <class>com.kms.katalon.core.logging.XmlKeywordLogger</class>
  <method>endKeyword</method>
  <thread>1</thread>
  <message>End action : delay(2)</message>
  <nestedLevel>1</nestedLevel>
  <escapedJava>false</escapedJava>
</record>
<record>
  <date>2026-07-29T05:35:56.697057500Z</date>
  <millis>1785303356697</millis>
  <nanos>57500</nanos>
  <sequence>83</sequence>
  <level>START</level>
  <class>com.kms.katalon.core.logging.XmlKeywordLogger</class>
  <method>startKeyword</method>
  <thread>1</thread>
  <message>Start action : loginFailed = verifyTextPresent(&amp;quot;IndexError at /login/&amp;quot;, false, OPTIONAL)</message>
  <nestedLevel>1</nestedLevel>
  <escapedJava>false</escapedJava>
  <property name="startLine">40</property>
  <property name="stepIndex">9</property>
</record>
<record>
  <date>2026-07-29T05:35:57.215572400Z</date>
  <millis>1785303357215</millis>
  <nanos>572400</nanos>
  <sequence>87</sequence>
  <level>PASSED</level>
  <class>com.kms.katalon.core.logging.XmlKeywordLogger</class>
  <method>logMessage</method>
  <thread>1</thread>
  <message>Text &amp;apos;IndexError at /login/&amp;apos; is present on page </message>
  <nestedLevel>1</nestedLevel>
  <escapedJava>false</escapedJava>
  <property name="testops-is-assertion">true</property>
  <property name="testops-method-name">com.kms.katalon.core.webui.keyword.builtin.VerifyTextPresentKeyword.verifyTextPresent</property>
  <property name="testops-execution-stacktrace"></property>
</record>
<record>
  <date>2026-07-29T05:35:57.217575300Z</date>
  <millis>1785303357217</millis>
  <nanos>575300</nanos>
  <sequence>88</sequence>
  <level>END</level>
  <class>com.kms.katalon.core.logging.XmlKeywordLogger</class>
  <method>endKeyword</method>
  <thread>1</thread>
  <message>End action : loginFailed = verifyTextPresent(&amp;quot;IndexError at /login/&amp;quot;, false, OPTIONAL)</message>
  <nestedLevel>1</nestedLevel>
  <escapedJava>false</escapedJava>
</record>
<record>
  <date>2026-07-29T05:35:57.218508Z</date>
  <millis>1785303357218</millis>
  <nanos>508000</nanos>
  <sequence>89</sequence>
  <level>START</level>
  <class>com.kms.katalon.core.logging.XmlKeywordLogger</class>
  <method>startKeyword</method>
  <thread>1</thread>
  <message>Start action : if (loginFailed)</message>
  <nestedLevel>1</nestedLevel>
  <escapedJava>false</escapedJava>
  <property name="startLine">42</property>
  <property name="stepIndex">10</property>
</record>
<record>
  <date>2026-07-29T05:35:57.220171900Z</date>
  <millis>1785303357220</millis>
  <nanos>171900</nanos>
  <sequence>90</sequence>
  <level>START</level>
  <class>com.kms.katalon.core.logging.XmlKeywordLogger</class>
  <method>startKeyword</method>
  <thread>1</thread>
  <message>Start action : screenshotPathFailed = $projectDir/Screenshots/Evidence_NEGATIVE_Login Gagal_$timestamp.png</message>
  <nestedLevel>2</nestedLevel>
  <escapedJava>false</escapedJava>
  <property name="startLine">44</property>
  <property name="stepIndex">1</property>
</record>
<record>
  <date>2026-07-29T05:35:57.259659700Z</date>
  <millis>1785303357259</millis>
  <nanos>659700</nanos>
  <sequence>91</sequence>
  <level>END</level>
  <class>com.kms.katalon.core.logging.XmlKeywordLogger</class>
  <method>endKeyword</method>
  <thread>1</thread>
  <message>End action : screenshotPathFailed = $projectDir/Screenshots/Evidence_NEGATIVE_Login Gagal_$timestamp.png</message>
  <nestedLevel>2</nestedLevel>
  <escapedJava>false</escapedJava>
</record>
<record>
  <date>2026-07-29T05:35:57.260753100Z</date>
  <millis>1785303357260</millis>
  <nanos>753100</nanos>
  <sequence>92</sequence>
  <level>START</level>
  <class>com.kms.katalon.core.logging.XmlKeywordLogger</class>
  <method>startKeyword</method>
  <thread>1</thread>
  <message>Start action : takeScreenshot(screenshotPathFailed)</message>
  <nestedLevel>2</nestedLevel>
  <escapedJava>false</escapedJava>
  <property name="startLine">46</property>
  <property name="stepIndex">2</property>
</record>
<record>
  <date>2026-07-29T05:35:57.674955500Z</date>
  <millis>1785303357674</millis>
  <nanos>955500</nanos>
  <sequence>95</sequence>
  <level>PASSED</level>
  <class>com.kms.katalon.core.logging.XmlKeywordLogger</class>
  <method>logMessage</method>
  <thread>1</thread>
  <message>Taking screenshot successfully</message>
  <nestedLevel>1</nestedLevel>
  <escapedJava>false</escapedJava>
  <property name="attachment">C:/Users/TTECH-0251/git/AutoAPI/Screenshots/Evidence_NEGATIVE_Login Gagal_29.07.2026_(12.35.45).png</property>
  <property name="testops-method-name">com.kms.katalon.core.webui.keyword.builtin.TakeScreenshotKeyword.takeScreenshot</property>
  <property name="testops-execution-stacktrace"></property>
</record>
<record>
  <date>2026-07-29T05:35:57.678586900Z</date>
  <millis>1785303357678</millis>
  <nanos>586900</nanos>
  <sequence>96</sequence>
  <level>END</level>
  <class>com.kms.katalon.core.logging.XmlKeywordLogger</class>
  <method>endKeyword</method>
  <thread>1</thread>
  <message>End action : takeScreenshot(screenshotPathFailed)</message>
  <nestedLevel>2</nestedLevel>
  <escapedJava>false</escapedJava>
</record>
<record>
  <date>2026-07-29T05:35:57.678586900Z</date>
  <millis>1785303357678</millis>
  <nanos>586900</nanos>
  <sequence>97</sequence>
  <level>START</level>
  <class>com.kms.katalon.core.logging.XmlKeywordLogger</class>
  <method>startKeyword</method>
  <thread>1</thread>
  <message>Start action : println(&amp;quot;Negative login berhasil divalidasi&amp;quot;)</message>
  <nestedLevel>2</nestedLevel>
  <escapedJava>false</escapedJava>
  <property name="startLine">49</property>
  <property name="stepIndex">3</property>
</record>
<record>
  <date>2026-07-29T05:35:57.689910500Z</date>
  <millis>1785303357689</millis>
  <nanos>910500</nanos>
  <sequence>98</sequence>
  <level>END</level>
  <class>com.kms.katalon.core.logging.XmlKeywordLogger</class>
  <method>endKeyword</method>
  <thread>1</thread>
  <message>End action : println(&amp;quot;Negative login berhasil divalidasi&amp;quot;)</message>
  <nestedLevel>2</nestedLevel>
  <escapedJava>false</escapedJava>
</record>
<record>
  <date>2026-07-29T05:35:57.691238400Z</date>
  <millis>1785303357691</millis>
  <nanos>238400</nanos>
  <sequence>99</sequence>
  <level>END</level>
  <class>com.kms.katalon.core.logging.XmlKeywordLogger</class>
  <method>endKeyword</method>
  <thread>1</thread>
  <message>End action : if (loginFailed)</message>
  <nestedLevel>1</nestedLevel>
  <escapedJava>false</escapedJava>
</record>
<record>
  <date>2026-07-29T05:35:57.691802400Z</date>
  <millis>1785303357691</millis>
  <nanos>802400</nanos>
  <sequence>100</sequence>
  <level>START</level>
  <class>com.kms.katalon.core.logging.XmlKeywordLogger</class>
  <method>startKeyword</method>
  <thread>1</thread>
  <message>Start action : back()</message>
  <nestedLevel>1</nestedLevel>
  <escapedJava>false</escapedJava>
  <property name="startLine">54</property>
  <property name="stepIndex">12</property>
</record>
<record>
  <date>2026-07-29T05:35:57.809330100Z</date>
  <millis>1785303357809</millis>
  <nanos>330100</nanos>
  <sequence>103</sequence>
  <level>PASSED</level>
  <class>com.kms.katalon.core.logging.XmlKeywordLogger</class>
  <method>logMessage</method>
  <thread>1</thread>
  <message>Navigate back successfully</message>
  <nestedLevel>1</nestedLevel>
  <escapedJava>false</escapedJava>
  <property name="testops-method-name">com.kms.katalon.core.webui.keyword.builtin.BackKeyword.back</property>
  <property name="testops-execution-stacktrace"></property>
</record>
<record>
  <date>2026-07-29T05:35:57.810366500Z</date>
  <millis>1785303357810</millis>
  <nanos>366500</nanos>
  <sequence>104</sequence>
  <level>END</level>
  <class>com.kms.katalon.core.logging.XmlKeywordLogger</class>
  <method>endKeyword</method>
  <thread>1</thread>
  <message>End action : back()</message>
  <nestedLevel>1</nestedLevel>
  <escapedJava>false</escapedJava>
</record>
<record>
  <date>2026-07-29T05:35:57.811325600Z</date>
  <millis>1785303357811</millis>
  <nanos>325600</nanos>
  <sequence>105</sequence>
  <level>START</level>
  <class>com.kms.katalon.core.logging.XmlKeywordLogger</class>
  <method>startKeyword</method>
  <thread>1</thread>
  <message>Start action : delay(3)</message>
  <nestedLevel>1</nestedLevel>
  <escapedJava>false</escapedJava>
  <property name="startLine">56</property>
  <property name="stepIndex">13</property>
</record>
<record>
  <date>2026-07-29T05:36:00.816321400Z</date>
  <millis>1785303360816</millis>
  <nanos>321400</nanos>
  <sequence>108</sequence>
  <level>PASSED</level>
  <class>com.kms.katalon.core.logging.XmlKeywordLogger</class>
  <method>logMessage</method>
  <thread>1</thread>
  <message>Delayed 3 second(s)</message>
  <nestedLevel>1</nestedLevel>
  <escapedJava>false</escapedJava>
  <property name="testops-method-name">com.kms.katalon.core.keyword.builtin.DelayKeyword.delay</property>
  <property name="testops-execution-stacktrace"></property>
</record>
<record>
  <date>2026-07-29T05:36:00.818824200Z</date>
  <millis>1785303360818</millis>
  <nanos>824200</nanos>
  <sequence>109</sequence>
  <level>END</level>
  <class>com.kms.katalon.core.logging.XmlKeywordLogger</class>
  <method>endKeyword</method>
  <thread>1</thread>
  <message>End action : delay(3)</message>
  <nestedLevel>1</nestedLevel>
  <escapedJava>false</escapedJava>
</record>
<record>
  <date>2026-07-29T05:36:00.819824500Z</date>
  <millis>1785303360819</millis>
  <nanos>824500</nanos>
  <sequence>110</sequence>
  <level>START</level>
  <class>com.kms.katalon.core.logging.XmlKeywordLogger</class>
  <method>startKeyword</method>
  <thread>1</thread>
  <message>Start action : click(findTestObject(&amp;quot;BRINESIA UI/BrinscreenBook/Login/linkForceLogout&amp;quot;))</message>
  <nestedLevel>1</nestedLevel>
  <escapedJava>false</escapedJava>
  <property name="startLine">58</property>
  <property name="stepIndex">14</property>
</record>
<record>
  <date>2026-07-29T05:36:01.460960100Z</date>
  <millis>1785303361460</millis>
  <nanos>960100</nanos>
  <sequence>121</sequence>
  <level>PASSED</level>
  <class>com.kms.katalon.core.logging.XmlKeywordLogger</class>
  <method>logMessage</method>
  <thread>1</thread>
  <message>Object: &amp;apos;Object Repository/BRINESIA UI/BrinscreenBook/Login/linkForceLogout&amp;apos; is clicked on</message>
  <nestedLevel>1</nestedLevel>
  <escapedJava>false</escapedJava>
  <property name="testops-method-name">com.kms.katalon.core.webui.keyword.internal.WebUIKeywordMain.runKeywordUntilTimeout</property>
  <property name="testops-execution-stacktrace">com.kms.katalon.core.logging.KeywordLogger.logPassed(KeywordLogger.java:332)
com.kms.katalon.core.logging.KeywordLogger.logPassed(KeywordLogger.java:327)
com.kms.katalon.core.webui.keyword.builtin.ClickKeyword$_click_closure1.doCall(ClickKeyword.groovy:66)
java.base/jdk.internal.reflect.NativeMethodAccessorImpl.invoke0(Native Method)
java.base/jdk.internal.reflect.NativeMethodAccessorImpl.invoke(NativeMethodAccessorImpl.java:77)
java.base/jdk.internal.reflect.DelegatingMethodAccessorImpl.invoke(DelegatingMethodAccessorImpl.java:43)
jdk.proxy2/jdk.proxy2.$Proxy50.execute(Unknown Source)
com.kms.katalon.core.webui.model.SeleniumActionRetryController.performAction(SeleniumActionRetryController.java:96)
com.kms.katalon.core.webui.model.SeleniumActionRetryController.performAction(SeleniumActionRetryController.java:83)
com.kms.katalon.core.webui.keyword.internal.WebUIKeywordMain$_runKeywordUntilTimeout_closure1.doCall(WebUIKeywordMain.groovy:135)
com.kms.katalon.core.webui.keyword.internal.WebUIKeywordMain$_runKeywordUntilTimeout_closure1.call(WebUIKeywordMain.groovy)
com.kms.katalon.core.webui.keyword.internal.WebUIKeywordMain.runKeyword(WebUIKeywordMain.groovy:41)
com.kms.katalon.core.webui.keyword.internal.WebUIKeywordMain.runKeywordUntilTimeout(WebUIKeywordMain.groovy:133)
com.kms.katalon.core.webui.keyword.builtin.ClickKeyword.click(ClickKeyword.groovy:72)
com.kms.katalon.core.webui.keyword.builtin.ClickKeyword.execute(ClickKeyword.groovy:38)
com.kms.katalon.core.keyword.internal.KeywordExecutor.executeKeywordForPlatform(KeywordExecutor.groovy:90)
com.kms.katalon.core.webui.keyword.WebUiBuiltInKeywords.click(WebUiBuiltInKeywords.groovy:721)
ScreenBook.run(ScreenBook:58)
</property>
</record>
<record>
  <date>2026-07-29T05:36:01.463530800Z</date>
  <millis>1785303361463</millis>
  <nanos>530800</nanos>
  <sequence>122</sequence>
  <level>END</level>
  <class>com.kms.katalon.core.logging.XmlKeywordLogger</class>
  <method>endKeyword</method>
  <thread>1</thread>
  <message>End action : click(findTestObject(&amp;quot;BRINESIA UI/BrinscreenBook/Login/linkForceLogout&amp;quot;))</message>
  <nestedLevel>1</nestedLevel>
  <escapedJava>false</escapedJava>
</record>
<record>
  <date>2026-07-29T05:36:01.463530800Z</date>
  <millis>1785303361463</millis>
  <nanos>530800</nanos>
  <sequence>123</sequence>
  <level>START</level>
  <class>com.kms.katalon.core.logging.XmlKeywordLogger</class>
  <method>startKeyword</method>
  <thread>1</thread>
  <message>Start action : setText(findTestObject(&amp;quot;BRINESIA UI/BrinscreenBook/Login/userLogout&amp;quot;), &amp;quot;18891183&amp;quot;)</message>
  <nestedLevel>1</nestedLevel>
  <escapedJava>false</escapedJava>
  <property name="startLine">60</property>
  <property name="stepIndex">15</property>
</record>
<record>
  <date>2026-07-29T05:36:02.642094700Z</date>
  <millis>1785303362642</millis>
  <nanos>94700</nanos>
  <sequence>137</sequence>
  <level>PASSED</level>
  <class>com.kms.katalon.core.logging.XmlKeywordLogger</class>
  <method>logMessage</method>
  <thread>1</thread>
  <message>Text &amp;apos;18891183&amp;apos; is set on object &amp;apos;Object Repository/BRINESIA UI/BrinscreenBook/Login/userLogout&amp;apos;</message>
  <nestedLevel>1</nestedLevel>
  <escapedJava>false</escapedJava>
  <property name="testops-method-name">com.kms.katalon.core.webui.keyword.internal.WebUIKeywordMain.runKeywordUntilTimeout</property>
  <property name="testops-execution-stacktrace">com.kms.katalon.core.logging.KeywordLogger.logPassed(KeywordLogger.java:332)
com.kms.katalon.core.logging.KeywordLogger.logPassed(KeywordLogger.java:327)
com.kms.katalon.core.webui.keyword.builtin.SetTextKeyword$_setText_closure1.doCall(SetTextKeyword.groovy:99)
java.base/jdk.internal.reflect.NativeMethodAccessorImpl.invoke0(Native Method)
java.base/jdk.internal.reflect.NativeMethodAccessorImpl.invoke(NativeMethodAccessorImpl.java:77)
java.base/jdk.internal.reflect.DelegatingMethodAccessorImpl.invoke(DelegatingMethodAccessorImpl.java:43)
jdk.proxy2/jdk.proxy2.$Proxy50.execute(Unknown Source)
com.kms.katalon.core.webui.model.SeleniumActionRetryController.performAction(SeleniumActionRetryController.java:96)
com.kms.katalon.core.webui.model.SeleniumActionRetryController.performAction(SeleniumActionRetryController.java:83)
com.kms.katalon.core.webui.keyword.internal.WebUIKeywordMain$_runKeywordUntilTimeout_closure1.doCall(WebUIKeywordMain.groovy:135)
com.kms.katalon.core.webui.keyword.internal.WebUIKeywordMain$_runKeywordUntilTimeout_closure1.call(WebUIKeywordMain.groovy)
com.kms.katalon.core.webui.keyword.internal.WebUIKeywordMain.runKeyword(WebUIKeywordMain.groovy:41)
com.kms.katalon.core.webui.keyword.internal.WebUIKeywordMain.runKeywordUntilTimeout(WebUIKeywordMain.groovy:133)
com.kms.katalon.core.webui.keyword.builtin.SetTextKeyword.setText(SetTextKeyword.groovy:106)
com.kms.katalon.core.webui.keyword.builtin.SetTextKeyword.execute(SetTextKeyword.groovy:49)
com.kms.katalon.core.keyword.internal.KeywordExecutor.executeKeywordForPlatform(KeywordExecutor.groovy:90)
com.kms.katalon.core.webui.keyword.WebUiBuiltInKeywords.setText(WebUiBuiltInKeywords.groovy:1081)
ScreenBook.run(ScreenBook:60)
</property>
</record>
<record>
  <date>2026-07-29T05:36:02.644087200Z</date>
  <millis>1785303362644</millis>
  <nanos>87200</nanos>
  <sequence>138</sequence>
  <level>END</level>
  <class>com.kms.katalon.core.logging.XmlKeywordLogger</class>
  <method>endKeyword</method>
  <thread>1</thread>
  <message>End action : setText(findTestObject(&amp;quot;BRINESIA UI/BrinscreenBook/Login/userLogout&amp;quot;), &amp;quot;18891183&amp;quot;)</message>
  <nestedLevel>1</nestedLevel>
  <escapedJava>false</escapedJava>
</record>
<record>
  <date>2026-07-29T05:36:02.644087200Z</date>
  <millis>1785303362644</millis>
  <nanos>87200</nanos>
  <sequence>139</sequence>
  <level>START</level>
  <class>com.kms.katalon.core.logging.XmlKeywordLogger</class>
  <method>startKeyword</method>
  <thread>1</thread>
  <message>Start action : click(findTestObject(&amp;quot;BRINESIA UI/BrinscreenBook/Login/btnForceLogout&amp;quot;))</message>
  <nestedLevel>1</nestedLevel>
  <escapedJava>false</escapedJava>
  <property name="startLine">62</property>
  <property name="stepIndex">16</property>
</record>
<record>
  <date>2026-07-29T05:36:03.288063200Z</date>
  <millis>1785303363288</millis>
  <nanos>63200</nanos>
  <sequence>150</sequence>
  <level>PASSED</level>
  <class>com.kms.katalon.core.logging.XmlKeywordLogger</class>
  <method>logMessage</method>
  <thread>1</thread>
  <message>Object: &amp;apos;Object Repository/BRINESIA UI/BrinscreenBook/Login/btnForceLogout&amp;apos; is clicked on</message>
  <nestedLevel>1</nestedLevel>
  <escapedJava>false</escapedJava>
  <property name="testops-method-name">com.kms.katalon.core.webui.keyword.internal.WebUIKeywordMain.runKeywordUntilTimeout</property>
  <property name="testops-execution-stacktrace">com.kms.katalon.core.logging.KeywordLogger.logPassed(KeywordLogger.java:332)
com.kms.katalon.core.logging.KeywordLogger.logPassed(KeywordLogger.java:327)
com.kms.katalon.core.webui.keyword.builtin.ClickKeyword$_click_closure1.doCall(ClickKeyword.groovy:66)
java.base/jdk.internal.reflect.NativeMethodAccessorImpl.invoke0(Native Method)
java.base/jdk.internal.reflect.NativeMethodAccessorImpl.invoke(NativeMethodAccessorImpl.java:77)
java.base/jdk.internal.reflect.DelegatingMethodAccessorImpl.invoke(DelegatingMethodAccessorImpl.java:43)
jdk.proxy2/jdk.proxy2.$Proxy50.execute(Unknown Source)
com.kms.katalon.core.webui.model.SeleniumActionRetryController.performAction(SeleniumActionRetryController.java:96)
com.kms.katalon.core.webui.model.SeleniumActionRetryController.performAction(SeleniumActionRetryController.java:83)
com.kms.katalon.core.webui.keyword.internal.WebUIKeywordMain$_runKeywordUntilTimeout_closure1.doCall(WebUIKeywordMain.groovy:135)
com.kms.katalon.core.webui.keyword.internal.WebUIKeywordMain$_runKeywordUntilTimeout_closure1.call(WebUIKeywordMain.groovy)
com.kms.katalon.core.webui.keyword.internal.WebUIKeywordMain.runKeyword(WebUIKeywordMain.groovy:41)
com.kms.katalon.core.webui.keyword.internal.WebUIKeywordMain.runKeywordUntilTimeout(WebUIKeywordMain.groovy:133)
com.kms.katalon.core.webui.keyword.builtin.ClickKeyword.click(ClickKeyword.groovy:72)
com.kms.katalon.core.webui.keyword.builtin.ClickKeyword.execute(ClickKeyword.groovy:38)
com.kms.katalon.core.keyword.internal.KeywordExecutor.executeKeywordForPlatform(KeywordExecutor.groovy:90)
com.kms.katalon.core.webui.keyword.WebUiBuiltInKeywords.click(WebUiBuiltInKeywords.groovy:721)
ScreenBook.run(ScreenBook:62)
</property>
</record>
<record>
  <date>2026-07-29T05:36:03.292998300Z</date>
  <millis>1785303363292</millis>
  <nanos>998300</nanos>
  <sequence>151</sequence>
  <level>END</level>
  <class>com.kms.katalon.core.logging.XmlKeywordLogger</class>
  <method>endKeyword</method>
  <thread>1</thread>
  <message>End action : click(findTestObject(&amp;quot;BRINESIA UI/BrinscreenBook/Login/btnForceLogout&amp;quot;))</message>
  <nestedLevel>1</nestedLevel>
  <escapedJava>false</escapedJava>
</record>
<record>
  <date>2026-07-29T05:36:03.294314500Z</date>
  <millis>1785303363294</millis>
  <nanos>314500</nanos>
  <sequence>152</sequence>
  <level>START</level>
  <class>com.kms.katalon.core.logging.XmlKeywordLogger</class>
  <method>startKeyword</method>
  <thread>1</thread>
  <message>Start action : setText(findTestObject(&amp;quot;BRINESIA UI/BrinscreenBook/Login/username&amp;quot;), &amp;quot;18891183&amp;quot;)</message>
  <nestedLevel>1</nestedLevel>
  <escapedJava>false</escapedJava>
  <property name="startLine">68</property>
  <property name="stepIndex">17</property>
</record>
<record>
  <date>2026-07-29T05:36:04.583696700Z</date>
  <millis>1785303364583</millis>
  <nanos>696700</nanos>
  <sequence>166</sequence>
  <level>PASSED</level>
  <class>com.kms.katalon.core.logging.XmlKeywordLogger</class>
  <method>logMessage</method>
  <thread>1</thread>
  <message>Text &amp;apos;18891183&amp;apos; is set on object &amp;apos;Object Repository/BRINESIA UI/BrinscreenBook/Login/username&amp;apos;</message>
  <nestedLevel>1</nestedLevel>
  <escapedJava>false</escapedJava>
  <property name="testops-method-name">com.kms.katalon.core.webui.keyword.internal.WebUIKeywordMain.runKeywordUntilTimeout</property>
  <property name="testops-execution-stacktrace">com.kms.katalon.core.logging.KeywordLogger.logPassed(KeywordLogger.java:332)
com.kms.katalon.core.logging.KeywordLogger.logPassed(KeywordLogger.java:327)
com.kms.katalon.core.webui.keyword.builtin.SetTextKeyword$_setText_closure1.doCall(SetTextKeyword.groovy:99)
java.base/jdk.internal.reflect.NativeMethodAccessorImpl.invoke0(Native Method)
java.base/jdk.internal.reflect.NativeMethodAccessorImpl.invoke(NativeMethodAccessorImpl.java:77)
java.base/jdk.internal.reflect.DelegatingMethodAccessorImpl.invoke(DelegatingMethodAccessorImpl.java:43)
jdk.proxy2/jdk.proxy2.$Proxy50.execute(Unknown Source)
com.kms.katalon.core.webui.model.SeleniumActionRetryController.performAction(SeleniumActionRetryController.java:96)
com.kms.katalon.core.webui.model.SeleniumActionRetryController.performAction(SeleniumActionRetryController.java:83)
com.kms.katalon.core.webui.keyword.internal.WebUIKeywordMain$_runKeywordUntilTimeout_closure1.doCall(WebUIKeywordMain.groovy:135)
com.kms.katalon.core.webui.keyword.internal.WebUIKeywordMain$_runKeywordUntilTimeout_closure1.call(WebUIKeywordMain.groovy)
com.kms.katalon.core.webui.keyword.internal.WebUIKeywordMain.runKeyword(WebUIKeywordMain.groovy:41)
com.kms.katalon.core.webui.keyword.internal.WebUIKeywordMain.runKeywordUntilTimeout(WebUIKeywordMain.groovy:133)
com.kms.katalon.core.webui.keyword.builtin.SetTextKeyword.setText(SetTextKeyword.groovy:106)
com.kms.katalon.core.webui.keyword.builtin.SetTextKeyword.execute(SetTextKeyword.groovy:49)
com.kms.katalon.core.keyword.internal.KeywordExecutor.executeKeywordForPlatform(KeywordExecutor.groovy:90)
com.kms.katalon.core.webui.keyword.WebUiBuiltInKeywords.setText(WebUiBuiltInKeywords.groovy:1081)
ScreenBook.run(ScreenBook:68)
</property>
</record>
<record>
  <date>2026-07-29T05:36:04.584693700Z</date>
  <millis>1785303364584</millis>
  <nanos>693700</nanos>
  <sequence>167</sequence>
  <level>END</level>
  <class>com.kms.katalon.core.logging.XmlKeywordLogger</class>
  <method>endKeyword</method>
  <thread>1</thread>
  <message>End action : setText(findTestObject(&amp;quot;BRINESIA UI/BrinscreenBook/Login/username&amp;quot;), &amp;quot;18891183&amp;quot;)</message>
  <nestedLevel>1</nestedLevel>
  <escapedJava>false</escapedJava>
</record>
<record>
  <date>2026-07-29T05:36:04.584693700Z</date>
  <millis>1785303364584</millis>
  <nanos>693700</nanos>
  <sequence>168</sequence>
  <level>START</level>
  <class>com.kms.katalon.core.logging.XmlKeywordLogger</class>
  <method>startKeyword</method>
  <thread>1</thread>
  <message>Start action : setText(findTestObject(&amp;quot;BRINESIA UI/BrinscreenBook/Login/password&amp;quot;), &amp;quot;Raccess#0102&amp;quot;)</message>
  <nestedLevel>1</nestedLevel>
  <escapedJava>false</escapedJava>
  <property name="startLine">70</property>
  <property name="stepIndex">18</property>
</record>
<record>
  <date>2026-07-29T05:36:05.669643600Z</date>
  <millis>1785303365669</millis>
  <nanos>643600</nanos>
  <sequence>182</sequence>
  <level>PASSED</level>
  <class>com.kms.katalon.core.logging.XmlKeywordLogger</class>
  <method>logMessage</method>
  <thread>1</thread>
  <message>Text &amp;apos;Raccess#0102&amp;apos; is set on object &amp;apos;Object Repository/BRINESIA UI/BrinscreenBook/Login/password&amp;apos;</message>
  <nestedLevel>1</nestedLevel>
  <escapedJava>false</escapedJava>
  <property name="testops-method-name">com.kms.katalon.core.webui.keyword.internal.WebUIKeywordMain.runKeywordUntilTimeout</property>
  <property name="testops-execution-stacktrace">com.kms.katalon.core.logging.KeywordLogger.logPassed(KeywordLogger.java:332)
com.kms.katalon.core.logging.KeywordLogger.logPassed(KeywordLogger.java:327)
com.kms.katalon.core.webui.keyword.builtin.SetTextKeyword$_setText_closure1.doCall(SetTextKeyword.groovy:99)
java.base/jdk.internal.reflect.NativeMethodAccessorImpl.invoke0(Native Method)
java.base/jdk.internal.reflect.NativeMethodAccessorImpl.invoke(NativeMethodAccessorImpl.java:77)
java.base/jdk.internal.reflect.DelegatingMethodAccessorImpl.invoke(DelegatingMethodAccessorImpl.java:43)
jdk.proxy2/jdk.proxy2.$Proxy50.execute(Unknown Source)
com.kms.katalon.core.webui.model.SeleniumActionRetryController.performAction(SeleniumActionRetryController.java:96)
com.kms.katalon.core.webui.model.SeleniumActionRetryController.performAction(SeleniumActionRetryController.java:83)
com.kms.katalon.core.webui.keyword.internal.WebUIKeywordMain$_runKeywordUntilTimeout_closure1.doCall(WebUIKeywordMain.groovy:135)
com.kms.katalon.core.webui.keyword.internal.WebUIKeywordMain$_runKeywordUntilTimeout_closure1.call(WebUIKeywordMain.groovy)
com.kms.katalon.core.webui.keyword.internal.WebUIKeywordMain.runKeyword(WebUIKeywordMain.groovy:41)
com.kms.katalon.core.webui.keyword.internal.WebUIKeywordMain.runKeywordUntilTimeout(WebUIKeywordMain.groovy:133)
com.kms.katalon.core.webui.keyword.builtin.SetTextKeyword.setText(SetTextKeyword.groovy:106)
com.kms.katalon.core.webui.keyword.builtin.SetTextKeyword.execute(SetTextKeyword.groovy:49)
com.kms.katalon.core.keyword.internal.KeywordExecutor.executeKeywordForPlatform(KeywordExecutor.groovy:90)
com.kms.katalon.core.webui.keyword.WebUiBuiltInKeywords.setText(WebUiBuiltInKeywords.groovy:1081)
ScreenBook.run(ScreenBook:70)
</property>
</record>
<record>
  <date>2026-07-29T05:36:05.670646900Z</date>
  <millis>1785303365670</millis>
  <nanos>646900</nanos>
  <sequence>183</sequence>
  <level>END</level>
  <class>com.kms.katalon.core.logging.XmlKeywordLogger</class>
  <method>endKeyword</method>
  <thread>1</thread>
  <message>End action : setText(findTestObject(&amp;quot;BRINESIA UI/BrinscreenBook/Login/password&amp;quot;), &amp;quot;Raccess#0102&amp;quot;)</message>
  <nestedLevel>1</nestedLevel>
  <escapedJava>false</escapedJava>
</record>
<record>
  <date>2026-07-29T05:36:05.670646900Z</date>
  <millis>1785303365670</millis>
  <nanos>646900</nanos>
  <sequence>184</sequence>
  <level>START</level>
  <class>com.kms.katalon.core.logging.XmlKeywordLogger</class>
  <method>startKeyword</method>
  <thread>1</thread>
  <message>Start action : click(findTestObject(&amp;quot;BRINESIA UI/BrinscreenBook/Login/btnPortal&amp;quot;))</message>
  <nestedLevel>1</nestedLevel>
  <escapedJava>false</escapedJava>
  <property name="startLine">72</property>
  <property name="stepIndex">19</property>
</record>
<record>
  <date>2026-07-29T05:36:09.329233700Z</date>
  <millis>1785303369329</millis>
  <nanos>233700</nanos>
  <sequence>195</sequence>
  <level>PASSED</level>
  <class>com.kms.katalon.core.logging.XmlKeywordLogger</class>
  <method>logMessage</method>
  <thread>1</thread>
  <message>Object: &amp;apos;Object Repository/BRINESIA UI/BrinscreenBook/Login/btnPortal&amp;apos; is clicked on</message>
  <nestedLevel>1</nestedLevel>
  <escapedJava>false</escapedJava>
  <property name="testops-method-name">com.kms.katalon.core.webui.keyword.internal.WebUIKeywordMain.runKeywordUntilTimeout</property>
  <property name="testops-execution-stacktrace">com.kms.katalon.core.logging.KeywordLogger.logPassed(KeywordLogger.java:332)
com.kms.katalon.core.logging.KeywordLogger.logPassed(KeywordLogger.java:327)
com.kms.katalon.core.webui.keyword.builtin.ClickKeyword$_click_closure1.doCall(ClickKeyword.groovy:66)
java.base/jdk.internal.reflect.NativeMethodAccessorImpl.invoke0(Native Method)
java.base/jdk.internal.reflect.NativeMethodAccessorImpl.invoke(NativeMethodAccessorImpl.java:77)
java.base/jdk.internal.reflect.DelegatingMethodAccessorImpl.invoke(DelegatingMethodAccessorImpl.java:43)
jdk.proxy2/jdk.proxy2.$Proxy50.execute(Unknown Source)
com.kms.katalon.core.webui.model.SeleniumActionRetryController.performAction(SeleniumActionRetryController.java:96)
com.kms.katalon.core.webui.model.SeleniumActionRetryController.performAction(SeleniumActionRetryController.java:83)
com.kms.katalon.core.webui.keyword.internal.WebUIKeywordMain$_runKeywordUntilTimeout_closure1.doCall(WebUIKeywordMain.groovy:135)
com.kms.katalon.core.webui.keyword.internal.WebUIKeywordMain$_runKeywordUntilTimeout_closure1.call(WebUIKeywordMain.groovy)
com.kms.katalon.core.webui.keyword.internal.WebUIKeywordMain.runKeyword(WebUIKeywordMain.groovy:41)
com.kms.katalon.core.webui.keyword.internal.WebUIKeywordMain.runKeywordUntilTimeout(WebUIKeywordMain.groovy:133)
com.kms.katalon.core.webui.keyword.builtin.ClickKeyword.click(ClickKeyword.groovy:72)
com.kms.katalon.core.webui.keyword.builtin.ClickKeyword.execute(ClickKeyword.groovy:38)
com.kms.katalon.core.keyword.internal.KeywordExecutor.executeKeywordForPlatform(KeywordExecutor.groovy:90)
com.kms.katalon.core.webui.keyword.WebUiBuiltInKeywords.click(WebUiBuiltInKeywords.groovy:721)
ScreenBook.run(ScreenBook:72)
</property>
</record>
<record>
  <date>2026-07-29T05:36:09.333418400Z</date>
  <millis>1785303369333</millis>
  <nanos>418400</nanos>
  <sequence>196</sequence>
  <level>END</level>
  <class>com.kms.katalon.core.logging.XmlKeywordLogger</class>
  <method>endKeyword</method>
  <thread>1</thread>
  <message>End action : click(findTestObject(&amp;quot;BRINESIA UI/BrinscreenBook/Login/btnPortal&amp;quot;))</message>
  <nestedLevel>1</nestedLevel>
  <escapedJava>false</escapedJava>
</record>
<record>
  <date>2026-07-29T05:36:09.334008400Z</date>
  <millis>1785303369334</millis>
  <nanos>8400</nanos>
  <sequence>197</sequence>
  <level>START</level>
  <class>com.kms.katalon.core.logging.XmlKeywordLogger</class>
  <method>startKeyword</method>
  <thread>1</thread>
  <message>Start action : delay(3)</message>
  <nestedLevel>1</nestedLevel>
  <escapedJava>false</escapedJava>
  <property name="startLine">74</property>
  <property name="stepIndex">20</property>
</record>
<record>
  <date>2026-07-29T05:36:12.346949500Z</date>
  <millis>1785303372346</millis>
  <nanos>949500</nanos>
  <sequence>200</sequence>
  <level>PASSED</level>
  <class>com.kms.katalon.core.logging.XmlKeywordLogger</class>
  <method>logMessage</method>
  <thread>1</thread>
  <message>Delayed 3 second(s)</message>
  <nestedLevel>1</nestedLevel>
  <escapedJava>false</escapedJava>
  <property name="testops-method-name">com.kms.katalon.core.keyword.builtin.DelayKeyword.delay</property>
  <property name="testops-execution-stacktrace"></property>
</record>
<record>
  <date>2026-07-29T05:36:12.350078800Z</date>
  <millis>1785303372350</millis>
  <nanos>78800</nanos>
  <sequence>201</sequence>
  <level>END</level>
  <class>com.kms.katalon.core.logging.XmlKeywordLogger</class>
  <method>endKeyword</method>
  <thread>1</thread>
  <message>End action : delay(3)</message>
  <nestedLevel>1</nestedLevel>
  <escapedJava>false</escapedJava>
</record>
<record>
  <date>2026-07-29T05:36:12.350078800Z</date>
  <millis>1785303372350</millis>
  <nanos>78800</nanos>
  <sequence>202</sequence>
  <level>START</level>
  <class>com.kms.katalon.core.logging.XmlKeywordLogger</class>
  <method>startKeyword</method>
  <thread>1</thread>
  <message>Start action : verifyElementPresent(findTestObject(&amp;quot;BRINESIA UI/BrinscreenBook/Menu/btnBrinScreenBook&amp;quot;), 10)</message>
  <nestedLevel>1</nestedLevel>
  <escapedJava>false</escapedJava>
  <property name="startLine">77</property>
  <property name="stepIndex">21</property>
</record>
<record>
  <date>2026-07-29T05:36:12.709515800Z</date>
  <millis>1785303372709</millis>
  <nanos>515800</nanos>
  <sequence>208</sequence>
  <level>PASSED</level>
  <class>com.kms.katalon.core.logging.XmlKeywordLogger</class>
  <method>logMessage</method>
  <thread>1</thread>
  <message>Object &amp;apos;Object Repository/BRINESIA UI/BrinscreenBook/Menu/btnBrinScreenBook&amp;apos; is present</message>
  <nestedLevel>1</nestedLevel>
  <escapedJava>false</escapedJava>
  <property name="testops-is-assertion">true</property>
  <property name="testops-method-name">com.kms.katalon.core.webui.keyword.builtin.VerifyElementPresentKeyword.verifyElementPresent</property>
  <property name="testops-execution-stacktrace"></property>
</record>
<record>
  <date>2026-07-29T05:36:12.711511400Z</date>
  <millis>1785303372711</millis>
  <nanos>511400</nanos>
  <sequence>209</sequence>
  <level>END</level>
  <class>com.kms.katalon.core.logging.XmlKeywordLogger</class>
  <method>endKeyword</method>
  <thread>1</thread>
  <message>End action : verifyElementPresent(findTestObject(&amp;quot;BRINESIA UI/BrinscreenBook/Menu/btnBrinScreenBook&amp;quot;), 10)</message>
  <nestedLevel>1</nestedLevel>
  <escapedJava>false</escapedJava>
</record>
<record>
  <date>2026-07-29T05:36:12.711511400Z</date>
  <millis>1785303372711</millis>
  <nanos>511400</nanos>
  <sequence>210</sequence>
  <level>START</level>
  <class>com.kms.katalon.core.logging.XmlKeywordLogger</class>
  <method>startKeyword</method>
  <thread>1</thread>
  <message>Start action : delay(1)</message>
  <nestedLevel>1</nestedLevel>
  <escapedJava>false</escapedJava>
  <property name="startLine">81</property>
  <property name="stepIndex">22</property>
</record>
<record>
  <date>2026-07-29T05:36:13.718528Z</date>
  <millis>1785303373718</millis>
  <nanos>528000</nanos>
  <sequence>213</sequence>
  <level>PASSED</level>
  <class>com.kms.katalon.core.logging.XmlKeywordLogger</class>
  <method>logMessage</method>
  <thread>1</thread>
  <message>Delayed 1 second(s)</message>
  <nestedLevel>1</nestedLevel>
  <escapedJava>false</escapedJava>
  <property name="testops-method-name">com.kms.katalon.core.keyword.builtin.DelayKeyword.delay</property>
  <property name="testops-execution-stacktrace"></property>
</record>
<record>
  <date>2026-07-29T05:36:13.721540100Z</date>
  <millis>1785303373721</millis>
  <nanos>540100</nanos>
  <sequence>214</sequence>
  <level>END</level>
  <class>com.kms.katalon.core.logging.XmlKeywordLogger</class>
  <method>endKeyword</method>
  <thread>1</thread>
  <message>End action : delay(1)</message>
  <nestedLevel>1</nestedLevel>
  <escapedJava>false</escapedJava>
</record>
<record>
  <date>2026-07-29T05:36:13.721540100Z</date>
  <millis>1785303373721</millis>
  <nanos>540100</nanos>
  <sequence>215</sequence>
  <level>START</level>
  <class>com.kms.katalon.core.logging.XmlKeywordLogger</class>
  <method>startKeyword</method>
  <thread>1</thread>
  <message>Start action : click(findTestObject(&amp;quot;BRINESIA UI/BrinscreenBook/Menu/btnBrinScreenBook&amp;quot;))</message>
  <nestedLevel>1</nestedLevel>
  <escapedJava>false</escapedJava>
  <property name="startLine">83</property>
  <property name="stepIndex">23</property>
</record>
<record>
  <date>2026-07-29T05:36:14.465615300Z</date>
  <millis>1785303374465</millis>
  <nanos>615300</nanos>
  <sequence>226</sequence>
  <level>PASSED</level>
  <class>com.kms.katalon.core.logging.XmlKeywordLogger</class>
  <method>logMessage</method>
  <thread>1</thread>
  <message>Object: &amp;apos;Object Repository/BRINESIA UI/BrinscreenBook/Menu/btnBrinScreenBook&amp;apos; is clicked on</message>
  <nestedLevel>1</nestedLevel>
  <escapedJava>false</escapedJava>
  <property name="testops-method-name">com.kms.katalon.core.webui.keyword.internal.WebUIKeywordMain.runKeywordUntilTimeout</property>
  <property name="testops-execution-stacktrace">com.kms.katalon.core.logging.KeywordLogger.logPassed(KeywordLogger.java:332)
com.kms.katalon.core.logging.KeywordLogger.logPassed(KeywordLogger.java:327)
com.kms.katalon.core.webui.keyword.builtin.ClickKeyword$_click_closure1.doCall(ClickKeyword.groovy:66)
java.base/jdk.internal.reflect.NativeMethodAccessorImpl.invoke0(Native Method)
java.base/jdk.internal.reflect.NativeMethodAccessorImpl.invoke(NativeMethodAccessorImpl.java:77)
java.base/jdk.internal.reflect.DelegatingMethodAccessorImpl.invoke(DelegatingMethodAccessorImpl.java:43)
jdk.proxy2/jdk.proxy2.$Proxy50.execute(Unknown Source)
com.kms.katalon.core.webui.model.SeleniumActionRetryController.performAction(SeleniumActionRetryController.java:96)
com.kms.katalon.core.webui.model.SeleniumActionRetryController.performAction(SeleniumActionRetryController.java:83)
com.kms.katalon.core.webui.keyword.internal.WebUIKeywordMain$_runKeywordUntilTimeout_closure1.doCall(WebUIKeywordMain.groovy:135)
com.kms.katalon.core.webui.keyword.internal.WebUIKeywordMain$_runKeywordUntilTimeout_closure1.call(WebUIKeywordMain.groovy)
com.kms.katalon.core.webui.keyword.internal.WebUIKeywordMain.runKeyword(WebUIKeywordMain.groovy:41)
com.kms.katalon.core.webui.keyword.internal.WebUIKeywordMain.runKeywordUntilTimeout(WebUIKeywordMain.groovy:133)
com.kms.katalon.core.webui.keyword.builtin.ClickKeyword.click(ClickKeyword.groovy:72)
com.kms.katalon.core.webui.keyword.builtin.ClickKeyword.execute(ClickKeyword.groovy:38)
com.kms.katalon.core.keyword.internal.KeywordExecutor.executeKeywordForPlatform(KeywordExecutor.groovy:90)
com.kms.katalon.core.webui.keyword.WebUiBuiltInKeywords.click(WebUiBuiltInKeywords.groovy:721)
ScreenBook.run(ScreenBook:83)
</property>
</record>
<record>
  <date>2026-07-29T05:36:14.467623400Z</date>
  <millis>1785303374467</millis>
  <nanos>623400</nanos>
  <sequence>227</sequence>
  <level>END</level>
  <class>com.kms.katalon.core.logging.XmlKeywordLogger</class>
  <method>endKeyword</method>
  <thread>1</thread>
  <message>End action : click(findTestObject(&amp;quot;BRINESIA UI/BrinscreenBook/Menu/btnBrinScreenBook&amp;quot;))</message>
  <nestedLevel>1</nestedLevel>
  <escapedJava>false</escapedJava>
</record>
<record>
  <date>2026-07-29T05:36:14.467623400Z</date>
  <millis>1785303374467</millis>
  <nanos>623400</nanos>
  <sequence>228</sequence>
  <level>START</level>
  <class>com.kms.katalon.core.logging.XmlKeywordLogger</class>
  <method>startKeyword</method>
  <thread>1</thread>
  <message>Start action : click(findTestObject(&amp;quot;BRINESIA UI/BrinscreenBook/Menu/btnBrinScreen&amp;quot;))</message>
  <nestedLevel>1</nestedLevel>
  <escapedJava>false</escapedJava>
  <property name="startLine">85</property>
  <property name="stepIndex">24</property>
</record>
<record>
  <date>2026-07-29T05:36:15.835755Z</date>
  <millis>1785303375835</millis>
  <nanos>755000</nanos>
  <sequence>239</sequence>
  <level>PASSED</level>
  <class>com.kms.katalon.core.logging.XmlKeywordLogger</class>
  <method>logMessage</method>
  <thread>1</thread>
  <message>Object: &amp;apos;Object Repository/BRINESIA UI/BrinscreenBook/Menu/btnBrinScreen&amp;apos; is clicked on</message>
  <nestedLevel>1</nestedLevel>
  <escapedJava>false</escapedJava>
  <property name="testops-method-name">com.kms.katalon.core.webui.keyword.internal.WebUIKeywordMain.runKeywordUntilTimeout</property>
  <property name="testops-execution-stacktrace">com.kms.katalon.core.logging.KeywordLogger.logPassed(KeywordLogger.java:332)
com.kms.katalon.core.logging.KeywordLogger.logPassed(KeywordLogger.java:327)
com.kms.katalon.core.webui.keyword.builtin.ClickKeyword$_click_closure1.doCall(ClickKeyword.groovy:66)
java.base/jdk.internal.reflect.NativeMethodAccessorImpl.invoke0(Native Method)
java.base/jdk.internal.reflect.NativeMethodAccessorImpl.invoke(NativeMethodAccessorImpl.java:77)
java.base/jdk.internal.reflect.DelegatingMethodAccessorImpl.invoke(DelegatingMethodAccessorImpl.java:43)
jdk.proxy2/jdk.proxy2.$Proxy50.execute(Unknown Source)
com.kms.katalon.core.webui.model.SeleniumActionRetryController.performAction(SeleniumActionRetryController.java:96)
com.kms.katalon.core.webui.model.SeleniumActionRetryController.performAction(SeleniumActionRetryController.java:83)
com.kms.katalon.core.webui.keyword.internal.WebUIKeywordMain$_runKeywordUntilTimeout_closure1.doCall(WebUIKeywordMain.groovy:135)
com.kms.katalon.core.webui.keyword.internal.WebUIKeywordMain$_runKeywordUntilTimeout_closure1.call(WebUIKeywordMain.groovy)
com.kms.katalon.core.webui.keyword.internal.WebUIKeywordMain.runKeyword(WebUIKeywordMain.groovy:41)
com.kms.katalon.core.webui.keyword.internal.WebUIKeywordMain.runKeywordUntilTimeout(WebUIKeywordMain.groovy:133)
com.kms.katalon.core.webui.keyword.builtin.ClickKeyword.click(ClickKeyword.groovy:72)
com.kms.katalon.core.webui.keyword.builtin.ClickKeyword.execute(ClickKeyword.groovy:38)
com.kms.katalon.core.keyword.internal.KeywordExecutor.executeKeywordForPlatform(KeywordExecutor.groovy:90)
com.kms.katalon.core.webui.keyword.WebUiBuiltInKeywords.click(WebUiBuiltInKeywords.groovy:721)
ScreenBook.run(ScreenBook:85)
</property>
</record>
<record>
  <date>2026-07-29T05:36:15.838165200Z</date>
  <millis>1785303375838</millis>
  <nanos>165200</nanos>
  <sequence>240</sequence>
  <level>END</level>
  <class>com.kms.katalon.core.logging.XmlKeywordLogger</class>
  <method>endKeyword</method>
  <thread>1</thread>
  <message>End action : click(findTestObject(&amp;quot;BRINESIA UI/BrinscreenBook/Menu/btnBrinScreen&amp;quot;))</message>
  <nestedLevel>1</nestedLevel>
  <escapedJava>false</escapedJava>
</record>
<record>
  <date>2026-07-29T05:36:15.838719100Z</date>
  <millis>1785303375838</millis>
  <nanos>719100</nanos>
  <sequence>241</sequence>
  <level>START</level>
  <class>com.kms.katalon.core.logging.XmlKeywordLogger</class>
  <method>startKeyword</method>
  <thread>1</thread>
  <message>Start action : click(findTestObject(&amp;quot;BRINESIA UI/BrinscreenBook/Menu/btnLastPage&amp;quot;))</message>
  <nestedLevel>1</nestedLevel>
  <escapedJava>false</escapedJava>
  <property name="startLine">87</property>
  <property name="stepIndex">25</property>
</record>
<record>
  <date>2026-07-29T05:36:16.731593900Z</date>
  <millis>1785303376731</millis>
  <nanos>593900</nanos>
  <sequence>252</sequence>
  <level>PASSED</level>
  <class>com.kms.katalon.core.logging.XmlKeywordLogger</class>
  <method>logMessage</method>
  <thread>1</thread>
  <message>Object: &amp;apos;Object Repository/BRINESIA UI/BrinscreenBook/Menu/btnLastPage&amp;apos; is clicked on</message>
  <nestedLevel>1</nestedLevel>
  <escapedJava>false</escapedJava>
  <property name="testops-method-name">com.kms.katalon.core.webui.keyword.internal.WebUIKeywordMain.runKeywordUntilTimeout</property>
  <property name="testops-execution-stacktrace">com.kms.katalon.core.logging.KeywordLogger.logPassed(KeywordLogger.java:332)
com.kms.katalon.core.logging.KeywordLogger.logPassed(KeywordLogger.java:327)
com.kms.katalon.core.webui.keyword.builtin.ClickKeyword$_click_closure1.doCall(ClickKeyword.groovy:66)
java.base/jdk.internal.reflect.NativeMethodAccessorImpl.invoke0(Native Method)
java.base/jdk.internal.reflect.NativeMethodAccessorImpl.invoke(NativeMethodAccessorImpl.java:77)
java.base/jdk.internal.reflect.DelegatingMethodAccessorImpl.invoke(DelegatingMethodAccessorImpl.java:43)
jdk.proxy2/jdk.proxy2.$Proxy50.execute(Unknown Source)
com.kms.katalon.core.webui.model.SeleniumActionRetryController.performAction(SeleniumActionRetryController.java:96)
com.kms.katalon.core.webui.model.SeleniumActionRetryController.performAction(SeleniumActionRetryController.java:83)
com.kms.katalon.core.webui.keyword.internal.WebUIKeywordMain$_runKeywordUntilTimeout_closure1.doCall(WebUIKeywordMain.groovy:135)
com.kms.katalon.core.webui.keyword.internal.WebUIKeywordMain$_runKeywordUntilTimeout_closure1.call(WebUIKeywordMain.groovy)
com.kms.katalon.core.webui.keyword.internal.WebUIKeywordMain.runKeyword(WebUIKeywordMain.groovy:41)
com.kms.katalon.core.webui.keyword.internal.WebUIKeywordMain.runKeywordUntilTimeout(WebUIKeywordMain.groovy:133)
com.kms.katalon.core.webui.keyword.builtin.ClickKeyword.click(ClickKeyword.groovy:72)
com.kms.katalon.core.webui.keyword.builtin.ClickKeyword.execute(ClickKeyword.groovy:38)
com.kms.katalon.core.keyword.internal.KeywordExecutor.executeKeywordForPlatform(KeywordExecutor.groovy:90)
com.kms.katalon.core.webui.keyword.WebUiBuiltInKeywords.click(WebUiBuiltInKeywords.groovy:721)
ScreenBook.run(ScreenBook:87)
</property>
</record>
<record>
  <date>2026-07-29T05:36:16.733588500Z</date>
  <millis>1785303376733</millis>
  <nanos>588500</nanos>
  <sequence>253</sequence>
  <level>END</level>
  <class>com.kms.katalon.core.logging.XmlKeywordLogger</class>
  <method>endKeyword</method>
  <thread>1</thread>
  <message>End action : click(findTestObject(&amp;quot;BRINESIA UI/BrinscreenBook/Menu/btnLastPage&amp;quot;))</message>
  <nestedLevel>1</nestedLevel>
  <escapedJava>false</escapedJava>
</record>
<record>
  <date>2026-07-29T05:36:16.733588500Z</date>
  <millis>1785303376733</millis>
  <nanos>588500</nanos>
  <sequence>254</sequence>
  <level>START</level>
  <class>com.kms.katalon.core.logging.XmlKeywordLogger</class>
  <method>startKeyword</method>
  <thread>1</thread>
  <message>Start action : click(findTestObject(&amp;quot;BRINESIA UI/BrinscreenBook/Menu/btnPilihSuper&amp;quot;))</message>
  <nestedLevel>1</nestedLevel>
  <escapedJava>false</escapedJava>
  <property name="startLine">90</property>
  <property name="stepIndex">26</property>
</record>
<record>
  <date>2026-07-29T05:36:21.365089700Z</date>
  <millis>1785303381365</millis>
  <nanos>89700</nanos>
  <sequence>265</sequence>
  <level>PASSED</level>
  <class>com.kms.katalon.core.logging.XmlKeywordLogger</class>
  <method>logMessage</method>
  <thread>1</thread>
  <message>Object: &amp;apos;Object Repository/BRINESIA UI/BrinscreenBook/Menu/btnPilihSuper&amp;apos; is clicked on</message>
  <nestedLevel>1</nestedLevel>
  <escapedJava>false</escapedJava>
  <property name="testops-method-name">com.kms.katalon.core.webui.keyword.internal.WebUIKeywordMain.runKeywordUntilTimeout</property>
  <property name="testops-execution-stacktrace">com.kms.katalon.core.logging.KeywordLogger.logPassed(KeywordLogger.java:332)
com.kms.katalon.core.logging.KeywordLogger.logPassed(KeywordLogger.java:327)
com.kms.katalon.core.webui.keyword.builtin.ClickKeyword$_click_closure1.doCall(ClickKeyword.groovy:66)
java.base/jdk.internal.reflect.NativeMethodAccessorImpl.invoke0(Native Method)
java.base/jdk.internal.reflect.NativeMethodAccessorImpl.invoke(NativeMethodAccessorImpl.java:77)
java.base/jdk.internal.reflect.DelegatingMethodAccessorImpl.invoke(DelegatingMethodAccessorImpl.java:43)
jdk.proxy2/jdk.proxy2.$Proxy50.execute(Unknown Source)
com.kms.katalon.core.webui.model.SeleniumActionRetryController.performAction(SeleniumActionRetryController.java:96)
com.kms.katalon.core.webui.model.SeleniumActionRetryController.performAction(SeleniumActionRetryController.java:83)
com.kms.katalon.core.webui.keyword.internal.WebUIKeywordMain$_runKeywordUntilTimeout_closure1.doCall(WebUIKeywordMain.groovy:135)
com.kms.katalon.core.webui.keyword.internal.WebUIKeywordMain$_runKeywordUntilTimeout_closure1.call(WebUIKeywordMain.groovy)
com.kms.katalon.core.webui.keyword.internal.WebUIKeywordMain.runKeyword(WebUIKeywordMain.groovy:41)
com.kms.katalon.core.webui.keyword.internal.WebUIKeywordMain.runKeywordUntilTimeout(WebUIKeywordMain.groovy:133)
com.kms.katalon.core.webui.keyword.builtin.ClickKeyword.click(ClickKeyword.groovy:72)
com.kms.katalon.core.webui.keyword.builtin.ClickKeyword.execute(ClickKeyword.groovy:38)
com.kms.katalon.core.keyword.internal.KeywordExecutor.executeKeywordForPlatform(KeywordExecutor.groovy:90)
com.kms.katalon.core.webui.keyword.WebUiBuiltInKeywords.click(WebUiBuiltInKeywords.groovy:721)
ScreenBook.run(ScreenBook:90)
</property>
</record>
<record>
  <date>2026-07-29T05:36:21.367731800Z</date>
  <millis>1785303381367</millis>
  <nanos>731800</nanos>
  <sequence>266</sequence>
  <level>END</level>
  <class>com.kms.katalon.core.logging.XmlKeywordLogger</class>
  <method>endKeyword</method>
  <thread>1</thread>
  <message>End action : click(findTestObject(&amp;quot;BRINESIA UI/BrinscreenBook/Menu/btnPilihSuper&amp;quot;))</message>
  <nestedLevel>1</nestedLevel>
  <escapedJava>false</escapedJava>
</record>
<record>
  <date>2026-07-29T05:36:21.368227500Z</date>
  <millis>1785303381368</millis>
  <nanos>227500</nanos>
  <sequence>267</sequence>
  <level>START</level>
  <class>com.kms.katalon.core.logging.XmlKeywordLogger</class>
  <method>startKeyword</method>
  <thread>1</thread>
  <message>Start action : urlSupervisi = getUrl()</message>
  <nestedLevel>1</nestedLevel>
  <escapedJava>false</escapedJava>
  <property name="startLine">92</property>
  <property name="stepIndex">27</property>
</record>
<record>
  <date>2026-07-29T05:36:21.751647500Z</date>
  <millis>1785303381751</millis>
  <nanos>647500</nanos>
  <sequence>270</sequence>
  <level>PASSED</level>
  <class>com.kms.katalon.core.logging.XmlKeywordLogger</class>
  <method>logMessage</method>
  <thread>1</thread>
  <message>Current window&amp;apos;s url is: &amp;apos;http://192.168.140.106/t/DOB/views/DashboardProduksiPerLOA/DashboardProduksiPerLOA-BranchSupervisi?%3Aembed=yes&amp;amp;%3AshowVizHome=no&amp;amp;%3Atoolbar=yes#1&amp;apos;</message>
  <nestedLevel>1</nestedLevel>
  <escapedJava>false</escapedJava>
  <property name="testops-method-name">com.kms.katalon.core.webui.keyword.builtin.GetUrlKeyword.getUrl</property>
  <property name="testops-execution-stacktrace"></property>
</record>
<record>
  <date>2026-07-29T05:36:21.755763600Z</date>
  <millis>1785303381755</millis>
  <nanos>763600</nanos>
  <sequence>271</sequence>
  <level>END</level>
  <class>com.kms.katalon.core.logging.XmlKeywordLogger</class>
  <method>endKeyword</method>
  <thread>1</thread>
  <message>End action : urlSupervisi = getUrl()</message>
  <nestedLevel>1</nestedLevel>
  <escapedJava>false</escapedJava>
</record>
<record>
  <date>2026-07-29T05:36:21.756260300Z</date>
  <millis>1785303381756</millis>
  <nanos>260300</nanos>
  <sequence>272</sequence>
  <level>START</level>
  <class>com.kms.katalon.core.logging.XmlKeywordLogger</class>
  <method>startKeyword</method>
  <thread>1</thread>
  <message>Start action : assert urlSupervisi.contains(&amp;quot;DashboardProduksiPerLOA-BranchSupervisi&amp;quot;)</message>
  <nestedLevel>1</nestedLevel>
  <escapedJava>false</escapedJava>
  <property name="startLine">94</property>
  <property name="stepIndex">28</property>
</record>
<record>
  <date>2026-07-29T05:36:21.775129Z</date>
  <millis>1785303381775</millis>
  <nanos>129000</nanos>
  <sequence>273</sequence>
  <level>END</level>
  <class>com.kms.katalon.core.logging.XmlKeywordLogger</class>
  <method>endKeyword</method>
  <thread>1</thread>
  <message>End action : assert urlSupervisi.contains(&amp;quot;DashboardProduksiPerLOA-BranchSupervisi&amp;quot;)</message>
  <nestedLevel>1</nestedLevel>
  <escapedJava>false</escapedJava>
</record>
<record>
  <date>2026-07-29T05:36:21.780205500Z</date>
  <millis>1785303381780</millis>
  <nanos>205500</nanos>
  <sequence>274</sequence>
  <level>START</level>
  <class>com.kms.katalon.core.logging.XmlKeywordLogger</class>
  <method>startKeyword</method>
  <thread>1</thread>
  <message>Start action : verifyElementPresent(findTestObject(&amp;quot;BRINESIA UI/BrinscreenBook/Menu/judulDash_Super&amp;quot;), 10)</message>
  <nestedLevel>1</nestedLevel>
  <escapedJava>false</escapedJava>
  <property name="startLine">96</property>
  <property name="stepIndex">29</property>
</record>
<record>
  <date>2026-07-29T05:36:23.172478800Z</date>
  <millis>1785303383172</millis>
  <nanos>478800</nanos>
  <sequence>280</sequence>
  <level>PASSED</level>
  <class>com.kms.katalon.core.logging.XmlKeywordLogger</class>
  <method>logMessage</method>
  <thread>1</thread>
  <message>Object &amp;apos;Object Repository/BRINESIA UI/BrinscreenBook/Menu/judulDash_Super&amp;apos; is present</message>
  <nestedLevel>1</nestedLevel>
  <escapedJava>false</escapedJava>
  <property name="testops-is-assertion">true</property>
  <property name="testops-method-name">com.kms.katalon.core.webui.keyword.builtin.VerifyElementPresentKeyword.verifyElementPresent</property>
  <property name="testops-execution-stacktrace"></property>
</record>
<record>
  <date>2026-07-29T05:36:23.173009600Z</date>
  <millis>1785303383173</millis>
  <nanos>9600</nanos>
  <sequence>281</sequence>
  <level>END</level>
  <class>com.kms.katalon.core.logging.XmlKeywordLogger</class>
  <method>endKeyword</method>
  <thread>1</thread>
  <message>End action : verifyElementPresent(findTestObject(&amp;quot;BRINESIA UI/BrinscreenBook/Menu/judulDash_Super&amp;quot;), 10)</message>
  <nestedLevel>1</nestedLevel>
  <escapedJava>false</escapedJava>
</record>
<record>
  <date>2026-07-29T05:36:23.174172400Z</date>
  <millis>1785303383174</millis>
  <nanos>172400</nanos>
  <sequence>282</sequence>
  <level>START</level>
  <class>com.kms.katalon.core.logging.XmlKeywordLogger</class>
  <method>startKeyword</method>
  <thread>1</thread>
  <message>Start action : screenshotPathSuper = $projectDir/Screenshots/Evidence_POSITIVE_DashboardSuperVisi_$timestamp.png</message>
  <nestedLevel>1</nestedLevel>
  <escapedJava>false</escapedJava>
  <property name="startLine">98</property>
  <property name="stepIndex">30</property>
</record>
<record>
  <date>2026-07-29T05:36:23.177373900Z</date>
  <millis>1785303383177</millis>
  <nanos>373900</nanos>
  <sequence>283</sequence>
  <level>END</level>
  <class>com.kms.katalon.core.logging.XmlKeywordLogger</class>
  <method>endKeyword</method>
  <thread>1</thread>
  <message>End action : screenshotPathSuper = $projectDir/Screenshots/Evidence_POSITIVE_DashboardSuperVisi_$timestamp.png</message>
  <nestedLevel>1</nestedLevel>
  <escapedJava>false</escapedJava>
</record>
<record>
  <date>2026-07-29T05:36:23.177870500Z</date>
  <millis>1785303383177</millis>
  <nanos>870500</nanos>
  <sequence>284</sequence>
  <level>START</level>
  <class>com.kms.katalon.core.logging.XmlKeywordLogger</class>
  <method>startKeyword</method>
  <thread>1</thread>
  <message>Start action : takeScreenshot(screenshotPathSuper)</message>
  <nestedLevel>1</nestedLevel>
  <escapedJava>false</escapedJava>
  <property name="startLine">100</property>
  <property name="stepIndex">31</property>
</record>
<record>
  <date>2026-07-29T05:36:23.559956100Z</date>
  <millis>1785303383559</millis>
  <nanos>956100</nanos>
  <sequence>287</sequence>
  <level>PASSED</level>
  <class>com.kms.katalon.core.logging.XmlKeywordLogger</class>
  <method>logMessage</method>
  <thread>1</thread>
  <message>Taking screenshot successfully</message>
  <nestedLevel>1</nestedLevel>
  <escapedJava>false</escapedJava>
  <property name="attachment">C:/Users/TTECH-0251/git/AutoAPI/Screenshots/Evidence_POSITIVE_DashboardSuperVisi_29.07.2026_(12.35.45).png</property>
  <property name="testops-method-name">com.kms.katalon.core.webui.keyword.builtin.TakeScreenshotKeyword.takeScreenshot</property>
  <property name="testops-execution-stacktrace"></property>
</record>
<record>
  <date>2026-07-29T05:36:23.561931900Z</date>
  <millis>1785303383561</millis>
  <nanos>931900</nanos>
  <sequence>288</sequence>
  <level>END</level>
  <class>com.kms.katalon.core.logging.XmlKeywordLogger</class>
  <method>endKeyword</method>
  <thread>1</thread>
  <message>End action : takeScreenshot(screenshotPathSuper)</message>
  <nestedLevel>1</nestedLevel>
  <escapedJava>false</escapedJava>
</record>
<record>
  <date>2026-07-29T05:36:23.561931900Z</date>
  <millis>1785303383561</millis>
  <nanos>931900</nanos>
  <sequence>289</sequence>
  <level>START</level>
  <class>com.kms.katalon.core.logging.XmlKeywordLogger</class>
  <method>startKeyword</method>
  <thread>1</thread>
  <message>Start action : delay(1)</message>
  <nestedLevel>1</nestedLevel>
  <escapedJava>false</escapedJava>
  <property name="startLine">102</property>
  <property name="stepIndex">32</property>
</record>
<record>
  <date>2026-07-29T05:36:24.580431200Z</date>
  <millis>1785303384580</millis>
  <nanos>431200</nanos>
  <sequence>292</sequence>
  <level>PASSED</level>
  <class>com.kms.katalon.core.logging.XmlKeywordLogger</class>
  <method>logMessage</method>
  <thread>1</thread>
  <message>Delayed 1 second(s)</message>
  <nestedLevel>1</nestedLevel>
  <escapedJava>false</escapedJava>
  <property name="testops-method-name">com.kms.katalon.core.keyword.builtin.DelayKeyword.delay</property>
  <property name="testops-execution-stacktrace"></property>
</record>
<record>
  <date>2026-07-29T05:36:24.581712700Z</date>
  <millis>1785303384581</millis>
  <nanos>712700</nanos>
  <sequence>293</sequence>
  <level>END</level>
  <class>com.kms.katalon.core.logging.XmlKeywordLogger</class>
  <method>endKeyword</method>
  <thread>1</thread>
  <message>End action : delay(1)</message>
  <nestedLevel>1</nestedLevel>
  <escapedJava>false</escapedJava>
</record>
<record>
  <date>2026-07-29T05:36:24.582708300Z</date>
  <millis>1785303384582</millis>
  <nanos>708300</nanos>
  <sequence>294</sequence>
  <level>START</level>
  <class>com.kms.katalon.core.logging.XmlKeywordLogger</class>
  <method>startKeyword</method>
  <thread>1</thread>
  <message>Start action : back()</message>
  <nestedLevel>1</nestedLevel>
  <escapedJava>false</escapedJava>
  <property name="startLine">104</property>
  <property name="stepIndex">33</property>
</record>
<record>
  <date>2026-07-29T05:36:24.709253800Z</date>
  <millis>1785303384709</millis>
  <nanos>253800</nanos>
  <sequence>297</sequence>
  <level>PASSED</level>
  <class>com.kms.katalon.core.logging.XmlKeywordLogger</class>
  <method>logMessage</method>
  <thread>1</thread>
  <message>Navigate back successfully</message>
  <nestedLevel>1</nestedLevel>
  <escapedJava>false</escapedJava>
  <property name="testops-method-name">com.kms.katalon.core.webui.keyword.builtin.BackKeyword.back</property>
  <property name="testops-execution-stacktrace"></property>
</record>
<record>
  <date>2026-07-29T05:36:24.714852100Z</date>
  <millis>1785303384714</millis>
  <nanos>852100</nanos>
  <sequence>298</sequence>
  <level>END</level>
  <class>com.kms.katalon.core.logging.XmlKeywordLogger</class>
  <method>endKeyword</method>
  <thread>1</thread>
  <message>End action : back()</message>
  <nestedLevel>1</nestedLevel>
  <escapedJava>false</escapedJava>
</record>
<record>
  <date>2026-07-29T05:36:24.716004900Z</date>
  <millis>1785303384716</millis>
  <nanos>4900</nanos>
  <sequence>299</sequence>
  <level>START</level>
  <class>com.kms.katalon.core.logging.XmlKeywordLogger</class>
  <method>startKeyword</method>
  <thread>1</thread>
  <message>Start action : click(findTestObject(&amp;quot;BRINESIA UI/BrinscreenBook/Menu/btnPilihUtama&amp;quot;))</message>
  <nestedLevel>1</nestedLevel>
  <escapedJava>false</escapedJava>
  <property name="startLine">106</property>
  <property name="stepIndex">34</property>
</record>
<record>
  <date>2026-07-29T05:36:26.505927800Z</date>
  <millis>1785303386505</millis>
  <nanos>927800</nanos>
  <sequence>310</sequence>
  <level>PASSED</level>
  <class>com.kms.katalon.core.logging.XmlKeywordLogger</class>
  <method>logMessage</method>
  <thread>1</thread>
  <message>Object: &amp;apos;Object Repository/BRINESIA UI/BrinscreenBook/Menu/btnPilihUtama&amp;apos; is clicked on</message>
  <nestedLevel>1</nestedLevel>
  <escapedJava>false</escapedJava>
  <property name="testops-method-name">com.kms.katalon.core.webui.keyword.internal.WebUIKeywordMain.runKeywordUntilTimeout</property>
  <property name="testops-execution-stacktrace">com.kms.katalon.core.logging.KeywordLogger.logPassed(KeywordLogger.java:332)
com.kms.katalon.core.logging.KeywordLogger.logPassed(KeywordLogger.java:327)
com.kms.katalon.core.webui.keyword.builtin.ClickKeyword$_click_closure1.doCall(ClickKeyword.groovy:66)
java.base/jdk.internal.reflect.NativeMethodAccessorImpl.invoke0(Native Method)
java.base/jdk.internal.reflect.NativeMethodAccessorImpl.invoke(NativeMethodAccessorImpl.java:77)
java.base/jdk.internal.reflect.DelegatingMethodAccessorImpl.invoke(DelegatingMethodAccessorImpl.java:43)
jdk.proxy2/jdk.proxy2.$Proxy50.execute(Unknown Source)
com.kms.katalon.core.webui.model.SeleniumActionRetryController.performAction(SeleniumActionRetryController.java:96)
com.kms.katalon.core.webui.model.SeleniumActionRetryController.performAction(SeleniumActionRetryController.java:83)
com.kms.katalon.core.webui.keyword.internal.WebUIKeywordMain$_runKeywordUntilTimeout_closure1.doCall(WebUIKeywordMain.groovy:135)
com.kms.katalon.core.webui.keyword.internal.WebUIKeywordMain$_runKeywordUntilTimeout_closure1.call(WebUIKeywordMain.groovy)
com.kms.katalon.core.webui.keyword.internal.WebUIKeywordMain.runKeyword(WebUIKeywordMain.groovy:41)
com.kms.katalon.core.webui.keyword.internal.WebUIKeywordMain.runKeywordUntilTimeout(WebUIKeywordMain.groovy:133)
com.kms.katalon.core.webui.keyword.builtin.ClickKeyword.click(ClickKeyword.groovy:72)
com.kms.katalon.core.webui.keyword.builtin.ClickKeyword.execute(ClickKeyword.groovy:38)
com.kms.katalon.core.keyword.internal.KeywordExecutor.executeKeywordForPlatform(KeywordExecutor.groovy:90)
com.kms.katalon.core.webui.keyword.WebUiBuiltInKeywords.click(WebUiBuiltInKeywords.groovy:721)
ScreenBook.run(ScreenBook:106)
</property>
</record>
<record>
  <date>2026-07-29T05:36:26.507744400Z</date>
  <millis>1785303386507</millis>
  <nanos>744400</nanos>
  <sequence>311</sequence>
  <level>END</level>
  <class>com.kms.katalon.core.logging.XmlKeywordLogger</class>
  <method>endKeyword</method>
  <thread>1</thread>
  <message>End action : click(findTestObject(&amp;quot;BRINESIA UI/BrinscreenBook/Menu/btnPilihUtama&amp;quot;))</message>
  <nestedLevel>1</nestedLevel>
  <escapedJava>false</escapedJava>
</record>
<record>
  <date>2026-07-29T05:36:26.508418400Z</date>
  <millis>1785303386508</millis>
  <nanos>418400</nanos>
  <sequence>312</sequence>
  <level>START</level>
  <class>com.kms.katalon.core.logging.XmlKeywordLogger</class>
  <method>startKeyword</method>
  <thread>1</thread>
  <message>Start action : urlBranchUtama = getUrl()</message>
  <nestedLevel>1</nestedLevel>
  <escapedJava>false</escapedJava>
  <property name="startLine">108</property>
  <property name="stepIndex">35</property>
</record>
<record>
  <date>2026-07-29T05:36:26.536329300Z</date>
  <millis>1785303386536</millis>
  <nanos>329300</nanos>
  <sequence>315</sequence>
  <level>PASSED</level>
  <class>com.kms.katalon.core.logging.XmlKeywordLogger</class>
  <method>logMessage</method>
  <thread>1</thread>
  <message>Current window&amp;apos;s url is: &amp;apos;http://192.168.140.106/t/DOB/views/DashboardProduksiPerLOA/DashboardProduksiPerLOA-BranchUtama?:embed=yes&amp;amp;:showVizHome=no&amp;amp;:toolbar=yes&amp;apos;</message>
  <nestedLevel>1</nestedLevel>
  <escapedJava>false</escapedJava>
  <property name="testops-method-name">com.kms.katalon.core.webui.keyword.builtin.GetUrlKeyword.getUrl</property>
  <property name="testops-execution-stacktrace"></property>
</record>
<record>
  <date>2026-07-29T05:36:26.539943100Z</date>
  <millis>1785303386539</millis>
  <nanos>943100</nanos>
  <sequence>316</sequence>
  <level>END</level>
  <class>com.kms.katalon.core.logging.XmlKeywordLogger</class>
  <method>endKeyword</method>
  <thread>1</thread>
  <message>End action : urlBranchUtama = getUrl()</message>
  <nestedLevel>1</nestedLevel>
  <escapedJava>false</escapedJava>
</record>
<record>
  <date>2026-07-29T05:36:26.540988500Z</date>
  <millis>1785303386540</millis>
  <nanos>988500</nanos>
  <sequence>317</sequence>
  <level>START</level>
  <class>com.kms.katalon.core.logging.XmlKeywordLogger</class>
  <method>startKeyword</method>
  <thread>1</thread>
  <message>Start action : assert urlBranchUtama.contains(&amp;quot;DashboardProduksiPerLOA-BranchUtama&amp;quot;)</message>
  <nestedLevel>1</nestedLevel>
  <escapedJava>false</escapedJava>
  <property name="startLine">110</property>
  <property name="stepIndex">36</property>
</record>
<record>
  <date>2026-07-29T05:36:26.552001700Z</date>
  <millis>1785303386552</millis>
  <nanos>1700</nanos>
  <sequence>318</sequence>
  <level>END</level>
  <class>com.kms.katalon.core.logging.XmlKeywordLogger</class>
  <method>endKeyword</method>
  <thread>1</thread>
  <message>End action : assert urlBranchUtama.contains(&amp;quot;DashboardProduksiPerLOA-BranchUtama&amp;quot;)</message>
  <nestedLevel>1</nestedLevel>
  <escapedJava>false</escapedJava>
</record>
<record>
  <date>2026-07-29T05:36:26.552001700Z</date>
  <millis>1785303386552</millis>
  <nanos>1700</nanos>
  <sequence>319</sequence>
  <level>START</level>
  <class>com.kms.katalon.core.logging.XmlKeywordLogger</class>
  <method>startKeyword</method>
  <thread>1</thread>
  <message>Start action : verifyElementPresent(findTestObject(&amp;quot;BRINESIA UI/BrinscreenBook/Menu/judulDash_Utama&amp;quot;), 10)</message>
  <nestedLevel>1</nestedLevel>
  <escapedJava>false</escapedJava>
  <property name="startLine">112</property>
  <property name="stepIndex">37</property>
</record>
<record>
  <date>2026-07-29T05:36:28.076405200Z</date>
  <millis>1785303388076</millis>
  <nanos>405200</nanos>
  <sequence>325</sequence>
  <level>PASSED</level>
  <class>com.kms.katalon.core.logging.XmlKeywordLogger</class>
  <method>logMessage</method>
  <thread>1</thread>
  <message>Object &amp;apos;Object Repository/BRINESIA UI/BrinscreenBook/Menu/judulDash_Utama&amp;apos; is present</message>
  <nestedLevel>1</nestedLevel>
  <escapedJava>false</escapedJava>
  <property name="testops-is-assertion">true</property>
  <property name="testops-method-name">com.kms.katalon.core.webui.keyword.builtin.VerifyElementPresentKeyword.verifyElementPresent</property>
  <property name="testops-execution-stacktrace"></property>
</record>
<record>
  <date>2026-07-29T05:36:28.079953600Z</date>
  <millis>1785303388079</millis>
  <nanos>953600</nanos>
  <sequence>326</sequence>
  <level>END</level>
  <class>com.kms.katalon.core.logging.XmlKeywordLogger</class>
  <method>endKeyword</method>
  <thread>1</thread>
  <message>End action : verifyElementPresent(findTestObject(&amp;quot;BRINESIA UI/BrinscreenBook/Menu/judulDash_Utama&amp;quot;), 10)</message>
  <nestedLevel>1</nestedLevel>
  <escapedJava>false</escapedJava>
</record>
<record>
  <date>2026-07-29T05:36:28.079953600Z</date>
  <millis>1785303388079</millis>
  <nanos>953600</nanos>
  <sequence>327</sequence>
  <level>START</level>
  <class>com.kms.katalon.core.logging.XmlKeywordLogger</class>
  <method>startKeyword</method>
  <thread>1</thread>
  <message>Start action : screenshotPathUtama = $projectDir/Screenshots/Evidence_POSITIVE_DashboardBranchUtama_$timestamp.png</message>
  <nestedLevel>1</nestedLevel>
  <escapedJava>false</escapedJava>
  <property name="startLine">114</property>
  <property name="stepIndex">38</property>
</record>
<record>
  <date>2026-07-29T05:36:28.083884700Z</date>
  <millis>1785303388083</millis>
  <nanos>884700</nanos>
  <sequence>328</sequence>
  <level>END</level>
  <class>com.kms.katalon.core.logging.XmlKeywordLogger</class>
  <method>endKeyword</method>
  <thread>1</thread>
  <message>End action : screenshotPathUtama = $projectDir/Screenshots/Evidence_POSITIVE_DashboardBranchUtama_$timestamp.png</message>
  <nestedLevel>1</nestedLevel>
  <escapedJava>false</escapedJava>
</record>
<record>
  <date>2026-07-29T05:36:28.083884700Z</date>
  <millis>1785303388083</millis>
  <nanos>884700</nanos>
  <sequence>329</sequence>
  <level>START</level>
  <class>com.kms.katalon.core.logging.XmlKeywordLogger</class>
  <method>startKeyword</method>
  <thread>1</thread>
  <message>Start action : takeScreenshot(screenshotPathUtama)</message>
  <nestedLevel>1</nestedLevel>
  <escapedJava>false</escapedJava>
  <property name="startLine">116</property>
  <property name="stepIndex">39</property>
</record>
<record>
  <date>2026-07-29T05:36:28.457875700Z</date>
  <millis>1785303388457</millis>
  <nanos>875700</nanos>
  <sequence>332</sequence>
  <level>PASSED</level>
  <class>com.kms.katalon.core.logging.XmlKeywordLogger</class>
  <method>logMessage</method>
  <thread>1</thread>
  <message>Taking screenshot successfully</message>
  <nestedLevel>1</nestedLevel>
  <escapedJava>false</escapedJava>
  <property name="attachment">C:/Users/TTECH-0251/git/AutoAPI/Screenshots/Evidence_POSITIVE_DashboardBranchUtama_29.07.2026_(12.35.45).png</property>
  <property name="testops-method-name">com.kms.katalon.core.webui.keyword.builtin.TakeScreenshotKeyword.takeScreenshot</property>
  <property name="testops-execution-stacktrace"></property>
</record>
<record>
  <date>2026-07-29T05:36:28.459788200Z</date>
  <millis>1785303388459</millis>
  <nanos>788200</nanos>
  <sequence>333</sequence>
  <level>END</level>
  <class>com.kms.katalon.core.logging.XmlKeywordLogger</class>
  <method>endKeyword</method>
  <thread>1</thread>
  <message>End action : takeScreenshot(screenshotPathUtama)</message>
  <nestedLevel>1</nestedLevel>
  <escapedJava>false</escapedJava>
</record>
<record>
  <date>2026-07-29T05:36:28.459788200Z</date>
  <millis>1785303388459</millis>
  <nanos>788200</nanos>
  <sequence>334</sequence>
  <level>START</level>
  <class>com.kms.katalon.core.logging.XmlKeywordLogger</class>
  <method>startKeyword</method>
  <thread>1</thread>
  <message>Start action : delay(1)</message>
  <nestedLevel>1</nestedLevel>
  <escapedJava>false</escapedJava>
  <property name="startLine">118</property>
  <property name="stepIndex">40</property>
</record>
<record>
  <date>2026-07-29T05:36:29.471375500Z</date>
  <millis>1785303389471</millis>
  <nanos>375500</nanos>
  <sequence>337</sequence>
  <level>PASSED</level>
  <class>com.kms.katalon.core.logging.XmlKeywordLogger</class>
  <method>logMessage</method>
  <thread>1</thread>
  <message>Delayed 1 second(s)</message>
  <nestedLevel>1</nestedLevel>
  <escapedJava>false</escapedJava>
  <property name="testops-method-name">com.kms.katalon.core.keyword.builtin.DelayKeyword.delay</property>
  <property name="testops-execution-stacktrace"></property>
</record>
<record>
  <date>2026-07-29T05:36:29.475023900Z</date>
  <millis>1785303389475</millis>
  <nanos>23900</nanos>
  <sequence>338</sequence>
  <level>END</level>
  <class>com.kms.katalon.core.logging.XmlKeywordLogger</class>
  <method>endKeyword</method>
  <thread>1</thread>
  <message>End action : delay(1)</message>
  <nestedLevel>1</nestedLevel>
  <escapedJava>false</escapedJava>
</record>
<record>
  <date>2026-07-29T05:36:29.475023900Z</date>
  <millis>1785303389475</millis>
  <nanos>23900</nanos>
  <sequence>339</sequence>
  <level>START</level>
  <class>com.kms.katalon.core.logging.XmlKeywordLogger</class>
  <method>startKeyword</method>
  <thread>1</thread>
  <message>Start action : back()</message>
  <nestedLevel>1</nestedLevel>
  <escapedJava>false</escapedJava>
  <property name="startLine">120</property>
  <property name="stepIndex">41</property>
</record>
<record>
  <date>2026-07-29T05:36:29.542595600Z</date>
  <millis>1785303389542</millis>
  <nanos>595600</nanos>
  <sequence>342</sequence>
  <level>PASSED</level>
  <class>com.kms.katalon.core.logging.XmlKeywordLogger</class>
  <method>logMessage</method>
  <thread>1</thread>
  <message>Navigate back successfully</message>
  <nestedLevel>1</nestedLevel>
  <escapedJava>false</escapedJava>
  <property name="testops-method-name">com.kms.katalon.core.webui.keyword.builtin.BackKeyword.back</property>
  <property name="testops-execution-stacktrace"></property>
</record>
<record>
  <date>2026-07-29T05:36:29.549666500Z</date>
  <millis>1785303389549</millis>
  <nanos>666500</nanos>
  <sequence>343</sequence>
  <level>END</level>
  <class>com.kms.katalon.core.logging.XmlKeywordLogger</class>
  <method>endKeyword</method>
  <thread>1</thread>
  <message>End action : back()</message>
  <nestedLevel>1</nestedLevel>
  <escapedJava>false</escapedJava>
</record>
<record>
  <date>2026-07-29T05:36:29.550162900Z</date>
  <millis>1785303389550</millis>
  <nanos>162900</nanos>
  <sequence>344</sequence>
  <level>START</level>
  <class>com.kms.katalon.core.logging.XmlKeywordLogger</class>
  <method>startKeyword</method>
  <thread>1</thread>
  <message>Start action : click(findTestObject(&amp;quot;BRINESIA UI/BrinscreenBook/Menu/btnPilihRM&amp;quot;))</message>
  <nestedLevel>1</nestedLevel>
  <escapedJava>false</escapedJava>
  <property name="startLine">122</property>
  <property name="stepIndex">42</property>
</record>
<record>
  <date>2026-07-29T05:36:30.741376700Z</date>
  <millis>1785303390741</millis>
  <nanos>376700</nanos>
  <sequence>355</sequence>
  <level>PASSED</level>
  <class>com.kms.katalon.core.logging.XmlKeywordLogger</class>
  <method>logMessage</method>
  <thread>1</thread>
  <message>Object: &amp;apos;Object Repository/BRINESIA UI/BrinscreenBook/Menu/btnPilihRM&amp;apos; is clicked on</message>
  <nestedLevel>1</nestedLevel>
  <escapedJava>false</escapedJava>
  <property name="testops-method-name">com.kms.katalon.core.webui.keyword.internal.WebUIKeywordMain.runKeywordUntilTimeout</property>
  <property name="testops-execution-stacktrace">com.kms.katalon.core.logging.KeywordLogger.logPassed(KeywordLogger.java:332)
com.kms.katalon.core.logging.KeywordLogger.logPassed(KeywordLogger.java:327)
com.kms.katalon.core.webui.keyword.builtin.ClickKeyword$_click_closure1.doCall(ClickKeyword.groovy:66)
java.base/jdk.internal.reflect.NativeMethodAccessorImpl.invoke0(Native Method)
java.base/jdk.internal.reflect.NativeMethodAccessorImpl.invoke(NativeMethodAccessorImpl.java:77)
java.base/jdk.internal.reflect.DelegatingMethodAccessorImpl.invoke(DelegatingMethodAccessorImpl.java:43)
jdk.proxy2/jdk.proxy2.$Proxy50.execute(Unknown Source)
com.kms.katalon.core.webui.model.SeleniumActionRetryController.performAction(SeleniumActionRetryController.java:96)
com.kms.katalon.core.webui.model.SeleniumActionRetryController.performAction(SeleniumActionRetryController.java:83)
com.kms.katalon.core.webui.keyword.internal.WebUIKeywordMain$_runKeywordUntilTimeout_closure1.doCall(WebUIKeywordMain.groovy:135)
com.kms.katalon.core.webui.keyword.internal.WebUIKeywordMain$_runKeywordUntilTimeout_closure1.call(WebUIKeywordMain.groovy)
com.kms.katalon.core.webui.keyword.internal.WebUIKeywordMain.runKeyword(WebUIKeywordMain.groovy:41)
com.kms.katalon.core.webui.keyword.internal.WebUIKeywordMain.runKeywordUntilTimeout(WebUIKeywordMain.groovy:133)
com.kms.katalon.core.webui.keyword.builtin.ClickKeyword.click(ClickKeyword.groovy:72)
com.kms.katalon.core.webui.keyword.builtin.ClickKeyword.execute(ClickKeyword.groovy:38)
com.kms.katalon.core.keyword.internal.KeywordExecutor.executeKeywordForPlatform(KeywordExecutor.groovy:90)
com.kms.katalon.core.webui.keyword.WebUiBuiltInKeywords.click(WebUiBuiltInKeywords.groovy:721)
ScreenBook.run(ScreenBook:122)
</property>
</record>
<record>
  <date>2026-07-29T05:36:30.743253900Z</date>
  <millis>1785303390743</millis>
  <nanos>253900</nanos>
  <sequence>356</sequence>
  <level>END</level>
  <class>com.kms.katalon.core.logging.XmlKeywordLogger</class>
  <method>endKeyword</method>
  <thread>1</thread>
  <message>End action : click(findTestObject(&amp;quot;BRINESIA UI/BrinscreenBook/Menu/btnPilihRM&amp;quot;))</message>
  <nestedLevel>1</nestedLevel>
  <escapedJava>false</escapedJava>
</record>
<record>
  <date>2026-07-29T05:36:30.743749700Z</date>
  <millis>1785303390743</millis>
  <nanos>749700</nanos>
  <sequence>357</sequence>
  <level>START</level>
  <class>com.kms.katalon.core.logging.XmlKeywordLogger</class>
  <method>startKeyword</method>
  <thread>1</thread>
  <message>Start action : urlRM = getUrl()</message>
  <nestedLevel>1</nestedLevel>
  <escapedJava>false</escapedJava>
  <property name="startLine">124</property>
  <property name="stepIndex">43</property>
</record>
<record>
  <date>2026-07-29T05:36:30.775606Z</date>
  <millis>1785303390775</millis>
  <nanos>606000</nanos>
  <sequence>360</sequence>
  <level>PASSED</level>
  <class>com.kms.katalon.core.logging.XmlKeywordLogger</class>
  <method>logMessage</method>
  <thread>1</thread>
  <message>Current window&amp;apos;s url is: &amp;apos;http://192.168.140.106/t/DOB/views/DashboardProduksiPerLOA/DashboardProduksiPerLOA-RelationshipManager?:embed=yes&amp;amp;:showVizHome=no&amp;amp;:toolbar=yes&amp;apos;</message>
  <nestedLevel>1</nestedLevel>
  <escapedJava>false</escapedJava>
  <property name="testops-method-name">com.kms.katalon.core.webui.keyword.builtin.GetUrlKeyword.getUrl</property>
  <property name="testops-execution-stacktrace"></property>
</record>
<record>
  <date>2026-07-29T05:36:30.783287300Z</date>
  <millis>1785303390783</millis>
  <nanos>287300</nanos>
  <sequence>361</sequence>
  <level>END</level>
  <class>com.kms.katalon.core.logging.XmlKeywordLogger</class>
  <method>endKeyword</method>
  <thread>1</thread>
  <message>End action : urlRM = getUrl()</message>
  <nestedLevel>1</nestedLevel>
  <escapedJava>false</escapedJava>
</record>
<record>
  <date>2026-07-29T05:36:30.784779900Z</date>
  <millis>1785303390784</millis>
  <nanos>779900</nanos>
  <sequence>362</sequence>
  <level>START</level>
  <class>com.kms.katalon.core.logging.XmlKeywordLogger</class>
  <method>startKeyword</method>
  <thread>1</thread>
  <message>Start action : assert urlRM.contains(&amp;quot;DashboardProduksiPerLOA-RelationshipManager&amp;quot;)</message>
  <nestedLevel>1</nestedLevel>
  <escapedJava>false</escapedJava>
  <property name="startLine">126</property>
  <property name="stepIndex">44</property>
</record>
<record>
  <date>2026-07-29T05:36:30.787790400Z</date>
  <millis>1785303390787</millis>
  <nanos>790400</nanos>
  <sequence>363</sequence>
  <level>END</level>
  <class>com.kms.katalon.core.logging.XmlKeywordLogger</class>
  <method>endKeyword</method>
  <thread>1</thread>
  <message>End action : assert urlRM.contains(&amp;quot;DashboardProduksiPerLOA-RelationshipManager&amp;quot;)</message>
  <nestedLevel>1</nestedLevel>
  <escapedJava>false</escapedJava>
</record>
<record>
  <date>2026-07-29T05:36:30.787790400Z</date>
  <millis>1785303390787</millis>
  <nanos>790400</nanos>
  <sequence>364</sequence>
  <level>START</level>
  <class>com.kms.katalon.core.logging.XmlKeywordLogger</class>
  <method>startKeyword</method>
  <thread>1</thread>
  <message>Start action : verifyElementPresent(findTestObject(&amp;quot;BRINESIA UI/BrinscreenBook/Menu/judulDash_RM&amp;quot;), 10)</message>
  <nestedLevel>1</nestedLevel>
  <escapedJava>false</escapedJava>
  <property name="startLine">128</property>
  <property name="stepIndex">45</property>
</record>
<record>
  <date>2026-07-29T05:36:32.086074600Z</date>
  <millis>1785303392086</millis>
  <nanos>74600</nanos>
  <sequence>370</sequence>
  <level>PASSED</level>
  <class>com.kms.katalon.core.logging.XmlKeywordLogger</class>
  <method>logMessage</method>
  <thread>1</thread>
  <message>Object &amp;apos;Object Repository/BRINESIA UI/BrinscreenBook/Menu/judulDash_RM&amp;apos; is present</message>
  <nestedLevel>1</nestedLevel>
  <escapedJava>false</escapedJava>
  <property name="testops-is-assertion">true</property>
  <property name="testops-method-name">com.kms.katalon.core.webui.keyword.builtin.VerifyElementPresentKeyword.verifyElementPresent</property>
  <property name="testops-execution-stacktrace"></property>
</record>
<record>
  <date>2026-07-29T05:36:32.088074600Z</date>
  <millis>1785303392088</millis>
  <nanos>74600</nanos>
  <sequence>371</sequence>
  <level>END</level>
  <class>com.kms.katalon.core.logging.XmlKeywordLogger</class>
  <method>endKeyword</method>
  <thread>1</thread>
  <message>End action : verifyElementPresent(findTestObject(&amp;quot;BRINESIA UI/BrinscreenBook/Menu/judulDash_RM&amp;quot;), 10)</message>
  <nestedLevel>1</nestedLevel>
  <escapedJava>false</escapedJava>
</record>
<record>
  <date>2026-07-29T05:36:32.088074600Z</date>
  <millis>1785303392088</millis>
  <nanos>74600</nanos>
  <sequence>372</sequence>
  <level>START</level>
  <class>com.kms.katalon.core.logging.XmlKeywordLogger</class>
  <method>startKeyword</method>
  <thread>1</thread>
  <message>Start action : screenshotPathRM = $projectDir/Screenshots/Evidence_POSITIVE_DashboardRM_$timestamp.png</message>
  <nestedLevel>1</nestedLevel>
  <escapedJava>false</escapedJava>
  <property name="startLine">130</property>
  <property name="stepIndex">46</property>
</record>
<record>
  <date>2026-07-29T05:36:32.089734300Z</date>
  <millis>1785303392089</millis>
  <nanos>734300</nanos>
  <sequence>373</sequence>
  <level>END</level>
  <class>com.kms.katalon.core.logging.XmlKeywordLogger</class>
  <method>endKeyword</method>
  <thread>1</thread>
  <message>End action : screenshotPathRM = $projectDir/Screenshots/Evidence_POSITIVE_DashboardRM_$timestamp.png</message>
  <nestedLevel>1</nestedLevel>
  <escapedJava>false</escapedJava>
</record>
<record>
  <date>2026-07-29T05:36:32.089734300Z</date>
  <millis>1785303392089</millis>
  <nanos>734300</nanos>
  <sequence>374</sequence>
  <level>START</level>
  <class>com.kms.katalon.core.logging.XmlKeywordLogger</class>
  <method>startKeyword</method>
  <thread>1</thread>
  <message>Start action : takeScreenshot(screenshotPathRM)</message>
  <nestedLevel>1</nestedLevel>
  <escapedJava>false</escapedJava>
  <property name="startLine">132</property>
  <property name="stepIndex">47</property>
</record>
<record>
  <date>2026-07-29T05:36:32.450062600Z</date>
  <millis>1785303392450</millis>
  <nanos>62600</nanos>
  <sequence>377</sequence>
  <level>PASSED</level>
  <class>com.kms.katalon.core.logging.XmlKeywordLogger</class>
  <method>logMessage</method>
  <thread>1</thread>
  <message>Taking screenshot successfully</message>
  <nestedLevel>1</nestedLevel>
  <escapedJava>false</escapedJava>
  <property name="attachment">C:/Users/TTECH-0251/git/AutoAPI/Screenshots/Evidence_POSITIVE_DashboardRM_29.07.2026_(12.35.45).png</property>
  <property name="testops-method-name">com.kms.katalon.core.webui.keyword.builtin.TakeScreenshotKeyword.takeScreenshot</property>
  <property name="testops-execution-stacktrace"></property>
</record>
<record>
  <date>2026-07-29T05:36:32.452058700Z</date>
  <millis>1785303392452</millis>
  <nanos>58700</nanos>
  <sequence>378</sequence>
  <level>END</level>
  <class>com.kms.katalon.core.logging.XmlKeywordLogger</class>
  <method>endKeyword</method>
  <thread>1</thread>
  <message>End action : takeScreenshot(screenshotPathRM)</message>
  <nestedLevel>1</nestedLevel>
  <escapedJava>false</escapedJava>
</record>
<record>
  <date>2026-07-29T05:36:32.453053200Z</date>
  <millis>1785303392453</millis>
  <nanos>53200</nanos>
  <sequence>379</sequence>
  <level>START</level>
  <class>com.kms.katalon.core.logging.XmlKeywordLogger</class>
  <method>startKeyword</method>
  <thread>1</thread>
  <message>Start action : delay(1)</message>
  <nestedLevel>1</nestedLevel>
  <escapedJava>false</escapedJava>
  <property name="startLine">134</property>
  <property name="stepIndex">48</property>
</record>
<record>
  <date>2026-07-29T05:36:33.471624200Z</date>
  <millis>1785303393471</millis>
  <nanos>624200</nanos>
  <sequence>382</sequence>
  <level>PASSED</level>
  <class>com.kms.katalon.core.logging.XmlKeywordLogger</class>
  <method>logMessage</method>
  <thread>1</thread>
  <message>Delayed 1 second(s)</message>
  <nestedLevel>1</nestedLevel>
  <escapedJava>false</escapedJava>
  <property name="testops-method-name">com.kms.katalon.core.keyword.builtin.DelayKeyword.delay</property>
  <property name="testops-execution-stacktrace"></property>
</record>
<record>
  <date>2026-07-29T05:36:33.473122200Z</date>
  <millis>1785303393473</millis>
  <nanos>122200</nanos>
  <sequence>383</sequence>
  <level>END</level>
  <class>com.kms.katalon.core.logging.XmlKeywordLogger</class>
  <method>endKeyword</method>
  <thread>1</thread>
  <message>End action : delay(1)</message>
  <nestedLevel>1</nestedLevel>
  <escapedJava>false</escapedJava>
</record>
<record>
  <date>2026-07-29T05:36:33.473122200Z</date>
  <millis>1785303393473</millis>
  <nanos>122200</nanos>
  <sequence>384</sequence>
  <level>START</level>
  <class>com.kms.katalon.core.logging.XmlKeywordLogger</class>
  <method>startKeyword</method>
  <thread>1</thread>
  <message>Start action : back()</message>
  <nestedLevel>1</nestedLevel>
  <escapedJava>false</escapedJava>
  <property name="startLine">136</property>
  <property name="stepIndex">49</property>
</record>
<record>
  <date>2026-07-29T05:36:33.531282Z</date>
  <millis>1785303393531</millis>
  <nanos>282000</nanos>
  <sequence>387</sequence>
  <level>PASSED</level>
  <class>com.kms.katalon.core.logging.XmlKeywordLogger</class>
  <method>logMessage</method>
  <thread>1</thread>
  <message>Navigate back successfully</message>
  <nestedLevel>1</nestedLevel>
  <escapedJava>false</escapedJava>
  <property name="testops-method-name">com.kms.katalon.core.webui.keyword.builtin.BackKeyword.back</property>
  <property name="testops-execution-stacktrace"></property>
</record>
<record>
  <date>2026-07-29T05:36:33.531282Z</date>
  <millis>1785303393531</millis>
  <nanos>282000</nanos>
  <sequence>388</sequence>
  <level>END</level>
  <class>com.kms.katalon.core.logging.XmlKeywordLogger</class>
  <method>endKeyword</method>
  <thread>1</thread>
  <message>End action : back()</message>
  <nestedLevel>1</nestedLevel>
  <escapedJava>false</escapedJava>
</record>
<record>
  <date>2026-07-29T05:36:33.532912400Z</date>
  <millis>1785303393532</millis>
  <nanos>912400</nanos>
  <sequence>389</sequence>
  <level>PASSED</level>
  <class>com.kms.katalon.core.logging.XmlKeywordLogger</class>
  <method>logMessage</method>
  <thread>1</thread>
  <message>Test Cases/BRINESIA UI/BRINSCREEN/ScreenBook</message>
  <nestedLevel>1</nestedLevel>
  <escapedJava>false</escapedJava>
</record>
<record>
  <date>2026-07-29T05:36:33.536037200Z</date>
  <millis>1785303393536</millis>
  <nanos>37200</nanos>
  <sequence>390</sequence>
  <level>START</level>
  <class>com.kms.katalon.core.logging.XmlKeywordLogger</class>
  <method>startKeyword</method>
  <thread>1</thread>
  <message>Start listener action : takeScreenshotAfterTestCase</message>
  <nestedLevel>1</nestedLevel>
  <escapedJava>false</escapedJava>
</record>
<record>
  <date>2026-07-29T05:36:33.538908500Z</date>
  <millis>1785303393538</millis>
  <nanos>908500</nanos>
  <sequence>392</sequence>
  <level>START</level>
  <class>com.kms.katalon.core.logging.XmlKeywordLogger</class>
  <method>startKeyword</method>
  <thread>1</thread>
  <message>Start action : timestamp = Date().format(&amp;quot;dd.MM.yyyy_(HH.mm.ss)&amp;quot;)</message>
  <nestedLevel>1</nestedLevel>
  <escapedJava>false</escapedJava>
  <property name="startLine">17</property>
  <property name="stepIndex">1</property>
</record>
<record>
  <date>2026-07-29T05:36:33.540918300Z</date>
  <millis>1785303393540</millis>
  <nanos>918300</nanos>
  <sequence>393</sequence>
  <level>END</level>
  <class>com.kms.katalon.core.logging.XmlKeywordLogger</class>
  <method>endKeyword</method>
  <thread>1</thread>
  <message>End action : timestamp = Date().format(&amp;quot;dd.MM.yyyy_(HH.mm.ss)&amp;quot;)</message>
  <nestedLevel>1</nestedLevel>
  <escapedJava>false</escapedJava>
</record>
<record>
  <date>2026-07-29T05:36:33.540918300Z</date>
  <millis>1785303393540</millis>
  <nanos>918300</nanos>
  <sequence>394</sequence>
  <level>START</level>
  <class>com.kms.katalon.core.logging.XmlKeywordLogger</class>
  <method>startKeyword</method>
  <thread>1</thread>
  <message>Start action : projectDir = getProjectDir()</message>
  <nestedLevel>1</nestedLevel>
  <escapedJava>false</escapedJava>
  <property name="startLine">18</property>
  <property name="stepIndex">2</property>
</record>
<record>
  <date>2026-07-29T05:36:33.541897900Z</date>
  <millis>1785303393541</millis>
  <nanos>897900</nanos>
  <sequence>395</sequence>
  <level>END</level>
  <class>com.kms.katalon.core.logging.XmlKeywordLogger</class>
  <method>endKeyword</method>
  <thread>1</thread>
  <message>End action : projectDir = getProjectDir()</message>
  <nestedLevel>1</nestedLevel>
  <escapedJava>false</escapedJava>
</record>
<record>
  <date>2026-07-29T05:36:33.542895Z</date>
  <millis>1785303393542</millis>
  <nanos>895000</nanos>
  <sequence>396</sequence>
  <level>START</level>
  <class>com.kms.katalon.core.logging.XmlKeywordLogger</class>
  <method>startKeyword</method>
  <thread>1</thread>
  <message>Start action : testCaseName = getTestCaseId().replace(&amp;quot;/&amp;quot;, &amp;quot;_&amp;quot;)</message>
  <nestedLevel>1</nestedLevel>
  <escapedJava>false</escapedJava>
  <property name="startLine">19</property>
  <property name="stepIndex">3</property>
</record>
<record>
  <date>2026-07-29T05:36:33.563584800Z</date>
  <millis>1785303393563</millis>
  <nanos>584800</nanos>
  <sequence>397</sequence>
  <level>END</level>
  <class>com.kms.katalon.core.logging.XmlKeywordLogger</class>
  <method>endKeyword</method>
  <thread>1</thread>
  <message>End action : testCaseName = getTestCaseId().replace(&amp;quot;/&amp;quot;, &amp;quot;_&amp;quot;)</message>
  <nestedLevel>1</nestedLevel>
  <escapedJava>false</escapedJava>
</record>
<record>
  <date>2026-07-29T05:36:33.566081600Z</date>
  <millis>1785303393566</millis>
  <nanos>81600</nanos>
  <sequence>398</sequence>
  <level>START</level>
  <class>com.kms.katalon.core.logging.XmlKeywordLogger</class>
  <method>startKeyword</method>
  <thread>1</thread>
  <message>Start action : status = testCaseContext.getTestCaseStatus()</message>
  <nestedLevel>1</nestedLevel>
  <escapedJava>false</escapedJava>
  <property name="startLine">21</property>
  <property name="stepIndex">4</property>
</record>
<record>
  <date>2026-07-29T05:36:33.567758900Z</date>
  <millis>1785303393567</millis>
  <nanos>758900</nanos>
  <sequence>399</sequence>
  <level>END</level>
  <class>com.kms.katalon.core.logging.XmlKeywordLogger</class>
  <method>endKeyword</method>
  <thread>1</thread>
  <message>End action : status = testCaseContext.getTestCaseStatus()</message>
  <nestedLevel>1</nestedLevel>
  <escapedJava>false</escapedJava>
</record>
<record>
  <date>2026-07-29T05:36:33.568834Z</date>
  <millis>1785303393568</millis>
  <nanos>834000</nanos>
  <sequence>400</sequence>
  <level>START</level>
  <class>com.kms.katalon.core.logging.XmlKeywordLogger</class>
  <method>startKeyword</method>
  <thread>1</thread>
  <message>Start action : fullPath = $projectDir/Screenshots/Evidence_$status_$timestamp.png</message>
  <nestedLevel>1</nestedLevel>
  <escapedJava>false</escapedJava>
  <property name="startLine">25</property>
  <property name="stepIndex">5</property>
</record>
<record>
  <date>2026-07-29T05:36:33.571049300Z</date>
  <millis>1785303393571</millis>
  <nanos>49300</nanos>
  <sequence>401</sequence>
  <level>END</level>
  <class>com.kms.katalon.core.logging.XmlKeywordLogger</class>
  <method>endKeyword</method>
  <thread>1</thread>
  <message>End action : fullPath = $projectDir/Screenshots/Evidence_$status_$timestamp.png</message>
  <nestedLevel>1</nestedLevel>
  <escapedJava>false</escapedJava>
</record>
<record>
  <date>2026-07-29T05:36:33.571049300Z</date>
  <millis>1785303393571</millis>
  <nanos>49300</nanos>
  <sequence>402</sequence>
  <level>START</level>
  <class>com.kms.katalon.core.logging.XmlKeywordLogger</class>
  <method>startKeyword</method>
  <thread>1</thread>
  <message>Start action : takeScreenshot(fullPath)</message>
  <nestedLevel>1</nestedLevel>
  <escapedJava>false</escapedJava>
  <property name="startLine">28</property>
  <property name="stepIndex">6</property>
</record>
<record>
  <date>2026-07-29T05:36:33.898901600Z</date>
  <millis>1785303393898</millis>
  <nanos>901600</nanos>
  <sequence>405</sequence>
  <level>PASSED</level>
  <class>com.kms.katalon.core.logging.XmlKeywordLogger</class>
  <method>logMessage</method>
  <thread>1</thread>
  <message>Taking screenshot successfully</message>
  <nestedLevel>1</nestedLevel>
  <escapedJava>false</escapedJava>
  <property name="attachment">C:/Users/TTECH-0251/git/AutoAPI/Screenshots/Evidence_PASSED_29.07.2026_(12.36.33).png</property>
  <property name="testops-method-name">com.kms.katalon.core.webui.keyword.builtin.TakeScreenshotKeyword.takeScreenshot</property>
  <property name="testops-execution-stacktrace"></property>
</record>
<record>
  <date>2026-07-29T05:36:33.900011600Z</date>
  <millis>1785303393900</millis>
  <nanos>11600</nanos>
  <sequence>406</sequence>
  <level>END</level>
  <class>com.kms.katalon.core.logging.XmlKeywordLogger</class>
  <method>endKeyword</method>
  <thread>1</thread>
  <message>End action : takeScreenshot(fullPath)</message>
  <nestedLevel>1</nestedLevel>
  <escapedJava>false</escapedJava>
</record>
<record>
  <date>2026-07-29T05:36:33.900011600Z</date>
  <millis>1785303393900</millis>
  <nanos>11600</nanos>
  <sequence>407</sequence>
  <level>START</level>
  <class>com.kms.katalon.core.logging.XmlKeywordLogger</class>
  <method>startKeyword</method>
  <thread>1</thread>
  <message>Start action : println(&amp;quot;Screenshot disimpan: &amp;quot; + fullPath)</message>
  <nestedLevel>1</nestedLevel>
  <escapedJava>false</escapedJava>
  <property name="startLine">30</property>
  <property name="stepIndex">7</property>
</record>
<record>
  <date>2026-07-29T05:36:33.904650900Z</date>
  <millis>1785303393904</millis>
  <nanos>650900</nanos>
  <sequence>409</sequence>
  <level>END</level>
  <class>com.kms.katalon.core.logging.XmlKeywordLogger</class>
  <method>endKeyword</method>
  <thread>1</thread>
  <message>End action : println(&amp;quot;Screenshot disimpan: &amp;quot; + fullPath)</message>
  <nestedLevel>1</nestedLevel>
  <escapedJava>false</escapedJava>
</record>
<record>
  <date>2026-07-29T05:36:33.904650900Z</date>
  <millis>1785303393904</millis>
  <nanos>650900</nanos>
  <sequence>410</sequence>
  <level>END</level>
  <class>com.kms.katalon.core.logging.XmlKeywordLogger</class>
  <method>endKeyword</method>
  <thread>1</thread>
  <message>End listener action : takeScreenshotAfterTestCase</message>
  <nestedLevel>1</nestedLevel>
  <escapedJava>false</escapedJava>
</record>
<record>
  <date>2026-07-29T05:36:33.905976100Z</date>
  <millis>1785303393905</millis>
  <nanos>976100</nanos>
  <sequence>411</sequence>
  <level>END</level>
  <class>com.kms.katalon.core.logging.XmlKeywordLogger</class>
  <method>endTest</method>
  <thread>1</thread>
  <message>End Test Case : Test Cases/BRINESIA UI/BRINSCREEN/ScreenBook</message>
  <nestedLevel>0</nestedLevel>
  <escapedJava>false</escapedJava>
  <property name="executionBindingVariables">[]</property>
  <property name="applitools">false</property>
  <property name="executedKeywords">{
  &quot;WebUI.verifyElementPresent&quot;: 4,
  &quot;WebUI.maximizeWindow&quot;: 1,
  &quot;WebUI.getUrl&quot;: 3,
  &quot;WebUI.click&quot;: 10,
  &quot;WebUI.takeScreenshot&quot;: 5,
  &quot;WebUI.verifyTextPresent&quot;: 1,
  &quot;WebUI.openBrowser&quot;: 1,
  &quot;BuiltIn.delay&quot;: 7,
  &quot;WebUI.setText&quot;: 5,
  &quot;WebUI.back&quot;: 4
}</property>
  <property name="keywordsUsage">{
  &quot;web_ui&quot;: true,
  &quot;web_service&quot;: false,
  &quot;cucumber&quot;: false,
  &quot;builtin&quot;: true,
  &quot;mobile&quot;: false,
  &quot;windows&quot;: false,
  &quot;testng&quot;: false
}</property>
</record>
<record>
  <date>2026-07-29T05:36:33.912911500Z</date>
  <millis>1785303393912</millis>
  <nanos>911500</nanos>
  <sequence>412</sequence>
  <level>START</level>
  <class>com.kms.katalon.core.logging.XmlKeywordLogger</class>
  <method>startTest</method>
  <thread>1</thread>
  <message>Start Test Case : Test Cases/BRINESIA UI/BRINSCREEN/Tableau</message>
  <nestedLevel>1</nestedLevel>
  <escapedJava>false</escapedJava>
  <property name="origin"></property>
  <property name="name">Test Cases/BRINESIA UI/BRINSCREEN/Tableau</property>
  <property name="description"></property>
  <property name="iteration"></property>
  <property name="id">Test Cases/BRINESIA UI/BRINSCREEN/Tableau</property>
  <property name="source">C:\Users\TTECH-0251\git\AutoAPI\Test Cases\BRINESIA UI\BRINSCREEN\Tableau.tc</property>
  <property name="tag"></property>
  <property name="isOptional">false</property>
</record>
<record>
  <date>2026-07-29T05:36:34.127027500Z</date>
  <millis>1785303394127</millis>
  <nanos>27500</nanos>
  <sequence>414</sequence>
  <level>START</level>
  <class>com.kms.katalon.core.logging.XmlKeywordLogger</class>
  <method>startKeyword</method>
  <thread>1</thread>
  <message>Start action : projectDir = getProjectDir()</message>
  <nestedLevel>1</nestedLevel>
  <escapedJava>false</escapedJava>
  <property name="startLine">20</property>
  <property name="stepIndex">1</property>
</record>
<record>
  <date>2026-07-29T05:36:34.129465500Z</date>
  <millis>1785303394129</millis>
  <nanos>465500</nanos>
  <sequence>415</sequence>
  <level>END</level>
  <class>com.kms.katalon.core.logging.XmlKeywordLogger</class>
  <method>endKeyword</method>
  <thread>1</thread>
  <message>End action : projectDir = getProjectDir()</message>
  <nestedLevel>1</nestedLevel>
  <escapedJava>false</escapedJava>
</record>
<record>
  <date>2026-07-29T05:36:34.130472Z</date>
  <millis>1785303394130</millis>
  <nanos>472000</nanos>
  <sequence>416</sequence>
  <level>START</level>
  <class>com.kms.katalon.core.logging.XmlKeywordLogger</class>
  <method>startKeyword</method>
  <thread>1</thread>
  <message>Start action : timestamp = Date().format(&amp;quot;dd.MM.yyyy_(HH.mm.ss)&amp;quot;)</message>
  <nestedLevel>1</nestedLevel>
  <escapedJava>false</escapedJava>
  <property name="startLine">22</property>
  <property name="stepIndex">2</property>
</record>
<record>
  <date>2026-07-29T05:36:34.131310700Z</date>
  <millis>1785303394131</millis>
  <nanos>310700</nanos>
  <sequence>417</sequence>
  <level>END</level>
  <class>com.kms.katalon.core.logging.XmlKeywordLogger</class>
  <method>endKeyword</method>
  <thread>1</thread>
  <message>End action : timestamp = Date().format(&amp;quot;dd.MM.yyyy_(HH.mm.ss)&amp;quot;)</message>
  <nestedLevel>1</nestedLevel>
  <escapedJava>false</escapedJava>
</record>
<record>
  <date>2026-07-29T05:36:34.132317700Z</date>
  <millis>1785303394132</millis>
  <nanos>317700</nanos>
  <sequence>418</sequence>
  <level>START</level>
  <class>com.kms.katalon.core.logging.XmlKeywordLogger</class>
  <method>startKeyword</method>
  <thread>1</thread>
  <message>Start action : openBrowser(&amp;quot;https://mis.brins.co.id/#/signin&amp;quot;)</message>
  <nestedLevel>1</nestedLevel>
  <escapedJava>false</escapedJava>
  <property name="startLine">27</property>
  <property name="stepIndex">3</property>
</record>
<record>
  <date>2026-07-29T05:36:34.135306800Z</date>
  <millis>1785303394135</millis>
  <nanos>306800</nanos>
  <sequence>421</sequence>
  <level>WARNING</level>
  <class>com.kms.katalon.core.logging.XmlKeywordLogger</class>
  <method>logMessage</method>
  <thread>1</thread>
  <message>A browser is already opened. Closing browser and opening a new one</message>
  <nestedLevel>1</nestedLevel>
  <escapedJava>false</escapedJava>
</record>
<record>
  <date>2026-07-29T05:36:34.821528500Z</date>
  <millis>1785303394821</millis>
  <nanos>528500</nanos>
  <sequence>422</sequence>
  <level>INFO</level>
  <class>com.kms.katalon.core.logging.XmlKeywordLogger</class>
  <method>logMessage</method>
  <thread>1</thread>
  <message>Starting &amp;apos;Chrome&amp;apos; driver</message>
  <nestedLevel>1</nestedLevel>
  <escapedJava>false</escapedJava>
</record>
<record>
  <date>2026-07-29T05:36:34.822513200Z</date>
  <millis>1785303394822</millis>
  <nanos>513200</nanos>
  <sequence>423</sequence>
  <level>INFO</level>
  <class>com.kms.katalon.core.logging.XmlKeywordLogger</class>
  <method>logMessage</method>
  <thread>1</thread>
  <message>Action delay is set to 0 milliseconds</message>
  <nestedLevel>1</nestedLevel>
  <escapedJava>false</escapedJava>
</record>
<record>
  <date>2026-07-29T05:36:36.277892700Z</date>
  <millis>1785303396277</millis>
  <nanos>892700</nanos>
  <sequence>426</sequence>
  <level>RUN_DATA</level>
  <class>com.kms.katalon.core.logging.XmlKeywordLogger</class>
  <method>logMessage</method>
  <thread>1</thread>
  <message>sessionId = aa705fede746c1123c9c4c53f22c90ba</message>
  <nestedLevel>1</nestedLevel>
  <escapedJava>false</escapedJava>
  <property name="sessionId">aa705fede746c1123c9c4c53f22c90ba</property>
</record>
<record>
  <date>2026-07-29T05:36:36.279067100Z</date>
  <millis>1785303396279</millis>
  <nanos>67100</nanos>
  <sequence>427</sequence>
  <level>RUN_DATA</level>
  <class>com.kms.katalon.core.logging.XmlKeywordLogger</class>
  <method>logMessage</method>
  <thread>1</thread>
  <message>browser = Chrome 150.0.7871.187</message>
  <nestedLevel>1</nestedLevel>
  <escapedJava>false</escapedJava>
  <property name="browser">Chrome 150.0.7871.187</property>
</record>
<record>
  <date>2026-07-29T05:36:36.280737900Z</date>
  <millis>1785303396280</millis>
  <nanos>737900</nanos>
  <sequence>428</sequence>
  <level>RUN_DATA</level>
  <class>com.kms.katalon.core.logging.XmlKeywordLogger</class>
  <method>logMessage</method>
  <thread>1</thread>
  <message>platform = Windows 10</message>
  <nestedLevel>1</nestedLevel>
  <escapedJava>false</escapedJava>
  <property name="platform">Windows 10</property>
</record>
<record>
  <date>2026-07-29T05:36:36.281432800Z</date>
  <millis>1785303396281</millis>
  <nanos>432800</nanos>
  <sequence>429</sequence>
  <level>RUN_DATA</level>
  <class>com.kms.katalon.core.logging.XmlKeywordLogger</class>
  <method>logMessage</method>
  <thread>1</thread>
  <message>seleniumVersion = 4.34.0</message>
  <nestedLevel>1</nestedLevel>
  <escapedJava>false</escapedJava>
  <property name="seleniumVersion">4.34.0</property>
</record>
<record>
  <date>2026-07-29T05:36:36.282480100Z</date>
  <millis>1785303396282</millis>
  <nanos>480100</nanos>
  <sequence>430</sequence>
  <level>RUN_DATA</level>
  <class>com.kms.katalon.core.logging.XmlKeywordLogger</class>
  <method>logMessage</method>
  <thread>1</thread>
  <message>proxyInformation = ProxyInformation { proxyOption=NO_PROXY, proxyServerType=HTTP, username=, password=********, proxyServerAddress=, proxyServerPort=0, executionList=&amp;quot;&amp;quot;, isApplyToDesiredCapabilities=true }</message>
  <nestedLevel>1</nestedLevel>
  <escapedJava>false</escapedJava>
  <property name="proxyInformation">ProxyInformation { proxyOption=NO_PROXY, proxyServerType=HTTP, username=, password=********, proxyServerAddress=, proxyServerPort=0, executionList=&quot;&quot;, isApplyToDesiredCapabilities=true }</property>
</record>
<record>
  <date>2026-07-29T05:36:39.479020900Z</date>
  <millis>1785303399479</millis>
  <nanos>20900</nanos>
  <sequence>432</sequence>
  <level>PASSED</level>
  <class>com.kms.katalon.core.logging.XmlKeywordLogger</class>
  <method>logMessage</method>
  <thread>1</thread>
  <message>Browser is opened with url: &amp;apos;https://mis.brins.co.id/#/signin&amp;apos;</message>
  <nestedLevel>1</nestedLevel>
  <escapedJava>false</escapedJava>
  <property name="testops-method-name">com.kms.katalon.core.webui.keyword.builtin.OpenBrowserKeyword.openBrowser</property>
  <property name="testops-execution-stacktrace"></property>
</record>
<record>
  <date>2026-07-29T05:36:39.483898900Z</date>
  <millis>1785303399483</millis>
  <nanos>898900</nanos>
  <sequence>433</sequence>
  <level>END</level>
  <class>com.kms.katalon.core.logging.XmlKeywordLogger</class>
  <method>endKeyword</method>
  <thread>1</thread>
  <message>End action : openBrowser(&amp;quot;https://mis.brins.co.id/#/signin&amp;quot;)</message>
  <nestedLevel>1</nestedLevel>
  <escapedJava>false</escapedJava>
</record>
<record>
  <date>2026-07-29T05:36:39.484393900Z</date>
  <millis>1785303399484</millis>
  <nanos>393900</nanos>
  <sequence>434</sequence>
  <level>START</level>
  <class>com.kms.katalon.core.logging.XmlKeywordLogger</class>
  <method>startKeyword</method>
  <thread>1</thread>
  <message>Start action : maximizeWindow()</message>
  <nestedLevel>1</nestedLevel>
  <escapedJava>false</escapedJava>
  <property name="startLine">29</property>
  <property name="stepIndex">4</property>
</record>
<record>
  <date>2026-07-29T05:36:39.607867200Z</date>
  <millis>1785303399607</millis>
  <nanos>867200</nanos>
  <sequence>437</sequence>
  <level>PASSED</level>
  <class>com.kms.katalon.core.logging.XmlKeywordLogger</class>
  <method>logMessage</method>
  <thread>1</thread>
  <message>Current window maximized</message>
  <nestedLevel>1</nestedLevel>
  <escapedJava>false</escapedJava>
  <property name="testops-method-name">com.kms.katalon.core.webui.keyword.builtin.MaximizeWindowKeyword.maximizeWindow</property>
  <property name="testops-execution-stacktrace"></property>
</record>
<record>
  <date>2026-07-29T05:36:39.610318500Z</date>
  <millis>1785303399610</millis>
  <nanos>318500</nanos>
  <sequence>438</sequence>
  <level>END</level>
  <class>com.kms.katalon.core.logging.XmlKeywordLogger</class>
  <method>endKeyword</method>
  <thread>1</thread>
  <message>End action : maximizeWindow()</message>
  <nestedLevel>1</nestedLevel>
  <escapedJava>false</escapedJava>
</record>
<record>
  <date>2026-07-29T05:36:39.610318500Z</date>
  <millis>1785303399610</millis>
  <nanos>318500</nanos>
  <sequence>439</sequence>
  <level>START</level>
  <class>com.kms.katalon.core.logging.XmlKeywordLogger</class>
  <method>startKeyword</method>
  <thread>1</thread>
  <message>Start action : setText(findTestObject(&amp;quot;BRINESIA UI/Tableau/Login/username&amp;quot;), &amp;quot;test&amp;quot;)</message>
  <nestedLevel>1</nestedLevel>
  <escapedJava>false</escapedJava>
  <property name="startLine">31</property>
  <property name="stepIndex">5</property>
</record>
<record>
  <date>2026-07-29T05:36:41.661082200Z</date>
  <millis>1785303401661</millis>
  <nanos>82200</nanos>
  <sequence>453</sequence>
  <level>PASSED</level>
  <class>com.kms.katalon.core.logging.XmlKeywordLogger</class>
  <method>logMessage</method>
  <thread>1</thread>
  <message>Text &amp;apos;test&amp;apos; is set on object &amp;apos;Object Repository/BRINESIA UI/Tableau/Login/username&amp;apos;</message>
  <nestedLevel>1</nestedLevel>
  <escapedJava>false</escapedJava>
  <property name="testops-method-name">com.kms.katalon.core.webui.keyword.internal.WebUIKeywordMain.runKeywordUntilTimeout</property>
  <property name="testops-execution-stacktrace">com.kms.katalon.core.logging.KeywordLogger.logPassed(KeywordLogger.java:332)
com.kms.katalon.core.logging.KeywordLogger.logPassed(KeywordLogger.java:327)
com.kms.katalon.core.webui.keyword.builtin.SetTextKeyword$_setText_closure1.doCall(SetTextKeyword.groovy:99)
java.base/jdk.internal.reflect.NativeMethodAccessorImpl.invoke0(Native Method)
java.base/jdk.internal.reflect.NativeMethodAccessorImpl.invoke(NativeMethodAccessorImpl.java:77)
java.base/jdk.internal.reflect.DelegatingMethodAccessorImpl.invoke(DelegatingMethodAccessorImpl.java:43)
jdk.proxy2/jdk.proxy2.$Proxy50.execute(Unknown Source)
com.kms.katalon.core.webui.model.SeleniumActionRetryController.performAction(SeleniumActionRetryController.java:96)
com.kms.katalon.core.webui.model.SeleniumActionRetryController.performAction(SeleniumActionRetryController.java:83)
com.kms.katalon.core.webui.keyword.internal.WebUIKeywordMain$_runKeywordUntilTimeout_closure1.doCall(WebUIKeywordMain.groovy:135)
com.kms.katalon.core.webui.keyword.internal.WebUIKeywordMain$_runKeywordUntilTimeout_closure1.call(WebUIKeywordMain.groovy)
com.kms.katalon.core.webui.keyword.internal.WebUIKeywordMain.runKeyword(WebUIKeywordMain.groovy:41)
com.kms.katalon.core.webui.keyword.internal.WebUIKeywordMain.runKeywordUntilTimeout(WebUIKeywordMain.groovy:133)
com.kms.katalon.core.webui.keyword.builtin.SetTextKeyword.setText(SetTextKeyword.groovy:106)
com.kms.katalon.core.webui.keyword.builtin.SetTextKeyword.execute(SetTextKeyword.groovy:49)
com.kms.katalon.core.keyword.internal.KeywordExecutor.executeKeywordForPlatform(KeywordExecutor.groovy:90)
com.kms.katalon.core.webui.keyword.WebUiBuiltInKeywords.setText(WebUiBuiltInKeywords.groovy:1081)
Tableau.run(Tableau:31)
</property>
</record>
<record>
  <date>2026-07-29T05:36:41.663558800Z</date>
  <millis>1785303401663</millis>
  <nanos>558800</nanos>
  <sequence>454</sequence>
  <level>END</level>
  <class>com.kms.katalon.core.logging.XmlKeywordLogger</class>
  <method>endKeyword</method>
  <thread>1</thread>
  <message>End action : setText(findTestObject(&amp;quot;BRINESIA UI/Tableau/Login/username&amp;quot;), &amp;quot;test&amp;quot;)</message>
  <nestedLevel>1</nestedLevel>
  <escapedJava>false</escapedJava>
</record>
<record>
  <date>2026-07-29T05:36:41.665040500Z</date>
  <millis>1785303401665</millis>
  <nanos>40500</nanos>
  <sequence>455</sequence>
  <level>START</level>
  <class>com.kms.katalon.core.logging.XmlKeywordLogger</class>
  <method>startKeyword</method>
  <thread>1</thread>
  <message>Start action : setText(findTestObject(&amp;quot;BRINESIA UI/Tableau/Login/password&amp;quot;), &amp;quot;passwordSalah&amp;quot;)</message>
  <nestedLevel>1</nestedLevel>
  <escapedJava>false</escapedJava>
  <property name="startLine">33</property>
  <property name="stepIndex">6</property>
</record>
<record>
  <date>2026-07-29T05:36:42.883802100Z</date>
  <millis>1785303402883</millis>
  <nanos>802100</nanos>
  <sequence>469</sequence>
  <level>PASSED</level>
  <class>com.kms.katalon.core.logging.XmlKeywordLogger</class>
  <method>logMessage</method>
  <thread>1</thread>
  <message>Text &amp;apos;passwordSalah&amp;apos; is set on object &amp;apos;Object Repository/BRINESIA UI/Tableau/Login/password&amp;apos;</message>
  <nestedLevel>1</nestedLevel>
  <escapedJava>false</escapedJava>
  <property name="testops-method-name">com.kms.katalon.core.webui.keyword.internal.WebUIKeywordMain.runKeywordUntilTimeout</property>
  <property name="testops-execution-stacktrace">com.kms.katalon.core.logging.KeywordLogger.logPassed(KeywordLogger.java:332)
com.kms.katalon.core.logging.KeywordLogger.logPassed(KeywordLogger.java:327)
com.kms.katalon.core.webui.keyword.builtin.SetTextKeyword$_setText_closure1.doCall(SetTextKeyword.groovy:99)
java.base/jdk.internal.reflect.NativeMethodAccessorImpl.invoke0(Native Method)
java.base/jdk.internal.reflect.NativeMethodAccessorImpl.invoke(NativeMethodAccessorImpl.java:77)
java.base/jdk.internal.reflect.DelegatingMethodAccessorImpl.invoke(DelegatingMethodAccessorImpl.java:43)
jdk.proxy2/jdk.proxy2.$Proxy50.execute(Unknown Source)
com.kms.katalon.core.webui.model.SeleniumActionRetryController.performAction(SeleniumActionRetryController.java:96)
com.kms.katalon.core.webui.model.SeleniumActionRetryController.performAction(SeleniumActionRetryController.java:83)
com.kms.katalon.core.webui.keyword.internal.WebUIKeywordMain$_runKeywordUntilTimeout_closure1.doCall(WebUIKeywordMain.groovy:135)
com.kms.katalon.core.webui.keyword.internal.WebUIKeywordMain$_runKeywordUntilTimeout_closure1.call(WebUIKeywordMain.groovy)
com.kms.katalon.core.webui.keyword.internal.WebUIKeywordMain.runKeyword(WebUIKeywordMain.groovy:41)
com.kms.katalon.core.webui.keyword.internal.WebUIKeywordMain.runKeywordUntilTimeout(WebUIKeywordMain.groovy:133)
com.kms.katalon.core.webui.keyword.builtin.SetTextKeyword.setText(SetTextKeyword.groovy:106)
com.kms.katalon.core.webui.keyword.builtin.SetTextKeyword.execute(SetTextKeyword.groovy:49)
com.kms.katalon.core.keyword.internal.KeywordExecutor.executeKeywordForPlatform(KeywordExecutor.groovy:90)
com.kms.katalon.core.webui.keyword.WebUiBuiltInKeywords.setText(WebUiBuiltInKeywords.groovy:1081)
Tableau.run(Tableau:33)
</property>
</record>
<record>
  <date>2026-07-29T05:36:42.884843600Z</date>
  <millis>1785303402884</millis>
  <nanos>843600</nanos>
  <sequence>470</sequence>
  <level>END</level>
  <class>com.kms.katalon.core.logging.XmlKeywordLogger</class>
  <method>endKeyword</method>
  <thread>1</thread>
  <message>End action : setText(findTestObject(&amp;quot;BRINESIA UI/Tableau/Login/password&amp;quot;), &amp;quot;passwordSalah&amp;quot;)</message>
  <nestedLevel>1</nestedLevel>
  <escapedJava>false</escapedJava>
</record>
<record>
  <date>2026-07-29T05:36:42.885913300Z</date>
  <millis>1785303402885</millis>
  <nanos>913300</nanos>
  <sequence>471</sequence>
  <level>START</level>
  <class>com.kms.katalon.core.logging.XmlKeywordLogger</class>
  <method>startKeyword</method>
  <thread>1</thread>
  <message>Start action : click(findTestObject(&amp;quot;BRINESIA UI/Tableau/Login/btnSign&amp;quot;))</message>
  <nestedLevel>1</nestedLevel>
  <escapedJava>false</escapedJava>
  <property name="startLine">35</property>
  <property name="stepIndex">7</property>
</record>
<record>
  <date>2026-07-29T05:36:43.588291600Z</date>
  <millis>1785303403588</millis>
  <nanos>291600</nanos>
  <sequence>482</sequence>
  <level>PASSED</level>
  <class>com.kms.katalon.core.logging.XmlKeywordLogger</class>
  <method>logMessage</method>
  <thread>1</thread>
  <message>Object: &amp;apos;Object Repository/BRINESIA UI/Tableau/Login/btnSign&amp;apos; is clicked on</message>
  <nestedLevel>1</nestedLevel>
  <escapedJava>false</escapedJava>
  <property name="testops-method-name">com.kms.katalon.core.webui.keyword.internal.WebUIKeywordMain.runKeywordUntilTimeout</property>
  <property name="testops-execution-stacktrace">com.kms.katalon.core.logging.KeywordLogger.logPassed(KeywordLogger.java:332)
com.kms.katalon.core.logging.KeywordLogger.logPassed(KeywordLogger.java:327)
com.kms.katalon.core.webui.keyword.builtin.ClickKeyword$_click_closure1.doCall(ClickKeyword.groovy:66)
java.base/jdk.internal.reflect.NativeMethodAccessorImpl.invoke0(Native Method)
java.base/jdk.internal.reflect.NativeMethodAccessorImpl.invoke(NativeMethodAccessorImpl.java:77)
java.base/jdk.internal.reflect.DelegatingMethodAccessorImpl.invoke(DelegatingMethodAccessorImpl.java:43)
jdk.proxy2/jdk.proxy2.$Proxy50.execute(Unknown Source)
com.kms.katalon.core.webui.model.SeleniumActionRetryController.performAction(SeleniumActionRetryController.java:96)
com.kms.katalon.core.webui.model.SeleniumActionRetryController.performAction(SeleniumActionRetryController.java:83)
com.kms.katalon.core.webui.keyword.internal.WebUIKeywordMain$_runKeywordUntilTimeout_closure1.doCall(WebUIKeywordMain.groovy:135)
com.kms.katalon.core.webui.keyword.internal.WebUIKeywordMain$_runKeywordUntilTimeout_closure1.call(WebUIKeywordMain.groovy)
com.kms.katalon.core.webui.keyword.internal.WebUIKeywordMain.runKeyword(WebUIKeywordMain.groovy:41)
com.kms.katalon.core.webui.keyword.internal.WebUIKeywordMain.runKeywordUntilTimeout(WebUIKeywordMain.groovy:133)
com.kms.katalon.core.webui.keyword.builtin.ClickKeyword.click(ClickKeyword.groovy:72)
com.kms.katalon.core.webui.keyword.builtin.ClickKeyword.execute(ClickKeyword.groovy:38)
com.kms.katalon.core.keyword.internal.KeywordExecutor.executeKeywordForPlatform(KeywordExecutor.groovy:90)
com.kms.katalon.core.webui.keyword.WebUiBuiltInKeywords.click(WebUiBuiltInKeywords.groovy:721)
Tableau.run(Tableau:35)
</property>
</record>
<record>
  <date>2026-07-29T05:36:43.589391300Z</date>
  <millis>1785303403589</millis>
  <nanos>391300</nanos>
  <sequence>483</sequence>
  <level>END</level>
  <class>com.kms.katalon.core.logging.XmlKeywordLogger</class>
  <method>endKeyword</method>
  <thread>1</thread>
  <message>End action : click(findTestObject(&amp;quot;BRINESIA UI/Tableau/Login/btnSign&amp;quot;))</message>
  <nestedLevel>1</nestedLevel>
  <escapedJava>false</escapedJava>
</record>
<record>
  <date>2026-07-29T05:36:43.589981400Z</date>
  <millis>1785303403589</millis>
  <nanos>981400</nanos>
  <sequence>484</sequence>
  <level>START</level>
  <class>com.kms.katalon.core.logging.XmlKeywordLogger</class>
  <method>startKeyword</method>
  <thread>1</thread>
  <message>Start action : delay(2)</message>
  <nestedLevel>1</nestedLevel>
  <escapedJava>false</escapedJava>
  <property name="startLine">37</property>
  <property name="stepIndex">8</property>
</record>
<record>
  <date>2026-07-29T05:36:45.599770200Z</date>
  <millis>1785303405599</millis>
  <nanos>770200</nanos>
  <sequence>487</sequence>
  <level>PASSED</level>
  <class>com.kms.katalon.core.logging.XmlKeywordLogger</class>
  <method>logMessage</method>
  <thread>1</thread>
  <message>Delayed 2 second(s)</message>
  <nestedLevel>1</nestedLevel>
  <escapedJava>false</escapedJava>
  <property name="testops-method-name">com.kms.katalon.core.keyword.builtin.DelayKeyword.delay</property>
  <property name="testops-execution-stacktrace"></property>
</record>
<record>
  <date>2026-07-29T05:36:45.601039200Z</date>
  <millis>1785303405601</millis>
  <nanos>39200</nanos>
  <sequence>488</sequence>
  <level>END</level>
  <class>com.kms.katalon.core.logging.XmlKeywordLogger</class>
  <method>endKeyword</method>
  <thread>1</thread>
  <message>End action : delay(2)</message>
  <nestedLevel>1</nestedLevel>
  <escapedJava>false</escapedJava>
</record>
<record>
  <date>2026-07-29T05:36:45.601039200Z</date>
  <millis>1785303405601</millis>
  <nanos>39200</nanos>
  <sequence>489</sequence>
  <level>START</level>
  <class>com.kms.katalon.core.logging.XmlKeywordLogger</class>
  <method>startKeyword</method>
  <thread>1</thread>
  <message>Start action : loginFailed = verifyTextPresent(&amp;quot;Invalid username or password&amp;quot;, false, OPTIONAL)</message>
  <nestedLevel>1</nestedLevel>
  <escapedJava>false</escapedJava>
  <property name="startLine">40</property>
  <property name="stepIndex">9</property>
</record>
<record>
  <date>2026-07-29T05:36:45.935507500Z</date>
  <millis>1785303405935</millis>
  <nanos>507500</nanos>
  <sequence>493</sequence>
  <level>PASSED</level>
  <class>com.kms.katalon.core.logging.XmlKeywordLogger</class>
  <method>logMessage</method>
  <thread>1</thread>
  <message>Text &amp;apos;Invalid username or password&amp;apos; is present on page </message>
  <nestedLevel>1</nestedLevel>
  <escapedJava>false</escapedJava>
  <property name="testops-is-assertion">true</property>
  <property name="testops-method-name">com.kms.katalon.core.webui.keyword.builtin.VerifyTextPresentKeyword.verifyTextPresent</property>
  <property name="testops-execution-stacktrace"></property>
</record>
<record>
  <date>2026-07-29T05:36:45.936555800Z</date>
  <millis>1785303405936</millis>
  <nanos>555800</nanos>
  <sequence>494</sequence>
  <level>END</level>
  <class>com.kms.katalon.core.logging.XmlKeywordLogger</class>
  <method>endKeyword</method>
  <thread>1</thread>
  <message>End action : loginFailed = verifyTextPresent(&amp;quot;Invalid username or password&amp;quot;, false, OPTIONAL)</message>
  <nestedLevel>1</nestedLevel>
  <escapedJava>false</escapedJava>
</record>
<record>
  <date>2026-07-29T05:36:45.937492700Z</date>
  <millis>1785303405937</millis>
  <nanos>492700</nanos>
  <sequence>495</sequence>
  <level>START</level>
  <class>com.kms.katalon.core.logging.XmlKeywordLogger</class>
  <method>startKeyword</method>
  <thread>1</thread>
  <message>Start action : if (loginFailed)</message>
  <nestedLevel>1</nestedLevel>
  <escapedJava>false</escapedJava>
  <property name="startLine">42</property>
  <property name="stepIndex">10</property>
</record>
<record>
  <date>2026-07-29T05:36:45.938521900Z</date>
  <millis>1785303405938</millis>
  <nanos>521900</nanos>
  <sequence>496</sequence>
  <level>START</level>
  <class>com.kms.katalon.core.logging.XmlKeywordLogger</class>
  <method>startKeyword</method>
  <thread>1</thread>
  <message>Start action : screenshotPathFailed = $projectDir/Screenshots/Evidence_NEGATIVE_Login Gagal_$timestamp.png</message>
  <nestedLevel>2</nestedLevel>
  <escapedJava>false</escapedJava>
  <property name="startLine">43</property>
  <property name="stepIndex">1</property>
</record>
<record>
  <date>2026-07-29T05:36:45.939783800Z</date>
  <millis>1785303405939</millis>
  <nanos>783800</nanos>
  <sequence>497</sequence>
  <level>END</level>
  <class>com.kms.katalon.core.logging.XmlKeywordLogger</class>
  <method>endKeyword</method>
  <thread>1</thread>
  <message>End action : screenshotPathFailed = $projectDir/Screenshots/Evidence_NEGATIVE_Login Gagal_$timestamp.png</message>
  <nestedLevel>2</nestedLevel>
  <escapedJava>false</escapedJava>
</record>
<record>
  <date>2026-07-29T05:36:45.939783800Z</date>
  <millis>1785303405939</millis>
  <nanos>783800</nanos>
  <sequence>498</sequence>
  <level>START</level>
  <class>com.kms.katalon.core.logging.XmlKeywordLogger</class>
  <method>startKeyword</method>
  <thread>1</thread>
  <message>Start action : takeScreenshot(screenshotPathFailed)</message>
  <nestedLevel>2</nestedLevel>
  <escapedJava>false</escapedJava>
  <property name="startLine">45</property>
  <property name="stepIndex">2</property>
</record>
<record>
  <date>2026-07-29T05:36:46.348367200Z</date>
  <millis>1785303406348</millis>
  <nanos>367200</nanos>
  <sequence>501</sequence>
  <level>PASSED</level>
  <class>com.kms.katalon.core.logging.XmlKeywordLogger</class>
  <method>logMessage</method>
  <thread>1</thread>
  <message>Taking screenshot successfully</message>
  <nestedLevel>1</nestedLevel>
  <escapedJava>false</escapedJava>
  <property name="attachment">C:/Users/TTECH-0251/git/AutoAPI/Screenshots/Evidence_NEGATIVE_Login Gagal_29.07.2026_(12.36.34).png</property>
  <property name="testops-method-name">com.kms.katalon.core.webui.keyword.builtin.TakeScreenshotKeyword.takeScreenshot</property>
  <property name="testops-execution-stacktrace"></property>
</record>
<record>
  <date>2026-07-29T05:36:46.350220900Z</date>
  <millis>1785303406350</millis>
  <nanos>220900</nanos>
  <sequence>502</sequence>
  <level>END</level>
  <class>com.kms.katalon.core.logging.XmlKeywordLogger</class>
  <method>endKeyword</method>
  <thread>1</thread>
  <message>End action : takeScreenshot(screenshotPathFailed)</message>
  <nestedLevel>2</nestedLevel>
  <escapedJava>false</escapedJava>
</record>
<record>
  <date>2026-07-29T05:36:46.351670100Z</date>
  <millis>1785303406351</millis>
  <nanos>670100</nanos>
  <sequence>503</sequence>
  <level>START</level>
  <class>com.kms.katalon.core.logging.XmlKeywordLogger</class>
  <method>startKeyword</method>
  <thread>1</thread>
  <message>Start action : println(&amp;quot;Negative login berhasil divalidasi&amp;quot;)</message>
  <nestedLevel>2</nestedLevel>
  <escapedJava>false</escapedJava>
  <property name="startLine">47</property>
  <property name="stepIndex">3</property>
</record>
<record>
  <date>2026-07-29T05:36:46.352666400Z</date>
  <millis>1785303406352</millis>
  <nanos>666400</nanos>
  <sequence>504</sequence>
  <level>END</level>
  <class>com.kms.katalon.core.logging.XmlKeywordLogger</class>
  <method>endKeyword</method>
  <thread>1</thread>
  <message>End action : println(&amp;quot;Negative login berhasil divalidasi&amp;quot;)</message>
  <nestedLevel>2</nestedLevel>
  <escapedJava>false</escapedJava>
</record>
<record>
  <date>2026-07-29T05:36:46.352666400Z</date>
  <millis>1785303406352</millis>
  <nanos>666400</nanos>
  <sequence>505</sequence>
  <level>END</level>
  <class>com.kms.katalon.core.logging.XmlKeywordLogger</class>
  <method>endKeyword</method>
  <thread>1</thread>
  <message>End action : if (loginFailed)</message>
  <nestedLevel>1</nestedLevel>
  <escapedJava>false</escapedJava>
</record>
<record>
  <date>2026-07-29T05:36:46.353663300Z</date>
  <millis>1785303406353</millis>
  <nanos>663300</nanos>
  <sequence>506</sequence>
  <level>START</level>
  <class>com.kms.katalon.core.logging.XmlKeywordLogger</class>
  <method>startKeyword</method>
  <thread>1</thread>
  <message>Start action : refresh()</message>
  <nestedLevel>1</nestedLevel>
  <escapedJava>false</escapedJava>
  <property name="startLine">52</property>
  <property name="stepIndex">12</property>
</record>
<record>
  <date>2026-07-29T05:36:46.972593700Z</date>
  <millis>1785303406972</millis>
  <nanos>593700</nanos>
  <sequence>509</sequence>
  <level>PASSED</level>
  <class>com.kms.katalon.core.logging.XmlKeywordLogger</class>
  <method>logMessage</method>
  <thread>1</thread>
  <message>Refresh successfully</message>
  <nestedLevel>1</nestedLevel>
  <escapedJava>false</escapedJava>
  <property name="testops-method-name">com.kms.katalon.core.webui.keyword.builtin.RefreshKeyword.refresh</property>
  <property name="testops-execution-stacktrace"></property>
</record>
<record>
  <date>2026-07-29T05:36:46.973591700Z</date>
  <millis>1785303406973</millis>
  <nanos>591700</nanos>
  <sequence>510</sequence>
  <level>END</level>
  <class>com.kms.katalon.core.logging.XmlKeywordLogger</class>
  <method>endKeyword</method>
  <thread>1</thread>
  <message>End action : refresh()</message>
  <nestedLevel>1</nestedLevel>
  <escapedJava>false</escapedJava>
</record>
<record>
  <date>2026-07-29T05:36:46.973591700Z</date>
  <millis>1785303406973</millis>
  <nanos>591700</nanos>
  <sequence>511</sequence>
  <level>START</level>
  <class>com.kms.katalon.core.logging.XmlKeywordLogger</class>
  <method>startKeyword</method>
  <thread>1</thread>
  <message>Start action : delay(2)</message>
  <nestedLevel>1</nestedLevel>
  <escapedJava>false</escapedJava>
  <property name="startLine">54</property>
  <property name="stepIndex">13</property>
</record>
<record>
  <date>2026-07-29T05:36:48.989476900Z</date>
  <millis>1785303408989</millis>
  <nanos>476900</nanos>
  <sequence>514</sequence>
  <level>PASSED</level>
  <class>com.kms.katalon.core.logging.XmlKeywordLogger</class>
  <method>logMessage</method>
  <thread>1</thread>
  <message>Delayed 2 second(s)</message>
  <nestedLevel>1</nestedLevel>
  <escapedJava>false</escapedJava>
  <property name="testops-method-name">com.kms.katalon.core.keyword.builtin.DelayKeyword.delay</property>
  <property name="testops-execution-stacktrace"></property>
</record>
<record>
  <date>2026-07-29T05:36:48.990627700Z</date>
  <millis>1785303408990</millis>
  <nanos>627700</nanos>
  <sequence>515</sequence>
  <level>END</level>
  <class>com.kms.katalon.core.logging.XmlKeywordLogger</class>
  <method>endKeyword</method>
  <thread>1</thread>
  <message>End action : delay(2)</message>
  <nestedLevel>1</nestedLevel>
  <escapedJava>false</escapedJava>
</record>
<record>
  <date>2026-07-29T05:36:48.990627700Z</date>
  <millis>1785303408990</millis>
  <nanos>627700</nanos>
  <sequence>516</sequence>
  <level>START</level>
  <class>com.kms.katalon.core.logging.XmlKeywordLogger</class>
  <method>startKeyword</method>
  <thread>1</thread>
  <message>Start action : setText(findTestObject(&amp;quot;BRINESIA UI/Tableau/Login/username&amp;quot;), &amp;quot;administrator&amp;quot;)</message>
  <nestedLevel>1</nestedLevel>
  <escapedJava>false</escapedJava>
  <property name="startLine">56</property>
  <property name="stepIndex">14</property>
</record>
<record>
  <date>2026-07-29T05:36:49.958761100Z</date>
  <millis>1785303409958</millis>
  <nanos>761100</nanos>
  <sequence>530</sequence>
  <level>PASSED</level>
  <class>com.kms.katalon.core.logging.XmlKeywordLogger</class>
  <method>logMessage</method>
  <thread>1</thread>
  <message>Text &amp;apos;administrator&amp;apos; is set on object &amp;apos;Object Repository/BRINESIA UI/Tableau/Login/username&amp;apos;</message>
  <nestedLevel>1</nestedLevel>
  <escapedJava>false</escapedJava>
  <property name="testops-method-name">com.kms.katalon.core.webui.keyword.internal.WebUIKeywordMain.runKeywordUntilTimeout</property>
  <property name="testops-execution-stacktrace">com.kms.katalon.core.logging.KeywordLogger.logPassed(KeywordLogger.java:332)
com.kms.katalon.core.logging.KeywordLogger.logPassed(KeywordLogger.java:327)
com.kms.katalon.core.webui.keyword.builtin.SetTextKeyword$_setText_closure1.doCall(SetTextKeyword.groovy:99)
java.base/jdk.internal.reflect.NativeMethodAccessorImpl.invoke0(Native Method)
java.base/jdk.internal.reflect.NativeMethodAccessorImpl.invoke(NativeMethodAccessorImpl.java:77)
java.base/jdk.internal.reflect.DelegatingMethodAccessorImpl.invoke(DelegatingMethodAccessorImpl.java:43)
jdk.proxy2/jdk.proxy2.$Proxy50.execute(Unknown Source)
com.kms.katalon.core.webui.model.SeleniumActionRetryController.performAction(SeleniumActionRetryController.java:96)
com.kms.katalon.core.webui.model.SeleniumActionRetryController.performAction(SeleniumActionRetryController.java:83)
com.kms.katalon.core.webui.keyword.internal.WebUIKeywordMain$_runKeywordUntilTimeout_closure1.doCall(WebUIKeywordMain.groovy:135)
com.kms.katalon.core.webui.keyword.internal.WebUIKeywordMain$_runKeywordUntilTimeout_closure1.call(WebUIKeywordMain.groovy)
com.kms.katalon.core.webui.keyword.internal.WebUIKeywordMain.runKeyword(WebUIKeywordMain.groovy:41)
com.kms.katalon.core.webui.keyword.internal.WebUIKeywordMain.runKeywordUntilTimeout(WebUIKeywordMain.groovy:133)
com.kms.katalon.core.webui.keyword.builtin.SetTextKeyword.setText(SetTextKeyword.groovy:106)
com.kms.katalon.core.webui.keyword.builtin.SetTextKeyword.execute(SetTextKeyword.groovy:49)
com.kms.katalon.core.keyword.internal.KeywordExecutor.executeKeywordForPlatform(KeywordExecutor.groovy:90)
com.kms.katalon.core.webui.keyword.WebUiBuiltInKeywords.setText(WebUiBuiltInKeywords.groovy:1081)
Tableau.run(Tableau:56)
</property>
</record>
<record>
  <date>2026-07-29T05:36:49.961233600Z</date>
  <millis>1785303409961</millis>
  <nanos>233600</nanos>
  <sequence>531</sequence>
  <level>END</level>
  <class>com.kms.katalon.core.logging.XmlKeywordLogger</class>
  <method>endKeyword</method>
  <thread>1</thread>
  <message>End action : setText(findTestObject(&amp;quot;BRINESIA UI/Tableau/Login/username&amp;quot;), &amp;quot;administrator&amp;quot;)</message>
  <nestedLevel>1</nestedLevel>
  <escapedJava>false</escapedJava>
</record>
<record>
  <date>2026-07-29T05:36:49.961233600Z</date>
  <millis>1785303409961</millis>
  <nanos>233600</nanos>
  <sequence>532</sequence>
  <level>START</level>
  <class>com.kms.katalon.core.logging.XmlKeywordLogger</class>
  <method>startKeyword</method>
  <thread>1</thread>
  <message>Start action : setText(findTestObject(&amp;quot;BRINESIA UI/Tableau/Login/password&amp;quot;), &amp;quot;Tsi_Brins2020&amp;quot;)</message>
  <nestedLevel>1</nestedLevel>
  <escapedJava>false</escapedJava>
  <property name="startLine">59</property>
  <property name="stepIndex">15</property>
</record>
<record>
  <date>2026-07-29T05:36:51.861804200Z</date>
  <millis>1785303411861</millis>
  <nanos>804200</nanos>
  <sequence>546</sequence>
  <level>PASSED</level>
  <class>com.kms.katalon.core.logging.XmlKeywordLogger</class>
  <method>logMessage</method>
  <thread>1</thread>
  <message>Text &amp;apos;Tsi_Brins2020&amp;apos; is set on object &amp;apos;Object Repository/BRINESIA UI/Tableau/Login/password&amp;apos;</message>
  <nestedLevel>1</nestedLevel>
  <escapedJava>false</escapedJava>
  <property name="testops-method-name">com.kms.katalon.core.webui.keyword.internal.WebUIKeywordMain.runKeywordUntilTimeout</property>
  <property name="testops-execution-stacktrace">com.kms.katalon.core.logging.KeywordLogger.logPassed(KeywordLogger.java:332)
com.kms.katalon.core.logging.KeywordLogger.logPassed(KeywordLogger.java:327)
com.kms.katalon.core.webui.keyword.builtin.SetTextKeyword$_setText_closure1.doCall(SetTextKeyword.groovy:99)
java.base/jdk.internal.reflect.NativeMethodAccessorImpl.invoke0(Native Method)
java.base/jdk.internal.reflect.NativeMethodAccessorImpl.invoke(NativeMethodAccessorImpl.java:77)
java.base/jdk.internal.reflect.DelegatingMethodAccessorImpl.invoke(DelegatingMethodAccessorImpl.java:43)
jdk.proxy2/jdk.proxy2.$Proxy50.execute(Unknown Source)
com.kms.katalon.core.webui.model.SeleniumActionRetryController.performAction(SeleniumActionRetryController.java:96)
com.kms.katalon.core.webui.model.SeleniumActionRetryController.performAction(SeleniumActionRetryController.java:83)
com.kms.katalon.core.webui.keyword.internal.WebUIKeywordMain$_runKeywordUntilTimeout_closure1.doCall(WebUIKeywordMain.groovy:135)
com.kms.katalon.core.webui.keyword.internal.WebUIKeywordMain$_runKeywordUntilTimeout_closure1.call(WebUIKeywordMain.groovy)
com.kms.katalon.core.webui.keyword.internal.WebUIKeywordMain.runKeyword(WebUIKeywordMain.groovy:41)
com.kms.katalon.core.webui.keyword.internal.WebUIKeywordMain.runKeywordUntilTimeout(WebUIKeywordMain.groovy:133)
com.kms.katalon.core.webui.keyword.builtin.SetTextKeyword.setText(SetTextKeyword.groovy:106)
com.kms.katalon.core.webui.keyword.builtin.SetTextKeyword.execute(SetTextKeyword.groovy:49)
com.kms.katalon.core.keyword.internal.KeywordExecutor.executeKeywordForPlatform(KeywordExecutor.groovy:90)
com.kms.katalon.core.webui.keyword.WebUiBuiltInKeywords.setText(WebUiBuiltInKeywords.groovy:1081)
Tableau.run(Tableau:59)
</property>
</record>
<record>
  <date>2026-07-29T05:36:51.864219300Z</date>
  <millis>1785303411864</millis>
  <nanos>219300</nanos>
  <sequence>547</sequence>
  <level>END</level>
  <class>com.kms.katalon.core.logging.XmlKeywordLogger</class>
  <method>endKeyword</method>
  <thread>1</thread>
  <message>End action : setText(findTestObject(&amp;quot;BRINESIA UI/Tableau/Login/password&amp;quot;), &amp;quot;Tsi_Brins2020&amp;quot;)</message>
  <nestedLevel>1</nestedLevel>
  <escapedJava>false</escapedJava>
</record>
<record>
  <date>2026-07-29T05:36:51.864219300Z</date>
  <millis>1785303411864</millis>
  <nanos>219300</nanos>
  <sequence>548</sequence>
  <level>START</level>
  <class>com.kms.katalon.core.logging.XmlKeywordLogger</class>
  <method>startKeyword</method>
  <thread>1</thread>
  <message>Start action : click(findTestObject(&amp;quot;BRINESIA UI/Tableau/Login/btnSign&amp;quot;))</message>
  <nestedLevel>1</nestedLevel>
  <escapedJava>false</escapedJava>
  <property name="startLine">62</property>
  <property name="stepIndex">16</property>
</record>
<record>
  <date>2026-07-29T05:36:52.431552Z</date>
  <millis>1785303412431</millis>
  <nanos>552000</nanos>
  <sequence>559</sequence>
  <level>PASSED</level>
  <class>com.kms.katalon.core.logging.XmlKeywordLogger</class>
  <method>logMessage</method>
  <thread>1</thread>
  <message>Object: &amp;apos;Object Repository/BRINESIA UI/Tableau/Login/btnSign&amp;apos; is clicked on</message>
  <nestedLevel>1</nestedLevel>
  <escapedJava>false</escapedJava>
  <property name="testops-method-name">com.kms.katalon.core.webui.keyword.internal.WebUIKeywordMain.runKeywordUntilTimeout</property>
  <property name="testops-execution-stacktrace">com.kms.katalon.core.logging.KeywordLogger.logPassed(KeywordLogger.java:332)
com.kms.katalon.core.logging.KeywordLogger.logPassed(KeywordLogger.java:327)
com.kms.katalon.core.webui.keyword.builtin.ClickKeyword$_click_closure1.doCall(ClickKeyword.groovy:66)
java.base/jdk.internal.reflect.NativeMethodAccessorImpl.invoke0(Native Method)
java.base/jdk.internal.reflect.NativeMethodAccessorImpl.invoke(NativeMethodAccessorImpl.java:77)
java.base/jdk.internal.reflect.DelegatingMethodAccessorImpl.invoke(DelegatingMethodAccessorImpl.java:43)
jdk.proxy2/jdk.proxy2.$Proxy50.execute(Unknown Source)
com.kms.katalon.core.webui.model.SeleniumActionRetryController.performAction(SeleniumActionRetryController.java:96)
com.kms.katalon.core.webui.model.SeleniumActionRetryController.performAction(SeleniumActionRetryController.java:83)
com.kms.katalon.core.webui.keyword.internal.WebUIKeywordMain$_runKeywordUntilTimeout_closure1.doCall(WebUIKeywordMain.groovy:135)
com.kms.katalon.core.webui.keyword.internal.WebUIKeywordMain$_runKeywordUntilTimeout_closure1.call(WebUIKeywordMain.groovy)
com.kms.katalon.core.webui.keyword.internal.WebUIKeywordMain.runKeyword(WebUIKeywordMain.groovy:41)
com.kms.katalon.core.webui.keyword.internal.WebUIKeywordMain.runKeywordUntilTimeout(WebUIKeywordMain.groovy:133)
com.kms.katalon.core.webui.keyword.builtin.ClickKeyword.click(ClickKeyword.groovy:72)
com.kms.katalon.core.webui.keyword.builtin.ClickKeyword.execute(ClickKeyword.groovy:38)
com.kms.katalon.core.keyword.internal.KeywordExecutor.executeKeywordForPlatform(KeywordExecutor.groovy:90)
com.kms.katalon.core.webui.keyword.WebUiBuiltInKeywords.click(WebUiBuiltInKeywords.groovy:721)
Tableau.run(Tableau:62)
</property>
</record>
<record>
  <date>2026-07-29T05:36:52.434037100Z</date>
  <millis>1785303412434</millis>
  <nanos>37100</nanos>
  <sequence>560</sequence>
  <level>END</level>
  <class>com.kms.katalon.core.logging.XmlKeywordLogger</class>
  <method>endKeyword</method>
  <thread>1</thread>
  <message>End action : click(findTestObject(&amp;quot;BRINESIA UI/Tableau/Login/btnSign&amp;quot;))</message>
  <nestedLevel>1</nestedLevel>
  <escapedJava>false</escapedJava>
</record>
<record>
  <date>2026-07-29T05:36:52.435045900Z</date>
  <millis>1785303412435</millis>
  <nanos>45900</nanos>
  <sequence>561</sequence>
  <level>START</level>
  <class>com.kms.katalon.core.logging.XmlKeywordLogger</class>
  <method>startKeyword</method>
  <thread>1</thread>
  <message>Start action : click(findTestObject(&amp;quot;BRINESIA UI/Tableau/MenuDashboard/opsiSearchDOB&amp;quot;))</message>
  <nestedLevel>1</nestedLevel>
  <escapedJava>false</escapedJava>
  <property name="startLine">64</property>
  <property name="stepIndex">17</property>
</record>
<record>
  <date>2026-07-29T05:36:53.412861200Z</date>
  <millis>1785303413412</millis>
  <nanos>861200</nanos>
  <sequence>572</sequence>
  <level>PASSED</level>
  <class>com.kms.katalon.core.logging.XmlKeywordLogger</class>
  <method>logMessage</method>
  <thread>1</thread>
  <message>Object: &amp;apos;Object Repository/BRINESIA UI/Tableau/MenuDashboard/opsiSearchDOB&amp;apos; is clicked on</message>
  <nestedLevel>1</nestedLevel>
  <escapedJava>false</escapedJava>
  <property name="testops-method-name">com.kms.katalon.core.webui.keyword.internal.WebUIKeywordMain.runKeywordUntilTimeout</property>
  <property name="testops-execution-stacktrace">com.kms.katalon.core.logging.KeywordLogger.logPassed(KeywordLogger.java:332)
com.kms.katalon.core.logging.KeywordLogger.logPassed(KeywordLogger.java:327)
com.kms.katalon.core.webui.keyword.builtin.ClickKeyword$_click_closure1.doCall(ClickKeyword.groovy:66)
java.base/jdk.internal.reflect.NativeMethodAccessorImpl.invoke0(Native Method)
java.base/jdk.internal.reflect.NativeMethodAccessorImpl.invoke(NativeMethodAccessorImpl.java:77)
java.base/jdk.internal.reflect.DelegatingMethodAccessorImpl.invoke(DelegatingMethodAccessorImpl.java:43)
jdk.proxy2/jdk.proxy2.$Proxy50.execute(Unknown Source)
com.kms.katalon.core.webui.model.SeleniumActionRetryController.performAction(SeleniumActionRetryController.java:96)
com.kms.katalon.core.webui.model.SeleniumActionRetryController.performAction(SeleniumActionRetryController.java:83)
com.kms.katalon.core.webui.keyword.internal.WebUIKeywordMain$_runKeywordUntilTimeout_closure1.doCall(WebUIKeywordMain.groovy:135)
com.kms.katalon.core.webui.keyword.internal.WebUIKeywordMain$_runKeywordUntilTimeout_closure1.call(WebUIKeywordMain.groovy)
com.kms.katalon.core.webui.keyword.internal.WebUIKeywordMain.runKeyword(WebUIKeywordMain.groovy:41)
com.kms.katalon.core.webui.keyword.internal.WebUIKeywordMain.runKeywordUntilTimeout(WebUIKeywordMain.groovy:133)
com.kms.katalon.core.webui.keyword.builtin.ClickKeyword.click(ClickKeyword.groovy:72)
com.kms.katalon.core.webui.keyword.builtin.ClickKeyword.execute(ClickKeyword.groovy:38)
com.kms.katalon.core.keyword.internal.KeywordExecutor.executeKeywordForPlatform(KeywordExecutor.groovy:90)
com.kms.katalon.core.webui.keyword.WebUiBuiltInKeywords.click(WebUiBuiltInKeywords.groovy:721)
Tableau.run(Tableau:64)
</property>
</record>
<record>
  <date>2026-07-29T05:36:53.415219Z</date>
  <millis>1785303413415</millis>
  <nanos>219000</nanos>
  <sequence>573</sequence>
  <level>END</level>
  <class>com.kms.katalon.core.logging.XmlKeywordLogger</class>
  <method>endKeyword</method>
  <thread>1</thread>
  <message>End action : click(findTestObject(&amp;quot;BRINESIA UI/Tableau/MenuDashboard/opsiSearchDOB&amp;quot;))</message>
  <nestedLevel>1</nestedLevel>
  <escapedJava>false</escapedJava>
</record>
<record>
  <date>2026-07-29T05:36:53.415219Z</date>
  <millis>1785303413415</millis>
  <nanos>219000</nanos>
  <sequence>574</sequence>
  <level>START</level>
  <class>com.kms.katalon.core.logging.XmlKeywordLogger</class>
  <method>startKeyword</method>
  <thread>1</thread>
  <message>Start action : click(findTestObject(&amp;quot;BRINESIA UI/Tableau/MenuDashboard/dataDefault&amp;quot;))</message>
  <nestedLevel>1</nestedLevel>
  <escapedJava>false</escapedJava>
  <property name="startLine">66</property>
  <property name="stepIndex">18</property>
</record>
<record>
  <date>2026-07-29T05:36:54.753674400Z</date>
  <millis>1785303414753</millis>
  <nanos>674400</nanos>
  <sequence>585</sequence>
  <level>PASSED</level>
  <class>com.kms.katalon.core.logging.XmlKeywordLogger</class>
  <method>logMessage</method>
  <thread>1</thread>
  <message>Object: &amp;apos;Object Repository/BRINESIA UI/Tableau/MenuDashboard/dataDefault&amp;apos; is clicked on</message>
  <nestedLevel>1</nestedLevel>
  <escapedJava>false</escapedJava>
  <property name="testops-method-name">com.kms.katalon.core.webui.keyword.internal.WebUIKeywordMain.runKeywordUntilTimeout</property>
  <property name="testops-execution-stacktrace">com.kms.katalon.core.logging.KeywordLogger.logPassed(KeywordLogger.java:332)
com.kms.katalon.core.logging.KeywordLogger.logPassed(KeywordLogger.java:327)
com.kms.katalon.core.webui.keyword.builtin.ClickKeyword$_click_closure1.doCall(ClickKeyword.groovy:66)
java.base/jdk.internal.reflect.NativeMethodAccessorImpl.invoke0(Native Method)
java.base/jdk.internal.reflect.NativeMethodAccessorImpl.invoke(NativeMethodAccessorImpl.java:77)
java.base/jdk.internal.reflect.DelegatingMethodAccessorImpl.invoke(DelegatingMethodAccessorImpl.java:43)
jdk.proxy2/jdk.proxy2.$Proxy50.execute(Unknown Source)
com.kms.katalon.core.webui.model.SeleniumActionRetryController.performAction(SeleniumActionRetryController.java:96)
com.kms.katalon.core.webui.model.SeleniumActionRetryController.performAction(SeleniumActionRetryController.java:83)
com.kms.katalon.core.webui.keyword.internal.WebUIKeywordMain$_runKeywordUntilTimeout_closure1.doCall(WebUIKeywordMain.groovy:135)
com.kms.katalon.core.webui.keyword.internal.WebUIKeywordMain$_runKeywordUntilTimeout_closure1.call(WebUIKeywordMain.groovy)
com.kms.katalon.core.webui.keyword.internal.WebUIKeywordMain.runKeyword(WebUIKeywordMain.groovy:41)
com.kms.katalon.core.webui.keyword.internal.WebUIKeywordMain.runKeywordUntilTimeout(WebUIKeywordMain.groovy:133)
com.kms.katalon.core.webui.keyword.builtin.ClickKeyword.click(ClickKeyword.groovy:72)
com.kms.katalon.core.webui.keyword.builtin.ClickKeyword.execute(ClickKeyword.groovy:38)
com.kms.katalon.core.keyword.internal.KeywordExecutor.executeKeywordForPlatform(KeywordExecutor.groovy:90)
com.kms.katalon.core.webui.keyword.WebUiBuiltInKeywords.click(WebUiBuiltInKeywords.groovy:721)
Tableau.run(Tableau:66)
</property>
</record>
<record>
  <date>2026-07-29T05:36:54.755665400Z</date>
  <millis>1785303414755</millis>
  <nanos>665400</nanos>
  <sequence>586</sequence>
  <level>END</level>
  <class>com.kms.katalon.core.logging.XmlKeywordLogger</class>
  <method>endKeyword</method>
  <thread>1</thread>
  <message>End action : click(findTestObject(&amp;quot;BRINESIA UI/Tableau/MenuDashboard/dataDefault&amp;quot;))</message>
  <nestedLevel>1</nestedLevel>
  <escapedJava>false</escapedJava>
</record>
<record>
  <date>2026-07-29T05:36:54.755665400Z</date>
  <millis>1785303414755</millis>
  <nanos>665400</nanos>
  <sequence>587</sequence>
  <level>START</level>
  <class>com.kms.katalon.core.logging.XmlKeywordLogger</class>
  <method>startKeyword</method>
  <thread>1</thread>
  <message>Start action : click(findTestObject(&amp;quot;BRINESIA UI/Tableau/Menu Default/dataLOA&amp;quot;))</message>
  <nestedLevel>1</nestedLevel>
  <escapedJava>false</escapedJava>
  <property name="startLine">68</property>
  <property name="stepIndex">19</property>
</record>
<record>
  <date>2026-07-29T05:36:55.770336900Z</date>
  <millis>1785303415770</millis>
  <nanos>336900</nanos>
  <sequence>598</sequence>
  <level>PASSED</level>
  <class>com.kms.katalon.core.logging.XmlKeywordLogger</class>
  <method>logMessage</method>
  <thread>1</thread>
  <message>Object: &amp;apos;Object Repository/BRINESIA UI/Tableau/Menu Default/dataLOA&amp;apos; is clicked on</message>
  <nestedLevel>1</nestedLevel>
  <escapedJava>false</escapedJava>
  <property name="testops-method-name">com.kms.katalon.core.webui.keyword.internal.WebUIKeywordMain.runKeywordUntilTimeout</property>
  <property name="testops-execution-stacktrace">com.kms.katalon.core.logging.KeywordLogger.logPassed(KeywordLogger.java:332)
com.kms.katalon.core.logging.KeywordLogger.logPassed(KeywordLogger.java:327)
com.kms.katalon.core.webui.keyword.builtin.ClickKeyword$_click_closure1.doCall(ClickKeyword.groovy:66)
java.base/jdk.internal.reflect.NativeMethodAccessorImpl.invoke0(Native Method)
java.base/jdk.internal.reflect.NativeMethodAccessorImpl.invoke(NativeMethodAccessorImpl.java:77)
java.base/jdk.internal.reflect.DelegatingMethodAccessorImpl.invoke(DelegatingMethodAccessorImpl.java:43)
jdk.proxy2/jdk.proxy2.$Proxy50.execute(Unknown Source)
com.kms.katalon.core.webui.model.SeleniumActionRetryController.performAction(SeleniumActionRetryController.java:96)
com.kms.katalon.core.webui.model.SeleniumActionRetryController.performAction(SeleniumActionRetryController.java:83)
com.kms.katalon.core.webui.keyword.internal.WebUIKeywordMain$_runKeywordUntilTimeout_closure1.doCall(WebUIKeywordMain.groovy:135)
com.kms.katalon.core.webui.keyword.internal.WebUIKeywordMain$_runKeywordUntilTimeout_closure1.call(WebUIKeywordMain.groovy)
com.kms.katalon.core.webui.keyword.internal.WebUIKeywordMain.runKeyword(WebUIKeywordMain.groovy:41)
com.kms.katalon.core.webui.keyword.internal.WebUIKeywordMain.runKeywordUntilTimeout(WebUIKeywordMain.groovy:133)
com.kms.katalon.core.webui.keyword.builtin.ClickKeyword.click(ClickKeyword.groovy:72)
com.kms.katalon.core.webui.keyword.builtin.ClickKeyword.execute(ClickKeyword.groovy:38)
com.kms.katalon.core.keyword.internal.KeywordExecutor.executeKeywordForPlatform(KeywordExecutor.groovy:90)
com.kms.katalon.core.webui.keyword.WebUiBuiltInKeywords.click(WebUiBuiltInKeywords.groovy:721)
Tableau.run(Tableau:68)
</property>
</record>
<record>
  <date>2026-07-29T05:36:55.772806400Z</date>
  <millis>1785303415772</millis>
  <nanos>806400</nanos>
  <sequence>599</sequence>
  <level>END</level>
  <class>com.kms.katalon.core.logging.XmlKeywordLogger</class>
  <method>endKeyword</method>
  <thread>1</thread>
  <message>End action : click(findTestObject(&amp;quot;BRINESIA UI/Tableau/Menu Default/dataLOA&amp;quot;))</message>
  <nestedLevel>1</nestedLevel>
  <escapedJava>false</escapedJava>
</record>
<record>
  <date>2026-07-29T05:36:55.772806400Z</date>
  <millis>1785303415772</millis>
  <nanos>806400</nanos>
  <sequence>600</sequence>
  <level>START</level>
  <class>com.kms.katalon.core.logging.XmlKeywordLogger</class>
  <method>startKeyword</method>
  <thread>1</thread>
  <message>Start action : click(findTestObject(&amp;quot;BRINESIA UI/Tableau/Menu Default/dataSupervisi&amp;quot;))</message>
  <nestedLevel>1</nestedLevel>
  <escapedJava>false</escapedJava>
  <property name="startLine">70</property>
  <property name="stepIndex">20</property>
</record>
<record>
  <date>2026-07-29T05:36:56.949421Z</date>
  <millis>1785303416949</millis>
  <nanos>421000</nanos>
  <sequence>611</sequence>
  <level>PASSED</level>
  <class>com.kms.katalon.core.logging.XmlKeywordLogger</class>
  <method>logMessage</method>
  <thread>1</thread>
  <message>Object: &amp;apos;Object Repository/BRINESIA UI/Tableau/Menu Default/dataSupervisi&amp;apos; is clicked on</message>
  <nestedLevel>1</nestedLevel>
  <escapedJava>false</escapedJava>
  <property name="testops-method-name">com.kms.katalon.core.webui.keyword.internal.WebUIKeywordMain.runKeywordUntilTimeout</property>
  <property name="testops-execution-stacktrace">com.kms.katalon.core.logging.KeywordLogger.logPassed(KeywordLogger.java:332)
com.kms.katalon.core.logging.KeywordLogger.logPassed(KeywordLogger.java:327)
com.kms.katalon.core.webui.keyword.builtin.ClickKeyword$_click_closure1.doCall(ClickKeyword.groovy:66)
java.base/jdk.internal.reflect.NativeMethodAccessorImpl.invoke0(Native Method)
java.base/jdk.internal.reflect.NativeMethodAccessorImpl.invoke(NativeMethodAccessorImpl.java:77)
java.base/jdk.internal.reflect.DelegatingMethodAccessorImpl.invoke(DelegatingMethodAccessorImpl.java:43)
jdk.proxy2/jdk.proxy2.$Proxy50.execute(Unknown Source)
com.kms.katalon.core.webui.model.SeleniumActionRetryController.performAction(SeleniumActionRetryController.java:96)
com.kms.katalon.core.webui.model.SeleniumActionRetryController.performAction(SeleniumActionRetryController.java:83)
com.kms.katalon.core.webui.keyword.internal.WebUIKeywordMain$_runKeywordUntilTimeout_closure1.doCall(WebUIKeywordMain.groovy:135)
com.kms.katalon.core.webui.keyword.internal.WebUIKeywordMain$_runKeywordUntilTimeout_closure1.call(WebUIKeywordMain.groovy)
com.kms.katalon.core.webui.keyword.internal.WebUIKeywordMain.runKeyword(WebUIKeywordMain.groovy:41)
com.kms.katalon.core.webui.keyword.internal.WebUIKeywordMain.runKeywordUntilTimeout(WebUIKeywordMain.groovy:133)
com.kms.katalon.core.webui.keyword.builtin.ClickKeyword.click(ClickKeyword.groovy:72)
com.kms.katalon.core.webui.keyword.builtin.ClickKeyword.execute(ClickKeyword.groovy:38)
com.kms.katalon.core.keyword.internal.KeywordExecutor.executeKeywordForPlatform(KeywordExecutor.groovy:90)
com.kms.katalon.core.webui.keyword.WebUiBuiltInKeywords.click(WebUiBuiltInKeywords.groovy:721)
Tableau.run(Tableau:70)
</property>
</record>
<record>
  <date>2026-07-29T05:36:56.953663300Z</date>
  <millis>1785303416953</millis>
  <nanos>663300</nanos>
  <sequence>612</sequence>
  <level>END</level>
  <class>com.kms.katalon.core.logging.XmlKeywordLogger</class>
  <method>endKeyword</method>
  <thread>1</thread>
  <message>End action : click(findTestObject(&amp;quot;BRINESIA UI/Tableau/Menu Default/dataSupervisi&amp;quot;))</message>
  <nestedLevel>1</nestedLevel>
  <escapedJava>false</escapedJava>
</record>
<record>
  <date>2026-07-29T05:36:56.953663300Z</date>
  <millis>1785303416953</millis>
  <nanos>663300</nanos>
  <sequence>613</sequence>
  <level>START</level>
  <class>com.kms.katalon.core.logging.XmlKeywordLogger</class>
  <method>startKeyword</method>
  <thread>1</thread>
  <message>Start action : delay(15)</message>
  <nestedLevel>1</nestedLevel>
  <escapedJava>false</escapedJava>
  <property name="startLine">72</property>
  <property name="stepIndex">21</property>
</record>
<record>
  <date>2026-07-29T05:37:11.963222Z</date>
  <millis>1785303431963</millis>
  <nanos>222000</nanos>
  <sequence>616</sequence>
  <level>PASSED</level>
  <class>com.kms.katalon.core.logging.XmlKeywordLogger</class>
  <method>logMessage</method>
  <thread>1</thread>
  <message>Delayed 15 second(s)</message>
  <nestedLevel>1</nestedLevel>
  <escapedJava>false</escapedJava>
  <property name="testops-method-name">com.kms.katalon.core.keyword.builtin.DelayKeyword.delay</property>
  <property name="testops-execution-stacktrace"></property>
</record>
<record>
  <date>2026-07-29T05:37:11.964733300Z</date>
  <millis>1785303431964</millis>
  <nanos>733300</nanos>
  <sequence>617</sequence>
  <level>END</level>
  <class>com.kms.katalon.core.logging.XmlKeywordLogger</class>
  <method>endKeyword</method>
  <thread>1</thread>
  <message>End action : delay(15)</message>
  <nestedLevel>1</nestedLevel>
  <escapedJava>false</escapedJava>
</record>
<record>
  <date>2026-07-29T05:37:11.964733300Z</date>
  <millis>1785303431964</millis>
  <nanos>733300</nanos>
  <sequence>618</sequence>
  <level>START</level>
  <class>com.kms.katalon.core.logging.XmlKeywordLogger</class>
  <method>startKeyword</method>
  <thread>1</thread>
  <message>Start action : urlSupervisi = getUrl()</message>
  <nestedLevel>1</nestedLevel>
  <escapedJava>false</escapedJava>
  <property name="startLine">74</property>
  <property name="stepIndex">22</property>
</record>
<record>
  <date>2026-07-29T05:37:11.988325800Z</date>
  <millis>1785303431988</millis>
  <nanos>325800</nanos>
  <sequence>621</sequence>
  <level>PASSED</level>
  <class>com.kms.katalon.core.logging.XmlKeywordLogger</class>
  <method>logMessage</method>
  <thread>1</thread>
  <message>Current window&amp;apos;s url is: &amp;apos;https://mis.brins.co.id/#/site/DOB/views/DashboardProduksiPerLOA/DashboardProduksiPerLOA-BranchSupervisi?:iid=1&amp;apos;</message>
  <nestedLevel>1</nestedLevel>
  <escapedJava>false</escapedJava>
  <property name="testops-method-name">com.kms.katalon.core.webui.keyword.builtin.GetUrlKeyword.getUrl</property>
  <property name="testops-execution-stacktrace"></property>
</record>
<record>
  <date>2026-07-29T05:37:11.990847400Z</date>
  <millis>1785303431990</millis>
  <nanos>847400</nanos>
  <sequence>622</sequence>
  <level>END</level>
  <class>com.kms.katalon.core.logging.XmlKeywordLogger</class>
  <method>endKeyword</method>
  <thread>1</thread>
  <message>End action : urlSupervisi = getUrl()</message>
  <nestedLevel>1</nestedLevel>
  <escapedJava>false</escapedJava>
</record>
<record>
  <date>2026-07-29T05:37:11.990847400Z</date>
  <millis>1785303431990</millis>
  <nanos>847400</nanos>
  <sequence>623</sequence>
  <level>START</level>
  <class>com.kms.katalon.core.logging.XmlKeywordLogger</class>
  <method>startKeyword</method>
  <thread>1</thread>
  <message>Start action : assert urlSupervisi.contains(&amp;quot;DashboardProduksiPerLOA-BranchSupervisi&amp;quot;)</message>
  <nestedLevel>1</nestedLevel>
  <escapedJava>false</escapedJava>
  <property name="startLine">76</property>
  <property name="stepIndex">23</property>
</record>
<record>
  <date>2026-07-29T05:37:11.993459600Z</date>
  <millis>1785303431993</millis>
  <nanos>459600</nanos>
  <sequence>624</sequence>
  <level>END</level>
  <class>com.kms.katalon.core.logging.XmlKeywordLogger</class>
  <method>endKeyword</method>
  <thread>1</thread>
  <message>End action : assert urlSupervisi.contains(&amp;quot;DashboardProduksiPerLOA-BranchSupervisi&amp;quot;)</message>
  <nestedLevel>1</nestedLevel>
  <escapedJava>false</escapedJava>
</record>
<record>
  <date>2026-07-29T05:37:11.993957400Z</date>
  <millis>1785303431993</millis>
  <nanos>957400</nanos>
  <sequence>625</sequence>
  <level>START</level>
  <class>com.kms.katalon.core.logging.XmlKeywordLogger</class>
  <method>startKeyword</method>
  <thread>1</thread>
  <message>Start action : screenshotPathSuper = $projectDir/Screenshots/Evidence_POSITIVE_DashboardSuperVisi_$timestamp.png</message>
  <nestedLevel>1</nestedLevel>
  <escapedJava>false</escapedJava>
  <property name="startLine">80</property>
  <property name="stepIndex">24</property>
</record>
<record>
  <date>2026-07-29T05:37:11.995075400Z</date>
  <millis>1785303431995</millis>
  <nanos>75400</nanos>
  <sequence>626</sequence>
  <level>END</level>
  <class>com.kms.katalon.core.logging.XmlKeywordLogger</class>
  <method>endKeyword</method>
  <thread>1</thread>
  <message>End action : screenshotPathSuper = $projectDir/Screenshots/Evidence_POSITIVE_DashboardSuperVisi_$timestamp.png</message>
  <nestedLevel>1</nestedLevel>
  <escapedJava>false</escapedJava>
</record>
<record>
  <date>2026-07-29T05:37:11.995075400Z</date>
  <millis>1785303431995</millis>
  <nanos>75400</nanos>
  <sequence>627</sequence>
  <level>START</level>
  <class>com.kms.katalon.core.logging.XmlKeywordLogger</class>
  <method>startKeyword</method>
  <thread>1</thread>
  <message>Start action : takeScreenshot(screenshotPathSuper)</message>
  <nestedLevel>1</nestedLevel>
  <escapedJava>false</escapedJava>
  <property name="startLine">82</property>
  <property name="stepIndex">25</property>
</record>
<record>
  <date>2026-07-29T05:37:12.366543400Z</date>
  <millis>1785303432366</millis>
  <nanos>543400</nanos>
  <sequence>630</sequence>
  <level>PASSED</level>
  <class>com.kms.katalon.core.logging.XmlKeywordLogger</class>
  <method>logMessage</method>
  <thread>1</thread>
  <message>Taking screenshot successfully</message>
  <nestedLevel>1</nestedLevel>
  <escapedJava>false</escapedJava>
  <property name="attachment">C:/Users/TTECH-0251/git/AutoAPI/Screenshots/Evidence_POSITIVE_DashboardSuperVisi_29.07.2026_(12.36.34).png</property>
  <property name="testops-method-name">com.kms.katalon.core.webui.keyword.builtin.TakeScreenshotKeyword.takeScreenshot</property>
  <property name="testops-execution-stacktrace"></property>
</record>
<record>
  <date>2026-07-29T05:37:12.368836700Z</date>
  <millis>1785303432368</millis>
  <nanos>836700</nanos>
  <sequence>631</sequence>
  <level>END</level>
  <class>com.kms.katalon.core.logging.XmlKeywordLogger</class>
  <method>endKeyword</method>
  <thread>1</thread>
  <message>End action : takeScreenshot(screenshotPathSuper)</message>
  <nestedLevel>1</nestedLevel>
  <escapedJava>false</escapedJava>
</record>
<record>
  <date>2026-07-29T05:37:12.368836700Z</date>
  <millis>1785303432368</millis>
  <nanos>836700</nanos>
  <sequence>632</sequence>
  <level>START</level>
  <class>com.kms.katalon.core.logging.XmlKeywordLogger</class>
  <method>startKeyword</method>
  <thread>1</thread>
  <message>Start action : delay(5)</message>
  <nestedLevel>1</nestedLevel>
  <escapedJava>false</escapedJava>
  <property name="startLine">84</property>
  <property name="stepIndex">26</property>
</record>
<record>
  <date>2026-07-29T05:37:17.377077800Z</date>
  <millis>1785303437377</millis>
  <nanos>77800</nanos>
  <sequence>635</sequence>
  <level>PASSED</level>
  <class>com.kms.katalon.core.logging.XmlKeywordLogger</class>
  <method>logMessage</method>
  <thread>1</thread>
  <message>Delayed 5 second(s)</message>
  <nestedLevel>1</nestedLevel>
  <escapedJava>false</escapedJava>
  <property name="testops-method-name">com.kms.katalon.core.keyword.builtin.DelayKeyword.delay</property>
  <property name="testops-execution-stacktrace"></property>
</record>
<record>
  <date>2026-07-29T05:37:17.379081500Z</date>
  <millis>1785303437379</millis>
  <nanos>81500</nanos>
  <sequence>636</sequence>
  <level>END</level>
  <class>com.kms.katalon.core.logging.XmlKeywordLogger</class>
  <method>endKeyword</method>
  <thread>1</thread>
  <message>End action : delay(5)</message>
  <nestedLevel>1</nestedLevel>
  <escapedJava>false</escapedJava>
</record>
<record>
  <date>2026-07-29T05:37:17.379081500Z</date>
  <millis>1785303437379</millis>
  <nanos>81500</nanos>
  <sequence>637</sequence>
  <level>START</level>
  <class>com.kms.katalon.core.logging.XmlKeywordLogger</class>
  <method>startKeyword</method>
  <thread>1</thread>
  <message>Start action : click(findTestObject(&amp;quot;BRINESIA UI/Tableau/Menu Default/btnBack&amp;quot;))</message>
  <nestedLevel>1</nestedLevel>
  <escapedJava>false</escapedJava>
  <property name="startLine">86</property>
  <property name="stepIndex">27</property>
</record>
<record>
  <date>2026-07-29T05:37:17.910166900Z</date>
  <millis>1785303437910</millis>
  <nanos>166900</nanos>
  <sequence>648</sequence>
  <level>PASSED</level>
  <class>com.kms.katalon.core.logging.XmlKeywordLogger</class>
  <method>logMessage</method>
  <thread>1</thread>
  <message>Object: &amp;apos;Object Repository/BRINESIA UI/Tableau/Menu Default/btnBack&amp;apos; is clicked on</message>
  <nestedLevel>1</nestedLevel>
  <escapedJava>false</escapedJava>
  <property name="testops-method-name">com.kms.katalon.core.webui.keyword.internal.WebUIKeywordMain.runKeywordUntilTimeout</property>
  <property name="testops-execution-stacktrace">com.kms.katalon.core.logging.KeywordLogger.logPassed(KeywordLogger.java:332)
com.kms.katalon.core.logging.KeywordLogger.logPassed(KeywordLogger.java:327)
com.kms.katalon.core.webui.keyword.builtin.ClickKeyword$_click_closure1.doCall(ClickKeyword.groovy:66)
jdk.internal.reflect.GeneratedMethodAccessor23.invoke(Unknown Source)
java.base/jdk.internal.reflect.DelegatingMethodAccessorImpl.invoke(DelegatingMethodAccessorImpl.java:43)
jdk.proxy2/jdk.proxy2.$Proxy50.execute(Unknown Source)
com.kms.katalon.core.webui.model.SeleniumActionRetryController.performAction(SeleniumActionRetryController.java:96)
com.kms.katalon.core.webui.model.SeleniumActionRetryController.performAction(SeleniumActionRetryController.java:83)
com.kms.katalon.core.webui.keyword.internal.WebUIKeywordMain$_runKeywordUntilTimeout_closure1.doCall(WebUIKeywordMain.groovy:135)
com.kms.katalon.core.webui.keyword.internal.WebUIKeywordMain$_runKeywordUntilTimeout_closure1.call(WebUIKeywordMain.groovy)
com.kms.katalon.core.webui.keyword.internal.WebUIKeywordMain.runKeyword(WebUIKeywordMain.groovy:41)
com.kms.katalon.core.webui.keyword.internal.WebUIKeywordMain.runKeywordUntilTimeout(WebUIKeywordMain.groovy:133)
com.kms.katalon.core.webui.keyword.builtin.ClickKeyword.click(ClickKeyword.groovy:72)
com.kms.katalon.core.webui.keyword.builtin.ClickKeyword.execute(ClickKeyword.groovy:38)
com.kms.katalon.core.keyword.internal.KeywordExecutor.executeKeywordForPlatform(KeywordExecutor.groovy:90)
com.kms.katalon.core.webui.keyword.WebUiBuiltInKeywords.click(WebUiBuiltInKeywords.groovy:721)
Tableau.run(Tableau:86)
</property>
</record>
<record>
  <date>2026-07-29T05:37:17.911654700Z</date>
  <millis>1785303437911</millis>
  <nanos>654700</nanos>
  <sequence>649</sequence>
  <level>END</level>
  <class>com.kms.katalon.core.logging.XmlKeywordLogger</class>
  <method>endKeyword</method>
  <thread>1</thread>
  <message>End action : click(findTestObject(&amp;quot;BRINESIA UI/Tableau/Menu Default/btnBack&amp;quot;))</message>
  <nestedLevel>1</nestedLevel>
  <escapedJava>false</escapedJava>
</record>
<record>
  <date>2026-07-29T05:37:17.912657700Z</date>
  <millis>1785303437912</millis>
  <nanos>657700</nanos>
  <sequence>650</sequence>
  <level>START</level>
  <class>com.kms.katalon.core.logging.XmlKeywordLogger</class>
  <method>startKeyword</method>
  <thread>1</thread>
  <message>Start action : click(findTestObject(&amp;quot;BRINESIA UI/Tableau/Menu Default/dataBranchUtama&amp;quot;))</message>
  <nestedLevel>1</nestedLevel>
  <escapedJava>false</escapedJava>
  <property name="startLine">88</property>
  <property name="stepIndex">28</property>
</record>
<record>
  <date>2026-07-29T05:37:19.251024500Z</date>
  <millis>1785303439251</millis>
  <nanos>24500</nanos>
  <sequence>661</sequence>
  <level>PASSED</level>
  <class>com.kms.katalon.core.logging.XmlKeywordLogger</class>
  <method>logMessage</method>
  <thread>1</thread>
  <message>Object: &amp;apos;Object Repository/BRINESIA UI/Tableau/Menu Default/dataBranchUtama&amp;apos; is clicked on</message>
  <nestedLevel>1</nestedLevel>
  <escapedJava>false</escapedJava>
  <property name="testops-method-name">com.kms.katalon.core.webui.keyword.internal.WebUIKeywordMain.runKeywordUntilTimeout</property>
  <property name="testops-execution-stacktrace">com.kms.katalon.core.logging.KeywordLogger.logPassed(KeywordLogger.java:332)
com.kms.katalon.core.logging.KeywordLogger.logPassed(KeywordLogger.java:327)
com.kms.katalon.core.webui.keyword.builtin.ClickKeyword$_click_closure1.doCall(ClickKeyword.groovy:66)
jdk.internal.reflect.GeneratedMethodAccessor23.invoke(Unknown Source)
java.base/jdk.internal.reflect.DelegatingMethodAccessorImpl.invoke(DelegatingMethodAccessorImpl.java:43)
jdk.proxy2/jdk.proxy2.$Proxy50.execute(Unknown Source)
com.kms.katalon.core.webui.model.SeleniumActionRetryController.performAction(SeleniumActionRetryController.java:96)
com.kms.katalon.core.webui.model.SeleniumActionRetryController.performAction(SeleniumActionRetryController.java:83)
com.kms.katalon.core.webui.keyword.internal.WebUIKeywordMain$_runKeywordUntilTimeout_closure1.doCall(WebUIKeywordMain.groovy:135)
com.kms.katalon.core.webui.keyword.internal.WebUIKeywordMain$_runKeywordUntilTimeout_closure1.call(WebUIKeywordMain.groovy)
com.kms.katalon.core.webui.keyword.internal.WebUIKeywordMain.runKeyword(WebUIKeywordMain.groovy:41)
com.kms.katalon.core.webui.keyword.internal.WebUIKeywordMain.runKeywordUntilTimeout(WebUIKeywordMain.groovy:133)
com.kms.katalon.core.webui.keyword.builtin.ClickKeyword.click(ClickKeyword.groovy:72)
com.kms.katalon.core.webui.keyword.builtin.ClickKeyword.execute(ClickKeyword.groovy:38)
com.kms.katalon.core.keyword.internal.KeywordExecutor.executeKeywordForPlatform(KeywordExecutor.groovy:90)
com.kms.katalon.core.webui.keyword.WebUiBuiltInKeywords.click(WebUiBuiltInKeywords.groovy:721)
Tableau.run(Tableau:88)
</property>
</record>
<record>
  <date>2026-07-29T05:37:19.252004800Z</date>
  <millis>1785303439252</millis>
  <nanos>4800</nanos>
  <sequence>662</sequence>
  <level>END</level>
  <class>com.kms.katalon.core.logging.XmlKeywordLogger</class>
  <method>endKeyword</method>
  <thread>1</thread>
  <message>End action : click(findTestObject(&amp;quot;BRINESIA UI/Tableau/Menu Default/dataBranchUtama&amp;quot;))</message>
  <nestedLevel>1</nestedLevel>
  <escapedJava>false</escapedJava>
</record>
<record>
  <date>2026-07-29T05:37:19.252004800Z</date>
  <millis>1785303439252</millis>
  <nanos>4800</nanos>
  <sequence>663</sequence>
  <level>START</level>
  <class>com.kms.katalon.core.logging.XmlKeywordLogger</class>
  <method>startKeyword</method>
  <thread>1</thread>
  <message>Start action : delay(10)</message>
  <nestedLevel>1</nestedLevel>
  <escapedJava>false</escapedJava>
  <property name="startLine">90</property>
  <property name="stepIndex">29</property>
</record>
<record>
  <date>2026-07-29T05:37:29.262864300Z</date>
  <millis>1785303449262</millis>
  <nanos>864300</nanos>
  <sequence>666</sequence>
  <level>PASSED</level>
  <class>com.kms.katalon.core.logging.XmlKeywordLogger</class>
  <method>logMessage</method>
  <thread>1</thread>
  <message>Delayed 10 second(s)</message>
  <nestedLevel>1</nestedLevel>
  <escapedJava>false</escapedJava>
  <property name="testops-method-name">com.kms.katalon.core.keyword.builtin.DelayKeyword.delay</property>
  <property name="testops-execution-stacktrace"></property>
</record>
<record>
  <date>2026-07-29T05:37:29.265290Z</date>
  <millis>1785303449265</millis>
  <nanos>290000</nanos>
  <sequence>667</sequence>
  <level>END</level>
  <class>com.kms.katalon.core.logging.XmlKeywordLogger</class>
  <method>endKeyword</method>
  <thread>1</thread>
  <message>End action : delay(10)</message>
  <nestedLevel>1</nestedLevel>
  <escapedJava>false</escapedJava>
</record>
<record>
  <date>2026-07-29T05:37:29.265290Z</date>
  <millis>1785303449265</millis>
  <nanos>290000</nanos>
  <sequence>668</sequence>
  <level>START</level>
  <class>com.kms.katalon.core.logging.XmlKeywordLogger</class>
  <method>startKeyword</method>
  <thread>1</thread>
  <message>Start action : urlBranchUtama = getUrl()</message>
  <nestedLevel>1</nestedLevel>
  <escapedJava>false</escapedJava>
  <property name="startLine">92</property>
  <property name="stepIndex">30</property>
</record>
<record>
  <date>2026-07-29T05:37:29.295240500Z</date>
  <millis>1785303449295</millis>
  <nanos>240500</nanos>
  <sequence>671</sequence>
  <level>PASSED</level>
  <class>com.kms.katalon.core.logging.XmlKeywordLogger</class>
  <method>logMessage</method>
  <thread>1</thread>
  <message>Current window&amp;apos;s url is: &amp;apos;https://mis.brins.co.id/#/site/DOB/views/DashboardProduksiPerLOA/DashboardProduksiPerLOA-BranchUtama?:iid=2&amp;apos;</message>
  <nestedLevel>1</nestedLevel>
  <escapedJava>false</escapedJava>
  <property name="testops-method-name">com.kms.katalon.core.webui.keyword.builtin.GetUrlKeyword.getUrl</property>
  <property name="testops-execution-stacktrace"></property>
</record>
<record>
  <date>2026-07-29T05:37:29.297282300Z</date>
  <millis>1785303449297</millis>
  <nanos>282300</nanos>
  <sequence>672</sequence>
  <level>END</level>
  <class>com.kms.katalon.core.logging.XmlKeywordLogger</class>
  <method>endKeyword</method>
  <thread>1</thread>
  <message>End action : urlBranchUtama = getUrl()</message>
  <nestedLevel>1</nestedLevel>
  <escapedJava>false</escapedJava>
</record>
<record>
  <date>2026-07-29T05:37:29.297964300Z</date>
  <millis>1785303449297</millis>
  <nanos>964300</nanos>
  <sequence>673</sequence>
  <level>START</level>
  <class>com.kms.katalon.core.logging.XmlKeywordLogger</class>
  <method>startKeyword</method>
  <thread>1</thread>
  <message>Start action : assert urlBranchUtama.contains(&amp;quot;DashboardProduksiPerLOA-BranchUtama&amp;quot;)</message>
  <nestedLevel>1</nestedLevel>
  <escapedJava>false</escapedJava>
  <property name="startLine">94</property>
  <property name="stepIndex">31</property>
</record>
<record>
  <date>2026-07-29T05:37:29.299642700Z</date>
  <millis>1785303449299</millis>
  <nanos>642700</nanos>
  <sequence>674</sequence>
  <level>END</level>
  <class>com.kms.katalon.core.logging.XmlKeywordLogger</class>
  <method>endKeyword</method>
  <thread>1</thread>
  <message>End action : assert urlBranchUtama.contains(&amp;quot;DashboardProduksiPerLOA-BranchUtama&amp;quot;)</message>
  <nestedLevel>1</nestedLevel>
  <escapedJava>false</escapedJava>
</record>
<record>
  <date>2026-07-29T05:37:29.300218800Z</date>
  <millis>1785303449300</millis>
  <nanos>218800</nanos>
  <sequence>675</sequence>
  <level>START</level>
  <class>com.kms.katalon.core.logging.XmlKeywordLogger</class>
  <method>startKeyword</method>
  <thread>1</thread>
  <message>Start action : screenshotPathUtama = $projectDir/Screenshots/Evidence_POSITIVE_DashboardBranchUtama_$timestamp.png</message>
  <nestedLevel>1</nestedLevel>
  <escapedJava>false</escapedJava>
  <property name="startLine">98</property>
  <property name="stepIndex">32</property>
</record>
<record>
  <date>2026-07-29T05:37:29.302402300Z</date>
  <millis>1785303449302</millis>
  <nanos>402300</nanos>
  <sequence>676</sequence>
  <level>END</level>
  <class>com.kms.katalon.core.logging.XmlKeywordLogger</class>
  <method>endKeyword</method>
  <thread>1</thread>
  <message>End action : screenshotPathUtama = $projectDir/Screenshots/Evidence_POSITIVE_DashboardBranchUtama_$timestamp.png</message>
  <nestedLevel>1</nestedLevel>
  <escapedJava>false</escapedJava>
</record>
<record>
  <date>2026-07-29T05:37:29.303040300Z</date>
  <millis>1785303449303</millis>
  <nanos>40300</nanos>
  <sequence>677</sequence>
  <level>START</level>
  <class>com.kms.katalon.core.logging.XmlKeywordLogger</class>
  <method>startKeyword</method>
  <thread>1</thread>
  <message>Start action : takeScreenshot(screenshotPathUtama)</message>
  <nestedLevel>1</nestedLevel>
  <escapedJava>false</escapedJava>
  <property name="startLine">100</property>
  <property name="stepIndex">33</property>
</record>
<record>
  <date>2026-07-29T05:37:29.693305400Z</date>
  <millis>1785303449693</millis>
  <nanos>305400</nanos>
  <sequence>680</sequence>
  <level>PASSED</level>
  <class>com.kms.katalon.core.logging.XmlKeywordLogger</class>
  <method>logMessage</method>
  <thread>1</thread>
  <message>Taking screenshot successfully</message>
  <nestedLevel>1</nestedLevel>
  <escapedJava>false</escapedJava>
  <property name="attachment">C:/Users/TTECH-0251/git/AutoAPI/Screenshots/Evidence_POSITIVE_DashboardBranchUtama_29.07.2026_(12.36.34).png</property>
  <property name="testops-method-name">com.kms.katalon.core.webui.keyword.builtin.TakeScreenshotKeyword.takeScreenshot</property>
  <property name="testops-execution-stacktrace"></property>
</record>
<record>
  <date>2026-07-29T05:37:29.695157900Z</date>
  <millis>1785303449695</millis>
  <nanos>157900</nanos>
  <sequence>681</sequence>
  <level>END</level>
  <class>com.kms.katalon.core.logging.XmlKeywordLogger</class>
  <method>endKeyword</method>
  <thread>1</thread>
  <message>End action : takeScreenshot(screenshotPathUtama)</message>
  <nestedLevel>1</nestedLevel>
  <escapedJava>false</escapedJava>
</record>
<record>
  <date>2026-07-29T05:37:29.695157900Z</date>
  <millis>1785303449695</millis>
  <nanos>157900</nanos>
  <sequence>682</sequence>
  <level>START</level>
  <class>com.kms.katalon.core.logging.XmlKeywordLogger</class>
  <method>startKeyword</method>
  <thread>1</thread>
  <message>Start action : delay(5)</message>
  <nestedLevel>1</nestedLevel>
  <escapedJava>false</escapedJava>
  <property name="startLine">102</property>
  <property name="stepIndex">34</property>
</record>
<record>
  <date>2026-07-29T05:37:34.711776900Z</date>
  <millis>1785303454711</millis>
  <nanos>776900</nanos>
  <sequence>685</sequence>
  <level>PASSED</level>
  <class>com.kms.katalon.core.logging.XmlKeywordLogger</class>
  <method>logMessage</method>
  <thread>1</thread>
  <message>Delayed 5 second(s)</message>
  <nestedLevel>1</nestedLevel>
  <escapedJava>false</escapedJava>
  <property name="testops-method-name">com.kms.katalon.core.keyword.builtin.DelayKeyword.delay</property>
  <property name="testops-execution-stacktrace"></property>
</record>
<record>
  <date>2026-07-29T05:37:34.713838800Z</date>
  <millis>1785303454713</millis>
  <nanos>838800</nanos>
  <sequence>686</sequence>
  <level>END</level>
  <class>com.kms.katalon.core.logging.XmlKeywordLogger</class>
  <method>endKeyword</method>
  <thread>1</thread>
  <message>End action : delay(5)</message>
  <nestedLevel>1</nestedLevel>
  <escapedJava>false</escapedJava>
</record>
<record>
  <date>2026-07-29T05:37:34.713838800Z</date>
  <millis>1785303454713</millis>
  <nanos>838800</nanos>
  <sequence>687</sequence>
  <level>START</level>
  <class>com.kms.katalon.core.logging.XmlKeywordLogger</class>
  <method>startKeyword</method>
  <thread>1</thread>
  <message>Start action : click(findTestObject(&amp;quot;BRINESIA UI/Tableau/Menu Default/btnBack&amp;quot;))</message>
  <nestedLevel>1</nestedLevel>
  <escapedJava>false</escapedJava>
  <property name="startLine">104</property>
  <property name="stepIndex">35</property>
</record>
<record>
  <date>2026-07-29T05:37:35.272021300Z</date>
  <millis>1785303455272</millis>
  <nanos>21300</nanos>
  <sequence>698</sequence>
  <level>PASSED</level>
  <class>com.kms.katalon.core.logging.XmlKeywordLogger</class>
  <method>logMessage</method>
  <thread>1</thread>
  <message>Object: &amp;apos;Object Repository/BRINESIA UI/Tableau/Menu Default/btnBack&amp;apos; is clicked on</message>
  <nestedLevel>1</nestedLevel>
  <escapedJava>false</escapedJava>
  <property name="testops-method-name">com.kms.katalon.core.webui.keyword.internal.WebUIKeywordMain.runKeywordUntilTimeout</property>
  <property name="testops-execution-stacktrace">com.kms.katalon.core.logging.KeywordLogger.logPassed(KeywordLogger.java:332)
com.kms.katalon.core.logging.KeywordLogger.logPassed(KeywordLogger.java:327)
com.kms.katalon.core.webui.keyword.builtin.ClickKeyword$_click_closure1.doCall(ClickKeyword.groovy:66)
jdk.internal.reflect.GeneratedMethodAccessor23.invoke(Unknown Source)
java.base/jdk.internal.reflect.DelegatingMethodAccessorImpl.invoke(DelegatingMethodAccessorImpl.java:43)
jdk.proxy2/jdk.proxy2.$Proxy50.execute(Unknown Source)
com.kms.katalon.core.webui.model.SeleniumActionRetryController.performAction(SeleniumActionRetryController.java:96)
com.kms.katalon.core.webui.model.SeleniumActionRetryController.performAction(SeleniumActionRetryController.java:83)
com.kms.katalon.core.webui.keyword.internal.WebUIKeywordMain$_runKeywordUntilTimeout_closure1.doCall(WebUIKeywordMain.groovy:135)
com.kms.katalon.core.webui.keyword.internal.WebUIKeywordMain$_runKeywordUntilTimeout_closure1.call(WebUIKeywordMain.groovy)
com.kms.katalon.core.webui.keyword.internal.WebUIKeywordMain.runKeyword(WebUIKeywordMain.groovy:41)
com.kms.katalon.core.webui.keyword.internal.WebUIKeywordMain.runKeywordUntilTimeout(WebUIKeywordMain.groovy:133)
com.kms.katalon.core.webui.keyword.builtin.ClickKeyword.click(ClickKeyword.groovy:72)
com.kms.katalon.core.webui.keyword.builtin.ClickKeyword.execute(ClickKeyword.groovy:38)
com.kms.katalon.core.keyword.internal.KeywordExecutor.executeKeywordForPlatform(KeywordExecutor.groovy:90)
com.kms.katalon.core.webui.keyword.WebUiBuiltInKeywords.click(WebUiBuiltInKeywords.groovy:721)
Tableau.run(Tableau:104)
</property>
</record>
<record>
  <date>2026-07-29T05:37:35.274017Z</date>
  <millis>1785303455274</millis>
  <nanos>17000</nanos>
  <sequence>699</sequence>
  <level>END</level>
  <class>com.kms.katalon.core.logging.XmlKeywordLogger</class>
  <method>endKeyword</method>
  <thread>1</thread>
  <message>End action : click(findTestObject(&amp;quot;BRINESIA UI/Tableau/Menu Default/btnBack&amp;quot;))</message>
  <nestedLevel>1</nestedLevel>
  <escapedJava>false</escapedJava>
</record>
<record>
  <date>2026-07-29T05:37:35.274017Z</date>
  <millis>1785303455274</millis>
  <nanos>17000</nanos>
  <sequence>700</sequence>
  <level>START</level>
  <class>com.kms.katalon.core.logging.XmlKeywordLogger</class>
  <method>startKeyword</method>
  <thread>1</thread>
  <message>Start action : click(findTestObject(&amp;quot;BRINESIA UI/Tableau/Menu Default/dataRM&amp;quot;))</message>
  <nestedLevel>1</nestedLevel>
  <escapedJava>false</escapedJava>
  <property name="startLine">106</property>
  <property name="stepIndex">36</property>
</record>
<record>
  <date>2026-07-29T05:37:37.067287700Z</date>
  <millis>1785303457067</millis>
  <nanos>287700</nanos>
  <sequence>711</sequence>
  <level>PASSED</level>
  <class>com.kms.katalon.core.logging.XmlKeywordLogger</class>
  <method>logMessage</method>
  <thread>1</thread>
  <message>Object: &amp;apos;Object Repository/BRINESIA UI/Tableau/Menu Default/dataRM&amp;apos; is clicked on</message>
  <nestedLevel>1</nestedLevel>
  <escapedJava>false</escapedJava>
  <property name="testops-method-name">com.kms.katalon.core.webui.keyword.internal.WebUIKeywordMain.runKeywordUntilTimeout</property>
  <property name="testops-execution-stacktrace">com.kms.katalon.core.logging.KeywordLogger.logPassed(KeywordLogger.java:332)
com.kms.katalon.core.logging.KeywordLogger.logPassed(KeywordLogger.java:327)
com.kms.katalon.core.webui.keyword.builtin.ClickKeyword$_click_closure1.doCall(ClickKeyword.groovy:66)
jdk.internal.reflect.GeneratedMethodAccessor23.invoke(Unknown Source)
java.base/jdk.internal.reflect.DelegatingMethodAccessorImpl.invoke(DelegatingMethodAccessorImpl.java:43)
jdk.proxy2/jdk.proxy2.$Proxy50.execute(Unknown Source)
com.kms.katalon.core.webui.model.SeleniumActionRetryController.performAction(SeleniumActionRetryController.java:96)
com.kms.katalon.core.webui.model.SeleniumActionRetryController.performAction(SeleniumActionRetryController.java:83)
com.kms.katalon.core.webui.keyword.internal.WebUIKeywordMain$_runKeywordUntilTimeout_closure1.doCall(WebUIKeywordMain.groovy:135)
com.kms.katalon.core.webui.keyword.internal.WebUIKeywordMain$_runKeywordUntilTimeout_closure1.call(WebUIKeywordMain.groovy)
com.kms.katalon.core.webui.keyword.internal.WebUIKeywordMain.runKeyword(WebUIKeywordMain.groovy:41)
com.kms.katalon.core.webui.keyword.internal.WebUIKeywordMain.runKeywordUntilTimeout(WebUIKeywordMain.groovy:133)
com.kms.katalon.core.webui.keyword.builtin.ClickKeyword.click(ClickKeyword.groovy:72)
com.kms.katalon.core.webui.keyword.builtin.ClickKeyword.execute(ClickKeyword.groovy:38)
com.kms.katalon.core.keyword.internal.KeywordExecutor.executeKeywordForPlatform(KeywordExecutor.groovy:90)
com.kms.katalon.core.webui.keyword.WebUiBuiltInKeywords.click(WebUiBuiltInKeywords.groovy:721)
Tableau.run(Tableau:106)
</property>
</record>
<record>
  <date>2026-07-29T05:37:37.068675600Z</date>
  <millis>1785303457068</millis>
  <nanos>675600</nanos>
  <sequence>712</sequence>
  <level>END</level>
  <class>com.kms.katalon.core.logging.XmlKeywordLogger</class>
  <method>endKeyword</method>
  <thread>1</thread>
  <message>End action : click(findTestObject(&amp;quot;BRINESIA UI/Tableau/Menu Default/dataRM&amp;quot;))</message>
  <nestedLevel>1</nestedLevel>
  <escapedJava>false</escapedJava>
</record>
<record>
  <date>2026-07-29T05:37:37.069671700Z</date>
  <millis>1785303457069</millis>
  <nanos>671700</nanos>
  <sequence>713</sequence>
  <level>START</level>
  <class>com.kms.katalon.core.logging.XmlKeywordLogger</class>
  <method>startKeyword</method>
  <thread>1</thread>
  <message>Start action : delay(10)</message>
  <nestedLevel>1</nestedLevel>
  <escapedJava>false</escapedJava>
  <property name="startLine">108</property>
  <property name="stepIndex">37</property>
</record>
<record>
  <date>2026-07-29T05:37:47.088681200Z</date>
  <millis>1785303467088</millis>
  <nanos>681200</nanos>
  <sequence>716</sequence>
  <level>PASSED</level>
  <class>com.kms.katalon.core.logging.XmlKeywordLogger</class>
  <method>logMessage</method>
  <thread>1</thread>
  <message>Delayed 10 second(s)</message>
  <nestedLevel>1</nestedLevel>
  <escapedJava>false</escapedJava>
  <property name="testops-method-name">com.kms.katalon.core.keyword.builtin.DelayKeyword.delay</property>
  <property name="testops-execution-stacktrace"></property>
</record>
<record>
  <date>2026-07-29T05:37:47.090703900Z</date>
  <millis>1785303467090</millis>
  <nanos>703900</nanos>
  <sequence>717</sequence>
  <level>END</level>
  <class>com.kms.katalon.core.logging.XmlKeywordLogger</class>
  <method>endKeyword</method>
  <thread>1</thread>
  <message>End action : delay(10)</message>
  <nestedLevel>1</nestedLevel>
  <escapedJava>false</escapedJava>
</record>
<record>
  <date>2026-07-29T05:37:47.091699600Z</date>
  <millis>1785303467091</millis>
  <nanos>699600</nanos>
  <sequence>718</sequence>
  <level>START</level>
  <class>com.kms.katalon.core.logging.XmlKeywordLogger</class>
  <method>startKeyword</method>
  <thread>1</thread>
  <message>Start action : urlRM = getUrl()</message>
  <nestedLevel>1</nestedLevel>
  <escapedJava>false</escapedJava>
  <property name="startLine">110</property>
  <property name="stepIndex">38</property>
</record>
<record>
  <date>2026-07-29T05:37:47.121910800Z</date>
  <millis>1785303467121</millis>
  <nanos>910800</nanos>
  <sequence>721</sequence>
  <level>PASSED</level>
  <class>com.kms.katalon.core.logging.XmlKeywordLogger</class>
  <method>logMessage</method>
  <thread>1</thread>
  <message>Current window&amp;apos;s url is: &amp;apos;https://mis.brins.co.id/#/site/DOB/views/DashboardProduksiPerLOA/DashboardProduksiPerLOA-RelationshipManager?:iid=1&amp;apos;</message>
  <nestedLevel>1</nestedLevel>
  <escapedJava>false</escapedJava>
  <property name="testops-method-name">com.kms.katalon.core.webui.keyword.builtin.GetUrlKeyword.getUrl</property>
  <property name="testops-execution-stacktrace"></property>
</record>
<record>
  <date>2026-07-29T05:37:47.123904900Z</date>
  <millis>1785303467123</millis>
  <nanos>904900</nanos>
  <sequence>722</sequence>
  <level>END</level>
  <class>com.kms.katalon.core.logging.XmlKeywordLogger</class>
  <method>endKeyword</method>
  <thread>1</thread>
  <message>End action : urlRM = getUrl()</message>
  <nestedLevel>1</nestedLevel>
  <escapedJava>false</escapedJava>
</record>
<record>
  <date>2026-07-29T05:37:47.124972100Z</date>
  <millis>1785303467124</millis>
  <nanos>972100</nanos>
  <sequence>723</sequence>
  <level>START</level>
  <class>com.kms.katalon.core.logging.XmlKeywordLogger</class>
  <method>startKeyword</method>
  <thread>1</thread>
  <message>Start action : assert urlRM.contains(&amp;quot;DashboardProduksiPerLOA-RelationshipManager&amp;quot;)</message>
  <nestedLevel>1</nestedLevel>
  <escapedJava>false</escapedJava>
  <property name="startLine">112</property>
  <property name="stepIndex">39</property>
</record>
<record>
  <date>2026-07-29T05:37:47.126962800Z</date>
  <millis>1785303467126</millis>
  <nanos>962800</nanos>
  <sequence>724</sequence>
  <level>END</level>
  <class>com.kms.katalon.core.logging.XmlKeywordLogger</class>
  <method>endKeyword</method>
  <thread>1</thread>
  <message>End action : assert urlRM.contains(&amp;quot;DashboardProduksiPerLOA-RelationshipManager&amp;quot;)</message>
  <nestedLevel>1</nestedLevel>
  <escapedJava>false</escapedJava>
</record>
<record>
  <date>2026-07-29T05:37:47.126962800Z</date>
  <millis>1785303467126</millis>
  <nanos>962800</nanos>
  <sequence>725</sequence>
  <level>START</level>
  <class>com.kms.katalon.core.logging.XmlKeywordLogger</class>
  <method>startKeyword</method>
  <thread>1</thread>
  <message>Start action : screenshotPathRM = $projectDir/Screenshots/Evidence_POSITIVE_DashboardRM_$timestamp.png</message>
  <nestedLevel>1</nestedLevel>
  <escapedJava>false</escapedJava>
  <property name="startLine">116</property>
  <property name="stepIndex">40</property>
</record>
<record>
  <date>2026-07-29T05:37:47.130155900Z</date>
  <millis>1785303467130</millis>
  <nanos>155900</nanos>
  <sequence>726</sequence>
  <level>END</level>
  <class>com.kms.katalon.core.logging.XmlKeywordLogger</class>
  <method>endKeyword</method>
  <thread>1</thread>
  <message>End action : screenshotPathRM = $projectDir/Screenshots/Evidence_POSITIVE_DashboardRM_$timestamp.png</message>
  <nestedLevel>1</nestedLevel>
  <escapedJava>false</escapedJava>
</record>
<record>
  <date>2026-07-29T05:37:47.130928400Z</date>
  <millis>1785303467130</millis>
  <nanos>928400</nanos>
  <sequence>727</sequence>
  <level>START</level>
  <class>com.kms.katalon.core.logging.XmlKeywordLogger</class>
  <method>startKeyword</method>
  <thread>1</thread>
  <message>Start action : takeScreenshot(screenshotPathRM)</message>
  <nestedLevel>1</nestedLevel>
  <escapedJava>false</escapedJava>
  <property name="startLine">118</property>
  <property name="stepIndex">41</property>
</record>
<record>
  <date>2026-07-29T05:37:47.524485700Z</date>
  <millis>1785303467524</millis>
  <nanos>485700</nanos>
  <sequence>730</sequence>
  <level>PASSED</level>
  <class>com.kms.katalon.core.logging.XmlKeywordLogger</class>
  <method>logMessage</method>
  <thread>1</thread>
  <message>Taking screenshot successfully</message>
  <nestedLevel>1</nestedLevel>
  <escapedJava>false</escapedJava>
  <property name="attachment">C:/Users/TTECH-0251/git/AutoAPI/Screenshots/Evidence_POSITIVE_DashboardRM_29.07.2026_(12.36.34).png</property>
  <property name="testops-method-name">com.kms.katalon.core.webui.keyword.builtin.TakeScreenshotKeyword.takeScreenshot</property>
  <property name="testops-execution-stacktrace"></property>
</record>
<record>
  <date>2026-07-29T05:37:47.526475400Z</date>
  <millis>1785303467526</millis>
  <nanos>475400</nanos>
  <sequence>731</sequence>
  <level>END</level>
  <class>com.kms.katalon.core.logging.XmlKeywordLogger</class>
  <method>endKeyword</method>
  <thread>1</thread>
  <message>End action : takeScreenshot(screenshotPathRM)</message>
  <nestedLevel>1</nestedLevel>
  <escapedJava>false</escapedJava>
</record>
<record>
  <date>2026-07-29T05:37:47.526475400Z</date>
  <millis>1785303467526</millis>
  <nanos>475400</nanos>
  <sequence>732</sequence>
  <level>START</level>
  <class>com.kms.katalon.core.logging.XmlKeywordLogger</class>
  <method>startKeyword</method>
  <thread>1</thread>
  <message>Start action : delay(5)</message>
  <nestedLevel>1</nestedLevel>
  <escapedJava>false</escapedJava>
  <property name="startLine">120</property>
  <property name="stepIndex">42</property>
</record>
<record>
  <date>2026-07-29T05:37:52.540146500Z</date>
  <millis>1785303472540</millis>
  <nanos>146500</nanos>
  <sequence>735</sequence>
  <level>PASSED</level>
  <class>com.kms.katalon.core.logging.XmlKeywordLogger</class>
  <method>logMessage</method>
  <thread>1</thread>
  <message>Delayed 5 second(s)</message>
  <nestedLevel>1</nestedLevel>
  <escapedJava>false</escapedJava>
  <property name="testops-method-name">com.kms.katalon.core.keyword.builtin.DelayKeyword.delay</property>
  <property name="testops-execution-stacktrace"></property>
</record>
<record>
  <date>2026-07-29T05:37:52.542283300Z</date>
  <millis>1785303472542</millis>
  <nanos>283300</nanos>
  <sequence>736</sequence>
  <level>END</level>
  <class>com.kms.katalon.core.logging.XmlKeywordLogger</class>
  <method>endKeyword</method>
  <thread>1</thread>
  <message>End action : delay(5)</message>
  <nestedLevel>1</nestedLevel>
  <escapedJava>false</escapedJava>
</record>
<record>
  <date>2026-07-29T05:37:52.542283300Z</date>
  <millis>1785303472542</millis>
  <nanos>283300</nanos>
  <sequence>737</sequence>
  <level>START</level>
  <class>com.kms.katalon.core.logging.XmlKeywordLogger</class>
  <method>startKeyword</method>
  <thread>1</thread>
  <message>Start action : click(findTestObject(&amp;quot;BRINESIA UI/Tableau/Menu Default/btnBack&amp;quot;))</message>
  <nestedLevel>1</nestedLevel>
  <escapedJava>false</escapedJava>
  <property name="startLine">122</property>
  <property name="stepIndex">43</property>
</record>
<record>
  <date>2026-07-29T05:37:53.112397300Z</date>
  <millis>1785303473112</millis>
  <nanos>397300</nanos>
  <sequence>748</sequence>
  <level>PASSED</level>
  <class>com.kms.katalon.core.logging.XmlKeywordLogger</class>
  <method>logMessage</method>
  <thread>1</thread>
  <message>Object: &amp;apos;Object Repository/BRINESIA UI/Tableau/Menu Default/btnBack&amp;apos; is clicked on</message>
  <nestedLevel>1</nestedLevel>
  <escapedJava>false</escapedJava>
  <property name="testops-method-name">com.kms.katalon.core.webui.keyword.internal.WebUIKeywordMain.runKeywordUntilTimeout</property>
  <property name="testops-execution-stacktrace">com.kms.katalon.core.logging.KeywordLogger.logPassed(KeywordLogger.java:332)
com.kms.katalon.core.logging.KeywordLogger.logPassed(KeywordLogger.java:327)
com.kms.katalon.core.webui.keyword.builtin.ClickKeyword$_click_closure1.doCall(ClickKeyword.groovy:66)
jdk.internal.reflect.GeneratedMethodAccessor23.invoke(Unknown Source)
java.base/jdk.internal.reflect.DelegatingMethodAccessorImpl.invoke(DelegatingMethodAccessorImpl.java:43)
jdk.proxy2/jdk.proxy2.$Proxy50.execute(Unknown Source)
com.kms.katalon.core.webui.model.SeleniumActionRetryController.performAction(SeleniumActionRetryController.java:96)
com.kms.katalon.core.webui.model.SeleniumActionRetryController.performAction(SeleniumActionRetryController.java:83)
com.kms.katalon.core.webui.keyword.internal.WebUIKeywordMain$_runKeywordUntilTimeout_closure1.doCall(WebUIKeywordMain.groovy:135)
com.kms.katalon.core.webui.keyword.internal.WebUIKeywordMain$_runKeywordUntilTimeout_closure1.call(WebUIKeywordMain.groovy)
com.kms.katalon.core.webui.keyword.internal.WebUIKeywordMain.runKeyword(WebUIKeywordMain.groovy:41)
com.kms.katalon.core.webui.keyword.internal.WebUIKeywordMain.runKeywordUntilTimeout(WebUIKeywordMain.groovy:133)
com.kms.katalon.core.webui.keyword.builtin.ClickKeyword.click(ClickKeyword.groovy:72)
com.kms.katalon.core.webui.keyword.builtin.ClickKeyword.execute(ClickKeyword.groovy:38)
com.kms.katalon.core.keyword.internal.KeywordExecutor.executeKeywordForPlatform(KeywordExecutor.groovy:90)
com.kms.katalon.core.webui.keyword.WebUiBuiltInKeywords.click(WebUiBuiltInKeywords.groovy:721)
Tableau.run(Tableau:122)
</property>
</record>
<record>
  <date>2026-07-29T05:37:53.112894200Z</date>
  <millis>1785303473112</millis>
  <nanos>894200</nanos>
  <sequence>749</sequence>
  <level>END</level>
  <class>com.kms.katalon.core.logging.XmlKeywordLogger</class>
  <method>endKeyword</method>
  <thread>1</thread>
  <message>End action : click(findTestObject(&amp;quot;BRINESIA UI/Tableau/Menu Default/btnBack&amp;quot;))</message>
  <nestedLevel>1</nestedLevel>
  <escapedJava>false</escapedJava>
</record>
<record>
  <date>2026-07-29T05:37:53.114727200Z</date>
  <millis>1785303473114</millis>
  <nanos>727200</nanos>
  <sequence>750</sequence>
  <level>PASSED</level>
  <class>com.kms.katalon.core.logging.XmlKeywordLogger</class>
  <method>logMessage</method>
  <thread>1</thread>
  <message>Test Cases/BRINESIA UI/BRINSCREEN/Tableau</message>
  <nestedLevel>1</nestedLevel>
  <escapedJava>false</escapedJava>
</record>
<record>
  <date>2026-07-29T05:37:53.115720200Z</date>
  <millis>1785303473115</millis>
  <nanos>720200</nanos>
  <sequence>751</sequence>
  <level>START</level>
  <class>com.kms.katalon.core.logging.XmlKeywordLogger</class>
  <method>startKeyword</method>
  <thread>1</thread>
  <message>Start listener action : takeScreenshotAfterTestCase</message>
  <nestedLevel>1</nestedLevel>
  <escapedJava>false</escapedJava>
</record>
<record>
  <date>2026-07-29T05:37:53.115720200Z</date>
  <millis>1785303473115</millis>
  <nanos>720200</nanos>
  <sequence>753</sequence>
  <level>START</level>
  <class>com.kms.katalon.core.logging.XmlKeywordLogger</class>
  <method>startKeyword</method>
  <thread>1</thread>
  <message>Start action : timestamp = Date().format(&amp;quot;dd.MM.yyyy_(HH.mm.ss)&amp;quot;)</message>
  <nestedLevel>1</nestedLevel>
  <escapedJava>false</escapedJava>
  <property name="startLine">17</property>
  <property name="stepIndex">1</property>
</record>
<record>
  <date>2026-07-29T05:37:53.116724700Z</date>
  <millis>1785303473116</millis>
  <nanos>724700</nanos>
  <sequence>754</sequence>
  <level>END</level>
  <class>com.kms.katalon.core.logging.XmlKeywordLogger</class>
  <method>endKeyword</method>
  <thread>1</thread>
  <message>End action : timestamp = Date().format(&amp;quot;dd.MM.yyyy_(HH.mm.ss)&amp;quot;)</message>
  <nestedLevel>1</nestedLevel>
  <escapedJava>false</escapedJava>
</record>
<record>
  <date>2026-07-29T05:37:53.117219700Z</date>
  <millis>1785303473117</millis>
  <nanos>219700</nanos>
  <sequence>755</sequence>
  <level>START</level>
  <class>com.kms.katalon.core.logging.XmlKeywordLogger</class>
  <method>startKeyword</method>
  <thread>1</thread>
  <message>Start action : projectDir = getProjectDir()</message>
  <nestedLevel>1</nestedLevel>
  <escapedJava>false</escapedJava>
  <property name="startLine">18</property>
  <property name="stepIndex">2</property>
</record>
<record>
  <date>2026-07-29T05:37:53.117441800Z</date>
  <millis>1785303473117</millis>
  <nanos>441800</nanos>
  <sequence>756</sequence>
  <level>END</level>
  <class>com.kms.katalon.core.logging.XmlKeywordLogger</class>
  <method>endKeyword</method>
  <thread>1</thread>
  <message>End action : projectDir = getProjectDir()</message>
  <nestedLevel>1</nestedLevel>
  <escapedJava>false</escapedJava>
</record>
<record>
  <date>2026-07-29T05:37:53.117441800Z</date>
  <millis>1785303473117</millis>
  <nanos>441800</nanos>
  <sequence>757</sequence>
  <level>START</level>
  <class>com.kms.katalon.core.logging.XmlKeywordLogger</class>
  <method>startKeyword</method>
  <thread>1</thread>
  <message>Start action : testCaseName = getTestCaseId().replace(&amp;quot;/&amp;quot;, &amp;quot;_&amp;quot;)</message>
  <nestedLevel>1</nestedLevel>
  <escapedJava>false</escapedJava>
  <property name="startLine">19</property>
  <property name="stepIndex">3</property>
</record>
<record>
  <date>2026-07-29T05:37:53.117938500Z</date>
  <millis>1785303473117</millis>
  <nanos>938500</nanos>
  <sequence>758</sequence>
  <level>END</level>
  <class>com.kms.katalon.core.logging.XmlKeywordLogger</class>
  <method>endKeyword</method>
  <thread>1</thread>
  <message>End action : testCaseName = getTestCaseId().replace(&amp;quot;/&amp;quot;, &amp;quot;_&amp;quot;)</message>
  <nestedLevel>1</nestedLevel>
  <escapedJava>false</escapedJava>
</record>
<record>
  <date>2026-07-29T05:37:53.118435300Z</date>
  <millis>1785303473118</millis>
  <nanos>435300</nanos>
  <sequence>759</sequence>
  <level>START</level>
  <class>com.kms.katalon.core.logging.XmlKeywordLogger</class>
  <method>startKeyword</method>
  <thread>1</thread>
  <message>Start action : status = testCaseContext.getTestCaseStatus()</message>
  <nestedLevel>1</nestedLevel>
  <escapedJava>false</escapedJava>
  <property name="startLine">21</property>
  <property name="stepIndex">4</property>
</record>
<record>
  <date>2026-07-29T05:37:53.118933100Z</date>
  <millis>1785303473118</millis>
  <nanos>933100</nanos>
  <sequence>760</sequence>
  <level>END</level>
  <class>com.kms.katalon.core.logging.XmlKeywordLogger</class>
  <method>endKeyword</method>
  <thread>1</thread>
  <message>End action : status = testCaseContext.getTestCaseStatus()</message>
  <nestedLevel>1</nestedLevel>
  <escapedJava>false</escapedJava>
</record>
<record>
  <date>2026-07-29T05:37:53.119429600Z</date>
  <millis>1785303473119</millis>
  <nanos>429600</nanos>
  <sequence>761</sequence>
  <level>START</level>
  <class>com.kms.katalon.core.logging.XmlKeywordLogger</class>
  <method>startKeyword</method>
  <thread>1</thread>
  <message>Start action : fullPath = $projectDir/Screenshots/Evidence_$status_$timestamp.png</message>
  <nestedLevel>1</nestedLevel>
  <escapedJava>false</escapedJava>
  <property name="startLine">25</property>
  <property name="stepIndex">5</property>
</record>
<record>
  <date>2026-07-29T05:37:53.119925900Z</date>
  <millis>1785303473119</millis>
  <nanos>925900</nanos>
  <sequence>762</sequence>
  <level>END</level>
  <class>com.kms.katalon.core.logging.XmlKeywordLogger</class>
  <method>endKeyword</method>
  <thread>1</thread>
  <message>End action : fullPath = $projectDir/Screenshots/Evidence_$status_$timestamp.png</message>
  <nestedLevel>1</nestedLevel>
  <escapedJava>false</escapedJava>
</record>
<record>
  <date>2026-07-29T05:37:53.119925900Z</date>
  <millis>1785303473119</millis>
  <nanos>925900</nanos>
  <sequence>763</sequence>
  <level>START</level>
  <class>com.kms.katalon.core.logging.XmlKeywordLogger</class>
  <method>startKeyword</method>
  <thread>1</thread>
  <message>Start action : takeScreenshot(fullPath)</message>
  <nestedLevel>1</nestedLevel>
  <escapedJava>false</escapedJava>
  <property name="startLine">28</property>
  <property name="stepIndex">6</property>
</record>
<record>
  <date>2026-07-29T05:37:54.753143200Z</date>
  <millis>1785303474753</millis>
  <nanos>143200</nanos>
  <sequence>766</sequence>
  <level>PASSED</level>
  <class>com.kms.katalon.core.logging.XmlKeywordLogger</class>
  <method>logMessage</method>
  <thread>1</thread>
  <message>Taking screenshot successfully</message>
  <nestedLevel>1</nestedLevel>
  <escapedJava>false</escapedJava>
  <property name="attachment">C:/Users/TTECH-0251/git/AutoAPI/Screenshots/Evidence_PASSED_29.07.2026_(12.37.53).png</property>
  <property name="testops-method-name">com.kms.katalon.core.webui.keyword.builtin.TakeScreenshotKeyword.takeScreenshot</property>
  <property name="testops-execution-stacktrace"></property>
</record>
<record>
  <date>2026-07-29T05:37:54.753143200Z</date>
  <millis>1785303474753</millis>
  <nanos>143200</nanos>
  <sequence>767</sequence>
  <level>END</level>
  <class>com.kms.katalon.core.logging.XmlKeywordLogger</class>
  <method>endKeyword</method>
  <thread>1</thread>
  <message>End action : takeScreenshot(fullPath)</message>
  <nestedLevel>1</nestedLevel>
  <escapedJava>false</escapedJava>
</record>
<record>
  <date>2026-07-29T05:37:54.753143200Z</date>
  <millis>1785303474753</millis>
  <nanos>143200</nanos>
  <sequence>768</sequence>
  <level>START</level>
  <class>com.kms.katalon.core.logging.XmlKeywordLogger</class>
  <method>startKeyword</method>
  <thread>1</thread>
  <message>Start action : println(&amp;quot;Screenshot disimpan: &amp;quot; + fullPath)</message>
  <nestedLevel>1</nestedLevel>
  <escapedJava>false</escapedJava>
  <property name="startLine">30</property>
  <property name="stepIndex">7</property>
</record>
<record>
  <date>2026-07-29T05:37:54.753143200Z</date>
  <millis>1785303474753</millis>
  <nanos>143200</nanos>
  <sequence>770</sequence>
  <level>END</level>
  <class>com.kms.katalon.core.logging.XmlKeywordLogger</class>
  <method>endKeyword</method>
  <thread>1</thread>
  <message>End action : println(&amp;quot;Screenshot disimpan: &amp;quot; + fullPath)</message>
  <nestedLevel>1</nestedLevel>
  <escapedJava>false</escapedJava>
</record>
<record>
  <date>2026-07-29T05:37:54.753143200Z</date>
  <millis>1785303474753</millis>
  <nanos>143200</nanos>
  <sequence>771</sequence>
  <level>END</level>
  <class>com.kms.katalon.core.logging.XmlKeywordLogger</class>
  <method>endKeyword</method>
  <thread>1</thread>
  <message>End listener action : takeScreenshotAfterTestCase</message>
  <nestedLevel>1</nestedLevel>
  <escapedJava>false</escapedJava>
</record>
<record>
  <date>2026-07-29T05:37:54.754221500Z</date>
  <millis>1785303474754</millis>
  <nanos>221500</nanos>
  <sequence>772</sequence>
  <level>END</level>
  <class>com.kms.katalon.core.logging.XmlKeywordLogger</class>
  <method>endTest</method>
  <thread>1</thread>
  <message>End Test Case : Test Cases/BRINESIA UI/BRINSCREEN/Tableau</message>
  <nestedLevel>0</nestedLevel>
  <escapedJava>false</escapedJava>
  <property name="executionBindingVariables">[]</property>
  <property name="applitools">false</property>
  <property name="executedKeywords">{
  &quot;WebUI.maximizeWindow&quot;: 1,
  &quot;WebUI.getUrl&quot;: 3,
  &quot;WebUI.click&quot;: 11,
  &quot;WebUI.takeScreenshot&quot;: 5,
  &quot;WebUI.verifyTextPresent&quot;: 1,
  &quot;WebUI.refresh&quot;: 1,
  &quot;WebUI.openBrowser&quot;: 1,
  &quot;BuiltIn.delay&quot;: 8,
  &quot;WebUI.setText&quot;: 4
}</property>
  <property name="keywordsUsage">{
  &quot;web_ui&quot;: true,
  &quot;web_service&quot;: false,
  &quot;cucumber&quot;: false,
  &quot;builtin&quot;: true,
  &quot;mobile&quot;: false,
  &quot;windows&quot;: false,
  &quot;testng&quot;: false
}</property>
</record>
<record>
  <date>2026-07-29T05:37:55.490905100Z</date>
  <millis>1785303475490</millis>
  <nanos>905100</nanos>
  <sequence>773</sequence>
  <level>END</level>
  <class>com.kms.katalon.core.logging.XmlKeywordLogger</class>
  <method>endSuite</method>
  <thread>1</thread>
  <message>End Test Suite : Test Suites/BrinScreen/BrinScreenBook</message>
  <nestedLevel>0</nestedLevel>
  <escapedJava>false</escapedJava>
</record>
</log>
