2026-06-17 09:48:23.406 INFO  c.k.katalon.core.main.TestSuiteExecutor  - START Test Suites/API/Pembukuan/pembukuanAPI
2026-06-17 09:48:24.099 INFO  c.k.katalon.core.main.TestSuiteExecutor  - userFullName = Quality Assurance
2026-06-17 09:48:24.120 INFO  c.k.katalon.core.main.TestSuiteExecutor  - projectName = AutoAPI
2026-06-17 09:48:24.124 INFO  c.k.katalon.core.main.TestSuiteExecutor  - hostName = ACER - DESKTOP-RC89JE8
2026-06-17 09:48:24.126 INFO  c.k.katalon.core.main.TestSuiteExecutor  - os = Windows 10 64bit
2026-06-17 09:48:24.129 INFO  c.k.katalon.core.main.TestSuiteExecutor  - hostAddress = 10.1.48.125
2026-06-17 09:48:24.132 INFO  c.k.katalon.core.main.TestSuiteExecutor  - katalonVersion = 10.3.1.0
2026-06-17 09:48:25.738 INFO  c.k.katalon.core.main.TestCaseExecutor   - --------------------
2026-06-17 09:48:25.740 INFO  c.k.katalon.core.main.TestCaseExecutor   - START Test Cases/API/CoveringValidation/CovVal_26687
2026-06-17 09:48:27.204 DEBUG testcase.CovVal_26687                    - 1: data = findTestData("Data Files/CoveringValidation/CoveringVal")
2026-06-17 09:48:28.404 DEBUG testcase.CovVal_26687                    - 2: totalRow = data.getRowNumbers()
2026-06-17 09:48:28.578 DEBUG testcase.CovVal_26687                    - 3: println("Total Data : " + totalRow)
Total Data : 103
2026-06-17 09:48:28.639 DEBUG testcase.CovVal_26687                    - 4: for ([row = 1, row <= totalRow, (row++)])
2026-06-17 09:48:28.716 DEBUG testcase.CovVal_26687                    - 1: unikKey = data.getValue("ChannelUniqueKeyId", row)
2026-06-17 09:48:28.789 DEBUG testcase.CovVal_26687                    - 2: requestId = currentTimeMillis().toString() + row
2026-06-17 09:48:28.830 DEBUG testcase.CovVal_26687                    - 3: response = sendRequest(findTestObject("API/Posts/CoveringValidation/CovVal_26687", ["ChannelUniqueKeyId":unikKey]))
2026-06-17 09:48:34.774 INFO  c.k.k.core.webservice.common.HarLogger   - HAR: C:\Users\ACER\git\AutoAPI\Reports\20260617_094815\API\Pembukuan\pembukuanAPI\20260617_094815\requests\main\CovVal_26687_0.har
2026-06-17 09:48:34.966 DEBUG testcase.CovVal_26687                    - 4: println("==============================")
==============================
2026-06-17 09:48:34.983 DEBUG testcase.CovVal_26687                    - 5: println("Row                : " + row)
Row                : 1
2026-06-17 09:48:34.992 DEBUG testcase.CovVal_26687                    - 6: println("Channel Unique Key Id     : " + unikKey)
Channel Unique Key Id     : 1000000000000501
2026-06-17 09:48:34.999 DEBUG testcase.CovVal_26687                    - 7: println("HTTP Status        : " + response.getStatusCode())
HTTP Status        : 200
2026-06-17 09:48:35.042 DEBUG testcase.CovVal_26687                    - 8: println("Response Body      : " + response.getResponseBodyContent())
Response Body      : {"ResponseCode":"00","ResponseDescription":"Success","ResponseException":"","FIDJenisPengajuan":"1","JenisPengajuan":"New","UrutanPengajuan":"1","FIDJenisCovering":"1","JenisCovering":"Conditional Automatic Cover","TanggalMulaiCovering":"31\/07\/2025","TanggalAkhirCovering":"01\/08\/2025","NominalPremi":"30000.00","RemarkPremi":"BRISURF_COV_26687_1000000000000501_01","NomorRekeningGiroPremi":"020601000102311","NamaRekeningGiroPremi":"PT BRI ASURANSI INDONESIA","NominalPertanggungan":"15000000.00","NominalCoverage":"15000000.00","NominalFeeCovering":"4500.00","NominalPajakCovering":"495.00","RemarkFeePremi":"BRISURF_COV_26687_1000000000000501_01","PersentasePertanggungan":"100","PersentaseCoverage":"100","OriginalPremi":"30000.00","DiscountPremi":0,"NominalPremiExtra":0,"NominalPremiBebanNasabah":0,"NominalPremiBebanBRI":0,"Signature":"051a4d51598945b55819c6fcff437c4f"}
2026-06-17 09:48:35.064 DEBUG testcase.CovVal_26687                    - 1: unikKey = data.getValue("ChannelUniqueKeyId", row)
2026-06-17 09:48:35.070 DEBUG testcase.CovVal_26687                    - 2: requestId = currentTimeMillis().toString() + row
2026-06-17 09:48:35.079 DEBUG testcase.CovVal_26687                    - 3: response = sendRequest(findTestObject("API/Posts/CoveringValidation/CovVal_26687", ["ChannelUniqueKeyId":unikKey]))
2026-06-17 09:48:38.074 INFO  c.k.k.core.webservice.common.HarLogger   - HAR: C:\Users\ACER\git\AutoAPI\Reports\20260617_094815\API\Pembukuan\pembukuanAPI\20260617_094815\requests\main\CovVal_26687_1.har
2026-06-17 09:48:38.093 DEBUG testcase.CovVal_26687                    - 4: println("==============================")
==============================
2026-06-17 09:48:38.096 DEBUG testcase.CovVal_26687                    - 5: println("Row                : " + row)
Row                : 2
2026-06-17 09:48:38.098 DEBUG testcase.CovVal_26687                    - 6: println("Channel Unique Key Id     : " + unikKey)
Channel Unique Key Id     : 1000000000000502
2026-06-17 09:48:38.100 DEBUG testcase.CovVal_26687                    - 7: println("HTTP Status        : " + response.getStatusCode())
HTTP Status        : 200
2026-06-17 09:48:38.104 DEBUG testcase.CovVal_26687                    - 8: println("Response Body      : " + response.getResponseBodyContent())
Response Body      : {"ResponseCode":"00","ResponseDescription":"Success","ResponseException":"","FIDJenisPengajuan":"1","JenisPengajuan":"New","UrutanPengajuan":"1","FIDJenisCovering":"1","JenisCovering":"Conditional Automatic Cover","TanggalMulaiCovering":"31\/07\/2025","TanggalAkhirCovering":"01\/08\/2025","NominalPremi":"30000.00","RemarkPremi":"BRISURF_COV_26687_1000000000000502_01","NomorRekeningGiroPremi":"020601000102311","NamaRekeningGiroPremi":"PT BRI ASURANSI INDONESIA","NominalPertanggungan":"15000000.00","NominalCoverage":"15000000.00","NominalFeeCovering":"4500.00","NominalPajakCovering":"495.00","RemarkFeePremi":"BRISURF_COV_26687_1000000000000502_01","PersentasePertanggungan":"100","PersentaseCoverage":"100","OriginalPremi":"30000.00","DiscountPremi":0,"NominalPremiExtra":0,"NominalPremiBebanNasabah":0,"NominalPremiBebanBRI":0,"Signature":"051a4d51598945b55819c6fcff437c4f"}
2026-06-17 09:48:38.109 DEBUG testcase.CovVal_26687                    - 1: unikKey = data.getValue("ChannelUniqueKeyId", row)
2026-06-17 09:48:38.112 DEBUG testcase.CovVal_26687                    - 2: requestId = currentTimeMillis().toString() + row
2026-06-17 09:48:38.115 DEBUG testcase.CovVal_26687                    - 3: response = sendRequest(findTestObject("API/Posts/CoveringValidation/CovVal_26687", ["ChannelUniqueKeyId":unikKey]))
2026-06-17 09:48:40.917 INFO  c.k.k.core.webservice.common.HarLogger   - HAR: C:\Users\ACER\git\AutoAPI\Reports\20260617_094815\API\Pembukuan\pembukuanAPI\20260617_094815\requests\main\CovVal_26687_2.har
2026-06-17 09:48:40.929 DEBUG testcase.CovVal_26687                    - 4: println("==============================")
==============================
2026-06-17 09:48:40.930 DEBUG testcase.CovVal_26687                    - 5: println("Row                : " + row)
Row                : 3
2026-06-17 09:48:40.933 DEBUG testcase.CovVal_26687                    - 6: println("Channel Unique Key Id     : " + unikKey)
Channel Unique Key Id     : 1000000000000503
2026-06-17 09:48:40.935 DEBUG testcase.CovVal_26687                    - 7: println("HTTP Status        : " + response.getStatusCode())
HTTP Status        : 200
2026-06-17 09:48:40.937 DEBUG testcase.CovVal_26687                    - 8: println("Response Body      : " + response.getResponseBodyContent())
Response Body      : {"ResponseCode":"00","ResponseDescription":"Success","ResponseException":"","FIDJenisPengajuan":"1","JenisPengajuan":"New","UrutanPengajuan":"1","FIDJenisCovering":"1","JenisCovering":"Conditional Automatic Cover","TanggalMulaiCovering":"31\/07\/2025","TanggalAkhirCovering":"01\/08\/2025","NominalPremi":"30000.00","RemarkPremi":"BRISURF_COV_26687_1000000000000503_01","NomorRekeningGiroPremi":"020601000102311","NamaRekeningGiroPremi":"PT BRI ASURANSI INDONESIA","NominalPertanggungan":"15000000.00","NominalCoverage":"15000000.00","NominalFeeCovering":"4500.00","NominalPajakCovering":"495.00","RemarkFeePremi":"BRISURF_COV_26687_1000000000000503_01","PersentasePertanggungan":"100","PersentaseCoverage":"100","OriginalPremi":"30000.00","DiscountPremi":0,"NominalPremiExtra":0,"NominalPremiBebanNasabah":0,"NominalPremiBebanBRI":0,"Signature":"051a4d51598945b55819c6fcff437c4f"}
2026-06-17 09:48:40.942 DEBUG testcase.CovVal_26687                    - 1: unikKey = data.getValue("ChannelUniqueKeyId", row)
2026-06-17 09:48:40.945 DEBUG testcase.CovVal_26687                    - 2: requestId = currentTimeMillis().toString() + row
2026-06-17 09:48:40.949 DEBUG testcase.CovVal_26687                    - 3: response = sendRequest(findTestObject("API/Posts/CoveringValidation/CovVal_26687", ["ChannelUniqueKeyId":unikKey]))
2026-06-17 09:48:43.912 INFO  c.k.k.core.webservice.common.HarLogger   - HAR: C:\Users\ACER\git\AutoAPI\Reports\20260617_094815\API\Pembukuan\pembukuanAPI\20260617_094815\requests\main\CovVal_26687_3.har
2026-06-17 09:48:43.924 DEBUG testcase.CovVal_26687                    - 4: println("==============================")
==============================
2026-06-17 09:48:43.926 DEBUG testcase.CovVal_26687                    - 5: println("Row                : " + row)
Row                : 4
2026-06-17 09:48:43.928 DEBUG testcase.CovVal_26687                    - 6: println("Channel Unique Key Id     : " + unikKey)
Channel Unique Key Id     : 1000000000000504
2026-06-17 09:48:43.931 DEBUG testcase.CovVal_26687                    - 7: println("HTTP Status        : " + response.getStatusCode())
HTTP Status        : 200
2026-06-17 09:48:43.932 DEBUG testcase.CovVal_26687                    - 8: println("Response Body      : " + response.getResponseBodyContent())
Response Body      : {"ResponseCode":"00","ResponseDescription":"Success","ResponseException":"","FIDJenisPengajuan":"1","JenisPengajuan":"New","UrutanPengajuan":"1","FIDJenisCovering":"1","JenisCovering":"Conditional Automatic Cover","TanggalMulaiCovering":"31\/07\/2025","TanggalAkhirCovering":"01\/08\/2025","NominalPremi":"30000.00","RemarkPremi":"BRISURF_COV_26687_1000000000000504_01","NomorRekeningGiroPremi":"020601000102311","NamaRekeningGiroPremi":"PT BRI ASURANSI INDONESIA","NominalPertanggungan":"15000000.00","NominalCoverage":"15000000.00","NominalFeeCovering":"4500.00","NominalPajakCovering":"495.00","RemarkFeePremi":"BRISURF_COV_26687_1000000000000504_01","PersentasePertanggungan":"100","PersentaseCoverage":"100","OriginalPremi":"30000.00","DiscountPremi":0,"NominalPremiExtra":0,"NominalPremiBebanNasabah":0,"NominalPremiBebanBRI":0,"Signature":"051a4d51598945b55819c6fcff437c4f"}
2026-06-17 09:48:43.934 DEBUG testcase.CovVal_26687                    - 1: unikKey = data.getValue("ChannelUniqueKeyId", row)
2026-06-17 09:48:43.936 DEBUG testcase.CovVal_26687                    - 2: requestId = currentTimeMillis().toString() + row
2026-06-17 09:48:43.941 DEBUG testcase.CovVal_26687                    - 3: response = sendRequest(findTestObject("API/Posts/CoveringValidation/CovVal_26687", ["ChannelUniqueKeyId":unikKey]))
2026-06-17 09:48:46.881 INFO  c.k.k.core.webservice.common.HarLogger   - HAR: C:\Users\ACER\git\AutoAPI\Reports\20260617_094815\API\Pembukuan\pembukuanAPI\20260617_094815\requests\main\CovVal_26687_4.har
2026-06-17 09:48:46.885 DEBUG testcase.CovVal_26687                    - 4: println("==============================")
==============================
2026-06-17 09:48:46.890 DEBUG testcase.CovVal_26687                    - 5: println("Row                : " + row)
Row                : 5
2026-06-17 09:48:46.893 DEBUG testcase.CovVal_26687                    - 6: println("Channel Unique Key Id     : " + unikKey)
Channel Unique Key Id     : 1000000000000505
2026-06-17 09:48:46.895 DEBUG testcase.CovVal_26687                    - 7: println("HTTP Status        : " + response.getStatusCode())
HTTP Status        : 200
2026-06-17 09:48:46.899 DEBUG testcase.CovVal_26687                    - 8: println("Response Body      : " + response.getResponseBodyContent())
Response Body      : {"ResponseCode":"00","ResponseDescription":"Success","ResponseException":"","FIDJenisPengajuan":"1","JenisPengajuan":"New","UrutanPengajuan":"1","FIDJenisCovering":"1","JenisCovering":"Conditional Automatic Cover","TanggalMulaiCovering":"31\/07\/2025","TanggalAkhirCovering":"01\/08\/2025","NominalPremi":"30000.00","RemarkPremi":"BRISURF_COV_26687_1000000000000505_01","NomorRekeningGiroPremi":"020601000102311","NamaRekeningGiroPremi":"PT BRI ASURANSI INDONESIA","NominalPertanggungan":"15000000.00","NominalCoverage":"15000000.00","NominalFeeCovering":"4500.00","NominalPajakCovering":"495.00","RemarkFeePremi":"BRISURF_COV_26687_1000000000000505_01","PersentasePertanggungan":"100","PersentaseCoverage":"100","OriginalPremi":"30000.00","DiscountPremi":0,"NominalPremiExtra":0,"NominalPremiBebanNasabah":0,"NominalPremiBebanBRI":0,"Signature":"051a4d51598945b55819c6fcff437c4f"}
2026-06-17 09:48:46.900 DEBUG testcase.CovVal_26687                    - 1: unikKey = data.getValue("ChannelUniqueKeyId", row)
2026-06-17 09:48:46.906 DEBUG testcase.CovVal_26687                    - 2: requestId = currentTimeMillis().toString() + row
2026-06-17 09:48:46.911 DEBUG testcase.CovVal_26687                    - 3: response = sendRequest(findTestObject("API/Posts/CoveringValidation/CovVal_26687", ["ChannelUniqueKeyId":unikKey]))
2026-06-17 09:48:50.056 INFO  c.k.k.core.webservice.common.HarLogger   - HAR: C:\Users\ACER\git\AutoAPI\Reports\20260617_094815\API\Pembukuan\pembukuanAPI\20260617_094815\requests\main\CovVal_26687_5.har
2026-06-17 09:48:50.059 DEBUG testcase.CovVal_26687                    - 4: println("==============================")
==============================
2026-06-17 09:48:50.061 DEBUG testcase.CovVal_26687                    - 5: println("Row                : " + row)
Row                : 6
2026-06-17 09:48:50.063 DEBUG testcase.CovVal_26687                    - 6: println("Channel Unique Key Id     : " + unikKey)
Channel Unique Key Id     : 1000000000000506
2026-06-17 09:48:50.066 DEBUG testcase.CovVal_26687                    - 7: println("HTTP Status        : " + response.getStatusCode())
HTTP Status        : 200
2026-06-17 09:48:50.068 DEBUG testcase.CovVal_26687                    - 8: println("Response Body      : " + response.getResponseBodyContent())
Response Body      : {"ResponseCode":"00","ResponseDescription":"Success","ResponseException":"","FIDJenisPengajuan":"1","JenisPengajuan":"New","UrutanPengajuan":"1","FIDJenisCovering":"1","JenisCovering":"Conditional Automatic Cover","TanggalMulaiCovering":"31\/07\/2025","TanggalAkhirCovering":"01\/08\/2025","NominalPremi":"30000.00","RemarkPremi":"BRISURF_COV_26687_1000000000000506_01","NomorRekeningGiroPremi":"020601000102311","NamaRekeningGiroPremi":"PT BRI ASURANSI INDONESIA","NominalPertanggungan":"15000000.00","NominalCoverage":"15000000.00","NominalFeeCovering":"4500.00","NominalPajakCovering":"495.00","RemarkFeePremi":"BRISURF_COV_26687_1000000000000506_01","PersentasePertanggungan":"100","PersentaseCoverage":"100","OriginalPremi":"30000.00","DiscountPremi":0,"NominalPremiExtra":0,"NominalPremiBebanNasabah":0,"NominalPremiBebanBRI":0,"Signature":"051a4d51598945b55819c6fcff437c4f"}
2026-06-17 09:48:50.072 DEBUG testcase.CovVal_26687                    - 1: unikKey = data.getValue("ChannelUniqueKeyId", row)
2026-06-17 09:48:50.074 DEBUG testcase.CovVal_26687                    - 2: requestId = currentTimeMillis().toString() + row
2026-06-17 09:48:50.075 DEBUG testcase.CovVal_26687                    - 3: response = sendRequest(findTestObject("API/Posts/CoveringValidation/CovVal_26687", ["ChannelUniqueKeyId":unikKey]))
2026-06-17 09:48:53.024 INFO  c.k.k.core.webservice.common.HarLogger   - HAR: C:\Users\ACER\git\AutoAPI\Reports\20260617_094815\API\Pembukuan\pembukuanAPI\20260617_094815\requests\main\CovVal_26687_6.har
2026-06-17 09:48:53.029 DEBUG testcase.CovVal_26687                    - 4: println("==============================")
==============================
2026-06-17 09:48:53.032 DEBUG testcase.CovVal_26687                    - 5: println("Row                : " + row)
Row                : 7
2026-06-17 09:48:53.037 DEBUG testcase.CovVal_26687                    - 6: println("Channel Unique Key Id     : " + unikKey)
Channel Unique Key Id     : 1000000000000507
2026-06-17 09:48:53.039 DEBUG testcase.CovVal_26687                    - 7: println("HTTP Status        : " + response.getStatusCode())
HTTP Status        : 200
2026-06-17 09:48:53.040 DEBUG testcase.CovVal_26687                    - 8: println("Response Body      : " + response.getResponseBodyContent())
Response Body      : {"ResponseCode":"00","ResponseDescription":"Success","ResponseException":"","FIDJenisPengajuan":"1","JenisPengajuan":"New","UrutanPengajuan":"1","FIDJenisCovering":"1","JenisCovering":"Conditional Automatic Cover","TanggalMulaiCovering":"31\/07\/2025","TanggalAkhirCovering":"01\/08\/2025","NominalPremi":"30000.00","RemarkPremi":"BRISURF_COV_26687_1000000000000507_01","NomorRekeningGiroPremi":"020601000102311","NamaRekeningGiroPremi":"PT BRI ASURANSI INDONESIA","NominalPertanggungan":"15000000.00","NominalCoverage":"15000000.00","NominalFeeCovering":"4500.00","NominalPajakCovering":"495.00","RemarkFeePremi":"BRISURF_COV_26687_1000000000000507_01","PersentasePertanggungan":"100","PersentaseCoverage":"100","OriginalPremi":"30000.00","DiscountPremi":0,"NominalPremiExtra":0,"NominalPremiBebanNasabah":0,"NominalPremiBebanBRI":0,"Signature":"051a4d51598945b55819c6fcff437c4f"}
2026-06-17 09:48:53.042 DEBUG testcase.CovVal_26687                    - 1: unikKey = data.getValue("ChannelUniqueKeyId", row)
2026-06-17 09:48:53.044 DEBUG testcase.CovVal_26687                    - 2: requestId = currentTimeMillis().toString() + row
2026-06-17 09:48:53.045 DEBUG testcase.CovVal_26687                    - 3: response = sendRequest(findTestObject("API/Posts/CoveringValidation/CovVal_26687", ["ChannelUniqueKeyId":unikKey]))
2026-06-17 09:48:55.891 INFO  c.k.k.core.webservice.common.HarLogger   - HAR: C:\Users\ACER\git\AutoAPI\Reports\20260617_094815\API\Pembukuan\pembukuanAPI\20260617_094815\requests\main\CovVal_26687_7.har
2026-06-17 09:48:55.897 DEBUG testcase.CovVal_26687                    - 4: println("==============================")
==============================
2026-06-17 09:48:55.899 DEBUG testcase.CovVal_26687                    - 5: println("Row                : " + row)
Row                : 8
2026-06-17 09:48:55.904 DEBUG testcase.CovVal_26687                    - 6: println("Channel Unique Key Id     : " + unikKey)
Channel Unique Key Id     : 1000000000000508
2026-06-17 09:48:55.905 DEBUG testcase.CovVal_26687                    - 7: println("HTTP Status        : " + response.getStatusCode())
HTTP Status        : 200
2026-06-17 09:48:55.907 DEBUG testcase.CovVal_26687                    - 8: println("Response Body      : " + response.getResponseBodyContent())
Response Body      : {"ResponseCode":"00","ResponseDescription":"Success","ResponseException":"","FIDJenisPengajuan":"1","JenisPengajuan":"New","UrutanPengajuan":"1","FIDJenisCovering":"1","JenisCovering":"Conditional Automatic Cover","TanggalMulaiCovering":"31\/07\/2025","TanggalAkhirCovering":"01\/08\/2025","NominalPremi":"30000.00","RemarkPremi":"BRISURF_COV_26687_1000000000000508_01","NomorRekeningGiroPremi":"020601000102311","NamaRekeningGiroPremi":"PT BRI ASURANSI INDONESIA","NominalPertanggungan":"15000000.00","NominalCoverage":"15000000.00","NominalFeeCovering":"4500.00","NominalPajakCovering":"495.00","RemarkFeePremi":"BRISURF_COV_26687_1000000000000508_01","PersentasePertanggungan":"100","PersentaseCoverage":"100","OriginalPremi":"30000.00","DiscountPremi":0,"NominalPremiExtra":0,"NominalPremiBebanNasabah":0,"NominalPremiBebanBRI":0,"Signature":"051a4d51598945b55819c6fcff437c4f"}
2026-06-17 09:48:55.908 DEBUG testcase.CovVal_26687                    - 1: unikKey = data.getValue("ChannelUniqueKeyId", row)
2026-06-17 09:48:55.910 DEBUG testcase.CovVal_26687                    - 2: requestId = currentTimeMillis().toString() + row
2026-06-17 09:48:55.911 DEBUG testcase.CovVal_26687                    - 3: response = sendRequest(findTestObject("API/Posts/CoveringValidation/CovVal_26687", ["ChannelUniqueKeyId":unikKey]))
2026-06-17 09:48:58.758 INFO  c.k.k.core.webservice.common.HarLogger   - HAR: C:\Users\ACER\git\AutoAPI\Reports\20260617_094815\API\Pembukuan\pembukuanAPI\20260617_094815\requests\main\CovVal_26687_8.har
2026-06-17 09:48:58.763 DEBUG testcase.CovVal_26687                    - 4: println("==============================")
==============================
2026-06-17 09:48:58.765 DEBUG testcase.CovVal_26687                    - 5: println("Row                : " + row)
Row                : 9
2026-06-17 09:48:58.769 DEBUG testcase.CovVal_26687                    - 6: println("Channel Unique Key Id     : " + unikKey)
Channel Unique Key Id     : 1000000000000509
2026-06-17 09:48:58.772 DEBUG testcase.CovVal_26687                    - 7: println("HTTP Status        : " + response.getStatusCode())
HTTP Status        : 200
2026-06-17 09:48:58.775 DEBUG testcase.CovVal_26687                    - 8: println("Response Body      : " + response.getResponseBodyContent())
Response Body      : {"ResponseCode":"00","ResponseDescription":"Success","ResponseException":"","FIDJenisPengajuan":"1","JenisPengajuan":"New","UrutanPengajuan":"1","FIDJenisCovering":"1","JenisCovering":"Conditional Automatic Cover","TanggalMulaiCovering":"31\/07\/2025","TanggalAkhirCovering":"01\/08\/2025","NominalPremi":"30000.00","RemarkPremi":"BRISURF_COV_26687_1000000000000509_01","NomorRekeningGiroPremi":"020601000102311","NamaRekeningGiroPremi":"PT BRI ASURANSI INDONESIA","NominalPertanggungan":"15000000.00","NominalCoverage":"15000000.00","NominalFeeCovering":"4500.00","NominalPajakCovering":"495.00","RemarkFeePremi":"BRISURF_COV_26687_1000000000000509_01","PersentasePertanggungan":"100","PersentaseCoverage":"100","OriginalPremi":"30000.00","DiscountPremi":0,"NominalPremiExtra":0,"NominalPremiBebanNasabah":0,"NominalPremiBebanBRI":0,"Signature":"051a4d51598945b55819c6fcff437c4f"}
2026-06-17 09:48:58.777 DEBUG testcase.CovVal_26687                    - 1: unikKey = data.getValue("ChannelUniqueKeyId", row)
2026-06-17 09:48:58.778 DEBUG testcase.CovVal_26687                    - 2: requestId = currentTimeMillis().toString() + row
2026-06-17 09:48:58.780 DEBUG testcase.CovVal_26687                    - 3: response = sendRequest(findTestObject("API/Posts/CoveringValidation/CovVal_26687", ["ChannelUniqueKeyId":unikKey]))
2026-06-17 09:49:01.624 INFO  c.k.k.core.webservice.common.HarLogger   - HAR: C:\Users\ACER\git\AutoAPI\Reports\20260617_094815\API\Pembukuan\pembukuanAPI\20260617_094815\requests\main\CovVal_26687_9.har
2026-06-17 09:49:01.629 DEBUG testcase.CovVal_26687                    - 4: println("==============================")
==============================
2026-06-17 09:49:01.631 DEBUG testcase.CovVal_26687                    - 5: println("Row                : " + row)
Row                : 10
2026-06-17 09:49:01.634 DEBUG testcase.CovVal_26687                    - 6: println("Channel Unique Key Id     : " + unikKey)
Channel Unique Key Id     : 1000000000000510
2026-06-17 09:49:01.636 DEBUG testcase.CovVal_26687                    - 7: println("HTTP Status        : " + response.getStatusCode())
HTTP Status        : 200
2026-06-17 09:49:01.639 DEBUG testcase.CovVal_26687                    - 8: println("Response Body      : " + response.getResponseBodyContent())
Response Body      : {"ResponseCode":"00","ResponseDescription":"Success","ResponseException":"","FIDJenisPengajuan":"1","JenisPengajuan":"New","UrutanPengajuan":"1","FIDJenisCovering":"1","JenisCovering":"Conditional Automatic Cover","TanggalMulaiCovering":"31\/07\/2025","TanggalAkhirCovering":"01\/08\/2025","NominalPremi":"30000.00","RemarkPremi":"BRISURF_COV_26687_1000000000000510_01","NomorRekeningGiroPremi":"020601000102311","NamaRekeningGiroPremi":"PT BRI ASURANSI INDONESIA","NominalPertanggungan":"15000000.00","NominalCoverage":"15000000.00","NominalFeeCovering":"4500.00","NominalPajakCovering":"495.00","RemarkFeePremi":"BRISURF_COV_26687_1000000000000510_01","PersentasePertanggungan":"100","PersentaseCoverage":"100","OriginalPremi":"30000.00","DiscountPremi":0,"NominalPremiExtra":0,"NominalPremiBebanNasabah":0,"NominalPremiBebanBRI":0,"Signature":"051a4d51598945b55819c6fcff437c4f"}
2026-06-17 09:49:01.640 DEBUG testcase.CovVal_26687                    - 1: unikKey = data.getValue("ChannelUniqueKeyId", row)
2026-06-17 09:49:01.641 DEBUG testcase.CovVal_26687                    - 2: requestId = currentTimeMillis().toString() + row
2026-06-17 09:49:01.643 DEBUG testcase.CovVal_26687                    - 3: response = sendRequest(findTestObject("API/Posts/CoveringValidation/CovVal_26687", ["ChannelUniqueKeyId":unikKey]))
2026-06-17 09:49:04.493 INFO  c.k.k.core.webservice.common.HarLogger   - HAR: C:\Users\ACER\git\AutoAPI\Reports\20260617_094815\API\Pembukuan\pembukuanAPI\20260617_094815\requests\main\CovVal_26687_10.har
2026-06-17 09:49:04.502 DEBUG testcase.CovVal_26687                    - 4: println("==============================")
==============================
2026-06-17 09:49:04.505 DEBUG testcase.CovVal_26687                    - 5: println("Row                : " + row)
Row                : 11
2026-06-17 09:49:04.506 DEBUG testcase.CovVal_26687                    - 6: println("Channel Unique Key Id     : " + unikKey)
Channel Unique Key Id     : 1000000000000511
2026-06-17 09:49:04.510 DEBUG testcase.CovVal_26687                    - 7: println("HTTP Status        : " + response.getStatusCode())
HTTP Status        : 200
2026-06-17 09:49:04.512 DEBUG testcase.CovVal_26687                    - 8: println("Response Body      : " + response.getResponseBodyContent())
Response Body      : {"ResponseCode":"00","ResponseDescription":"Success","ResponseException":"","FIDJenisPengajuan":"1","JenisPengajuan":"New","UrutanPengajuan":"1","FIDJenisCovering":"1","JenisCovering":"Conditional Automatic Cover","TanggalMulaiCovering":"31\/07\/2025","TanggalAkhirCovering":"01\/08\/2025","NominalPremi":"30000.00","RemarkPremi":"BRISURF_COV_26687_1000000000000511_01","NomorRekeningGiroPremi":"020601000102311","NamaRekeningGiroPremi":"PT BRI ASURANSI INDONESIA","NominalPertanggungan":"15000000.00","NominalCoverage":"15000000.00","NominalFeeCovering":"4500.00","NominalPajakCovering":"495.00","RemarkFeePremi":"BRISURF_COV_26687_1000000000000511_01","PersentasePertanggungan":"100","PersentaseCoverage":"100","OriginalPremi":"30000.00","DiscountPremi":0,"NominalPremiExtra":0,"NominalPremiBebanNasabah":0,"NominalPremiBebanBRI":0,"Signature":"051a4d51598945b55819c6fcff437c4f"}
2026-06-17 09:49:04.513 DEBUG testcase.CovVal_26687                    - 1: unikKey = data.getValue("ChannelUniqueKeyId", row)
2026-06-17 09:49:04.514 DEBUG testcase.CovVal_26687                    - 2: requestId = currentTimeMillis().toString() + row
2026-06-17 09:49:04.518 DEBUG testcase.CovVal_26687                    - 3: response = sendRequest(findTestObject("API/Posts/CoveringValidation/CovVal_26687", ["ChannelUniqueKeyId":unikKey]))
2026-06-17 09:49:07.359 INFO  c.k.k.core.webservice.common.HarLogger   - HAR: C:\Users\ACER\git\AutoAPI\Reports\20260617_094815\API\Pembukuan\pembukuanAPI\20260617_094815\requests\main\CovVal_26687_11.har
2026-06-17 09:49:07.368 DEBUG testcase.CovVal_26687                    - 4: println("==============================")
==============================
2026-06-17 09:49:07.371 DEBUG testcase.CovVal_26687                    - 5: println("Row                : " + row)
Row                : 12
2026-06-17 09:49:07.374 DEBUG testcase.CovVal_26687                    - 6: println("Channel Unique Key Id     : " + unikKey)
Channel Unique Key Id     : 1000000000000512
2026-06-17 09:49:07.375 DEBUG testcase.CovVal_26687                    - 7: println("HTTP Status        : " + response.getStatusCode())
HTTP Status        : 200
2026-06-17 09:49:07.377 DEBUG testcase.CovVal_26687                    - 8: println("Response Body      : " + response.getResponseBodyContent())
Response Body      : {"ResponseCode":"00","ResponseDescription":"Success","ResponseException":"","FIDJenisPengajuan":"1","JenisPengajuan":"New","UrutanPengajuan":"1","FIDJenisCovering":"1","JenisCovering":"Conditional Automatic Cover","TanggalMulaiCovering":"31\/07\/2025","TanggalAkhirCovering":"01\/08\/2025","NominalPremi":"30000.00","RemarkPremi":"BRISURF_COV_26687_1000000000000512_01","NomorRekeningGiroPremi":"020601000102311","NamaRekeningGiroPremi":"PT BRI ASURANSI INDONESIA","NominalPertanggungan":"15000000.00","NominalCoverage":"15000000.00","NominalFeeCovering":"4500.00","NominalPajakCovering":"495.00","RemarkFeePremi":"BRISURF_COV_26687_1000000000000512_01","PersentasePertanggungan":"100","PersentaseCoverage":"100","OriginalPremi":"30000.00","DiscountPremi":0,"NominalPremiExtra":0,"NominalPremiBebanNasabah":0,"NominalPremiBebanBRI":0,"Signature":"051a4d51598945b55819c6fcff437c4f"}
2026-06-17 09:49:07.379 DEBUG testcase.CovVal_26687                    - 1: unikKey = data.getValue("ChannelUniqueKeyId", row)
2026-06-17 09:49:07.383 DEBUG testcase.CovVal_26687                    - 2: requestId = currentTimeMillis().toString() + row
2026-06-17 09:49:07.385 DEBUG testcase.CovVal_26687                    - 3: response = sendRequest(findTestObject("API/Posts/CoveringValidation/CovVal_26687", ["ChannelUniqueKeyId":unikKey]))
2026-06-17 09:49:10.228 INFO  c.k.k.core.webservice.common.HarLogger   - HAR: C:\Users\ACER\git\AutoAPI\Reports\20260617_094815\API\Pembukuan\pembukuanAPI\20260617_094815\requests\main\CovVal_26687_12.har
2026-06-17 09:49:10.235 DEBUG testcase.CovVal_26687                    - 4: println("==============================")
==============================
2026-06-17 09:49:10.237 DEBUG testcase.CovVal_26687                    - 5: println("Row                : " + row)
Row                : 13
2026-06-17 09:49:10.240 DEBUG testcase.CovVal_26687                    - 6: println("Channel Unique Key Id     : " + unikKey)
Channel Unique Key Id     : 1000000000000513
2026-06-17 09:49:10.244 DEBUG testcase.CovVal_26687                    - 7: println("HTTP Status        : " + response.getStatusCode())
HTTP Status        : 200
2026-06-17 09:49:10.246 DEBUG testcase.CovVal_26687                    - 8: println("Response Body      : " + response.getResponseBodyContent())
Response Body      : {"ResponseCode":"00","ResponseDescription":"Success","ResponseException":"","FIDJenisPengajuan":"1","JenisPengajuan":"New","UrutanPengajuan":"1","FIDJenisCovering":"1","JenisCovering":"Conditional Automatic Cover","TanggalMulaiCovering":"31\/07\/2025","TanggalAkhirCovering":"01\/08\/2025","NominalPremi":"30000.00","RemarkPremi":"BRISURF_COV_26687_1000000000000513_01","NomorRekeningGiroPremi":"020601000102311","NamaRekeningGiroPremi":"PT BRI ASURANSI INDONESIA","NominalPertanggungan":"15000000.00","NominalCoverage":"15000000.00","NominalFeeCovering":"4500.00","NominalPajakCovering":"495.00","RemarkFeePremi":"BRISURF_COV_26687_1000000000000513_01","PersentasePertanggungan":"100","PersentaseCoverage":"100","OriginalPremi":"30000.00","DiscountPremi":0,"NominalPremiExtra":0,"NominalPremiBebanNasabah":0,"NominalPremiBebanBRI":0,"Signature":"051a4d51598945b55819c6fcff437c4f"}
2026-06-17 09:49:10.250 DEBUG testcase.CovVal_26687                    - 1: unikKey = data.getValue("ChannelUniqueKeyId", row)
2026-06-17 09:49:10.251 DEBUG testcase.CovVal_26687                    - 2: requestId = currentTimeMillis().toString() + row
2026-06-17 09:49:10.252 DEBUG testcase.CovVal_26687                    - 3: response = sendRequest(findTestObject("API/Posts/CoveringValidation/CovVal_26687", ["ChannelUniqueKeyId":unikKey]))
2026-06-17 09:49:10.533 INFO  c.k.k.core.webservice.common.HarLogger   - HAR: C:\Users\ACER\git\AutoAPI\Reports\20260617_094815\API\Pembukuan\pembukuanAPI\20260617_094815\requests\main\CovVal_26687_13.har
2026-06-17 09:49:10.545 DEBUG testcase.CovVal_26687                    - 4: println("==============================")
==============================
2026-06-17 09:49:10.552 DEBUG testcase.CovVal_26687                    - 5: println("Row                : " + row)
Row                : 14
2026-06-17 09:49:10.554 DEBUG testcase.CovVal_26687                    - 6: println("Channel Unique Key Id     : " + unikKey)
Channel Unique Key Id     : 1000000000000514
2026-06-17 09:49:10.556 DEBUG testcase.CovVal_26687                    - 7: println("HTTP Status        : " + response.getStatusCode())
HTTP Status        : 200
2026-06-17 09:49:10.558 DEBUG testcase.CovVal_26687                    - 8: println("Response Body      : " + response.getResponseBodyContent())
Response Body      : {"ResponseCode":"07","ResponseDescription":"Failed : [ERR_COVVAL_COVERING_LIMITEXCEEDED] Jumlah Covering Melebihi Batas, Jenis Pengajuan tidak dapat tercover","ResponseException":"6a320b26cbebe9a6b10485af"}
2026-06-17 09:49:10.565 DEBUG testcase.CovVal_26687                    - 1: unikKey = data.getValue("ChannelUniqueKeyId", row)
2026-06-17 09:49:10.569 DEBUG testcase.CovVal_26687                    - 2: requestId = currentTimeMillis().toString() + row
2026-06-17 09:49:10.570 DEBUG testcase.CovVal_26687                    - 3: response = sendRequest(findTestObject("API/Posts/CoveringValidation/CovVal_26687", ["ChannelUniqueKeyId":unikKey]))
2026-06-17 09:49:13.607 INFO  c.k.k.core.webservice.common.HarLogger   - HAR: C:\Users\ACER\git\AutoAPI\Reports\20260617_094815\API\Pembukuan\pembukuanAPI\20260617_094815\requests\main\CovVal_26687_14.har
2026-06-17 09:49:13.610 DEBUG testcase.CovVal_26687                    - 4: println("==============================")
==============================
2026-06-17 09:49:13.611 DEBUG testcase.CovVal_26687                    - 5: println("Row                : " + row)
Row                : 15
2026-06-17 09:49:13.616 DEBUG testcase.CovVal_26687                    - 6: println("Channel Unique Key Id     : " + unikKey)
Channel Unique Key Id     : 1000000000000515
2026-06-17 09:49:13.618 DEBUG testcase.CovVal_26687                    - 7: println("HTTP Status        : " + response.getStatusCode())
HTTP Status        : 200
2026-06-17 09:49:13.619 DEBUG testcase.CovVal_26687                    - 8: println("Response Body      : " + response.getResponseBodyContent())
Response Body      : {"ResponseCode":"00","ResponseDescription":"Success","ResponseException":"","FIDJenisPengajuan":"1","JenisPengajuan":"New","UrutanPengajuan":"1","FIDJenisCovering":"1","JenisCovering":"Conditional Automatic Cover","TanggalMulaiCovering":"31\/07\/2025","TanggalAkhirCovering":"01\/08\/2025","NominalPremi":"30000.00","RemarkPremi":"BRISURF_COV_26687_1000000000000515_01","NomorRekeningGiroPremi":"020601000102311","NamaRekeningGiroPremi":"PT BRI ASURANSI INDONESIA","NominalPertanggungan":"15000000.00","NominalCoverage":"15000000.00","NominalFeeCovering":"4500.00","NominalPajakCovering":"495.00","RemarkFeePremi":"BRISURF_COV_26687_1000000000000515_01","PersentasePertanggungan":"100","PersentaseCoverage":"100","OriginalPremi":"30000.00","DiscountPremi":0,"NominalPremiExtra":0,"NominalPremiBebanNasabah":0,"NominalPremiBebanBRI":0,"Signature":"051a4d51598945b55819c6fcff437c4f"}
2026-06-17 09:49:13.621 DEBUG testcase.CovVal_26687                    - 1: unikKey = data.getValue("ChannelUniqueKeyId", row)
2026-06-17 09:49:13.622 DEBUG testcase.CovVal_26687                    - 2: requestId = currentTimeMillis().toString() + row
2026-06-17 09:49:13.624 DEBUG testcase.CovVal_26687                    - 3: response = sendRequest(findTestObject("API/Posts/CoveringValidation/CovVal_26687", ["ChannelUniqueKeyId":unikKey]))
2026-06-17 09:49:16.575 INFO  c.k.k.core.webservice.common.HarLogger   - HAR: C:\Users\ACER\git\AutoAPI\Reports\20260617_094815\API\Pembukuan\pembukuanAPI\20260617_094815\requests\main\CovVal_26687_15.har
2026-06-17 09:49:16.592 DEBUG testcase.CovVal_26687                    - 4: println("==============================")
==============================
2026-06-17 09:49:16.596 DEBUG testcase.CovVal_26687                    - 5: println("Row                : " + row)
Row                : 16
2026-06-17 09:49:16.598 DEBUG testcase.CovVal_26687                    - 6: println("Channel Unique Key Id     : " + unikKey)
Channel Unique Key Id     : 1000000000000516
2026-06-17 09:49:16.599 DEBUG testcase.CovVal_26687                    - 7: println("HTTP Status        : " + response.getStatusCode())
HTTP Status        : 200
2026-06-17 09:49:16.601 DEBUG testcase.CovVal_26687                    - 8: println("Response Body      : " + response.getResponseBodyContent())
Response Body      : {"ResponseCode":"00","ResponseDescription":"Success","ResponseException":"","FIDJenisPengajuan":"1","JenisPengajuan":"New","UrutanPengajuan":"1","FIDJenisCovering":"1","JenisCovering":"Conditional Automatic Cover","TanggalMulaiCovering":"31\/07\/2025","TanggalAkhirCovering":"01\/08\/2025","NominalPremi":"30000.00","RemarkPremi":"BRISURF_COV_26687_1000000000000516_01","NomorRekeningGiroPremi":"020601000102311","NamaRekeningGiroPremi":"PT BRI ASURANSI INDONESIA","NominalPertanggungan":"15000000.00","NominalCoverage":"15000000.00","NominalFeeCovering":"4500.00","NominalPajakCovering":"495.00","RemarkFeePremi":"BRISURF_COV_26687_1000000000000516_01","PersentasePertanggungan":"100","PersentaseCoverage":"100","OriginalPremi":"30000.00","DiscountPremi":0,"NominalPremiExtra":0,"NominalPremiBebanNasabah":0,"NominalPremiBebanBRI":0,"Signature":"051a4d51598945b55819c6fcff437c4f"}
2026-06-17 09:49:16.603 DEBUG testcase.CovVal_26687                    - 1: unikKey = data.getValue("ChannelUniqueKeyId", row)
2026-06-17 09:49:16.606 DEBUG testcase.CovVal_26687                    - 2: requestId = currentTimeMillis().toString() + row
2026-06-17 09:49:16.607 DEBUG testcase.CovVal_26687                    - 3: response = sendRequest(findTestObject("API/Posts/CoveringValidation/CovVal_26687", ["ChannelUniqueKeyId":unikKey]))
2026-06-17 09:49:19.546 INFO  c.k.k.core.webservice.common.HarLogger   - HAR: C:\Users\ACER\git\AutoAPI\Reports\20260617_094815\API\Pembukuan\pembukuanAPI\20260617_094815\requests\main\CovVal_26687_16.har
2026-06-17 09:49:19.550 DEBUG testcase.CovVal_26687                    - 4: println("==============================")
==============================
2026-06-17 09:49:19.551 DEBUG testcase.CovVal_26687                    - 5: println("Row                : " + row)
Row                : 17
2026-06-17 09:49:19.552 DEBUG testcase.CovVal_26687                    - 6: println("Channel Unique Key Id     : " + unikKey)
Channel Unique Key Id     : 1000000000000517
2026-06-17 09:49:19.554 DEBUG testcase.CovVal_26687                    - 7: println("HTTP Status        : " + response.getStatusCode())
HTTP Status        : 200
2026-06-17 09:49:19.556 DEBUG testcase.CovVal_26687                    - 8: println("Response Body      : " + response.getResponseBodyContent())
Response Body      : {"ResponseCode":"00","ResponseDescription":"Success","ResponseException":"","FIDJenisPengajuan":"1","JenisPengajuan":"New","UrutanPengajuan":"1","FIDJenisCovering":"1","JenisCovering":"Conditional Automatic Cover","TanggalMulaiCovering":"31\/07\/2025","TanggalAkhirCovering":"01\/08\/2025","NominalPremi":"30000.00","RemarkPremi":"BRISURF_COV_26687_1000000000000517_01","NomorRekeningGiroPremi":"020601000102311","NamaRekeningGiroPremi":"PT BRI ASURANSI INDONESIA","NominalPertanggungan":"15000000.00","NominalCoverage":"15000000.00","NominalFeeCovering":"4500.00","NominalPajakCovering":"495.00","RemarkFeePremi":"BRISURF_COV_26687_1000000000000517_01","PersentasePertanggungan":"100","PersentaseCoverage":"100","OriginalPremi":"30000.00","DiscountPremi":0,"NominalPremiExtra":0,"NominalPremiBebanNasabah":0,"NominalPremiBebanBRI":0,"Signature":"051a4d51598945b55819c6fcff437c4f"}
2026-06-17 09:49:19.557 DEBUG testcase.CovVal_26687                    - 1: unikKey = data.getValue("ChannelUniqueKeyId", row)
2026-06-17 09:49:19.558 DEBUG testcase.CovVal_26687                    - 2: requestId = currentTimeMillis().toString() + row
2026-06-17 09:49:19.559 DEBUG testcase.CovVal_26687                    - 3: response = sendRequest(findTestObject("API/Posts/CoveringValidation/CovVal_26687", ["ChannelUniqueKeyId":unikKey]))
2026-06-17 09:49:22.779 INFO  c.k.k.core.webservice.common.HarLogger   - HAR: C:\Users\ACER\git\AutoAPI\Reports\20260617_094815\API\Pembukuan\pembukuanAPI\20260617_094815\requests\main\CovVal_26687_17.har
2026-06-17 09:49:22.783 DEBUG testcase.CovVal_26687                    - 4: println("==============================")
==============================
2026-06-17 09:49:22.786 DEBUG testcase.CovVal_26687                    - 5: println("Row                : " + row)
Row                : 18
2026-06-17 09:49:22.787 DEBUG testcase.CovVal_26687                    - 6: println("Channel Unique Key Id     : " + unikKey)
Channel Unique Key Id     : 1000000000000518
2026-06-17 09:49:22.789 DEBUG testcase.CovVal_26687                    - 7: println("HTTP Status        : " + response.getStatusCode())
HTTP Status        : 200
2026-06-17 09:49:22.791 DEBUG testcase.CovVal_26687                    - 8: println("Response Body      : " + response.getResponseBodyContent())
Response Body      : {"ResponseCode":"00","ResponseDescription":"Success","ResponseException":"","FIDJenisPengajuan":"1","JenisPengajuan":"New","UrutanPengajuan":"1","FIDJenisCovering":"1","JenisCovering":"Conditional Automatic Cover","TanggalMulaiCovering":"31\/07\/2025","TanggalAkhirCovering":"01\/08\/2025","NominalPremi":"30000.00","RemarkPremi":"BRISURF_COV_26687_1000000000000518_01","NomorRekeningGiroPremi":"020601000102311","NamaRekeningGiroPremi":"PT BRI ASURANSI INDONESIA","NominalPertanggungan":"15000000.00","NominalCoverage":"15000000.00","NominalFeeCovering":"4500.00","NominalPajakCovering":"495.00","RemarkFeePremi":"BRISURF_COV_26687_1000000000000518_01","PersentasePertanggungan":"100","PersentaseCoverage":"100","OriginalPremi":"30000.00","DiscountPremi":0,"NominalPremiExtra":0,"NominalPremiBebanNasabah":0,"NominalPremiBebanBRI":0,"Signature":"051a4d51598945b55819c6fcff437c4f"}
2026-06-17 09:49:22.796 DEBUG testcase.CovVal_26687                    - 1: unikKey = data.getValue("ChannelUniqueKeyId", row)
2026-06-17 09:49:22.798 DEBUG testcase.CovVal_26687                    - 2: requestId = currentTimeMillis().toString() + row
2026-06-17 09:49:22.799 DEBUG testcase.CovVal_26687                    - 3: response = sendRequest(findTestObject("API/Posts/CoveringValidation/CovVal_26687", ["ChannelUniqueKeyId":unikKey]))
2026-06-17 09:49:25.588 INFO  c.k.k.core.webservice.common.HarLogger   - HAR: C:\Users\ACER\git\AutoAPI\Reports\20260617_094815\API\Pembukuan\pembukuanAPI\20260617_094815\requests\main\CovVal_26687_18.har
2026-06-17 09:49:25.595 DEBUG testcase.CovVal_26687                    - 4: println("==============================")
==============================
2026-06-17 09:49:25.596 DEBUG testcase.CovVal_26687                    - 5: println("Row                : " + row)
Row                : 19
2026-06-17 09:49:25.598 DEBUG testcase.CovVal_26687                    - 6: println("Channel Unique Key Id     : " + unikKey)
Channel Unique Key Id     : 1000000000000519
2026-06-17 09:49:25.599 DEBUG testcase.CovVal_26687                    - 7: println("HTTP Status        : " + response.getStatusCode())
HTTP Status        : 200
2026-06-17 09:49:25.601 DEBUG testcase.CovVal_26687                    - 8: println("Response Body      : " + response.getResponseBodyContent())
Response Body      : {"ResponseCode":"00","ResponseDescription":"Success","ResponseException":"","FIDJenisPengajuan":"1","JenisPengajuan":"New","UrutanPengajuan":"1","FIDJenisCovering":"1","JenisCovering":"Conditional Automatic Cover","TanggalMulaiCovering":"31\/07\/2025","TanggalAkhirCovering":"01\/08\/2025","NominalPremi":"30000.00","RemarkPremi":"BRISURF_COV_26687_1000000000000519_01","NomorRekeningGiroPremi":"020601000102311","NamaRekeningGiroPremi":"PT BRI ASURANSI INDONESIA","NominalPertanggungan":"15000000.00","NominalCoverage":"15000000.00","NominalFeeCovering":"4500.00","NominalPajakCovering":"495.00","RemarkFeePremi":"BRISURF_COV_26687_1000000000000519_01","PersentasePertanggungan":"100","PersentaseCoverage":"100","OriginalPremi":"30000.00","DiscountPremi":0,"NominalPremiExtra":0,"NominalPremiBebanNasabah":0,"NominalPremiBebanBRI":0,"Signature":"051a4d51598945b55819c6fcff437c4f"}
2026-06-17 09:49:25.602 DEBUG testcase.CovVal_26687                    - 1: unikKey = data.getValue("ChannelUniqueKeyId", row)
2026-06-17 09:49:25.603 DEBUG testcase.CovVal_26687                    - 2: requestId = currentTimeMillis().toString() + row
2026-06-17 09:49:25.605 DEBUG testcase.CovVal_26687                    - 3: response = sendRequest(findTestObject("API/Posts/CoveringValidation/CovVal_26687", ["ChannelUniqueKeyId":unikKey]))
2026-06-17 09:49:28.454 INFO  c.k.k.core.webservice.common.HarLogger   - HAR: C:\Users\ACER\git\AutoAPI\Reports\20260617_094815\API\Pembukuan\pembukuanAPI\20260617_094815\requests\main\CovVal_26687_19.har
2026-06-17 09:49:28.457 DEBUG testcase.CovVal_26687                    - 4: println("==============================")
==============================
2026-06-17 09:49:28.460 DEBUG testcase.CovVal_26687                    - 5: println("Row                : " + row)
Row                : 20
2026-06-17 09:49:28.462 DEBUG testcase.CovVal_26687                    - 6: println("Channel Unique Key Id     : " + unikKey)
Channel Unique Key Id     : 1000000000000520
2026-06-17 09:49:28.464 DEBUG testcase.CovVal_26687                    - 7: println("HTTP Status        : " + response.getStatusCode())
HTTP Status        : 200
2026-06-17 09:49:28.471 DEBUG testcase.CovVal_26687                    - 8: println("Response Body      : " + response.getResponseBodyContent())
Response Body      : {"ResponseCode":"00","ResponseDescription":"Success","ResponseException":"","FIDJenisPengajuan":"1","JenisPengajuan":"New","UrutanPengajuan":"1","FIDJenisCovering":"1","JenisCovering":"Conditional Automatic Cover","TanggalMulaiCovering":"31\/07\/2025","TanggalAkhirCovering":"01\/08\/2025","NominalPremi":"30000.00","RemarkPremi":"BRISURF_COV_26687_1000000000000520_01","NomorRekeningGiroPremi":"020601000102311","NamaRekeningGiroPremi":"PT BRI ASURANSI INDONESIA","NominalPertanggungan":"15000000.00","NominalCoverage":"15000000.00","NominalFeeCovering":"4500.00","NominalPajakCovering":"495.00","RemarkFeePremi":"BRISURF_COV_26687_1000000000000520_01","PersentasePertanggungan":"100","PersentaseCoverage":"100","OriginalPremi":"30000.00","DiscountPremi":0,"NominalPremiExtra":0,"NominalPremiBebanNasabah":0,"NominalPremiBebanBRI":0,"Signature":"051a4d51598945b55819c6fcff437c4f"}
2026-06-17 09:49:28.473 DEBUG testcase.CovVal_26687                    - 1: unikKey = data.getValue("ChannelUniqueKeyId", row)
2026-06-17 09:49:28.479 DEBUG testcase.CovVal_26687                    - 2: requestId = currentTimeMillis().toString() + row
2026-06-17 09:49:28.480 DEBUG testcase.CovVal_26687                    - 3: response = sendRequest(findTestObject("API/Posts/CoveringValidation/CovVal_26687", ["ChannelUniqueKeyId":unikKey]))
2026-06-17 09:49:31.321 INFO  c.k.k.core.webservice.common.HarLogger   - HAR: C:\Users\ACER\git\AutoAPI\Reports\20260617_094815\API\Pembukuan\pembukuanAPI\20260617_094815\requests\main\CovVal_26687_20.har
2026-06-17 09:49:31.327 DEBUG testcase.CovVal_26687                    - 4: println("==============================")
==============================
2026-06-17 09:49:31.328 DEBUG testcase.CovVal_26687                    - 5: println("Row                : " + row)
Row                : 21
2026-06-17 09:49:31.330 DEBUG testcase.CovVal_26687                    - 6: println("Channel Unique Key Id     : " + unikKey)
Channel Unique Key Id     : 1000000000000521
2026-06-17 09:49:31.332 DEBUG testcase.CovVal_26687                    - 7: println("HTTP Status        : " + response.getStatusCode())
HTTP Status        : 200
2026-06-17 09:49:31.334 DEBUG testcase.CovVal_26687                    - 8: println("Response Body      : " + response.getResponseBodyContent())
Response Body      : {"ResponseCode":"00","ResponseDescription":"Success","ResponseException":"","FIDJenisPengajuan":"1","JenisPengajuan":"New","UrutanPengajuan":"1","FIDJenisCovering":"1","JenisCovering":"Conditional Automatic Cover","TanggalMulaiCovering":"31\/07\/2025","TanggalAkhirCovering":"01\/08\/2025","NominalPremi":"30000.00","RemarkPremi":"BRISURF_COV_26687_1000000000000521_01","NomorRekeningGiroPremi":"020601000102311","NamaRekeningGiroPremi":"PT BRI ASURANSI INDONESIA","NominalPertanggungan":"15000000.00","NominalCoverage":"15000000.00","NominalFeeCovering":"4500.00","NominalPajakCovering":"495.00","RemarkFeePremi":"BRISURF_COV_26687_1000000000000521_01","PersentasePertanggungan":"100","PersentaseCoverage":"100","OriginalPremi":"30000.00","DiscountPremi":0,"NominalPremiExtra":0,"NominalPremiBebanNasabah":0,"NominalPremiBebanBRI":0,"Signature":"051a4d51598945b55819c6fcff437c4f"}
2026-06-17 09:49:31.335 DEBUG testcase.CovVal_26687                    - 1: unikKey = data.getValue("ChannelUniqueKeyId", row)
2026-06-17 09:49:31.337 DEBUG testcase.CovVal_26687                    - 2: requestId = currentTimeMillis().toString() + row
2026-06-17 09:49:31.339 DEBUG testcase.CovVal_26687                    - 3: response = sendRequest(findTestObject("API/Posts/CoveringValidation/CovVal_26687", ["ChannelUniqueKeyId":unikKey]))
2026-06-17 09:49:34.178 INFO  c.k.k.core.webservice.common.HarLogger   - HAR: C:\Users\ACER\git\AutoAPI\Reports\20260617_094815\API\Pembukuan\pembukuanAPI\20260617_094815\requests\main\CovVal_26687_21.har
2026-06-17 09:49:34.181 DEBUG testcase.CovVal_26687                    - 4: println("==============================")
==============================
2026-06-17 09:49:34.182 DEBUG testcase.CovVal_26687                    - 5: println("Row                : " + row)
Row                : 22
2026-06-17 09:49:34.184 DEBUG testcase.CovVal_26687                    - 6: println("Channel Unique Key Id     : " + unikKey)
Channel Unique Key Id     : 1000000000000522
2026-06-17 09:49:34.185 DEBUG testcase.CovVal_26687                    - 7: println("HTTP Status        : " + response.getStatusCode())
HTTP Status        : 200
2026-06-17 09:49:34.186 DEBUG testcase.CovVal_26687                    - 8: println("Response Body      : " + response.getResponseBodyContent())
Response Body      : {"ResponseCode":"00","ResponseDescription":"Success","ResponseException":"","FIDJenisPengajuan":"1","JenisPengajuan":"New","UrutanPengajuan":"1","FIDJenisCovering":"1","JenisCovering":"Conditional Automatic Cover","TanggalMulaiCovering":"31\/07\/2025","TanggalAkhirCovering":"01\/08\/2025","NominalPremi":"30000.00","RemarkPremi":"BRISURF_COV_26687_1000000000000522_01","NomorRekeningGiroPremi":"020601000102311","NamaRekeningGiroPremi":"PT BRI ASURANSI INDONESIA","NominalPertanggungan":"15000000.00","NominalCoverage":"15000000.00","NominalFeeCovering":"4500.00","NominalPajakCovering":"495.00","RemarkFeePremi":"BRISURF_COV_26687_1000000000000522_01","PersentasePertanggungan":"100","PersentaseCoverage":"100","OriginalPremi":"30000.00","DiscountPremi":0,"NominalPremiExtra":0,"NominalPremiBebanNasabah":0,"NominalPremiBebanBRI":0,"Signature":"051a4d51598945b55819c6fcff437c4f"}
2026-06-17 09:49:34.188 DEBUG testcase.CovVal_26687                    - 1: unikKey = data.getValue("ChannelUniqueKeyId", row)
2026-06-17 09:49:34.191 DEBUG testcase.CovVal_26687                    - 2: requestId = currentTimeMillis().toString() + row
2026-06-17 09:49:34.192 DEBUG testcase.CovVal_26687                    - 3: response = sendRequest(findTestObject("API/Posts/CoveringValidation/CovVal_26687", ["ChannelUniqueKeyId":unikKey]))
2026-06-17 09:49:37.057 INFO  c.k.k.core.webservice.common.HarLogger   - HAR: C:\Users\ACER\git\AutoAPI\Reports\20260617_094815\API\Pembukuan\pembukuanAPI\20260617_094815\requests\main\CovVal_26687_22.har
2026-06-17 09:49:37.060 DEBUG testcase.CovVal_26687                    - 4: println("==============================")
==============================
2026-06-17 09:49:37.061 DEBUG testcase.CovVal_26687                    - 5: println("Row                : " + row)
Row                : 23
2026-06-17 09:49:37.063 DEBUG testcase.CovVal_26687                    - 6: println("Channel Unique Key Id     : " + unikKey)
Channel Unique Key Id     : 1000000000000523
2026-06-17 09:49:37.064 DEBUG testcase.CovVal_26687                    - 7: println("HTTP Status        : " + response.getStatusCode())
HTTP Status        : 200
2026-06-17 09:49:37.065 DEBUG testcase.CovVal_26687                    - 8: println("Response Body      : " + response.getResponseBodyContent())
Response Body      : {"ResponseCode":"00","ResponseDescription":"Success","ResponseException":"","FIDJenisPengajuan":"1","JenisPengajuan":"New","UrutanPengajuan":"1","FIDJenisCovering":"1","JenisCovering":"Conditional Automatic Cover","TanggalMulaiCovering":"31\/07\/2025","TanggalAkhirCovering":"01\/08\/2025","NominalPremi":"30000.00","RemarkPremi":"BRISURF_COV_26687_1000000000000523_01","NomorRekeningGiroPremi":"020601000102311","NamaRekeningGiroPremi":"PT BRI ASURANSI INDONESIA","NominalPertanggungan":"15000000.00","NominalCoverage":"15000000.00","NominalFeeCovering":"4500.00","NominalPajakCovering":"495.00","RemarkFeePremi":"BRISURF_COV_26687_1000000000000523_01","PersentasePertanggungan":"100","PersentaseCoverage":"100","OriginalPremi":"30000.00","DiscountPremi":0,"NominalPremiExtra":0,"NominalPremiBebanNasabah":0,"NominalPremiBebanBRI":0,"Signature":"051a4d51598945b55819c6fcff437c4f"}
2026-06-17 09:49:37.066 DEBUG testcase.CovVal_26687                    - 1: unikKey = data.getValue("ChannelUniqueKeyId", row)
2026-06-17 09:49:37.068 DEBUG testcase.CovVal_26687                    - 2: requestId = currentTimeMillis().toString() + row
2026-06-17 09:49:37.069 DEBUG testcase.CovVal_26687                    - 3: response = sendRequest(findTestObject("API/Posts/CoveringValidation/CovVal_26687", ["ChannelUniqueKeyId":unikKey]))
2026-06-17 09:49:39.925 INFO  c.k.k.core.webservice.common.HarLogger   - HAR: C:\Users\ACER\git\AutoAPI\Reports\20260617_094815\API\Pembukuan\pembukuanAPI\20260617_094815\requests\main\CovVal_26687_23.har
2026-06-17 09:49:39.929 DEBUG testcase.CovVal_26687                    - 4: println("==============================")
==============================
2026-06-17 09:49:39.930 DEBUG testcase.CovVal_26687                    - 5: println("Row                : " + row)
Row                : 24
2026-06-17 09:49:39.934 DEBUG testcase.CovVal_26687                    - 6: println("Channel Unique Key Id     : " + unikKey)
Channel Unique Key Id     : 1000000000000524
2026-06-17 09:49:39.935 DEBUG testcase.CovVal_26687                    - 7: println("HTTP Status        : " + response.getStatusCode())
HTTP Status        : 200
2026-06-17 09:49:39.937 DEBUG testcase.CovVal_26687                    - 8: println("Response Body      : " + response.getResponseBodyContent())
Response Body      : {"ResponseCode":"00","ResponseDescription":"Success","ResponseException":"","FIDJenisPengajuan":"1","JenisPengajuan":"New","UrutanPengajuan":"1","FIDJenisCovering":"1","JenisCovering":"Conditional Automatic Cover","TanggalMulaiCovering":"31\/07\/2025","TanggalAkhirCovering":"01\/08\/2025","NominalPremi":"30000.00","RemarkPremi":"BRISURF_COV_26687_1000000000000524_01","NomorRekeningGiroPremi":"020601000102311","NamaRekeningGiroPremi":"PT BRI ASURANSI INDONESIA","NominalPertanggungan":"15000000.00","NominalCoverage":"15000000.00","NominalFeeCovering":"4500.00","NominalPajakCovering":"495.00","RemarkFeePremi":"BRISURF_COV_26687_1000000000000524_01","PersentasePertanggungan":"100","PersentaseCoverage":"100","OriginalPremi":"30000.00","DiscountPremi":0,"NominalPremiExtra":0,"NominalPremiBebanNasabah":0,"NominalPremiBebanBRI":0,"Signature":"051a4d51598945b55819c6fcff437c4f"}
2026-06-17 09:49:39.941 DEBUG testcase.CovVal_26687                    - 1: unikKey = data.getValue("ChannelUniqueKeyId", row)
2026-06-17 09:49:39.943 DEBUG testcase.CovVal_26687                    - 2: requestId = currentTimeMillis().toString() + row
2026-06-17 09:49:39.944 DEBUG testcase.CovVal_26687                    - 3: response = sendRequest(findTestObject("API/Posts/CoveringValidation/CovVal_26687", ["ChannelUniqueKeyId":unikKey]))
2026-06-17 09:49:42.791 INFO  c.k.k.core.webservice.common.HarLogger   - HAR: C:\Users\ACER\git\AutoAPI\Reports\20260617_094815\API\Pembukuan\pembukuanAPI\20260617_094815\requests\main\CovVal_26687_24.har
2026-06-17 09:49:42.794 DEBUG testcase.CovVal_26687                    - 4: println("==============================")
==============================
2026-06-17 09:49:42.796 DEBUG testcase.CovVal_26687                    - 5: println("Row                : " + row)
Row                : 25
2026-06-17 09:49:42.797 DEBUG testcase.CovVal_26687                    - 6: println("Channel Unique Key Id     : " + unikKey)
Channel Unique Key Id     : 1000000000000525
2026-06-17 09:49:42.800 DEBUG testcase.CovVal_26687                    - 7: println("HTTP Status        : " + response.getStatusCode())
HTTP Status        : 200
2026-06-17 09:49:42.802 DEBUG testcase.CovVal_26687                    - 8: println("Response Body      : " + response.getResponseBodyContent())
Response Body      : {"ResponseCode":"00","ResponseDescription":"Success","ResponseException":"","FIDJenisPengajuan":"1","JenisPengajuan":"New","UrutanPengajuan":"1","FIDJenisCovering":"1","JenisCovering":"Conditional Automatic Cover","TanggalMulaiCovering":"31\/07\/2025","TanggalAkhirCovering":"01\/08\/2025","NominalPremi":"30000.00","RemarkPremi":"BRISURF_COV_26687_1000000000000525_01","NomorRekeningGiroPremi":"020601000102311","NamaRekeningGiroPremi":"PT BRI ASURANSI INDONESIA","NominalPertanggungan":"15000000.00","NominalCoverage":"15000000.00","NominalFeeCovering":"4500.00","NominalPajakCovering":"495.00","RemarkFeePremi":"BRISURF_COV_26687_1000000000000525_01","PersentasePertanggungan":"100","PersentaseCoverage":"100","OriginalPremi":"30000.00","DiscountPremi":0,"NominalPremiExtra":0,"NominalPremiBebanNasabah":0,"NominalPremiBebanBRI":0,"Signature":"051a4d51598945b55819c6fcff437c4f"}
2026-06-17 09:49:42.806 DEBUG testcase.CovVal_26687                    - 1: unikKey = data.getValue("ChannelUniqueKeyId", row)
2026-06-17 09:49:42.808 DEBUG testcase.CovVal_26687                    - 2: requestId = currentTimeMillis().toString() + row
2026-06-17 09:49:42.810 DEBUG testcase.CovVal_26687                    - 3: response = sendRequest(findTestObject("API/Posts/CoveringValidation/CovVal_26687", ["ChannelUniqueKeyId":unikKey]))
2026-06-17 09:49:45.657 INFO  c.k.k.core.webservice.common.HarLogger   - HAR: C:\Users\ACER\git\AutoAPI\Reports\20260617_094815\API\Pembukuan\pembukuanAPI\20260617_094815\requests\main\CovVal_26687_25.har
2026-06-17 09:49:45.660 DEBUG testcase.CovVal_26687                    - 4: println("==============================")
==============================
2026-06-17 09:49:45.661 DEBUG testcase.CovVal_26687                    - 5: println("Row                : " + row)
Row                : 26
2026-06-17 09:49:45.662 DEBUG testcase.CovVal_26687                    - 6: println("Channel Unique Key Id     : " + unikKey)
Channel Unique Key Id     : 1000000000000526
2026-06-17 09:49:45.663 DEBUG testcase.CovVal_26687                    - 7: println("HTTP Status        : " + response.getStatusCode())
HTTP Status        : 200
2026-06-17 09:49:45.664 DEBUG testcase.CovVal_26687                    - 8: println("Response Body      : " + response.getResponseBodyContent())
Response Body      : {"ResponseCode":"00","ResponseDescription":"Success","ResponseException":"","FIDJenisPengajuan":"1","JenisPengajuan":"New","UrutanPengajuan":"1","FIDJenisCovering":"1","JenisCovering":"Conditional Automatic Cover","TanggalMulaiCovering":"31\/07\/2025","TanggalAkhirCovering":"01\/08\/2025","NominalPremi":"30000.00","RemarkPremi":"BRISURF_COV_26687_1000000000000526_01","NomorRekeningGiroPremi":"020601000102311","NamaRekeningGiroPremi":"PT BRI ASURANSI INDONESIA","NominalPertanggungan":"15000000.00","NominalCoverage":"15000000.00","NominalFeeCovering":"4500.00","NominalPajakCovering":"495.00","RemarkFeePremi":"BRISURF_COV_26687_1000000000000526_01","PersentasePertanggungan":"100","PersentaseCoverage":"100","OriginalPremi":"30000.00","DiscountPremi":0,"NominalPremiExtra":0,"NominalPremiBebanNasabah":0,"NominalPremiBebanBRI":0,"Signature":"051a4d51598945b55819c6fcff437c4f"}
2026-06-17 09:49:45.665 DEBUG testcase.CovVal_26687                    - 1: unikKey = data.getValue("ChannelUniqueKeyId", row)
2026-06-17 09:49:45.666 DEBUG testcase.CovVal_26687                    - 2: requestId = currentTimeMillis().toString() + row
2026-06-17 09:49:45.667 DEBUG testcase.CovVal_26687                    - 3: response = sendRequest(findTestObject("API/Posts/CoveringValidation/CovVal_26687", ["ChannelUniqueKeyId":unikKey]))
2026-06-17 09:49:48.525 INFO  c.k.k.core.webservice.common.HarLogger   - HAR: C:\Users\ACER\git\AutoAPI\Reports\20260617_094815\API\Pembukuan\pembukuanAPI\20260617_094815\requests\main\CovVal_26687_26.har
2026-06-17 09:49:48.527 DEBUG testcase.CovVal_26687                    - 4: println("==============================")
==============================
2026-06-17 09:49:48.529 DEBUG testcase.CovVal_26687                    - 5: println("Row                : " + row)
Row                : 27
2026-06-17 09:49:48.531 DEBUG testcase.CovVal_26687                    - 6: println("Channel Unique Key Id     : " + unikKey)
Channel Unique Key Id     : 1000000000000527
2026-06-17 09:49:48.532 DEBUG testcase.CovVal_26687                    - 7: println("HTTP Status        : " + response.getStatusCode())
HTTP Status        : 200
2026-06-17 09:49:48.538 DEBUG testcase.CovVal_26687                    - 8: println("Response Body      : " + response.getResponseBodyContent())
Response Body      : {"ResponseCode":"00","ResponseDescription":"Success","ResponseException":"","FIDJenisPengajuan":"1","JenisPengajuan":"New","UrutanPengajuan":"1","FIDJenisCovering":"1","JenisCovering":"Conditional Automatic Cover","TanggalMulaiCovering":"31\/07\/2025","TanggalAkhirCovering":"01\/08\/2025","NominalPremi":"30000.00","RemarkPremi":"BRISURF_COV_26687_1000000000000527_01","NomorRekeningGiroPremi":"020601000102311","NamaRekeningGiroPremi":"PT BRI ASURANSI INDONESIA","NominalPertanggungan":"15000000.00","NominalCoverage":"15000000.00","NominalFeeCovering":"4500.00","NominalPajakCovering":"495.00","RemarkFeePremi":"BRISURF_COV_26687_1000000000000527_01","PersentasePertanggungan":"100","PersentaseCoverage":"100","OriginalPremi":"30000.00","DiscountPremi":0,"NominalPremiExtra":0,"NominalPremiBebanNasabah":0,"NominalPremiBebanBRI":0,"Signature":"051a4d51598945b55819c6fcff437c4f"}
2026-06-17 09:49:48.541 DEBUG testcase.CovVal_26687                    - 1: unikKey = data.getValue("ChannelUniqueKeyId", row)
2026-06-17 09:49:48.542 DEBUG testcase.CovVal_26687                    - 2: requestId = currentTimeMillis().toString() + row
2026-06-17 09:49:48.543 DEBUG testcase.CovVal_26687                    - 3: response = sendRequest(findTestObject("API/Posts/CoveringValidation/CovVal_26687", ["ChannelUniqueKeyId":unikKey]))
2026-06-17 09:49:51.391 INFO  c.k.k.core.webservice.common.HarLogger   - HAR: C:\Users\ACER\git\AutoAPI\Reports\20260617_094815\API\Pembukuan\pembukuanAPI\20260617_094815\requests\main\CovVal_26687_27.har
2026-06-17 09:49:51.394 DEBUG testcase.CovVal_26687                    - 4: println("==============================")
==============================
2026-06-17 09:49:51.395 DEBUG testcase.CovVal_26687                    - 5: println("Row                : " + row)
Row                : 28
2026-06-17 09:49:51.397 DEBUG testcase.CovVal_26687                    - 6: println("Channel Unique Key Id     : " + unikKey)
Channel Unique Key Id     : 1000000000000528
2026-06-17 09:49:51.407 DEBUG testcase.CovVal_26687                    - 7: println("HTTP Status        : " + response.getStatusCode())
HTTP Status        : 200
2026-06-17 09:49:51.411 DEBUG testcase.CovVal_26687                    - 8: println("Response Body      : " + response.getResponseBodyContent())
Response Body      : {"ResponseCode":"00","ResponseDescription":"Success","ResponseException":"","FIDJenisPengajuan":"1","JenisPengajuan":"New","UrutanPengajuan":"1","FIDJenisCovering":"1","JenisCovering":"Conditional Automatic Cover","TanggalMulaiCovering":"31\/07\/2025","TanggalAkhirCovering":"01\/08\/2025","NominalPremi":"30000.00","RemarkPremi":"BRISURF_COV_26687_1000000000000528_01","NomorRekeningGiroPremi":"020601000102311","NamaRekeningGiroPremi":"PT BRI ASURANSI INDONESIA","NominalPertanggungan":"15000000.00","NominalCoverage":"15000000.00","NominalFeeCovering":"4500.00","NominalPajakCovering":"495.00","RemarkFeePremi":"BRISURF_COV_26687_1000000000000528_01","PersentasePertanggungan":"100","PersentaseCoverage":"100","OriginalPremi":"30000.00","DiscountPremi":0,"NominalPremiExtra":0,"NominalPremiBebanNasabah":0,"NominalPremiBebanBRI":0,"Signature":"051a4d51598945b55819c6fcff437c4f"}
2026-06-17 09:49:51.412 DEBUG testcase.CovVal_26687                    - 1: unikKey = data.getValue("ChannelUniqueKeyId", row)
2026-06-17 09:49:51.414 DEBUG testcase.CovVal_26687                    - 2: requestId = currentTimeMillis().toString() + row
2026-06-17 09:49:51.416 DEBUG testcase.CovVal_26687                    - 3: response = sendRequest(findTestObject("API/Posts/CoveringValidation/CovVal_26687", ["ChannelUniqueKeyId":unikKey]))
2026-06-17 09:49:54.260 INFO  c.k.k.core.webservice.common.HarLogger   - HAR: C:\Users\ACER\git\AutoAPI\Reports\20260617_094815\API\Pembukuan\pembukuanAPI\20260617_094815\requests\main\CovVal_26687_28.har
2026-06-17 09:49:54.263 DEBUG testcase.CovVal_26687                    - 4: println("==============================")
==============================
2026-06-17 09:49:54.265 DEBUG testcase.CovVal_26687                    - 5: println("Row                : " + row)
Row                : 29
2026-06-17 09:49:54.266 DEBUG testcase.CovVal_26687                    - 6: println("Channel Unique Key Id     : " + unikKey)
Channel Unique Key Id     : 1000000000000529
2026-06-17 09:49:54.270 DEBUG testcase.CovVal_26687                    - 7: println("HTTP Status        : " + response.getStatusCode())
HTTP Status        : 200
2026-06-17 09:49:54.271 DEBUG testcase.CovVal_26687                    - 8: println("Response Body      : " + response.getResponseBodyContent())
Response Body      : {"ResponseCode":"00","ResponseDescription":"Success","ResponseException":"","FIDJenisPengajuan":"1","JenisPengajuan":"New","UrutanPengajuan":"1","FIDJenisCovering":"1","JenisCovering":"Conditional Automatic Cover","TanggalMulaiCovering":"31\/07\/2025","TanggalAkhirCovering":"01\/08\/2025","NominalPremi":"30000.00","RemarkPremi":"BRISURF_COV_26687_1000000000000529_01","NomorRekeningGiroPremi":"020601000102311","NamaRekeningGiroPremi":"PT BRI ASURANSI INDONESIA","NominalPertanggungan":"15000000.00","NominalCoverage":"15000000.00","NominalFeeCovering":"4500.00","NominalPajakCovering":"495.00","RemarkFeePremi":"BRISURF_COV_26687_1000000000000529_01","PersentasePertanggungan":"100","PersentaseCoverage":"100","OriginalPremi":"30000.00","DiscountPremi":0,"NominalPremiExtra":0,"NominalPremiBebanNasabah":0,"NominalPremiBebanBRI":0,"Signature":"051a4d51598945b55819c6fcff437c4f"}
2026-06-17 09:49:54.273 DEBUG testcase.CovVal_26687                    - 1: unikKey = data.getValue("ChannelUniqueKeyId", row)
2026-06-17 09:49:54.274 DEBUG testcase.CovVal_26687                    - 2: requestId = currentTimeMillis().toString() + row
2026-06-17 09:49:54.275 DEBUG testcase.CovVal_26687                    - 3: response = sendRequest(findTestObject("API/Posts/CoveringValidation/CovVal_26687", ["ChannelUniqueKeyId":unikKey]))
2026-06-17 09:49:57.126 INFO  c.k.k.core.webservice.common.HarLogger   - HAR: C:\Users\ACER\git\AutoAPI\Reports\20260617_094815\API\Pembukuan\pembukuanAPI\20260617_094815\requests\main\CovVal_26687_29.har
2026-06-17 09:49:57.129 DEBUG testcase.CovVal_26687                    - 4: println("==============================")
==============================
2026-06-17 09:49:57.130 DEBUG testcase.CovVal_26687                    - 5: println("Row                : " + row)
Row                : 30
2026-06-17 09:49:57.132 DEBUG testcase.CovVal_26687                    - 6: println("Channel Unique Key Id     : " + unikKey)
Channel Unique Key Id     : 1000000000000530
2026-06-17 09:49:57.137 DEBUG testcase.CovVal_26687                    - 7: println("HTTP Status        : " + response.getStatusCode())
HTTP Status        : 200
2026-06-17 09:49:57.138 DEBUG testcase.CovVal_26687                    - 8: println("Response Body      : " + response.getResponseBodyContent())
Response Body      : {"ResponseCode":"00","ResponseDescription":"Success","ResponseException":"","FIDJenisPengajuan":"1","JenisPengajuan":"New","UrutanPengajuan":"1","FIDJenisCovering":"1","JenisCovering":"Conditional Automatic Cover","TanggalMulaiCovering":"31\/07\/2025","TanggalAkhirCovering":"01\/08\/2025","NominalPremi":"30000.00","RemarkPremi":"BRISURF_COV_26687_1000000000000530_01","NomorRekeningGiroPremi":"020601000102311","NamaRekeningGiroPremi":"PT BRI ASURANSI INDONESIA","NominalPertanggungan":"15000000.00","NominalCoverage":"15000000.00","NominalFeeCovering":"4500.00","NominalPajakCovering":"495.00","RemarkFeePremi":"BRISURF_COV_26687_1000000000000530_01","PersentasePertanggungan":"100","PersentaseCoverage":"100","OriginalPremi":"30000.00","DiscountPremi":0,"NominalPremiExtra":0,"NominalPremiBebanNasabah":0,"NominalPremiBebanBRI":0,"Signature":"051a4d51598945b55819c6fcff437c4f"}
2026-06-17 09:49:57.139 DEBUG testcase.CovVal_26687                    - 1: unikKey = data.getValue("ChannelUniqueKeyId", row)
2026-06-17 09:49:57.140 DEBUG testcase.CovVal_26687                    - 2: requestId = currentTimeMillis().toString() + row
2026-06-17 09:49:57.141 DEBUG testcase.CovVal_26687                    - 3: response = sendRequest(findTestObject("API/Posts/CoveringValidation/CovVal_26687", ["ChannelUniqueKeyId":unikKey]))
2026-06-17 09:50:00.198 INFO  c.k.k.core.webservice.common.HarLogger   - HAR: C:\Users\ACER\git\AutoAPI\Reports\20260617_094815\API\Pembukuan\pembukuanAPI\20260617_094815\requests\main\CovVal_26687_30.har
2026-06-17 09:50:00.203 DEBUG testcase.CovVal_26687                    - 4: println("==============================")
==============================
2026-06-17 09:50:00.204 DEBUG testcase.CovVal_26687                    - 5: println("Row                : " + row)
Row                : 31
2026-06-17 09:50:00.205 DEBUG testcase.CovVal_26687                    - 6: println("Channel Unique Key Id     : " + unikKey)
Channel Unique Key Id     : 1000000000000531
2026-06-17 09:50:00.206 DEBUG testcase.CovVal_26687                    - 7: println("HTTP Status        : " + response.getStatusCode())
HTTP Status        : 200
2026-06-17 09:50:00.208 DEBUG testcase.CovVal_26687                    - 8: println("Response Body      : " + response.getResponseBodyContent())
Response Body      : {"ResponseCode":"00","ResponseDescription":"Success","ResponseException":"","FIDJenisPengajuan":"1","JenisPengajuan":"New","UrutanPengajuan":"1","FIDJenisCovering":"1","JenisCovering":"Conditional Automatic Cover","TanggalMulaiCovering":"31\/07\/2025","TanggalAkhirCovering":"01\/08\/2025","NominalPremi":"30000.00","RemarkPremi":"BRISURF_COV_26687_1000000000000531_01","NomorRekeningGiroPremi":"020601000102311","NamaRekeningGiroPremi":"PT BRI ASURANSI INDONESIA","NominalPertanggungan":"15000000.00","NominalCoverage":"15000000.00","NominalFeeCovering":"4500.00","NominalPajakCovering":"495.00","RemarkFeePremi":"BRISURF_COV_26687_1000000000000531_01","PersentasePertanggungan":"100","PersentaseCoverage":"100","OriginalPremi":"30000.00","DiscountPremi":0,"NominalPremiExtra":0,"NominalPremiBebanNasabah":0,"NominalPremiBebanBRI":0,"Signature":"051a4d51598945b55819c6fcff437c4f"}
2026-06-17 09:50:00.209 DEBUG testcase.CovVal_26687                    - 1: unikKey = data.getValue("ChannelUniqueKeyId", row)
2026-06-17 09:50:00.210 DEBUG testcase.CovVal_26687                    - 2: requestId = currentTimeMillis().toString() + row
2026-06-17 09:50:00.211 DEBUG testcase.CovVal_26687                    - 3: response = sendRequest(findTestObject("API/Posts/CoveringValidation/CovVal_26687", ["ChannelUniqueKeyId":unikKey]))
2026-06-17 09:50:03.139 INFO  c.k.k.core.webservice.common.HarLogger   - HAR: C:\Users\ACER\git\AutoAPI\Reports\20260617_094815\API\Pembukuan\pembukuanAPI\20260617_094815\requests\main\CovVal_26687_31.har
2026-06-17 09:50:03.142 DEBUG testcase.CovVal_26687                    - 4: println("==============================")
==============================
2026-06-17 09:50:03.144 DEBUG testcase.CovVal_26687                    - 5: println("Row                : " + row)
Row                : 32
2026-06-17 09:50:03.145 DEBUG testcase.CovVal_26687                    - 6: println("Channel Unique Key Id     : " + unikKey)
Channel Unique Key Id     : 1000000000000532
2026-06-17 09:50:03.146 DEBUG testcase.CovVal_26687                    - 7: println("HTTP Status        : " + response.getStatusCode())
HTTP Status        : 200
2026-06-17 09:50:03.147 DEBUG testcase.CovVal_26687                    - 8: println("Response Body      : " + response.getResponseBodyContent())
Response Body      : {"ResponseCode":"00","ResponseDescription":"Success","ResponseException":"","FIDJenisPengajuan":"1","JenisPengajuan":"New","UrutanPengajuan":"1","FIDJenisCovering":"1","JenisCovering":"Conditional Automatic Cover","TanggalMulaiCovering":"31\/07\/2025","TanggalAkhirCovering":"01\/08\/2025","NominalPremi":"30000.00","RemarkPremi":"BRISURF_COV_26687_1000000000000532_01","NomorRekeningGiroPremi":"020601000102311","NamaRekeningGiroPremi":"PT BRI ASURANSI INDONESIA","NominalPertanggungan":"15000000.00","NominalCoverage":"15000000.00","NominalFeeCovering":"4500.00","NominalPajakCovering":"495.00","RemarkFeePremi":"BRISURF_COV_26687_1000000000000532_01","PersentasePertanggungan":"100","PersentaseCoverage":"100","OriginalPremi":"30000.00","DiscountPremi":0,"NominalPremiExtra":0,"NominalPremiBebanNasabah":0,"NominalPremiBebanBRI":0,"Signature":"051a4d51598945b55819c6fcff437c4f"}
2026-06-17 09:50:03.151 DEBUG testcase.CovVal_26687                    - 1: unikKey = data.getValue("ChannelUniqueKeyId", row)
2026-06-17 09:50:03.152 DEBUG testcase.CovVal_26687                    - 2: requestId = currentTimeMillis().toString() + row
2026-06-17 09:50:03.153 DEBUG testcase.CovVal_26687                    - 3: response = sendRequest(findTestObject("API/Posts/CoveringValidation/CovVal_26687", ["ChannelUniqueKeyId":unikKey]))
2026-06-17 09:50:06.137 INFO  c.k.k.core.webservice.common.HarLogger   - HAR: C:\Users\ACER\git\AutoAPI\Reports\20260617_094815\API\Pembukuan\pembukuanAPI\20260617_094815\requests\main\CovVal_26687_32.har
2026-06-17 09:50:06.141 DEBUG testcase.CovVal_26687                    - 4: println("==============================")
==============================
2026-06-17 09:50:06.143 DEBUG testcase.CovVal_26687                    - 5: println("Row                : " + row)
Row                : 33
2026-06-17 09:50:06.144 DEBUG testcase.CovVal_26687                    - 6: println("Channel Unique Key Id     : " + unikKey)
Channel Unique Key Id     : 1000000000000533
2026-06-17 09:50:06.145 DEBUG testcase.CovVal_26687                    - 7: println("HTTP Status        : " + response.getStatusCode())
HTTP Status        : 200
2026-06-17 09:50:06.146 DEBUG testcase.CovVal_26687                    - 8: println("Response Body      : " + response.getResponseBodyContent())
Response Body      : {"ResponseCode":"00","ResponseDescription":"Success","ResponseException":"","FIDJenisPengajuan":"1","JenisPengajuan":"New","UrutanPengajuan":"1","FIDJenisCovering":"1","JenisCovering":"Conditional Automatic Cover","TanggalMulaiCovering":"31\/07\/2025","TanggalAkhirCovering":"01\/08\/2025","NominalPremi":"30000.00","RemarkPremi":"BRISURF_COV_26687_1000000000000533_01","NomorRekeningGiroPremi":"020601000102311","NamaRekeningGiroPremi":"PT BRI ASURANSI INDONESIA","NominalPertanggungan":"15000000.00","NominalCoverage":"15000000.00","NominalFeeCovering":"4500.00","NominalPajakCovering":"495.00","RemarkFeePremi":"BRISURF_COV_26687_1000000000000533_01","PersentasePertanggungan":"100","PersentaseCoverage":"100","OriginalPremi":"30000.00","DiscountPremi":0,"NominalPremiExtra":0,"NominalPremiBebanNasabah":0,"NominalPremiBebanBRI":0,"Signature":"051a4d51598945b55819c6fcff437c4f"}
2026-06-17 09:50:06.150 DEBUG testcase.CovVal_26687                    - 1: unikKey = data.getValue("ChannelUniqueKeyId", row)
2026-06-17 09:50:06.151 DEBUG testcase.CovVal_26687                    - 2: requestId = currentTimeMillis().toString() + row
2026-06-17 09:50:06.152 DEBUG testcase.CovVal_26687                    - 3: response = sendRequest(findTestObject("API/Posts/CoveringValidation/CovVal_26687", ["ChannelUniqueKeyId":unikKey]))
2026-06-17 09:50:09.211 INFO  c.k.k.core.webservice.common.HarLogger   - HAR: C:\Users\ACER\git\AutoAPI\Reports\20260617_094815\API\Pembukuan\pembukuanAPI\20260617_094815\requests\main\CovVal_26687_33.har
2026-06-17 09:50:09.216 DEBUG testcase.CovVal_26687                    - 4: println("==============================")
==============================
2026-06-17 09:50:09.217 DEBUG testcase.CovVal_26687                    - 5: println("Row                : " + row)
Row                : 34
2026-06-17 09:50:09.218 DEBUG testcase.CovVal_26687                    - 6: println("Channel Unique Key Id     : " + unikKey)
Channel Unique Key Id     : 1000000000000534
2026-06-17 09:50:09.220 DEBUG testcase.CovVal_26687                    - 7: println("HTTP Status        : " + response.getStatusCode())
HTTP Status        : 200
2026-06-17 09:50:09.222 DEBUG testcase.CovVal_26687                    - 8: println("Response Body      : " + response.getResponseBodyContent())
Response Body      : {"ResponseCode":"00","ResponseDescription":"Success","ResponseException":"","FIDJenisPengajuan":"1","JenisPengajuan":"New","UrutanPengajuan":"1","FIDJenisCovering":"1","JenisCovering":"Conditional Automatic Cover","TanggalMulaiCovering":"31\/07\/2025","TanggalAkhirCovering":"01\/08\/2025","NominalPremi":"30000.00","RemarkPremi":"BRISURF_COV_26687_1000000000000534_01","NomorRekeningGiroPremi":"020601000102311","NamaRekeningGiroPremi":"PT BRI ASURANSI INDONESIA","NominalPertanggungan":"15000000.00","NominalCoverage":"15000000.00","NominalFeeCovering":"4500.00","NominalPajakCovering":"495.00","RemarkFeePremi":"BRISURF_COV_26687_1000000000000534_01","PersentasePertanggungan":"100","PersentaseCoverage":"100","OriginalPremi":"30000.00","DiscountPremi":0,"NominalPremiExtra":0,"NominalPremiBebanNasabah":0,"NominalPremiBebanBRI":0,"Signature":"051a4d51598945b55819c6fcff437c4f"}
2026-06-17 09:50:09.223 DEBUG testcase.CovVal_26687                    - 1: unikKey = data.getValue("ChannelUniqueKeyId", row)
2026-06-17 09:50:09.225 DEBUG testcase.CovVal_26687                    - 2: requestId = currentTimeMillis().toString() + row
2026-06-17 09:50:09.227 DEBUG testcase.CovVal_26687                    - 3: response = sendRequest(findTestObject("API/Posts/CoveringValidation/CovVal_26687", ["ChannelUniqueKeyId":unikKey]))
2026-06-17 09:50:12.181 INFO  c.k.k.core.webservice.common.HarLogger   - HAR: C:\Users\ACER\git\AutoAPI\Reports\20260617_094815\API\Pembukuan\pembukuanAPI\20260617_094815\requests\main\CovVal_26687_34.har
2026-06-17 09:50:12.183 DEBUG testcase.CovVal_26687                    - 4: println("==============================")
==============================
2026-06-17 09:50:12.184 DEBUG testcase.CovVal_26687                    - 5: println("Row                : " + row)
Row                : 35
2026-06-17 09:50:12.186 DEBUG testcase.CovVal_26687                    - 6: println("Channel Unique Key Id     : " + unikKey)
Channel Unique Key Id     : 1000000000000535
2026-06-17 09:50:12.187 DEBUG testcase.CovVal_26687                    - 7: println("HTTP Status        : " + response.getStatusCode())
HTTP Status        : 200
2026-06-17 09:50:12.188 DEBUG testcase.CovVal_26687                    - 8: println("Response Body      : " + response.getResponseBodyContent())
Response Body      : {"ResponseCode":"00","ResponseDescription":"Success","ResponseException":"","FIDJenisPengajuan":"1","JenisPengajuan":"New","UrutanPengajuan":"1","FIDJenisCovering":"1","JenisCovering":"Conditional Automatic Cover","TanggalMulaiCovering":"31\/07\/2025","TanggalAkhirCovering":"01\/08\/2025","NominalPremi":"30000.00","RemarkPremi":"BRISURF_COV_26687_1000000000000535_01","NomorRekeningGiroPremi":"020601000102311","NamaRekeningGiroPremi":"PT BRI ASURANSI INDONESIA","NominalPertanggungan":"15000000.00","NominalCoverage":"15000000.00","NominalFeeCovering":"4500.00","NominalPajakCovering":"495.00","RemarkFeePremi":"BRISURF_COV_26687_1000000000000535_01","PersentasePertanggungan":"100","PersentaseCoverage":"100","OriginalPremi":"30000.00","DiscountPremi":0,"NominalPremiExtra":0,"NominalPremiBebanNasabah":0,"NominalPremiBebanBRI":0,"Signature":"051a4d51598945b55819c6fcff437c4f"}
2026-06-17 09:50:12.189 DEBUG testcase.CovVal_26687                    - 1: unikKey = data.getValue("ChannelUniqueKeyId", row)
2026-06-17 09:50:12.191 DEBUG testcase.CovVal_26687                    - 2: requestId = currentTimeMillis().toString() + row
2026-06-17 09:50:12.193 DEBUG testcase.CovVal_26687                    - 3: response = sendRequest(findTestObject("API/Posts/CoveringValidation/CovVal_26687", ["ChannelUniqueKeyId":unikKey]))
2026-06-17 09:50:15.047 INFO  c.k.k.core.webservice.common.HarLogger   - HAR: C:\Users\ACER\git\AutoAPI\Reports\20260617_094815\API\Pembukuan\pembukuanAPI\20260617_094815\requests\main\CovVal_26687_35.har
2026-06-17 09:50:15.051 DEBUG testcase.CovVal_26687                    - 4: println("==============================")
==============================
2026-06-17 09:50:15.052 DEBUG testcase.CovVal_26687                    - 5: println("Row                : " + row)
Row                : 36
2026-06-17 09:50:15.053 DEBUG testcase.CovVal_26687                    - 6: println("Channel Unique Key Id     : " + unikKey)
Channel Unique Key Id     : 1000000000000536
2026-06-17 09:50:15.054 DEBUG testcase.CovVal_26687                    - 7: println("HTTP Status        : " + response.getStatusCode())
HTTP Status        : 200
2026-06-17 09:50:15.058 DEBUG testcase.CovVal_26687                    - 8: println("Response Body      : " + response.getResponseBodyContent())
Response Body      : {"ResponseCode":"00","ResponseDescription":"Success","ResponseException":"","FIDJenisPengajuan":"1","JenisPengajuan":"New","UrutanPengajuan":"1","FIDJenisCovering":"1","JenisCovering":"Conditional Automatic Cover","TanggalMulaiCovering":"31\/07\/2025","TanggalAkhirCovering":"01\/08\/2025","NominalPremi":"30000.00","RemarkPremi":"BRISURF_COV_26687_1000000000000536_01","NomorRekeningGiroPremi":"020601000102311","NamaRekeningGiroPremi":"PT BRI ASURANSI INDONESIA","NominalPertanggungan":"15000000.00","NominalCoverage":"15000000.00","NominalFeeCovering":"4500.00","NominalPajakCovering":"495.00","RemarkFeePremi":"BRISURF_COV_26687_1000000000000536_01","PersentasePertanggungan":"100","PersentaseCoverage":"100","OriginalPremi":"30000.00","DiscountPremi":0,"NominalPremiExtra":0,"NominalPremiBebanNasabah":0,"NominalPremiBebanBRI":0,"Signature":"051a4d51598945b55819c6fcff437c4f"}
2026-06-17 09:50:15.060 DEBUG testcase.CovVal_26687                    - 1: unikKey = data.getValue("ChannelUniqueKeyId", row)
2026-06-17 09:50:15.066 DEBUG testcase.CovVal_26687                    - 2: requestId = currentTimeMillis().toString() + row
2026-06-17 09:50:15.067 DEBUG testcase.CovVal_26687                    - 3: response = sendRequest(findTestObject("API/Posts/CoveringValidation/CovVal_26687", ["ChannelUniqueKeyId":unikKey]))
2026-06-17 09:50:18.018 INFO  c.k.k.core.webservice.common.HarLogger   - HAR: C:\Users\ACER\git\AutoAPI\Reports\20260617_094815\API\Pembukuan\pembukuanAPI\20260617_094815\requests\main\CovVal_26687_36.har
2026-06-17 09:50:18.024 DEBUG testcase.CovVal_26687                    - 4: println("==============================")
==============================
2026-06-17 09:50:18.025 DEBUG testcase.CovVal_26687                    - 5: println("Row                : " + row)
Row                : 37
2026-06-17 09:50:18.026 DEBUG testcase.CovVal_26687                    - 6: println("Channel Unique Key Id     : " + unikKey)
Channel Unique Key Id     : 1000000000000537
2026-06-17 09:50:18.027 DEBUG testcase.CovVal_26687                    - 7: println("HTTP Status        : " + response.getStatusCode())
HTTP Status        : 200
2026-06-17 09:50:18.031 DEBUG testcase.CovVal_26687                    - 8: println("Response Body      : " + response.getResponseBodyContent())
Response Body      : {"ResponseCode":"00","ResponseDescription":"Success","ResponseException":"","FIDJenisPengajuan":"1","JenisPengajuan":"New","UrutanPengajuan":"1","FIDJenisCovering":"1","JenisCovering":"Conditional Automatic Cover","TanggalMulaiCovering":"31\/07\/2025","TanggalAkhirCovering":"01\/08\/2025","NominalPremi":"30000.00","RemarkPremi":"BRISURF_COV_26687_1000000000000537_01","NomorRekeningGiroPremi":"020601000102311","NamaRekeningGiroPremi":"PT BRI ASURANSI INDONESIA","NominalPertanggungan":"15000000.00","NominalCoverage":"15000000.00","NominalFeeCovering":"4500.00","NominalPajakCovering":"495.00","RemarkFeePremi":"BRISURF_COV_26687_1000000000000537_01","PersentasePertanggungan":"100","PersentaseCoverage":"100","OriginalPremi":"30000.00","DiscountPremi":0,"NominalPremiExtra":0,"NominalPremiBebanNasabah":0,"NominalPremiBebanBRI":0,"Signature":"051a4d51598945b55819c6fcff437c4f"}
2026-06-17 09:50:18.032 DEBUG testcase.CovVal_26687                    - 1: unikKey = data.getValue("ChannelUniqueKeyId", row)
2026-06-17 09:50:18.033 DEBUG testcase.CovVal_26687                    - 2: requestId = currentTimeMillis().toString() + row
2026-06-17 09:50:18.035 DEBUG testcase.CovVal_26687                    - 3: response = sendRequest(findTestObject("API/Posts/CoveringValidation/CovVal_26687", ["ChannelUniqueKeyId":unikKey]))
2026-06-17 09:50:21.397 INFO  c.k.k.core.webservice.common.HarLogger   - HAR: C:\Users\ACER\git\AutoAPI\Reports\20260617_094815\API\Pembukuan\pembukuanAPI\20260617_094815\requests\main\CovVal_26687_37.har
2026-06-17 09:50:21.400 DEBUG testcase.CovVal_26687                    - 4: println("==============================")
==============================
2026-06-17 09:50:21.402 DEBUG testcase.CovVal_26687                    - 5: println("Row                : " + row)
Row                : 38
2026-06-17 09:50:21.403 DEBUG testcase.CovVal_26687                    - 6: println("Channel Unique Key Id     : " + unikKey)
Channel Unique Key Id     : 1000000000000538
2026-06-17 09:50:21.403 DEBUG testcase.CovVal_26687                    - 7: println("HTTP Status        : " + response.getStatusCode())
HTTP Status        : 200
2026-06-17 09:50:21.405 DEBUG testcase.CovVal_26687                    - 8: println("Response Body      : " + response.getResponseBodyContent())
Response Body      : {"ResponseCode":"00","ResponseDescription":"Success","ResponseException":"","FIDJenisPengajuan":"1","JenisPengajuan":"New","UrutanPengajuan":"1","FIDJenisCovering":"1","JenisCovering":"Conditional Automatic Cover","TanggalMulaiCovering":"31\/07\/2025","TanggalAkhirCovering":"01\/08\/2025","NominalPremi":"30000.00","RemarkPremi":"BRISURF_COV_26687_1000000000000538_01","NomorRekeningGiroPremi":"020601000102311","NamaRekeningGiroPremi":"PT BRI ASURANSI INDONESIA","NominalPertanggungan":"15000000.00","NominalCoverage":"15000000.00","NominalFeeCovering":"4500.00","NominalPajakCovering":"495.00","RemarkFeePremi":"BRISURF_COV_26687_1000000000000538_01","PersentasePertanggungan":"100","PersentaseCoverage":"100","OriginalPremi":"30000.00","DiscountPremi":0,"NominalPremiExtra":0,"NominalPremiBebanNasabah":0,"NominalPremiBebanBRI":0,"Signature":"051a4d51598945b55819c6fcff437c4f"}
2026-06-17 09:50:21.406 DEBUG testcase.CovVal_26687                    - 1: unikKey = data.getValue("ChannelUniqueKeyId", row)
2026-06-17 09:50:21.407 DEBUG testcase.CovVal_26687                    - 2: requestId = currentTimeMillis().toString() + row
2026-06-17 09:50:21.408 DEBUG testcase.CovVal_26687                    - 3: response = sendRequest(findTestObject("API/Posts/CoveringValidation/CovVal_26687", ["ChannelUniqueKeyId":unikKey]))
2026-06-17 09:50:24.879 INFO  c.k.k.core.webservice.common.HarLogger   - HAR: C:\Users\ACER\git\AutoAPI\Reports\20260617_094815\API\Pembukuan\pembukuanAPI\20260617_094815\requests\main\CovVal_26687_38.har
2026-06-17 09:50:24.881 DEBUG testcase.CovVal_26687                    - 4: println("==============================")
==============================
2026-06-17 09:50:24.882 DEBUG testcase.CovVal_26687                    - 5: println("Row                : " + row)
Row                : 39
2026-06-17 09:50:24.883 DEBUG testcase.CovVal_26687                    - 6: println("Channel Unique Key Id     : " + unikKey)
Channel Unique Key Id     : 1000000000000539
2026-06-17 09:50:24.884 DEBUG testcase.CovVal_26687                    - 7: println("HTTP Status        : " + response.getStatusCode())
HTTP Status        : 200
2026-06-17 09:50:24.885 DEBUG testcase.CovVal_26687                    - 8: println("Response Body      : " + response.getResponseBodyContent())
Response Body      : {"ResponseCode":"00","ResponseDescription":"Success","ResponseException":"","FIDJenisPengajuan":"1","JenisPengajuan":"New","UrutanPengajuan":"1","FIDJenisCovering":"1","JenisCovering":"Conditional Automatic Cover","TanggalMulaiCovering":"31\/07\/2025","TanggalAkhirCovering":"01\/08\/2025","NominalPremi":"30000.00","RemarkPremi":"BRISURF_COV_26687_1000000000000539_01","NomorRekeningGiroPremi":"020601000102311","NamaRekeningGiroPremi":"PT BRI ASURANSI INDONESIA","NominalPertanggungan":"15000000.00","NominalCoverage":"15000000.00","NominalFeeCovering":"4500.00","NominalPajakCovering":"495.00","RemarkFeePremi":"BRISURF_COV_26687_1000000000000539_01","PersentasePertanggungan":"100","PersentaseCoverage":"100","OriginalPremi":"30000.00","DiscountPremi":0,"NominalPremiExtra":0,"NominalPremiBebanNasabah":0,"NominalPremiBebanBRI":0,"Signature":"051a4d51598945b55819c6fcff437c4f"}
2026-06-17 09:50:24.886 DEBUG testcase.CovVal_26687                    - 1: unikKey = data.getValue("ChannelUniqueKeyId", row)
2026-06-17 09:50:24.887 DEBUG testcase.CovVal_26687                    - 2: requestId = currentTimeMillis().toString() + row
2026-06-17 09:50:24.888 DEBUG testcase.CovVal_26687                    - 3: response = sendRequest(findTestObject("API/Posts/CoveringValidation/CovVal_26687", ["ChannelUniqueKeyId":unikKey]))
2026-06-17 09:50:27.745 INFO  c.k.k.core.webservice.common.HarLogger   - HAR: C:\Users\ACER\git\AutoAPI\Reports\20260617_094815\API\Pembukuan\pembukuanAPI\20260617_094815\requests\main\CovVal_26687_39.har
2026-06-17 09:50:27.747 DEBUG testcase.CovVal_26687                    - 4: println("==============================")
==============================
2026-06-17 09:50:27.748 DEBUG testcase.CovVal_26687                    - 5: println("Row                : " + row)
Row                : 40
2026-06-17 09:50:27.749 DEBUG testcase.CovVal_26687                    - 6: println("Channel Unique Key Id     : " + unikKey)
Channel Unique Key Id     : 1000000000000540
2026-06-17 09:50:27.750 DEBUG testcase.CovVal_26687                    - 7: println("HTTP Status        : " + response.getStatusCode())
HTTP Status        : 200
2026-06-17 09:50:27.751 DEBUG testcase.CovVal_26687                    - 8: println("Response Body      : " + response.getResponseBodyContent())
Response Body      : {"ResponseCode":"00","ResponseDescription":"Success","ResponseException":"","FIDJenisPengajuan":"1","JenisPengajuan":"New","UrutanPengajuan":"1","FIDJenisCovering":"1","JenisCovering":"Conditional Automatic Cover","TanggalMulaiCovering":"31\/07\/2025","TanggalAkhirCovering":"01\/08\/2025","NominalPremi":"30000.00","RemarkPremi":"BRISURF_COV_26687_1000000000000540_01","NomorRekeningGiroPremi":"020601000102311","NamaRekeningGiroPremi":"PT BRI ASURANSI INDONESIA","NominalPertanggungan":"15000000.00","NominalCoverage":"15000000.00","NominalFeeCovering":"4500.00","NominalPajakCovering":"495.00","RemarkFeePremi":"BRISURF_COV_26687_1000000000000540_01","PersentasePertanggungan":"100","PersentaseCoverage":"100","OriginalPremi":"30000.00","DiscountPremi":0,"NominalPremiExtra":0,"NominalPremiBebanNasabah":0,"NominalPremiBebanBRI":0,"Signature":"051a4d51598945b55819c6fcff437c4f"}
2026-06-17 09:50:27.752 DEBUG testcase.CovVal_26687                    - 1: unikKey = data.getValue("ChannelUniqueKeyId", row)
2026-06-17 09:50:27.752 DEBUG testcase.CovVal_26687                    - 2: requestId = currentTimeMillis().toString() + row
2026-06-17 09:50:27.753 DEBUG testcase.CovVal_26687                    - 3: response = sendRequest(findTestObject("API/Posts/CoveringValidation/CovVal_26687", ["ChannelUniqueKeyId":unikKey]))
2026-06-17 09:50:30.612 INFO  c.k.k.core.webservice.common.HarLogger   - HAR: C:\Users\ACER\git\AutoAPI\Reports\20260617_094815\API\Pembukuan\pembukuanAPI\20260617_094815\requests\main\CovVal_26687_40.har
2026-06-17 09:50:30.615 DEBUG testcase.CovVal_26687                    - 4: println("==============================")
==============================
2026-06-17 09:50:30.616 DEBUG testcase.CovVal_26687                    - 5: println("Row                : " + row)
Row                : 41
2026-06-17 09:50:30.617 DEBUG testcase.CovVal_26687                    - 6: println("Channel Unique Key Id     : " + unikKey)
Channel Unique Key Id     : 1000000000000541
2026-06-17 09:50:30.619 DEBUG testcase.CovVal_26687                    - 7: println("HTTP Status        : " + response.getStatusCode())
HTTP Status        : 200
2026-06-17 09:50:30.619 DEBUG testcase.CovVal_26687                    - 8: println("Response Body      : " + response.getResponseBodyContent())
Response Body      : {"ResponseCode":"00","ResponseDescription":"Success","ResponseException":"","FIDJenisPengajuan":"1","JenisPengajuan":"New","UrutanPengajuan":"1","FIDJenisCovering":"1","JenisCovering":"Conditional Automatic Cover","TanggalMulaiCovering":"31\/07\/2025","TanggalAkhirCovering":"01\/08\/2025","NominalPremi":"30000.00","RemarkPremi":"BRISURF_COV_26687_1000000000000541_01","NomorRekeningGiroPremi":"020601000102311","NamaRekeningGiroPremi":"PT BRI ASURANSI INDONESIA","NominalPertanggungan":"15000000.00","NominalCoverage":"15000000.00","NominalFeeCovering":"4500.00","NominalPajakCovering":"495.00","RemarkFeePremi":"BRISURF_COV_26687_1000000000000541_01","PersentasePertanggungan":"100","PersentaseCoverage":"100","OriginalPremi":"30000.00","DiscountPremi":0,"NominalPremiExtra":0,"NominalPremiBebanNasabah":0,"NominalPremiBebanBRI":0,"Signature":"051a4d51598945b55819c6fcff437c4f"}
2026-06-17 09:50:30.620 DEBUG testcase.CovVal_26687                    - 1: unikKey = data.getValue("ChannelUniqueKeyId", row)
2026-06-17 09:50:30.621 DEBUG testcase.CovVal_26687                    - 2: requestId = currentTimeMillis().toString() + row
2026-06-17 09:50:30.622 DEBUG testcase.CovVal_26687                    - 3: response = sendRequest(findTestObject("API/Posts/CoveringValidation/CovVal_26687", ["ChannelUniqueKeyId":unikKey]))
2026-06-17 09:50:30.815 INFO  c.k.k.core.webservice.common.HarLogger   - HAR: C:\Users\ACER\git\AutoAPI\Reports\20260617_094815\API\Pembukuan\pembukuanAPI\20260617_094815\requests\main\CovVal_26687_41.har
2026-06-17 09:50:30.817 DEBUG testcase.CovVal_26687                    - 4: println("==============================")
==============================
2026-06-17 09:50:30.819 DEBUG testcase.CovVal_26687                    - 5: println("Row                : " + row)
Row                : 42
2026-06-17 09:50:30.821 DEBUG testcase.CovVal_26687                    - 6: println("Channel Unique Key Id     : " + unikKey)
Channel Unique Key Id     : 1000000000000542
2026-06-17 09:50:30.822 DEBUG testcase.CovVal_26687                    - 7: println("HTTP Status        : " + response.getStatusCode())
HTTP Status        : 200
2026-06-17 09:50:30.827 DEBUG testcase.CovVal_26687                    - 8: println("Response Body      : " + response.getResponseBodyContent())
Response Body      : {"ResponseCode":"07","ResponseDescription":"Failed : [ERR_COVVAL_COVERING_LIMITEXCEEDED] Jumlah Covering Melebihi Batas, Jenis Pengajuan tidak dapat tercover","ResponseException":"6a320b767d8b286e500ada10"}
2026-06-17 09:50:30.828 DEBUG testcase.CovVal_26687                    - 1: unikKey = data.getValue("ChannelUniqueKeyId", row)
2026-06-17 09:50:30.830 DEBUG testcase.CovVal_26687                    - 2: requestId = currentTimeMillis().toString() + row
2026-06-17 09:50:30.831 DEBUG testcase.CovVal_26687                    - 3: response = sendRequest(findTestObject("API/Posts/CoveringValidation/CovVal_26687", ["ChannelUniqueKeyId":unikKey]))
2026-06-17 09:50:33.785 INFO  c.k.k.core.webservice.common.HarLogger   - HAR: C:\Users\ACER\git\AutoAPI\Reports\20260617_094815\API\Pembukuan\pembukuanAPI\20260617_094815\requests\main\CovVal_26687_42.har
2026-06-17 09:50:33.790 DEBUG testcase.CovVal_26687                    - 4: println("==============================")
==============================
2026-06-17 09:50:33.793 DEBUG testcase.CovVal_26687                    - 5: println("Row                : " + row)
Row                : 43
2026-06-17 09:50:33.794 DEBUG testcase.CovVal_26687                    - 6: println("Channel Unique Key Id     : " + unikKey)
Channel Unique Key Id     : 1000000000000543
2026-06-17 09:50:33.796 DEBUG testcase.CovVal_26687                    - 7: println("HTTP Status        : " + response.getStatusCode())
HTTP Status        : 200
2026-06-17 09:50:33.797 DEBUG testcase.CovVal_26687                    - 8: println("Response Body      : " + response.getResponseBodyContent())
Response Body      : {"ResponseCode":"00","ResponseDescription":"Success","ResponseException":"","FIDJenisPengajuan":"1","JenisPengajuan":"New","UrutanPengajuan":"1","FIDJenisCovering":"1","JenisCovering":"Conditional Automatic Cover","TanggalMulaiCovering":"31\/07\/2025","TanggalAkhirCovering":"01\/08\/2025","NominalPremi":"30000.00","RemarkPremi":"BRISURF_COV_26687_1000000000000543_01","NomorRekeningGiroPremi":"020601000102311","NamaRekeningGiroPremi":"PT BRI ASURANSI INDONESIA","NominalPertanggungan":"15000000.00","NominalCoverage":"15000000.00","NominalFeeCovering":"4500.00","NominalPajakCovering":"495.00","RemarkFeePremi":"BRISURF_COV_26687_1000000000000543_01","PersentasePertanggungan":"100","PersentaseCoverage":"100","OriginalPremi":"30000.00","DiscountPremi":0,"NominalPremiExtra":0,"NominalPremiBebanNasabah":0,"NominalPremiBebanBRI":0,"Signature":"051a4d51598945b55819c6fcff437c4f"}
2026-06-17 09:50:33.799 DEBUG testcase.CovVal_26687                    - 1: unikKey = data.getValue("ChannelUniqueKeyId", row)
2026-06-17 09:50:33.800 DEBUG testcase.CovVal_26687                    - 2: requestId = currentTimeMillis().toString() + row
2026-06-17 09:50:33.802 DEBUG testcase.CovVal_26687                    - 3: response = sendRequest(findTestObject("API/Posts/CoveringValidation/CovVal_26687", ["ChannelUniqueKeyId":unikKey]))
2026-06-17 09:50:36.653 INFO  c.k.k.core.webservice.common.HarLogger   - HAR: C:\Users\ACER\git\AutoAPI\Reports\20260617_094815\API\Pembukuan\pembukuanAPI\20260617_094815\requests\main\CovVal_26687_43.har
2026-06-17 09:50:36.658 DEBUG testcase.CovVal_26687                    - 4: println("==============================")
==============================
2026-06-17 09:50:36.659 DEBUG testcase.CovVal_26687                    - 5: println("Row                : " + row)
Row                : 44
2026-06-17 09:50:36.659 DEBUG testcase.CovVal_26687                    - 6: println("Channel Unique Key Id     : " + unikKey)
Channel Unique Key Id     : 1000000000000544
2026-06-17 09:50:36.660 DEBUG testcase.CovVal_26687                    - 7: println("HTTP Status        : " + response.getStatusCode())
HTTP Status        : 200
2026-06-17 09:50:36.661 DEBUG testcase.CovVal_26687                    - 8: println("Response Body      : " + response.getResponseBodyContent())
Response Body      : {"ResponseCode":"00","ResponseDescription":"Success","ResponseException":"","FIDJenisPengajuan":"1","JenisPengajuan":"New","UrutanPengajuan":"1","FIDJenisCovering":"1","JenisCovering":"Conditional Automatic Cover","TanggalMulaiCovering":"31\/07\/2025","TanggalAkhirCovering":"01\/08\/2025","NominalPremi":"30000.00","RemarkPremi":"BRISURF_COV_26687_1000000000000544_01","NomorRekeningGiroPremi":"020601000102311","NamaRekeningGiroPremi":"PT BRI ASURANSI INDONESIA","NominalPertanggungan":"15000000.00","NominalCoverage":"15000000.00","NominalFeeCovering":"4500.00","NominalPajakCovering":"495.00","RemarkFeePremi":"BRISURF_COV_26687_1000000000000544_01","PersentasePertanggungan":"100","PersentaseCoverage":"100","OriginalPremi":"30000.00","DiscountPremi":0,"NominalPremiExtra":0,"NominalPremiBebanNasabah":0,"NominalPremiBebanBRI":0,"Signature":"051a4d51598945b55819c6fcff437c4f"}
2026-06-17 09:50:36.662 DEBUG testcase.CovVal_26687                    - 1: unikKey = data.getValue("ChannelUniqueKeyId", row)
2026-06-17 09:50:36.663 DEBUG testcase.CovVal_26687                    - 2: requestId = currentTimeMillis().toString() + row
2026-06-17 09:50:36.664 DEBUG testcase.CovVal_26687                    - 3: response = sendRequest(findTestObject("API/Posts/CoveringValidation/CovVal_26687", ["ChannelUniqueKeyId":unikKey]))
2026-06-17 09:50:39.520 INFO  c.k.k.core.webservice.common.HarLogger   - HAR: C:\Users\ACER\git\AutoAPI\Reports\20260617_094815\API\Pembukuan\pembukuanAPI\20260617_094815\requests\main\CovVal_26687_44.har
2026-06-17 09:50:39.525 DEBUG testcase.CovVal_26687                    - 4: println("==============================")
==============================
2026-06-17 09:50:39.526 DEBUG testcase.CovVal_26687                    - 5: println("Row                : " + row)
Row                : 45
2026-06-17 09:50:39.527 DEBUG testcase.CovVal_26687                    - 6: println("Channel Unique Key Id     : " + unikKey)
Channel Unique Key Id     : 1000000000000545
2026-06-17 09:50:39.528 DEBUG testcase.CovVal_26687                    - 7: println("HTTP Status        : " + response.getStatusCode())
HTTP Status        : 200
2026-06-17 09:50:39.529 DEBUG testcase.CovVal_26687                    - 8: println("Response Body      : " + response.getResponseBodyContent())
Response Body      : {"ResponseCode":"00","ResponseDescription":"Success","ResponseException":"","FIDJenisPengajuan":"1","JenisPengajuan":"New","UrutanPengajuan":"1","FIDJenisCovering":"1","JenisCovering":"Conditional Automatic Cover","TanggalMulaiCovering":"31\/07\/2025","TanggalAkhirCovering":"01\/08\/2025","NominalPremi":"30000.00","RemarkPremi":"BRISURF_COV_26687_1000000000000545_01","NomorRekeningGiroPremi":"020601000102311","NamaRekeningGiroPremi":"PT BRI ASURANSI INDONESIA","NominalPertanggungan":"15000000.00","NominalCoverage":"15000000.00","NominalFeeCovering":"4500.00","NominalPajakCovering":"495.00","RemarkFeePremi":"BRISURF_COV_26687_1000000000000545_01","PersentasePertanggungan":"100","PersentaseCoverage":"100","OriginalPremi":"30000.00","DiscountPremi":0,"NominalPremiExtra":0,"NominalPremiBebanNasabah":0,"NominalPremiBebanBRI":0,"Signature":"051a4d51598945b55819c6fcff437c4f"}
2026-06-17 09:50:39.530 DEBUG testcase.CovVal_26687                    - 1: unikKey = data.getValue("ChannelUniqueKeyId", row)
2026-06-17 09:50:39.531 DEBUG testcase.CovVal_26687                    - 2: requestId = currentTimeMillis().toString() + row
2026-06-17 09:50:39.533 DEBUG testcase.CovVal_26687                    - 3: response = sendRequest(findTestObject("API/Posts/CoveringValidation/CovVal_26687", ["ChannelUniqueKeyId":unikKey]))
2026-06-17 09:50:42.391 INFO  c.k.k.core.webservice.common.HarLogger   - HAR: C:\Users\ACER\git\AutoAPI\Reports\20260617_094815\API\Pembukuan\pembukuanAPI\20260617_094815\requests\main\CovVal_26687_45.har
2026-06-17 09:50:42.395 DEBUG testcase.CovVal_26687                    - 4: println("==============================")
==============================
2026-06-17 09:50:42.396 DEBUG testcase.CovVal_26687                    - 5: println("Row                : " + row)
Row                : 46
2026-06-17 09:50:42.397 DEBUG testcase.CovVal_26687                    - 6: println("Channel Unique Key Id     : " + unikKey)
Channel Unique Key Id     : 1000000000000546
2026-06-17 09:50:42.399 DEBUG testcase.CovVal_26687                    - 7: println("HTTP Status        : " + response.getStatusCode())
HTTP Status        : 200
2026-06-17 09:50:42.400 DEBUG testcase.CovVal_26687                    - 8: println("Response Body      : " + response.getResponseBodyContent())
Response Body      : {"ResponseCode":"00","ResponseDescription":"Success","ResponseException":"","FIDJenisPengajuan":"1","JenisPengajuan":"New","UrutanPengajuan":"1","FIDJenisCovering":"1","JenisCovering":"Conditional Automatic Cover","TanggalMulaiCovering":"31\/07\/2025","TanggalAkhirCovering":"01\/08\/2025","NominalPremi":"30000.00","RemarkPremi":"BRISURF_COV_26687_1000000000000546_01","NomorRekeningGiroPremi":"020601000102311","NamaRekeningGiroPremi":"PT BRI ASURANSI INDONESIA","NominalPertanggungan":"15000000.00","NominalCoverage":"15000000.00","NominalFeeCovering":"4500.00","NominalPajakCovering":"495.00","RemarkFeePremi":"BRISURF_COV_26687_1000000000000546_01","PersentasePertanggungan":"100","PersentaseCoverage":"100","OriginalPremi":"30000.00","DiscountPremi":0,"NominalPremiExtra":0,"NominalPremiBebanNasabah":0,"NominalPremiBebanBRI":0,"Signature":"051a4d51598945b55819c6fcff437c4f"}
2026-06-17 09:50:42.401 DEBUG testcase.CovVal_26687                    - 1: unikKey = data.getValue("ChannelUniqueKeyId", row)
2026-06-17 09:50:42.402 DEBUG testcase.CovVal_26687                    - 2: requestId = currentTimeMillis().toString() + row
2026-06-17 09:50:42.403 DEBUG testcase.CovVal_26687                    - 3: response = sendRequest(findTestObject("API/Posts/CoveringValidation/CovVal_26687", ["ChannelUniqueKeyId":unikKey]))
2026-06-17 09:50:45.256 INFO  c.k.k.core.webservice.common.HarLogger   - HAR: C:\Users\ACER\git\AutoAPI\Reports\20260617_094815\API\Pembukuan\pembukuanAPI\20260617_094815\requests\main\CovVal_26687_46.har
2026-06-17 09:50:45.259 DEBUG testcase.CovVal_26687                    - 4: println("==============================")
==============================
2026-06-17 09:50:45.260 DEBUG testcase.CovVal_26687                    - 5: println("Row                : " + row)
Row                : 47
2026-06-17 09:50:45.261 DEBUG testcase.CovVal_26687                    - 6: println("Channel Unique Key Id     : " + unikKey)
Channel Unique Key Id     : 1000000000000547
2026-06-17 09:50:45.262 DEBUG testcase.CovVal_26687                    - 7: println("HTTP Status        : " + response.getStatusCode())
HTTP Status        : 200
2026-06-17 09:50:45.262 DEBUG testcase.CovVal_26687                    - 8: println("Response Body      : " + response.getResponseBodyContent())
Response Body      : {"ResponseCode":"00","ResponseDescription":"Success","ResponseException":"","FIDJenisPengajuan":"1","JenisPengajuan":"New","UrutanPengajuan":"1","FIDJenisCovering":"1","JenisCovering":"Conditional Automatic Cover","TanggalMulaiCovering":"31\/07\/2025","TanggalAkhirCovering":"01\/08\/2025","NominalPremi":"30000.00","RemarkPremi":"BRISURF_COV_26687_1000000000000547_01","NomorRekeningGiroPremi":"020601000102311","NamaRekeningGiroPremi":"PT BRI ASURANSI INDONESIA","NominalPertanggungan":"15000000.00","NominalCoverage":"15000000.00","NominalFeeCovering":"4500.00","NominalPajakCovering":"495.00","RemarkFeePremi":"BRISURF_COV_26687_1000000000000547_01","PersentasePertanggungan":"100","PersentaseCoverage":"100","OriginalPremi":"30000.00","DiscountPremi":0,"NominalPremiExtra":0,"NominalPremiBebanNasabah":0,"NominalPremiBebanBRI":0,"Signature":"051a4d51598945b55819c6fcff437c4f"}
2026-06-17 09:50:45.263 DEBUG testcase.CovVal_26687                    - 1: unikKey = data.getValue("ChannelUniqueKeyId", row)
2026-06-17 09:50:45.264 DEBUG testcase.CovVal_26687                    - 2: requestId = currentTimeMillis().toString() + row
2026-06-17 09:50:45.264 DEBUG testcase.CovVal_26687                    - 3: response = sendRequest(findTestObject("API/Posts/CoveringValidation/CovVal_26687", ["ChannelUniqueKeyId":unikKey]))
2026-06-17 09:50:48.066 INFO  c.k.k.core.webservice.common.HarLogger   - HAR: C:\Users\ACER\git\AutoAPI\Reports\20260617_094815\API\Pembukuan\pembukuanAPI\20260617_094815\requests\main\CovVal_26687_47.har
2026-06-17 09:50:48.081 DEBUG testcase.CovVal_26687                    - 4: println("==============================")
==============================
2026-06-17 09:50:48.089 DEBUG testcase.CovVal_26687                    - 5: println("Row                : " + row)
Row                : 48
2026-06-17 09:50:48.091 DEBUG testcase.CovVal_26687                    - 6: println("Channel Unique Key Id     : " + unikKey)
Channel Unique Key Id     : 1000000000000548
2026-06-17 09:50:48.092 DEBUG testcase.CovVal_26687                    - 7: println("HTTP Status        : " + response.getStatusCode())
HTTP Status        : 200
2026-06-17 09:50:48.093 DEBUG testcase.CovVal_26687                    - 8: println("Response Body      : " + response.getResponseBodyContent())
Response Body      : {"ResponseCode":"00","ResponseDescription":"Success","ResponseException":"","FIDJenisPengajuan":"1","JenisPengajuan":"New","UrutanPengajuan":"1","FIDJenisCovering":"1","JenisCovering":"Conditional Automatic Cover","TanggalMulaiCovering":"31\/07\/2025","TanggalAkhirCovering":"01\/08\/2025","NominalPremi":"30000.00","RemarkPremi":"BRISURF_COV_26687_1000000000000548_01","NomorRekeningGiroPremi":"020601000102311","NamaRekeningGiroPremi":"PT BRI ASURANSI INDONESIA","NominalPertanggungan":"15000000.00","NominalCoverage":"15000000.00","NominalFeeCovering":"4500.00","NominalPajakCovering":"495.00","RemarkFeePremi":"BRISURF_COV_26687_1000000000000548_01","PersentasePertanggungan":"100","PersentaseCoverage":"100","OriginalPremi":"30000.00","DiscountPremi":0,"NominalPremiExtra":0,"NominalPremiBebanNasabah":0,"NominalPremiBebanBRI":0,"Signature":"051a4d51598945b55819c6fcff437c4f"}
2026-06-17 09:50:48.095 DEBUG testcase.CovVal_26687                    - 1: unikKey = data.getValue("ChannelUniqueKeyId", row)
2026-06-17 09:50:48.098 DEBUG testcase.CovVal_26687                    - 2: requestId = currentTimeMillis().toString() + row
2026-06-17 09:50:48.101 DEBUG testcase.CovVal_26687                    - 3: response = sendRequest(findTestObject("API/Posts/CoveringValidation/CovVal_26687", ["ChannelUniqueKeyId":unikKey]))
2026-06-17 09:50:50.989 INFO  c.k.k.core.webservice.common.HarLogger   - HAR: C:\Users\ACER\git\AutoAPI\Reports\20260617_094815\API\Pembukuan\pembukuanAPI\20260617_094815\requests\main\CovVal_26687_48.har
2026-06-17 09:50:50.991 DEBUG testcase.CovVal_26687                    - 4: println("==============================")
==============================
2026-06-17 09:50:50.993 DEBUG testcase.CovVal_26687                    - 5: println("Row                : " + row)
Row                : 49
2026-06-17 09:50:50.994 DEBUG testcase.CovVal_26687                    - 6: println("Channel Unique Key Id     : " + unikKey)
Channel Unique Key Id     : 1000000000000549
2026-06-17 09:50:50.995 DEBUG testcase.CovVal_26687                    - 7: println("HTTP Status        : " + response.getStatusCode())
HTTP Status        : 200
2026-06-17 09:50:50.996 DEBUG testcase.CovVal_26687                    - 8: println("Response Body      : " + response.getResponseBodyContent())
Response Body      : {"ResponseCode":"00","ResponseDescription":"Success","ResponseException":"","FIDJenisPengajuan":"1","JenisPengajuan":"New","UrutanPengajuan":"1","FIDJenisCovering":"1","JenisCovering":"Conditional Automatic Cover","TanggalMulaiCovering":"31\/07\/2025","TanggalAkhirCovering":"01\/08\/2025","NominalPremi":"30000.00","RemarkPremi":"BRISURF_COV_26687_1000000000000549_01","NomorRekeningGiroPremi":"020601000102311","NamaRekeningGiroPremi":"PT BRI ASURANSI INDONESIA","NominalPertanggungan":"15000000.00","NominalCoverage":"15000000.00","NominalFeeCovering":"4500.00","NominalPajakCovering":"495.00","RemarkFeePremi":"BRISURF_COV_26687_1000000000000549_01","PersentasePertanggungan":"100","PersentaseCoverage":"100","OriginalPremi":"30000.00","DiscountPremi":0,"NominalPremiExtra":0,"NominalPremiBebanNasabah":0,"NominalPremiBebanBRI":0,"Signature":"051a4d51598945b55819c6fcff437c4f"}
2026-06-17 09:50:50.997 DEBUG testcase.CovVal_26687                    - 1: unikKey = data.getValue("ChannelUniqueKeyId", row)
2026-06-17 09:50:50.998 DEBUG testcase.CovVal_26687                    - 2: requestId = currentTimeMillis().toString() + row
2026-06-17 09:50:50.999 DEBUG testcase.CovVal_26687                    - 3: response = sendRequest(findTestObject("API/Posts/CoveringValidation/CovVal_26687", ["ChannelUniqueKeyId":unikKey]))
2026-06-17 09:50:53.956 INFO  c.k.k.core.webservice.common.HarLogger   - HAR: C:\Users\ACER\git\AutoAPI\Reports\20260617_094815\API\Pembukuan\pembukuanAPI\20260617_094815\requests\main\CovVal_26687_49.har
2026-06-17 09:50:53.959 DEBUG testcase.CovVal_26687                    - 4: println("==============================")
==============================
2026-06-17 09:50:53.960 DEBUG testcase.CovVal_26687                    - 5: println("Row                : " + row)
Row                : 50
2026-06-17 09:50:53.960 DEBUG testcase.CovVal_26687                    - 6: println("Channel Unique Key Id     : " + unikKey)
Channel Unique Key Id     : 1000000000000550
2026-06-17 09:50:53.961 DEBUG testcase.CovVal_26687                    - 7: println("HTTP Status        : " + response.getStatusCode())
HTTP Status        : 200
2026-06-17 09:50:53.962 DEBUG testcase.CovVal_26687                    - 8: println("Response Body      : " + response.getResponseBodyContent())
Response Body      : {"ResponseCode":"00","ResponseDescription":"Success","ResponseException":"","FIDJenisPengajuan":"1","JenisPengajuan":"New","UrutanPengajuan":"1","FIDJenisCovering":"1","JenisCovering":"Conditional Automatic Cover","TanggalMulaiCovering":"31\/07\/2025","TanggalAkhirCovering":"01\/08\/2025","NominalPremi":"30000.00","RemarkPremi":"BRISURF_COV_26687_1000000000000550_01","NomorRekeningGiroPremi":"020601000102311","NamaRekeningGiroPremi":"PT BRI ASURANSI INDONESIA","NominalPertanggungan":"15000000.00","NominalCoverage":"15000000.00","NominalFeeCovering":"4500.00","NominalPajakCovering":"495.00","RemarkFeePremi":"BRISURF_COV_26687_1000000000000550_01","PersentasePertanggungan":"100","PersentaseCoverage":"100","OriginalPremi":"30000.00","DiscountPremi":0,"NominalPremiExtra":0,"NominalPremiBebanNasabah":0,"NominalPremiBebanBRI":0,"Signature":"051a4d51598945b55819c6fcff437c4f"}
2026-06-17 09:50:53.963 DEBUG testcase.CovVal_26687                    - 1: unikKey = data.getValue("ChannelUniqueKeyId", row)
2026-06-17 09:50:53.964 DEBUG testcase.CovVal_26687                    - 2: requestId = currentTimeMillis().toString() + row
2026-06-17 09:50:53.964 DEBUG testcase.CovVal_26687                    - 3: response = sendRequest(findTestObject("API/Posts/CoveringValidation/CovVal_26687", ["ChannelUniqueKeyId":unikKey]))
2026-06-17 09:50:56.774 INFO  c.k.k.core.webservice.common.HarLogger   - HAR: C:\Users\ACER\git\AutoAPI\Reports\20260617_094815\API\Pembukuan\pembukuanAPI\20260617_094815\requests\main\CovVal_26687_50.har
2026-06-17 09:50:56.777 DEBUG testcase.CovVal_26687                    - 4: println("==============================")
==============================
2026-06-17 09:50:56.779 DEBUG testcase.CovVal_26687                    - 5: println("Row                : " + row)
Row                : 51
2026-06-17 09:50:56.780 DEBUG testcase.CovVal_26687                    - 6: println("Channel Unique Key Id     : " + unikKey)
Channel Unique Key Id     : 1000000000000551
2026-06-17 09:50:56.781 DEBUG testcase.CovVal_26687                    - 7: println("HTTP Status        : " + response.getStatusCode())
HTTP Status        : 200
2026-06-17 09:50:56.781 DEBUG testcase.CovVal_26687                    - 8: println("Response Body      : " + response.getResponseBodyContent())
Response Body      : {"ResponseCode":"00","ResponseDescription":"Success","ResponseException":"","FIDJenisPengajuan":"1","JenisPengajuan":"New","UrutanPengajuan":"1","FIDJenisCovering":"1","JenisCovering":"Conditional Automatic Cover","TanggalMulaiCovering":"31\/07\/2025","TanggalAkhirCovering":"01\/08\/2025","NominalPremi":"30000.00","RemarkPremi":"BRISURF_COV_26687_1000000000000551_01","NomorRekeningGiroPremi":"020601000102311","NamaRekeningGiroPremi":"PT BRI ASURANSI INDONESIA","NominalPertanggungan":"15000000.00","NominalCoverage":"15000000.00","NominalFeeCovering":"4500.00","NominalPajakCovering":"495.00","RemarkFeePremi":"BRISURF_COV_26687_1000000000000551_01","PersentasePertanggungan":"100","PersentaseCoverage":"100","OriginalPremi":"30000.00","DiscountPremi":0,"NominalPremiExtra":0,"NominalPremiBebanNasabah":0,"NominalPremiBebanBRI":0,"Signature":"051a4d51598945b55819c6fcff437c4f"}
2026-06-17 09:50:56.787 DEBUG testcase.CovVal_26687                    - 1: unikKey = data.getValue("ChannelUniqueKeyId", row)
2026-06-17 09:50:56.788 DEBUG testcase.CovVal_26687                    - 2: requestId = currentTimeMillis().toString() + row
2026-06-17 09:50:56.789 DEBUG testcase.CovVal_26687                    - 3: response = sendRequest(findTestObject("API/Posts/CoveringValidation/CovVal_26687", ["ChannelUniqueKeyId":unikKey]))
2026-06-17 09:50:59.590 INFO  c.k.k.core.webservice.common.HarLogger   - HAR: C:\Users\ACER\git\AutoAPI\Reports\20260617_094815\API\Pembukuan\pembukuanAPI\20260617_094815\requests\main\CovVal_26687_51.har
2026-06-17 09:50:59.593 DEBUG testcase.CovVal_26687                    - 4: println("==============================")
==============================
2026-06-17 09:50:59.594 DEBUG testcase.CovVal_26687                    - 5: println("Row                : " + row)
Row                : 52
2026-06-17 09:50:59.595 DEBUG testcase.CovVal_26687                    - 6: println("Channel Unique Key Id     : " + unikKey)
Channel Unique Key Id     : 1000000000000552
2026-06-17 09:50:59.596 DEBUG testcase.CovVal_26687                    - 7: println("HTTP Status        : " + response.getStatusCode())
HTTP Status        : 200
2026-06-17 09:50:59.596 DEBUG testcase.CovVal_26687                    - 8: println("Response Body      : " + response.getResponseBodyContent())
Response Body      : {"ResponseCode":"00","ResponseDescription":"Success","ResponseException":"","FIDJenisPengajuan":"1","JenisPengajuan":"New","UrutanPengajuan":"1","FIDJenisCovering":"1","JenisCovering":"Conditional Automatic Cover","TanggalMulaiCovering":"31\/07\/2025","TanggalAkhirCovering":"01\/08\/2025","NominalPremi":"30000.00","RemarkPremi":"BRISURF_COV_26687_1000000000000552_01","NomorRekeningGiroPremi":"020601000102311","NamaRekeningGiroPremi":"PT BRI ASURANSI INDONESIA","NominalPertanggungan":"15000000.00","NominalCoverage":"15000000.00","NominalFeeCovering":"4500.00","NominalPajakCovering":"495.00","RemarkFeePremi":"BRISURF_COV_26687_1000000000000552_01","PersentasePertanggungan":"100","PersentaseCoverage":"100","OriginalPremi":"30000.00","DiscountPremi":0,"NominalPremiExtra":0,"NominalPremiBebanNasabah":0,"NominalPremiBebanBRI":0,"Signature":"051a4d51598945b55819c6fcff437c4f"}
2026-06-17 09:50:59.597 DEBUG testcase.CovVal_26687                    - 1: unikKey = data.getValue("ChannelUniqueKeyId", row)
2026-06-17 09:50:59.598 DEBUG testcase.CovVal_26687                    - 2: requestId = currentTimeMillis().toString() + row
2026-06-17 09:50:59.598 DEBUG testcase.CovVal_26687                    - 3: response = sendRequest(findTestObject("API/Posts/CoveringValidation/CovVal_26687", ["ChannelUniqueKeyId":unikKey]))
2026-06-17 09:51:02.662 INFO  c.k.k.core.webservice.common.HarLogger   - HAR: C:\Users\ACER\git\AutoAPI\Reports\20260617_094815\API\Pembukuan\pembukuanAPI\20260617_094815\requests\main\CovVal_26687_52.har
2026-06-17 09:51:02.667 DEBUG testcase.CovVal_26687                    - 4: println("==============================")
==============================
2026-06-17 09:51:02.668 DEBUG testcase.CovVal_26687                    - 5: println("Row                : " + row)
Row                : 53
2026-06-17 09:51:02.669 DEBUG testcase.CovVal_26687                    - 6: println("Channel Unique Key Id     : " + unikKey)
Channel Unique Key Id     : 1000000000000553
2026-06-17 09:51:02.670 DEBUG testcase.CovVal_26687                    - 7: println("HTTP Status        : " + response.getStatusCode())
HTTP Status        : 200
2026-06-17 09:51:02.671 DEBUG testcase.CovVal_26687                    - 8: println("Response Body      : " + response.getResponseBodyContent())
Response Body      : {"ResponseCode":"00","ResponseDescription":"Success","ResponseException":"","FIDJenisPengajuan":"1","JenisPengajuan":"New","UrutanPengajuan":"1","FIDJenisCovering":"1","JenisCovering":"Conditional Automatic Cover","TanggalMulaiCovering":"31\/07\/2025","TanggalAkhirCovering":"01\/08\/2025","NominalPremi":"30000.00","RemarkPremi":"BRISURF_COV_26687_1000000000000553_01","NomorRekeningGiroPremi":"020601000102311","NamaRekeningGiroPremi":"PT BRI ASURANSI INDONESIA","NominalPertanggungan":"15000000.00","NominalCoverage":"15000000.00","NominalFeeCovering":"4500.00","NominalPajakCovering":"495.00","RemarkFeePremi":"BRISURF_COV_26687_1000000000000553_01","PersentasePertanggungan":"100","PersentaseCoverage":"100","OriginalPremi":"30000.00","DiscountPremi":0,"NominalPremiExtra":0,"NominalPremiBebanNasabah":0,"NominalPremiBebanBRI":0,"Signature":"051a4d51598945b55819c6fcff437c4f"}
2026-06-17 09:51:02.672 DEBUG testcase.CovVal_26687                    - 1: unikKey = data.getValue("ChannelUniqueKeyId", row)
2026-06-17 09:51:02.673 DEBUG testcase.CovVal_26687                    - 2: requestId = currentTimeMillis().toString() + row
2026-06-17 09:51:02.674 DEBUG testcase.CovVal_26687                    - 3: response = sendRequest(findTestObject("API/Posts/CoveringValidation/CovVal_26687", ["ChannelUniqueKeyId":unikKey]))
2026-06-17 09:51:05.734 INFO  c.k.k.core.webservice.common.HarLogger   - HAR: C:\Users\ACER\git\AutoAPI\Reports\20260617_094815\API\Pembukuan\pembukuanAPI\20260617_094815\requests\main\CovVal_26687_53.har
2026-06-17 09:51:05.736 DEBUG testcase.CovVal_26687                    - 4: println("==============================")
==============================
2026-06-17 09:51:05.737 DEBUG testcase.CovVal_26687                    - 5: println("Row                : " + row)
Row                : 54
2026-06-17 09:51:05.738 DEBUG testcase.CovVal_26687                    - 6: println("Channel Unique Key Id     : " + unikKey)
Channel Unique Key Id     : 1000000000000554
2026-06-17 09:51:05.739 DEBUG testcase.CovVal_26687                    - 7: println("HTTP Status        : " + response.getStatusCode())
HTTP Status        : 200
2026-06-17 09:51:05.740 DEBUG testcase.CovVal_26687                    - 8: println("Response Body      : " + response.getResponseBodyContent())
Response Body      : {"ResponseCode":"00","ResponseDescription":"Success","ResponseException":"","FIDJenisPengajuan":"1","JenisPengajuan":"New","UrutanPengajuan":"1","FIDJenisCovering":"1","JenisCovering":"Conditional Automatic Cover","TanggalMulaiCovering":"31\/07\/2025","TanggalAkhirCovering":"01\/08\/2025","NominalPremi":"30000.00","RemarkPremi":"BRISURF_COV_26687_1000000000000554_01","NomorRekeningGiroPremi":"020601000102311","NamaRekeningGiroPremi":"PT BRI ASURANSI INDONESIA","NominalPertanggungan":"15000000.00","NominalCoverage":"15000000.00","NominalFeeCovering":"4500.00","NominalPajakCovering":"495.00","RemarkFeePremi":"BRISURF_COV_26687_1000000000000554_01","PersentasePertanggungan":"100","PersentaseCoverage":"100","OriginalPremi":"30000.00","DiscountPremi":0,"NominalPremiExtra":0,"NominalPremiBebanNasabah":0,"NominalPremiBebanBRI":0,"Signature":"051a4d51598945b55819c6fcff437c4f"}
2026-06-17 09:51:05.742 DEBUG testcase.CovVal_26687                    - 1: unikKey = data.getValue("ChannelUniqueKeyId", row)
2026-06-17 09:51:05.743 DEBUG testcase.CovVal_26687                    - 2: requestId = currentTimeMillis().toString() + row
2026-06-17 09:51:05.743 DEBUG testcase.CovVal_26687                    - 3: response = sendRequest(findTestObject("API/Posts/CoveringValidation/CovVal_26687", ["ChannelUniqueKeyId":unikKey]))
2026-06-17 09:51:08.615 INFO  c.k.k.core.webservice.common.HarLogger   - HAR: C:\Users\ACER\git\AutoAPI\Reports\20260617_094815\API\Pembukuan\pembukuanAPI\20260617_094815\requests\main\CovVal_26687_54.har
2026-06-17 09:51:08.618 DEBUG testcase.CovVal_26687                    - 4: println("==============================")
==============================
2026-06-17 09:51:08.619 DEBUG testcase.CovVal_26687                    - 5: println("Row                : " + row)
Row                : 55
2026-06-17 09:51:08.620 DEBUG testcase.CovVal_26687                    - 6: println("Channel Unique Key Id     : " + unikKey)
Channel Unique Key Id     : 1000000000000555
2026-06-17 09:51:08.621 DEBUG testcase.CovVal_26687                    - 7: println("HTTP Status        : " + response.getStatusCode())
HTTP Status        : 200
2026-06-17 09:51:08.621 DEBUG testcase.CovVal_26687                    - 8: println("Response Body      : " + response.getResponseBodyContent())
Response Body      : {"ResponseCode":"00","ResponseDescription":"Success","ResponseException":"","FIDJenisPengajuan":"1","JenisPengajuan":"New","UrutanPengajuan":"1","FIDJenisCovering":"1","JenisCovering":"Conditional Automatic Cover","TanggalMulaiCovering":"31\/07\/2025","TanggalAkhirCovering":"01\/08\/2025","NominalPremi":"30000.00","RemarkPremi":"BRISURF_COV_26687_1000000000000555_01","NomorRekeningGiroPremi":"020601000102311","NamaRekeningGiroPremi":"PT BRI ASURANSI INDONESIA","NominalPertanggungan":"15000000.00","NominalCoverage":"15000000.00","NominalFeeCovering":"4500.00","NominalPajakCovering":"495.00","RemarkFeePremi":"BRISURF_COV_26687_1000000000000555_01","PersentasePertanggungan":"100","PersentaseCoverage":"100","OriginalPremi":"30000.00","DiscountPremi":0,"NominalPremiExtra":0,"NominalPremiBebanNasabah":0,"NominalPremiBebanBRI":0,"Signature":"051a4d51598945b55819c6fcff437c4f"}
2026-06-17 09:51:08.622 DEBUG testcase.CovVal_26687                    - 1: unikKey = data.getValue("ChannelUniqueKeyId", row)
2026-06-17 09:51:08.623 DEBUG testcase.CovVal_26687                    - 2: requestId = currentTimeMillis().toString() + row
2026-06-17 09:51:08.623 DEBUG testcase.CovVal_26687                    - 3: response = sendRequest(findTestObject("API/Posts/CoveringValidation/CovVal_26687", ["ChannelUniqueKeyId":unikKey]))
2026-06-17 09:51:11.468 INFO  c.k.k.core.webservice.common.HarLogger   - HAR: C:\Users\ACER\git\AutoAPI\Reports\20260617_094815\API\Pembukuan\pembukuanAPI\20260617_094815\requests\main\CovVal_26687_55.har
2026-06-17 09:51:11.472 DEBUG testcase.CovVal_26687                    - 4: println("==============================")
==============================
2026-06-17 09:51:11.473 DEBUG testcase.CovVal_26687                    - 5: println("Row                : " + row)
Row                : 56
2026-06-17 09:51:11.474 DEBUG testcase.CovVal_26687                    - 6: println("Channel Unique Key Id     : " + unikKey)
Channel Unique Key Id     : 1000000000000556
2026-06-17 09:51:11.476 DEBUG testcase.CovVal_26687                    - 7: println("HTTP Status        : " + response.getStatusCode())
HTTP Status        : 200
2026-06-17 09:51:11.477 DEBUG testcase.CovVal_26687                    - 8: println("Response Body      : " + response.getResponseBodyContent())
Response Body      : {"ResponseCode":"00","ResponseDescription":"Success","ResponseException":"","FIDJenisPengajuan":"1","JenisPengajuan":"New","UrutanPengajuan":"1","FIDJenisCovering":"1","JenisCovering":"Conditional Automatic Cover","TanggalMulaiCovering":"31\/07\/2025","TanggalAkhirCovering":"01\/08\/2025","NominalPremi":"30000.00","RemarkPremi":"BRISURF_COV_26687_1000000000000556_01","NomorRekeningGiroPremi":"020601000102311","NamaRekeningGiroPremi":"PT BRI ASURANSI INDONESIA","NominalPertanggungan":"15000000.00","NominalCoverage":"15000000.00","NominalFeeCovering":"4500.00","NominalPajakCovering":"495.00","RemarkFeePremi":"BRISURF_COV_26687_1000000000000556_01","PersentasePertanggungan":"100","PersentaseCoverage":"100","OriginalPremi":"30000.00","DiscountPremi":0,"NominalPremiExtra":0,"NominalPremiBebanNasabah":0,"NominalPremiBebanBRI":0,"Signature":"051a4d51598945b55819c6fcff437c4f"}
2026-06-17 09:51:11.477 DEBUG testcase.CovVal_26687                    - 1: unikKey = data.getValue("ChannelUniqueKeyId", row)
2026-06-17 09:51:11.482 DEBUG testcase.CovVal_26687                    - 2: requestId = currentTimeMillis().toString() + row
2026-06-17 09:51:11.483 DEBUG testcase.CovVal_26687                    - 3: response = sendRequest(findTestObject("API/Posts/CoveringValidation/CovVal_26687", ["ChannelUniqueKeyId":unikKey]))
2026-06-17 09:51:14.337 INFO  c.k.k.core.webservice.common.HarLogger   - HAR: C:\Users\ACER\git\AutoAPI\Reports\20260617_094815\API\Pembukuan\pembukuanAPI\20260617_094815\requests\main\CovVal_26687_56.har
2026-06-17 09:51:14.340 DEBUG testcase.CovVal_26687                    - 4: println("==============================")
==============================
2026-06-17 09:51:14.341 DEBUG testcase.CovVal_26687                    - 5: println("Row                : " + row)
Row                : 57
2026-06-17 09:51:14.342 DEBUG testcase.CovVal_26687                    - 6: println("Channel Unique Key Id     : " + unikKey)
Channel Unique Key Id     : 1000000000000557
2026-06-17 09:51:14.343 DEBUG testcase.CovVal_26687                    - 7: println("HTTP Status        : " + response.getStatusCode())
HTTP Status        : 200
2026-06-17 09:51:14.343 DEBUG testcase.CovVal_26687                    - 8: println("Response Body      : " + response.getResponseBodyContent())
Response Body      : {"ResponseCode":"00","ResponseDescription":"Success","ResponseException":"","FIDJenisPengajuan":"1","JenisPengajuan":"New","UrutanPengajuan":"1","FIDJenisCovering":"1","JenisCovering":"Conditional Automatic Cover","TanggalMulaiCovering":"31\/07\/2025","TanggalAkhirCovering":"01\/08\/2025","NominalPremi":"30000.00","RemarkPremi":"BRISURF_COV_26687_1000000000000557_01","NomorRekeningGiroPremi":"020601000102311","NamaRekeningGiroPremi":"PT BRI ASURANSI INDONESIA","NominalPertanggungan":"15000000.00","NominalCoverage":"15000000.00","NominalFeeCovering":"4500.00","NominalPajakCovering":"495.00","RemarkFeePremi":"BRISURF_COV_26687_1000000000000557_01","PersentasePertanggungan":"100","PersentaseCoverage":"100","OriginalPremi":"30000.00","DiscountPremi":0,"NominalPremiExtra":0,"NominalPremiBebanNasabah":0,"NominalPremiBebanBRI":0,"Signature":"051a4d51598945b55819c6fcff437c4f"}
2026-06-17 09:51:14.344 DEBUG testcase.CovVal_26687                    - 1: unikKey = data.getValue("ChannelUniqueKeyId", row)
2026-06-17 09:51:14.345 DEBUG testcase.CovVal_26687                    - 2: requestId = currentTimeMillis().toString() + row
2026-06-17 09:51:14.351 DEBUG testcase.CovVal_26687                    - 3: response = sendRequest(findTestObject("API/Posts/CoveringValidation/CovVal_26687", ["ChannelUniqueKeyId":unikKey]))
2026-06-17 09:51:17.203 INFO  c.k.k.core.webservice.common.HarLogger   - HAR: C:\Users\ACER\git\AutoAPI\Reports\20260617_094815\API\Pembukuan\pembukuanAPI\20260617_094815\requests\main\CovVal_26687_57.har
2026-06-17 09:51:17.206 DEBUG testcase.CovVal_26687                    - 4: println("==============================")
==============================
2026-06-17 09:51:17.207 DEBUG testcase.CovVal_26687                    - 5: println("Row                : " + row)
Row                : 58
2026-06-17 09:51:17.208 DEBUG testcase.CovVal_26687                    - 6: println("Channel Unique Key Id     : " + unikKey)
Channel Unique Key Id     : 1000000000000558
2026-06-17 09:51:17.209 DEBUG testcase.CovVal_26687                    - 7: println("HTTP Status        : " + response.getStatusCode())
HTTP Status        : 200
2026-06-17 09:51:17.210 DEBUG testcase.CovVal_26687                    - 8: println("Response Body      : " + response.getResponseBodyContent())
Response Body      : {"ResponseCode":"00","ResponseDescription":"Success","ResponseException":"","FIDJenisPengajuan":"1","JenisPengajuan":"New","UrutanPengajuan":"1","FIDJenisCovering":"1","JenisCovering":"Conditional Automatic Cover","TanggalMulaiCovering":"31\/07\/2025","TanggalAkhirCovering":"01\/08\/2025","NominalPremi":"30000.00","RemarkPremi":"BRISURF_COV_26687_1000000000000558_01","NomorRekeningGiroPremi":"020601000102311","NamaRekeningGiroPremi":"PT BRI ASURANSI INDONESIA","NominalPertanggungan":"15000000.00","NominalCoverage":"15000000.00","NominalFeeCovering":"4500.00","NominalPajakCovering":"495.00","RemarkFeePremi":"BRISURF_COV_26687_1000000000000558_01","PersentasePertanggungan":"100","PersentaseCoverage":"100","OriginalPremi":"30000.00","DiscountPremi":0,"NominalPremiExtra":0,"NominalPremiBebanNasabah":0,"NominalPremiBebanBRI":0,"Signature":"051a4d51598945b55819c6fcff437c4f"}
2026-06-17 09:51:17.215 DEBUG testcase.CovVal_26687                    - 1: unikKey = data.getValue("ChannelUniqueKeyId", row)
2026-06-17 09:51:17.216 DEBUG testcase.CovVal_26687                    - 2: requestId = currentTimeMillis().toString() + row
2026-06-17 09:51:17.217 DEBUG testcase.CovVal_26687                    - 3: response = sendRequest(findTestObject("API/Posts/CoveringValidation/CovVal_26687", ["ChannelUniqueKeyId":unikKey]))
2026-06-17 09:51:20.380 INFO  c.k.k.core.webservice.common.HarLogger   - HAR: C:\Users\ACER\git\AutoAPI\Reports\20260617_094815\API\Pembukuan\pembukuanAPI\20260617_094815\requests\main\CovVal_26687_58.har
2026-06-17 09:51:20.382 DEBUG testcase.CovVal_26687                    - 4: println("==============================")
==============================
2026-06-17 09:51:20.383 DEBUG testcase.CovVal_26687                    - 5: println("Row                : " + row)
Row                : 59
2026-06-17 09:51:20.384 DEBUG testcase.CovVal_26687                    - 6: println("Channel Unique Key Id     : " + unikKey)
Channel Unique Key Id     : 1000000000000559
2026-06-17 09:51:20.385 DEBUG testcase.CovVal_26687                    - 7: println("HTTP Status        : " + response.getStatusCode())
HTTP Status        : 200
2026-06-17 09:51:20.386 DEBUG testcase.CovVal_26687                    - 8: println("Response Body      : " + response.getResponseBodyContent())
Response Body      : {"ResponseCode":"00","ResponseDescription":"Success","ResponseException":"","FIDJenisPengajuan":"1","JenisPengajuan":"New","UrutanPengajuan":"1","FIDJenisCovering":"1","JenisCovering":"Conditional Automatic Cover","TanggalMulaiCovering":"31\/07\/2025","TanggalAkhirCovering":"01\/08\/2025","NominalPremi":"30000.00","RemarkPremi":"BRISURF_COV_26687_1000000000000559_01","NomorRekeningGiroPremi":"020601000102311","NamaRekeningGiroPremi":"PT BRI ASURANSI INDONESIA","NominalPertanggungan":"15000000.00","NominalCoverage":"15000000.00","NominalFeeCovering":"4500.00","NominalPajakCovering":"495.00","RemarkFeePremi":"BRISURF_COV_26687_1000000000000559_01","PersentasePertanggungan":"100","PersentaseCoverage":"100","OriginalPremi":"30000.00","DiscountPremi":0,"NominalPremiExtra":0,"NominalPremiBebanNasabah":0,"NominalPremiBebanBRI":0,"Signature":"051a4d51598945b55819c6fcff437c4f"}
2026-06-17 09:51:20.387 DEBUG testcase.CovVal_26687                    - 1: unikKey = data.getValue("ChannelUniqueKeyId", row)
2026-06-17 09:51:20.388 DEBUG testcase.CovVal_26687                    - 2: requestId = currentTimeMillis().toString() + row
2026-06-17 09:51:20.389 DEBUG testcase.CovVal_26687                    - 3: response = sendRequest(findTestObject("API/Posts/CoveringValidation/CovVal_26687", ["ChannelUniqueKeyId":unikKey]))
2026-06-17 09:51:23.246 INFO  c.k.k.core.webservice.common.HarLogger   - HAR: C:\Users\ACER\git\AutoAPI\Reports\20260617_094815\API\Pembukuan\pembukuanAPI\20260617_094815\requests\main\CovVal_26687_59.har
2026-06-17 09:51:23.249 DEBUG testcase.CovVal_26687                    - 4: println("==============================")
==============================
2026-06-17 09:51:23.250 DEBUG testcase.CovVal_26687                    - 5: println("Row                : " + row)
Row                : 60
2026-06-17 09:51:23.251 DEBUG testcase.CovVal_26687                    - 6: println("Channel Unique Key Id     : " + unikKey)
Channel Unique Key Id     : 1000000000000560
2026-06-17 09:51:23.252 DEBUG testcase.CovVal_26687                    - 7: println("HTTP Status        : " + response.getStatusCode())
HTTP Status        : 200
2026-06-17 09:51:23.253 DEBUG testcase.CovVal_26687                    - 8: println("Response Body      : " + response.getResponseBodyContent())
Response Body      : {"ResponseCode":"00","ResponseDescription":"Success","ResponseException":"","FIDJenisPengajuan":"1","JenisPengajuan":"New","UrutanPengajuan":"1","FIDJenisCovering":"1","JenisCovering":"Conditional Automatic Cover","TanggalMulaiCovering":"31\/07\/2025","TanggalAkhirCovering":"01\/08\/2025","NominalPremi":"30000.00","RemarkPremi":"BRISURF_COV_26687_1000000000000560_01","NomorRekeningGiroPremi":"020601000102311","NamaRekeningGiroPremi":"PT BRI ASURANSI INDONESIA","NominalPertanggungan":"15000000.00","NominalCoverage":"15000000.00","NominalFeeCovering":"4500.00","NominalPajakCovering":"495.00","RemarkFeePremi":"BRISURF_COV_26687_1000000000000560_01","PersentasePertanggungan":"100","PersentaseCoverage":"100","OriginalPremi":"30000.00","DiscountPremi":0,"NominalPremiExtra":0,"NominalPremiBebanNasabah":0,"NominalPremiBebanBRI":0,"Signature":"051a4d51598945b55819c6fcff437c4f"}
2026-06-17 09:51:23.255 DEBUG testcase.CovVal_26687                    - 1: unikKey = data.getValue("ChannelUniqueKeyId", row)
2026-06-17 09:51:23.256 DEBUG testcase.CovVal_26687                    - 2: requestId = currentTimeMillis().toString() + row
2026-06-17 09:51:23.257 DEBUG testcase.CovVal_26687                    - 3: response = sendRequest(findTestObject("API/Posts/CoveringValidation/CovVal_26687", ["ChannelUniqueKeyId":unikKey]))
2026-06-17 09:51:26.112 INFO  c.k.k.core.webservice.common.HarLogger   - HAR: C:\Users\ACER\git\AutoAPI\Reports\20260617_094815\API\Pembukuan\pembukuanAPI\20260617_094815\requests\main\CovVal_26687_60.har
2026-06-17 09:51:26.119 DEBUG testcase.CovVal_26687                    - 4: println("==============================")
==============================
2026-06-17 09:51:26.120 DEBUG testcase.CovVal_26687                    - 5: println("Row                : " + row)
Row                : 61
2026-06-17 09:51:26.122 DEBUG testcase.CovVal_26687                    - 6: println("Channel Unique Key Id     : " + unikKey)
Channel Unique Key Id     : 1000000000000561
2026-06-17 09:51:26.122 DEBUG testcase.CovVal_26687                    - 7: println("HTTP Status        : " + response.getStatusCode())
HTTP Status        : 200
2026-06-17 09:51:26.124 DEBUG testcase.CovVal_26687                    - 8: println("Response Body      : " + response.getResponseBodyContent())
Response Body      : {"ResponseCode":"00","ResponseDescription":"Success","ResponseException":"","FIDJenisPengajuan":"1","JenisPengajuan":"New","UrutanPengajuan":"1","FIDJenisCovering":"1","JenisCovering":"Conditional Automatic Cover","TanggalMulaiCovering":"31\/07\/2025","TanggalAkhirCovering":"01\/08\/2025","NominalPremi":"30000.00","RemarkPremi":"BRISURF_COV_26687_1000000000000561_01","NomorRekeningGiroPremi":"020601000102311","NamaRekeningGiroPremi":"PT BRI ASURANSI INDONESIA","NominalPertanggungan":"15000000.00","NominalCoverage":"15000000.00","NominalFeeCovering":"4500.00","NominalPajakCovering":"495.00","RemarkFeePremi":"BRISURF_COV_26687_1000000000000561_01","PersentasePertanggungan":"100","PersentaseCoverage":"100","OriginalPremi":"30000.00","DiscountPremi":0,"NominalPremiExtra":0,"NominalPremiBebanNasabah":0,"NominalPremiBebanBRI":0,"Signature":"051a4d51598945b55819c6fcff437c4f"}
2026-06-17 09:51:26.128 DEBUG testcase.CovVal_26687                    - 1: unikKey = data.getValue("ChannelUniqueKeyId", row)
2026-06-17 09:51:26.129 DEBUG testcase.CovVal_26687                    - 2: requestId = currentTimeMillis().toString() + row
2026-06-17 09:51:26.130 DEBUG testcase.CovVal_26687                    - 3: response = sendRequest(findTestObject("API/Posts/CoveringValidation/CovVal_26687", ["ChannelUniqueKeyId":unikKey]))
2026-06-17 09:51:29.184 INFO  c.k.k.core.webservice.common.HarLogger   - HAR: C:\Users\ACER\git\AutoAPI\Reports\20260617_094815\API\Pembukuan\pembukuanAPI\20260617_094815\requests\main\CovVal_26687_61.har
2026-06-17 09:51:29.187 DEBUG testcase.CovVal_26687                    - 4: println("==============================")
==============================
2026-06-17 09:51:29.189 DEBUG testcase.CovVal_26687                    - 5: println("Row                : " + row)
Row                : 62
2026-06-17 09:51:29.190 DEBUG testcase.CovVal_26687                    - 6: println("Channel Unique Key Id     : " + unikKey)
Channel Unique Key Id     : 1000000000000562
2026-06-17 09:51:29.190 DEBUG testcase.CovVal_26687                    - 7: println("HTTP Status        : " + response.getStatusCode())
HTTP Status        : 200
2026-06-17 09:51:29.194 DEBUG testcase.CovVal_26687                    - 8: println("Response Body      : " + response.getResponseBodyContent())
Response Body      : {"ResponseCode":"00","ResponseDescription":"Success","ResponseException":"","FIDJenisPengajuan":"1","JenisPengajuan":"New","UrutanPengajuan":"1","FIDJenisCovering":"1","JenisCovering":"Conditional Automatic Cover","TanggalMulaiCovering":"31\/07\/2025","TanggalAkhirCovering":"01\/08\/2025","NominalPremi":"30000.00","RemarkPremi":"BRISURF_COV_26687_1000000000000562_01","NomorRekeningGiroPremi":"020601000102311","NamaRekeningGiroPremi":"PT BRI ASURANSI INDONESIA","NominalPertanggungan":"15000000.00","NominalCoverage":"15000000.00","NominalFeeCovering":"4500.00","NominalPajakCovering":"495.00","RemarkFeePremi":"BRISURF_COV_26687_1000000000000562_01","PersentasePertanggungan":"100","PersentaseCoverage":"100","OriginalPremi":"30000.00","DiscountPremi":0,"NominalPremiExtra":0,"NominalPremiBebanNasabah":0,"NominalPremiBebanBRI":0,"Signature":"051a4d51598945b55819c6fcff437c4f"}
2026-06-17 09:51:29.196 DEBUG testcase.CovVal_26687                    - 1: unikKey = data.getValue("ChannelUniqueKeyId", row)
2026-06-17 09:51:29.198 DEBUG testcase.CovVal_26687                    - 2: requestId = currentTimeMillis().toString() + row
2026-06-17 09:51:29.199 DEBUG testcase.CovVal_26687                    - 3: response = sendRequest(findTestObject("API/Posts/CoveringValidation/CovVal_26687", ["ChannelUniqueKeyId":unikKey]))
2026-06-17 09:51:32.051 INFO  c.k.k.core.webservice.common.HarLogger   - HAR: C:\Users\ACER\git\AutoAPI\Reports\20260617_094815\API\Pembukuan\pembukuanAPI\20260617_094815\requests\main\CovVal_26687_62.har
2026-06-17 09:51:32.054 DEBUG testcase.CovVal_26687                    - 4: println("==============================")
==============================
2026-06-17 09:51:32.055 DEBUG testcase.CovVal_26687                    - 5: println("Row                : " + row)
Row                : 63
2026-06-17 09:51:32.056 DEBUG testcase.CovVal_26687                    - 6: println("Channel Unique Key Id     : " + unikKey)
Channel Unique Key Id     : 1000000000000563
2026-06-17 09:51:32.059 DEBUG testcase.CovVal_26687                    - 7: println("HTTP Status        : " + response.getStatusCode())
HTTP Status        : 200
2026-06-17 09:51:32.060 DEBUG testcase.CovVal_26687                    - 8: println("Response Body      : " + response.getResponseBodyContent())
Response Body      : {"ResponseCode":"00","ResponseDescription":"Success","ResponseException":"","FIDJenisPengajuan":"1","JenisPengajuan":"New","UrutanPengajuan":"1","FIDJenisCovering":"1","JenisCovering":"Conditional Automatic Cover","TanggalMulaiCovering":"31\/07\/2025","TanggalAkhirCovering":"01\/08\/2025","NominalPremi":"30000.00","RemarkPremi":"BRISURF_COV_26687_1000000000000563_01","NomorRekeningGiroPremi":"020601000102311","NamaRekeningGiroPremi":"PT BRI ASURANSI INDONESIA","NominalPertanggungan":"15000000.00","NominalCoverage":"15000000.00","NominalFeeCovering":"4500.00","NominalPajakCovering":"495.00","RemarkFeePremi":"BRISURF_COV_26687_1000000000000563_01","PersentasePertanggungan":"100","PersentaseCoverage":"100","OriginalPremi":"30000.00","DiscountPremi":0,"NominalPremiExtra":0,"NominalPremiBebanNasabah":0,"NominalPremiBebanBRI":0,"Signature":"051a4d51598945b55819c6fcff437c4f"}
2026-06-17 09:51:32.061 DEBUG testcase.CovVal_26687                    - 1: unikKey = data.getValue("ChannelUniqueKeyId", row)
2026-06-17 09:51:32.062 DEBUG testcase.CovVal_26687                    - 2: requestId = currentTimeMillis().toString() + row
2026-06-17 09:51:32.063 DEBUG testcase.CovVal_26687                    - 3: response = sendRequest(findTestObject("API/Posts/CoveringValidation/CovVal_26687", ["ChannelUniqueKeyId":unikKey]))
2026-06-17 09:51:34.918 INFO  c.k.k.core.webservice.common.HarLogger   - HAR: C:\Users\ACER\git\AutoAPI\Reports\20260617_094815\API\Pembukuan\pembukuanAPI\20260617_094815\requests\main\CovVal_26687_63.har
2026-06-17 09:51:34.921 DEBUG testcase.CovVal_26687                    - 4: println("==============================")
==============================
2026-06-17 09:51:34.922 DEBUG testcase.CovVal_26687                    - 5: println("Row                : " + row)
Row                : 64
2026-06-17 09:51:34.926 DEBUG testcase.CovVal_26687                    - 6: println("Channel Unique Key Id     : " + unikKey)
Channel Unique Key Id     : 1000000000000564
2026-06-17 09:51:34.926 DEBUG testcase.CovVal_26687                    - 7: println("HTTP Status        : " + response.getStatusCode())
HTTP Status        : 200
2026-06-17 09:51:34.927 DEBUG testcase.CovVal_26687                    - 8: println("Response Body      : " + response.getResponseBodyContent())
Response Body      : {"ResponseCode":"00","ResponseDescription":"Success","ResponseException":"","FIDJenisPengajuan":"1","JenisPengajuan":"New","UrutanPengajuan":"1","FIDJenisCovering":"1","JenisCovering":"Conditional Automatic Cover","TanggalMulaiCovering":"31\/07\/2025","TanggalAkhirCovering":"01\/08\/2025","NominalPremi":"30000.00","RemarkPremi":"BRISURF_COV_26687_1000000000000564_01","NomorRekeningGiroPremi":"020601000102311","NamaRekeningGiroPremi":"PT BRI ASURANSI INDONESIA","NominalPertanggungan":"15000000.00","NominalCoverage":"15000000.00","NominalFeeCovering":"4500.00","NominalPajakCovering":"495.00","RemarkFeePremi":"BRISURF_COV_26687_1000000000000564_01","PersentasePertanggungan":"100","PersentaseCoverage":"100","OriginalPremi":"30000.00","DiscountPremi":0,"NominalPremiExtra":0,"NominalPremiBebanNasabah":0,"NominalPremiBebanBRI":0,"Signature":"051a4d51598945b55819c6fcff437c4f"}
2026-06-17 09:51:34.928 DEBUG testcase.CovVal_26687                    - 1: unikKey = data.getValue("ChannelUniqueKeyId", row)
2026-06-17 09:51:34.929 DEBUG testcase.CovVal_26687                    - 2: requestId = currentTimeMillis().toString() + row
2026-06-17 09:51:34.929 DEBUG testcase.CovVal_26687                    - 3: response = sendRequest(findTestObject("API/Posts/CoveringValidation/CovVal_26687", ["ChannelUniqueKeyId":unikKey]))
2026-06-17 09:51:37.786 INFO  c.k.k.core.webservice.common.HarLogger   - HAR: C:\Users\ACER\git\AutoAPI\Reports\20260617_094815\API\Pembukuan\pembukuanAPI\20260617_094815\requests\main\CovVal_26687_64.har
2026-06-17 09:51:37.788 DEBUG testcase.CovVal_26687                    - 4: println("==============================")
==============================
2026-06-17 09:51:37.791 DEBUG testcase.CovVal_26687                    - 5: println("Row                : " + row)
Row                : 65
2026-06-17 09:51:37.792 DEBUG testcase.CovVal_26687                    - 6: println("Channel Unique Key Id     : " + unikKey)
Channel Unique Key Id     : 1000000000000565
2026-06-17 09:51:37.792 DEBUG testcase.CovVal_26687                    - 7: println("HTTP Status        : " + response.getStatusCode())
HTTP Status        : 200
2026-06-17 09:51:37.793 DEBUG testcase.CovVal_26687                    - 8: println("Response Body      : " + response.getResponseBodyContent())
Response Body      : {"ResponseCode":"00","ResponseDescription":"Success","ResponseException":"","FIDJenisPengajuan":"1","JenisPengajuan":"New","UrutanPengajuan":"1","FIDJenisCovering":"1","JenisCovering":"Conditional Automatic Cover","TanggalMulaiCovering":"31\/07\/2025","TanggalAkhirCovering":"01\/08\/2025","NominalPremi":"30000.00","RemarkPremi":"BRISURF_COV_26687_1000000000000565_01","NomorRekeningGiroPremi":"020601000102311","NamaRekeningGiroPremi":"PT BRI ASURANSI INDONESIA","NominalPertanggungan":"15000000.00","NominalCoverage":"15000000.00","NominalFeeCovering":"4500.00","NominalPajakCovering":"495.00","RemarkFeePremi":"BRISURF_COV_26687_1000000000000565_01","PersentasePertanggungan":"100","PersentaseCoverage":"100","OriginalPremi":"30000.00","DiscountPremi":0,"NominalPremiExtra":0,"NominalPremiBebanNasabah":0,"NominalPremiBebanBRI":0,"Signature":"051a4d51598945b55819c6fcff437c4f"}
2026-06-17 09:51:37.793 DEBUG testcase.CovVal_26687                    - 1: unikKey = data.getValue("ChannelUniqueKeyId", row)
2026-06-17 09:51:37.794 DEBUG testcase.CovVal_26687                    - 2: requestId = currentTimeMillis().toString() + row
2026-06-17 09:51:37.795 DEBUG testcase.CovVal_26687                    - 3: response = sendRequest(findTestObject("API/Posts/CoveringValidation/CovVal_26687", ["ChannelUniqueKeyId":unikKey]))
2026-06-17 09:51:40.653 INFO  c.k.k.core.webservice.common.HarLogger   - HAR: C:\Users\ACER\git\AutoAPI\Reports\20260617_094815\API\Pembukuan\pembukuanAPI\20260617_094815\requests\main\CovVal_26687_65.har
2026-06-17 09:51:40.658 DEBUG testcase.CovVal_26687                    - 4: println("==============================")
==============================
2026-06-17 09:51:40.659 DEBUG testcase.CovVal_26687                    - 5: println("Row                : " + row)
Row                : 66
2026-06-17 09:51:40.660 DEBUG testcase.CovVal_26687                    - 6: println("Channel Unique Key Id     : " + unikKey)
Channel Unique Key Id     : 1000000000000566
2026-06-17 09:51:40.660 DEBUG testcase.CovVal_26687                    - 7: println("HTTP Status        : " + response.getStatusCode())
HTTP Status        : 200
2026-06-17 09:51:40.661 DEBUG testcase.CovVal_26687                    - 8: println("Response Body      : " + response.getResponseBodyContent())
Response Body      : {"ResponseCode":"00","ResponseDescription":"Success","ResponseException":"","FIDJenisPengajuan":"1","JenisPengajuan":"New","UrutanPengajuan":"1","FIDJenisCovering":"1","JenisCovering":"Conditional Automatic Cover","TanggalMulaiCovering":"31\/07\/2025","TanggalAkhirCovering":"01\/08\/2025","NominalPremi":"30000.00","RemarkPremi":"BRISURF_COV_26687_1000000000000566_01","NomorRekeningGiroPremi":"020601000102311","NamaRekeningGiroPremi":"PT BRI ASURANSI INDONESIA","NominalPertanggungan":"15000000.00","NominalCoverage":"15000000.00","NominalFeeCovering":"4500.00","NominalPajakCovering":"495.00","RemarkFeePremi":"BRISURF_COV_26687_1000000000000566_01","PersentasePertanggungan":"100","PersentaseCoverage":"100","OriginalPremi":"30000.00","DiscountPremi":0,"NominalPremiExtra":0,"NominalPremiBebanNasabah":0,"NominalPremiBebanBRI":0,"Signature":"051a4d51598945b55819c6fcff437c4f"}
2026-06-17 09:51:40.662 DEBUG testcase.CovVal_26687                    - 1: unikKey = data.getValue("ChannelUniqueKeyId", row)
2026-06-17 09:51:40.663 DEBUG testcase.CovVal_26687                    - 2: requestId = currentTimeMillis().toString() + row
2026-06-17 09:51:40.665 DEBUG testcase.CovVal_26687                    - 3: response = sendRequest(findTestObject("API/Posts/CoveringValidation/CovVal_26687", ["ChannelUniqueKeyId":unikKey]))
2026-06-17 09:51:43.519 INFO  c.k.k.core.webservice.common.HarLogger   - HAR: C:\Users\ACER\git\AutoAPI\Reports\20260617_094815\API\Pembukuan\pembukuanAPI\20260617_094815\requests\main\CovVal_26687_66.har
2026-06-17 09:51:43.525 DEBUG testcase.CovVal_26687                    - 4: println("==============================")
==============================
2026-06-17 09:51:43.526 DEBUG testcase.CovVal_26687                    - 5: println("Row                : " + row)
Row                : 67
2026-06-17 09:51:43.527 DEBUG testcase.CovVal_26687                    - 6: println("Channel Unique Key Id     : " + unikKey)
Channel Unique Key Id     : 1000000000000567
2026-06-17 09:51:43.527 DEBUG testcase.CovVal_26687                    - 7: println("HTTP Status        : " + response.getStatusCode())
HTTP Status        : 200
2026-06-17 09:51:43.528 DEBUG testcase.CovVal_26687                    - 8: println("Response Body      : " + response.getResponseBodyContent())
Response Body      : {"ResponseCode":"00","ResponseDescription":"Success","ResponseException":"","FIDJenisPengajuan":"1","JenisPengajuan":"New","UrutanPengajuan":"1","FIDJenisCovering":"1","JenisCovering":"Conditional Automatic Cover","TanggalMulaiCovering":"31\/07\/2025","TanggalAkhirCovering":"01\/08\/2025","NominalPremi":"30000.00","RemarkPremi":"BRISURF_COV_26687_1000000000000567_01","NomorRekeningGiroPremi":"020601000102311","NamaRekeningGiroPremi":"PT BRI ASURANSI INDONESIA","NominalPertanggungan":"15000000.00","NominalCoverage":"15000000.00","NominalFeeCovering":"4500.00","NominalPajakCovering":"495.00","RemarkFeePremi":"BRISURF_COV_26687_1000000000000567_01","PersentasePertanggungan":"100","PersentaseCoverage":"100","OriginalPremi":"30000.00","DiscountPremi":0,"NominalPremiExtra":0,"NominalPremiBebanNasabah":0,"NominalPremiBebanBRI":0,"Signature":"051a4d51598945b55819c6fcff437c4f"}
2026-06-17 09:51:43.529 DEBUG testcase.CovVal_26687                    - 1: unikKey = data.getValue("ChannelUniqueKeyId", row)
2026-06-17 09:51:43.530 DEBUG testcase.CovVal_26687                    - 2: requestId = currentTimeMillis().toString() + row
2026-06-17 09:51:43.530 DEBUG testcase.CovVal_26687                    - 3: response = sendRequest(findTestObject("API/Posts/CoveringValidation/CovVal_26687", ["ChannelUniqueKeyId":unikKey]))
2026-06-17 09:51:46.389 INFO  c.k.k.core.webservice.common.HarLogger   - HAR: C:\Users\ACER\git\AutoAPI\Reports\20260617_094815\API\Pembukuan\pembukuanAPI\20260617_094815\requests\main\CovVal_26687_67.har
2026-06-17 09:51:46.393 DEBUG testcase.CovVal_26687                    - 4: println("==============================")
==============================
2026-06-17 09:51:46.394 DEBUG testcase.CovVal_26687                    - 5: println("Row                : " + row)
Row                : 68
2026-06-17 09:51:46.395 DEBUG testcase.CovVal_26687                    - 6: println("Channel Unique Key Id     : " + unikKey)
Channel Unique Key Id     : 1000000000000568
2026-06-17 09:51:46.395 DEBUG testcase.CovVal_26687                    - 7: println("HTTP Status        : " + response.getStatusCode())
HTTP Status        : 200
2026-06-17 09:51:46.396 DEBUG testcase.CovVal_26687                    - 8: println("Response Body      : " + response.getResponseBodyContent())
Response Body      : {"ResponseCode":"00","ResponseDescription":"Success","ResponseException":"","FIDJenisPengajuan":"1","JenisPengajuan":"New","UrutanPengajuan":"1","FIDJenisCovering":"1","JenisCovering":"Conditional Automatic Cover","TanggalMulaiCovering":"31\/07\/2025","TanggalAkhirCovering":"01\/08\/2025","NominalPremi":"30000.00","RemarkPremi":"BRISURF_COV_26687_1000000000000568_01","NomorRekeningGiroPremi":"020601000102311","NamaRekeningGiroPremi":"PT BRI ASURANSI INDONESIA","NominalPertanggungan":"15000000.00","NominalCoverage":"15000000.00","NominalFeeCovering":"4500.00","NominalPajakCovering":"495.00","RemarkFeePremi":"BRISURF_COV_26687_1000000000000568_01","PersentasePertanggungan":"100","PersentaseCoverage":"100","OriginalPremi":"30000.00","DiscountPremi":0,"NominalPremiExtra":0,"NominalPremiBebanNasabah":0,"NominalPremiBebanBRI":0,"Signature":"051a4d51598945b55819c6fcff437c4f"}
2026-06-17 09:51:46.397 DEBUG testcase.CovVal_26687                    - 1: unikKey = data.getValue("ChannelUniqueKeyId", row)
2026-06-17 09:51:46.398 DEBUG testcase.CovVal_26687                    - 2: requestId = currentTimeMillis().toString() + row
2026-06-17 09:51:46.399 DEBUG testcase.CovVal_26687                    - 3: response = sendRequest(findTestObject("API/Posts/CoveringValidation/CovVal_26687", ["ChannelUniqueKeyId":unikKey]))
2026-06-17 09:51:49.461 INFO  c.k.k.core.webservice.common.HarLogger   - HAR: C:\Users\ACER\git\AutoAPI\Reports\20260617_094815\API\Pembukuan\pembukuanAPI\20260617_094815\requests\main\CovVal_26687_68.har
2026-06-17 09:51:49.465 DEBUG testcase.CovVal_26687                    - 4: println("==============================")
==============================
2026-06-17 09:51:49.466 DEBUG testcase.CovVal_26687                    - 5: println("Row                : " + row)
Row                : 69
2026-06-17 09:51:49.466 DEBUG testcase.CovVal_26687                    - 6: println("Channel Unique Key Id     : " + unikKey)
Channel Unique Key Id     : 1000000000000569
2026-06-17 09:51:49.467 DEBUG testcase.CovVal_26687                    - 7: println("HTTP Status        : " + response.getStatusCode())
HTTP Status        : 200
2026-06-17 09:51:49.468 DEBUG testcase.CovVal_26687                    - 8: println("Response Body      : " + response.getResponseBodyContent())
Response Body      : {"ResponseCode":"00","ResponseDescription":"Success","ResponseException":"","FIDJenisPengajuan":"1","JenisPengajuan":"New","UrutanPengajuan":"1","FIDJenisCovering":"1","JenisCovering":"Conditional Automatic Cover","TanggalMulaiCovering":"31\/07\/2025","TanggalAkhirCovering":"01\/08\/2025","NominalPremi":"30000.00","RemarkPremi":"BRISURF_COV_26687_1000000000000569_01","NomorRekeningGiroPremi":"020601000102311","NamaRekeningGiroPremi":"PT BRI ASURANSI INDONESIA","NominalPertanggungan":"15000000.00","NominalCoverage":"15000000.00","NominalFeeCovering":"4500.00","NominalPajakCovering":"495.00","RemarkFeePremi":"BRISURF_COV_26687_1000000000000569_01","PersentasePertanggungan":"100","PersentaseCoverage":"100","OriginalPremi":"30000.00","DiscountPremi":0,"NominalPremiExtra":0,"NominalPremiBebanNasabah":0,"NominalPremiBebanBRI":0,"Signature":"051a4d51598945b55819c6fcff437c4f"}
2026-06-17 09:51:49.468 DEBUG testcase.CovVal_26687                    - 1: unikKey = data.getValue("ChannelUniqueKeyId", row)
2026-06-17 09:51:49.472 DEBUG testcase.CovVal_26687                    - 2: requestId = currentTimeMillis().toString() + row
2026-06-17 09:51:49.472 DEBUG testcase.CovVal_26687                    - 3: response = sendRequest(findTestObject("API/Posts/CoveringValidation/CovVal_26687", ["ChannelUniqueKeyId":unikKey]))
2026-06-17 09:51:52.326 INFO  c.k.k.core.webservice.common.HarLogger   - HAR: C:\Users\ACER\git\AutoAPI\Reports\20260617_094815\API\Pembukuan\pembukuanAPI\20260617_094815\requests\main\CovVal_26687_69.har
2026-06-17 09:51:52.328 DEBUG testcase.CovVal_26687                    - 4: println("==============================")
==============================
2026-06-17 09:51:52.329 DEBUG testcase.CovVal_26687                    - 5: println("Row                : " + row)
Row                : 70
2026-06-17 09:51:52.330 DEBUG testcase.CovVal_26687                    - 6: println("Channel Unique Key Id     : " + unikKey)
Channel Unique Key Id     : 1000000000000570
2026-06-17 09:51:52.331 DEBUG testcase.CovVal_26687                    - 7: println("HTTP Status        : " + response.getStatusCode())
HTTP Status        : 200
2026-06-17 09:51:52.332 DEBUG testcase.CovVal_26687                    - 8: println("Response Body      : " + response.getResponseBodyContent())
Response Body      : {"ResponseCode":"00","ResponseDescription":"Success","ResponseException":"","FIDJenisPengajuan":"1","JenisPengajuan":"New","UrutanPengajuan":"1","FIDJenisCovering":"1","JenisCovering":"Conditional Automatic Cover","TanggalMulaiCovering":"31\/07\/2025","TanggalAkhirCovering":"01\/08\/2025","NominalPremi":"30000.00","RemarkPremi":"BRISURF_COV_26687_1000000000000570_01","NomorRekeningGiroPremi":"020601000102311","NamaRekeningGiroPremi":"PT BRI ASURANSI INDONESIA","NominalPertanggungan":"15000000.00","NominalCoverage":"15000000.00","NominalFeeCovering":"4500.00","NominalPajakCovering":"495.00","RemarkFeePremi":"BRISURF_COV_26687_1000000000000570_01","PersentasePertanggungan":"100","PersentaseCoverage":"100","OriginalPremi":"30000.00","DiscountPremi":0,"NominalPremiExtra":0,"NominalPremiBebanNasabah":0,"NominalPremiBebanBRI":0,"Signature":"051a4d51598945b55819c6fcff437c4f"}
2026-06-17 09:51:52.333 DEBUG testcase.CovVal_26687                    - 1: unikKey = data.getValue("ChannelUniqueKeyId", row)
2026-06-17 09:51:52.335 DEBUG testcase.CovVal_26687                    - 2: requestId = currentTimeMillis().toString() + row
2026-06-17 09:51:52.339 DEBUG testcase.CovVal_26687                    - 3: response = sendRequest(findTestObject("API/Posts/CoveringValidation/CovVal_26687", ["ChannelUniqueKeyId":unikKey]))
2026-06-17 09:51:55.196 INFO  c.k.k.core.webservice.common.HarLogger   - HAR: C:\Users\ACER\git\AutoAPI\Reports\20260617_094815\API\Pembukuan\pembukuanAPI\20260617_094815\requests\main\CovVal_26687_70.har
2026-06-17 09:51:55.199 DEBUG testcase.CovVal_26687                    - 4: println("==============================")
==============================
2026-06-17 09:51:55.199 DEBUG testcase.CovVal_26687                    - 5: println("Row                : " + row)
Row                : 71
2026-06-17 09:51:55.200 DEBUG testcase.CovVal_26687                    - 6: println("Channel Unique Key Id     : " + unikKey)
Channel Unique Key Id     : 1000000000000571
2026-06-17 09:51:55.203 DEBUG testcase.CovVal_26687                    - 7: println("HTTP Status        : " + response.getStatusCode())
HTTP Status        : 200
2026-06-17 09:51:55.203 DEBUG testcase.CovVal_26687                    - 8: println("Response Body      : " + response.getResponseBodyContent())
Response Body      : {"ResponseCode":"00","ResponseDescription":"Success","ResponseException":"","FIDJenisPengajuan":"1","JenisPengajuan":"New","UrutanPengajuan":"1","FIDJenisCovering":"1","JenisCovering":"Conditional Automatic Cover","TanggalMulaiCovering":"31\/07\/2025","TanggalAkhirCovering":"01\/08\/2025","NominalPremi":"30000.00","RemarkPremi":"BRISURF_COV_26687_1000000000000571_01","NomorRekeningGiroPremi":"020601000102311","NamaRekeningGiroPremi":"PT BRI ASURANSI INDONESIA","NominalPertanggungan":"15000000.00","NominalCoverage":"15000000.00","NominalFeeCovering":"4500.00","NominalPajakCovering":"495.00","RemarkFeePremi":"BRISURF_COV_26687_1000000000000571_01","PersentasePertanggungan":"100","PersentaseCoverage":"100","OriginalPremi":"30000.00","DiscountPremi":0,"NominalPremiExtra":0,"NominalPremiBebanNasabah":0,"NominalPremiBebanBRI":0,"Signature":"051a4d51598945b55819c6fcff437c4f"}
2026-06-17 09:51:55.204 DEBUG testcase.CovVal_26687                    - 1: unikKey = data.getValue("ChannelUniqueKeyId", row)
2026-06-17 09:51:55.205 DEBUG testcase.CovVal_26687                    - 2: requestId = currentTimeMillis().toString() + row
2026-06-17 09:51:55.206 DEBUG testcase.CovVal_26687                    - 3: response = sendRequest(findTestObject("API/Posts/CoveringValidation/CovVal_26687", ["ChannelUniqueKeyId":unikKey]))
2026-06-17 09:51:58.163 INFO  c.k.k.core.webservice.common.HarLogger   - HAR: C:\Users\ACER\git\AutoAPI\Reports\20260617_094815\API\Pembukuan\pembukuanAPI\20260617_094815\requests\main\CovVal_26687_71.har
2026-06-17 09:51:58.166 DEBUG testcase.CovVal_26687                    - 4: println("==============================")
==============================
2026-06-17 09:51:58.169 DEBUG testcase.CovVal_26687                    - 5: println("Row                : " + row)
Row                : 72
2026-06-17 09:51:58.170 DEBUG testcase.CovVal_26687                    - 6: println("Channel Unique Key Id     : " + unikKey)
Channel Unique Key Id     : 1000000000000572
2026-06-17 09:51:58.171 DEBUG testcase.CovVal_26687                    - 7: println("HTTP Status        : " + response.getStatusCode())
HTTP Status        : 200
2026-06-17 09:51:58.172 DEBUG testcase.CovVal_26687                    - 8: println("Response Body      : " + response.getResponseBodyContent())
Response Body      : {"ResponseCode":"00","ResponseDescription":"Success","ResponseException":"","FIDJenisPengajuan":"1","JenisPengajuan":"New","UrutanPengajuan":"1","FIDJenisCovering":"1","JenisCovering":"Conditional Automatic Cover","TanggalMulaiCovering":"31\/07\/2025","TanggalAkhirCovering":"01\/08\/2025","NominalPremi":"30000.00","RemarkPremi":"BRISURF_COV_26687_1000000000000572_01","NomorRekeningGiroPremi":"020601000102311","NamaRekeningGiroPremi":"PT BRI ASURANSI INDONESIA","NominalPertanggungan":"15000000.00","NominalCoverage":"15000000.00","NominalFeeCovering":"4500.00","NominalPajakCovering":"495.00","RemarkFeePremi":"BRISURF_COV_26687_1000000000000572_01","PersentasePertanggungan":"100","PersentaseCoverage":"100","OriginalPremi":"30000.00","DiscountPremi":0,"NominalPremiExtra":0,"NominalPremiBebanNasabah":0,"NominalPremiBebanBRI":0,"Signature":"051a4d51598945b55819c6fcff437c4f"}
2026-06-17 09:51:58.172 DEBUG testcase.CovVal_26687                    - 1: unikKey = data.getValue("ChannelUniqueKeyId", row)
2026-06-17 09:51:58.173 DEBUG testcase.CovVal_26687                    - 2: requestId = currentTimeMillis().toString() + row
2026-06-17 09:51:58.174 DEBUG testcase.CovVal_26687                    - 3: response = sendRequest(findTestObject("API/Posts/CoveringValidation/CovVal_26687", ["ChannelUniqueKeyId":unikKey]))
2026-06-17 09:52:01.031 INFO  c.k.k.core.webservice.common.HarLogger   - HAR: C:\Users\ACER\git\AutoAPI\Reports\20260617_094815\API\Pembukuan\pembukuanAPI\20260617_094815\requests\main\CovVal_26687_72.har
2026-06-17 09:52:01.035 DEBUG testcase.CovVal_26687                    - 4: println("==============================")
==============================
2026-06-17 09:52:01.036 DEBUG testcase.CovVal_26687                    - 5: println("Row                : " + row)
Row                : 73
2026-06-17 09:52:01.037 DEBUG testcase.CovVal_26687                    - 6: println("Channel Unique Key Id     : " + unikKey)
Channel Unique Key Id     : 1000000000000573
2026-06-17 09:52:01.038 DEBUG testcase.CovVal_26687                    - 7: println("HTTP Status        : " + response.getStatusCode())
HTTP Status        : 200
2026-06-17 09:52:01.038 DEBUG testcase.CovVal_26687                    - 8: println("Response Body      : " + response.getResponseBodyContent())
Response Body      : {"ResponseCode":"00","ResponseDescription":"Success","ResponseException":"","FIDJenisPengajuan":"1","JenisPengajuan":"New","UrutanPengajuan":"1","FIDJenisCovering":"1","JenisCovering":"Conditional Automatic Cover","TanggalMulaiCovering":"31\/07\/2025","TanggalAkhirCovering":"01\/08\/2025","NominalPremi":"30000.00","RemarkPremi":"BRISURF_COV_26687_1000000000000573_01","NomorRekeningGiroPremi":"020601000102311","NamaRekeningGiroPremi":"PT BRI ASURANSI INDONESIA","NominalPertanggungan":"15000000.00","NominalCoverage":"15000000.00","NominalFeeCovering":"4500.00","NominalPajakCovering":"495.00","RemarkFeePremi":"BRISURF_COV_26687_1000000000000573_01","PersentasePertanggungan":"100","PersentaseCoverage":"100","OriginalPremi":"30000.00","DiscountPremi":0,"NominalPremiExtra":0,"NominalPremiBebanNasabah":0,"NominalPremiBebanBRI":0,"Signature":"051a4d51598945b55819c6fcff437c4f"}
2026-06-17 09:52:01.039 DEBUG testcase.CovVal_26687                    - 1: unikKey = data.getValue("ChannelUniqueKeyId", row)
2026-06-17 09:52:01.040 DEBUG testcase.CovVal_26687                    - 2: requestId = currentTimeMillis().toString() + row
2026-06-17 09:52:01.041 DEBUG testcase.CovVal_26687                    - 3: response = sendRequest(findTestObject("API/Posts/CoveringValidation/CovVal_26687", ["ChannelUniqueKeyId":unikKey]))
2026-06-17 09:52:03.853 INFO  c.k.k.core.webservice.common.HarLogger   - HAR: C:\Users\ACER\git\AutoAPI\Reports\20260617_094815\API\Pembukuan\pembukuanAPI\20260617_094815\requests\main\CovVal_26687_73.har
2026-06-17 09:52:03.856 DEBUG testcase.CovVal_26687                    - 4: println("==============================")
==============================
2026-06-17 09:52:03.857 DEBUG testcase.CovVal_26687                    - 5: println("Row                : " + row)
Row                : 74
2026-06-17 09:52:03.858 DEBUG testcase.CovVal_26687                    - 6: println("Channel Unique Key Id     : " + unikKey)
Channel Unique Key Id     : 1000000000000574
2026-06-17 09:52:03.859 DEBUG testcase.CovVal_26687                    - 7: println("HTTP Status        : " + response.getStatusCode())
HTTP Status        : 200
2026-06-17 09:52:03.860 DEBUG testcase.CovVal_26687                    - 8: println("Response Body      : " + response.getResponseBodyContent())
Response Body      : {"ResponseCode":"00","ResponseDescription":"Success","ResponseException":"","FIDJenisPengajuan":"1","JenisPengajuan":"New","UrutanPengajuan":"1","FIDJenisCovering":"1","JenisCovering":"Conditional Automatic Cover","TanggalMulaiCovering":"31\/07\/2025","TanggalAkhirCovering":"01\/08\/2025","NominalPremi":"30000.00","RemarkPremi":"BRISURF_COV_26687_1000000000000574_01","NomorRekeningGiroPremi":"020601000102311","NamaRekeningGiroPremi":"PT BRI ASURANSI INDONESIA","NominalPertanggungan":"15000000.00","NominalCoverage":"15000000.00","NominalFeeCovering":"4500.00","NominalPajakCovering":"495.00","RemarkFeePremi":"BRISURF_COV_26687_1000000000000574_01","PersentasePertanggungan":"100","PersentaseCoverage":"100","OriginalPremi":"30000.00","DiscountPremi":0,"NominalPremiExtra":0,"NominalPremiBebanNasabah":0,"NominalPremiBebanBRI":0,"Signature":"051a4d51598945b55819c6fcff437c4f"}
2026-06-17 09:52:03.861 DEBUG testcase.CovVal_26687                    - 1: unikKey = data.getValue("ChannelUniqueKeyId", row)
2026-06-17 09:52:03.862 DEBUG testcase.CovVal_26687                    - 2: requestId = currentTimeMillis().toString() + row
2026-06-17 09:52:03.863 DEBUG testcase.CovVal_26687                    - 3: response = sendRequest(findTestObject("API/Posts/CoveringValidation/CovVal_26687", ["ChannelUniqueKeyId":unikKey]))
2026-06-17 09:52:06.662 INFO  c.k.k.core.webservice.common.HarLogger   - HAR: C:\Users\ACER\git\AutoAPI\Reports\20260617_094815\API\Pembukuan\pembukuanAPI\20260617_094815\requests\main\CovVal_26687_74.har
2026-06-17 09:52:06.669 DEBUG testcase.CovVal_26687                    - 4: println("==============================")
==============================
2026-06-17 09:52:06.671 DEBUG testcase.CovVal_26687                    - 5: println("Row                : " + row)
Row                : 75
2026-06-17 09:52:06.672 DEBUG testcase.CovVal_26687                    - 6: println("Channel Unique Key Id     : " + unikKey)
Channel Unique Key Id     : 1000000000000575
2026-06-17 09:52:06.674 DEBUG testcase.CovVal_26687                    - 7: println("HTTP Status        : " + response.getStatusCode())
HTTP Status        : 200
2026-06-17 09:52:06.676 DEBUG testcase.CovVal_26687                    - 8: println("Response Body      : " + response.getResponseBodyContent())
Response Body      : {"ResponseCode":"00","ResponseDescription":"Success","ResponseException":"","FIDJenisPengajuan":"1","JenisPengajuan":"New","UrutanPengajuan":"1","FIDJenisCovering":"1","JenisCovering":"Conditional Automatic Cover","TanggalMulaiCovering":"31\/07\/2025","TanggalAkhirCovering":"01\/08\/2025","NominalPremi":"30000.00","RemarkPremi":"BRISURF_COV_26687_1000000000000575_01","NomorRekeningGiroPremi":"020601000102311","NamaRekeningGiroPremi":"PT BRI ASURANSI INDONESIA","NominalPertanggungan":"15000000.00","NominalCoverage":"15000000.00","NominalFeeCovering":"4500.00","NominalPajakCovering":"495.00","RemarkFeePremi":"BRISURF_COV_26687_1000000000000575_01","PersentasePertanggungan":"100","PersentaseCoverage":"100","OriginalPremi":"30000.00","DiscountPremi":0,"NominalPremiExtra":0,"NominalPremiBebanNasabah":0,"NominalPremiBebanBRI":0,"Signature":"051a4d51598945b55819c6fcff437c4f"}
2026-06-17 09:52:06.677 DEBUG testcase.CovVal_26687                    - 1: unikKey = data.getValue("ChannelUniqueKeyId", row)
2026-06-17 09:52:06.679 DEBUG testcase.CovVal_26687                    - 2: requestId = currentTimeMillis().toString() + row
2026-06-17 09:52:06.680 DEBUG testcase.CovVal_26687                    - 3: response = sendRequest(findTestObject("API/Posts/CoveringValidation/CovVal_26687", ["ChannelUniqueKeyId":unikKey]))
2026-06-17 09:52:09.635 INFO  c.k.k.core.webservice.common.HarLogger   - HAR: C:\Users\ACER\git\AutoAPI\Reports\20260617_094815\API\Pembukuan\pembukuanAPI\20260617_094815\requests\main\CovVal_26687_75.har
2026-06-17 09:52:09.638 DEBUG testcase.CovVal_26687                    - 4: println("==============================")
==============================
2026-06-17 09:52:09.639 DEBUG testcase.CovVal_26687                    - 5: println("Row                : " + row)
Row                : 76
2026-06-17 09:52:09.640 DEBUG testcase.CovVal_26687                    - 6: println("Channel Unique Key Id     : " + unikKey)
Channel Unique Key Id     : 1000000000000576
2026-06-17 09:52:09.641 DEBUG testcase.CovVal_26687                    - 7: println("HTTP Status        : " + response.getStatusCode())
HTTP Status        : 200
2026-06-17 09:52:09.642 DEBUG testcase.CovVal_26687                    - 8: println("Response Body      : " + response.getResponseBodyContent())
Response Body      : {"ResponseCode":"00","ResponseDescription":"Success","ResponseException":"","FIDJenisPengajuan":"1","JenisPengajuan":"New","UrutanPengajuan":"1","FIDJenisCovering":"1","JenisCovering":"Conditional Automatic Cover","TanggalMulaiCovering":"31\/07\/2025","TanggalAkhirCovering":"01\/08\/2025","NominalPremi":"30000.00","RemarkPremi":"BRISURF_COV_26687_1000000000000576_01","NomorRekeningGiroPremi":"020601000102311","NamaRekeningGiroPremi":"PT BRI ASURANSI INDONESIA","NominalPertanggungan":"15000000.00","NominalCoverage":"15000000.00","NominalFeeCovering":"4500.00","NominalPajakCovering":"495.00","RemarkFeePremi":"BRISURF_COV_26687_1000000000000576_01","PersentasePertanggungan":"100","PersentaseCoverage":"100","OriginalPremi":"30000.00","DiscountPremi":0,"NominalPremiExtra":0,"NominalPremiBebanNasabah":0,"NominalPremiBebanBRI":0,"Signature":"051a4d51598945b55819c6fcff437c4f"}
2026-06-17 09:52:09.643 DEBUG testcase.CovVal_26687                    - 1: unikKey = data.getValue("ChannelUniqueKeyId", row)
2026-06-17 09:52:09.645 DEBUG testcase.CovVal_26687                    - 2: requestId = currentTimeMillis().toString() + row
2026-06-17 09:52:09.646 DEBUG testcase.CovVal_26687                    - 3: response = sendRequest(findTestObject("API/Posts/CoveringValidation/CovVal_26687", ["ChannelUniqueKeyId":unikKey]))
2026-06-17 09:52:12.462 INFO  c.k.k.core.webservice.common.HarLogger   - HAR: C:\Users\ACER\git\AutoAPI\Reports\20260617_094815\API\Pembukuan\pembukuanAPI\20260617_094815\requests\main\CovVal_26687_76.har
2026-06-17 09:52:12.466 DEBUG testcase.CovVal_26687                    - 4: println("==============================")
==============================
2026-06-17 09:52:12.467 DEBUG testcase.CovVal_26687                    - 5: println("Row                : " + row)
Row                : 77
2026-06-17 09:52:12.468 DEBUG testcase.CovVal_26687                    - 6: println("Channel Unique Key Id     : " + unikKey)
Channel Unique Key Id     : 1000000000000577
2026-06-17 09:52:12.468 DEBUG testcase.CovVal_26687                    - 7: println("HTTP Status        : " + response.getStatusCode())
HTTP Status        : 200
2026-06-17 09:52:12.469 DEBUG testcase.CovVal_26687                    - 8: println("Response Body      : " + response.getResponseBodyContent())
Response Body      : {"ResponseCode":"00","ResponseDescription":"Success","ResponseException":"","FIDJenisPengajuan":"1","JenisPengajuan":"New","UrutanPengajuan":"1","FIDJenisCovering":"1","JenisCovering":"Conditional Automatic Cover","TanggalMulaiCovering":"31\/07\/2025","TanggalAkhirCovering":"01\/08\/2025","NominalPremi":"30000.00","RemarkPremi":"BRISURF_COV_26687_1000000000000577_01","NomorRekeningGiroPremi":"020601000102311","NamaRekeningGiroPremi":"PT BRI ASURANSI INDONESIA","NominalPertanggungan":"15000000.00","NominalCoverage":"15000000.00","NominalFeeCovering":"4500.00","NominalPajakCovering":"495.00","RemarkFeePremi":"BRISURF_COV_26687_1000000000000577_01","PersentasePertanggungan":"100","PersentaseCoverage":"100","OriginalPremi":"30000.00","DiscountPremi":0,"NominalPremiExtra":0,"NominalPremiBebanNasabah":0,"NominalPremiBebanBRI":0,"Signature":"051a4d51598945b55819c6fcff437c4f"}
2026-06-17 09:52:12.470 DEBUG testcase.CovVal_26687                    - 1: unikKey = data.getValue("ChannelUniqueKeyId", row)
2026-06-17 09:52:12.471 DEBUG testcase.CovVal_26687                    - 2: requestId = currentTimeMillis().toString() + row
2026-06-17 09:52:12.472 DEBUG testcase.CovVal_26687                    - 3: response = sendRequest(findTestObject("API/Posts/CoveringValidation/CovVal_26687", ["ChannelUniqueKeyId":unikKey]))
2026-06-17 09:52:15.367 INFO  c.k.k.core.webservice.common.HarLogger   - HAR: C:\Users\ACER\git\AutoAPI\Reports\20260617_094815\API\Pembukuan\pembukuanAPI\20260617_094815\requests\main\CovVal_26687_77.har
2026-06-17 09:52:15.370 DEBUG testcase.CovVal_26687                    - 4: println("==============================")
==============================
2026-06-17 09:52:15.371 DEBUG testcase.CovVal_26687                    - 5: println("Row                : " + row)
Row                : 78
2026-06-17 09:52:15.372 DEBUG testcase.CovVal_26687                    - 6: println("Channel Unique Key Id     : " + unikKey)
Channel Unique Key Id     : 1000000000000578
2026-06-17 09:52:15.373 DEBUG testcase.CovVal_26687                    - 7: println("HTTP Status        : " + response.getStatusCode())
HTTP Status        : 200
2026-06-17 09:52:15.374 DEBUG testcase.CovVal_26687                    - 8: println("Response Body      : " + response.getResponseBodyContent())
Response Body      : {"ResponseCode":"00","ResponseDescription":"Success","ResponseException":"","FIDJenisPengajuan":"1","JenisPengajuan":"New","UrutanPengajuan":"1","FIDJenisCovering":"1","JenisCovering":"Conditional Automatic Cover","TanggalMulaiCovering":"31\/07\/2025","TanggalAkhirCovering":"01\/08\/2025","NominalPremi":"30000.00","RemarkPremi":"BRISURF_COV_26687_1000000000000578_01","NomorRekeningGiroPremi":"020601000102311","NamaRekeningGiroPremi":"PT BRI ASURANSI INDONESIA","NominalPertanggungan":"15000000.00","NominalCoverage":"15000000.00","NominalFeeCovering":"4500.00","NominalPajakCovering":"495.00","RemarkFeePremi":"BRISURF_COV_26687_1000000000000578_01","PersentasePertanggungan":"100","PersentaseCoverage":"100","OriginalPremi":"30000.00","DiscountPremi":0,"NominalPremiExtra":0,"NominalPremiBebanNasabah":0,"NominalPremiBebanBRI":0,"Signature":"051a4d51598945b55819c6fcff437c4f"}
2026-06-17 09:52:15.375 DEBUG testcase.CovVal_26687                    - 1: unikKey = data.getValue("ChannelUniqueKeyId", row)
2026-06-17 09:52:15.376 DEBUG testcase.CovVal_26687                    - 2: requestId = currentTimeMillis().toString() + row
2026-06-17 09:52:15.376 DEBUG testcase.CovVal_26687                    - 3: response = sendRequest(findTestObject("API/Posts/CoveringValidation/CovVal_26687", ["ChannelUniqueKeyId":unikKey]))
2026-06-17 09:52:18.406 INFO  c.k.k.core.webservice.common.HarLogger   - HAR: C:\Users\ACER\git\AutoAPI\Reports\20260617_094815\API\Pembukuan\pembukuanAPI\20260617_094815\requests\main\CovVal_26687_78.har
2026-06-17 09:52:18.408 DEBUG testcase.CovVal_26687                    - 4: println("==============================")
==============================
2026-06-17 09:52:18.409 DEBUG testcase.CovVal_26687                    - 5: println("Row                : " + row)
Row                : 79
2026-06-17 09:52:18.410 DEBUG testcase.CovVal_26687                    - 6: println("Channel Unique Key Id     : " + unikKey)
Channel Unique Key Id     : 1000000000000579
2026-06-17 09:52:18.410 DEBUG testcase.CovVal_26687                    - 7: println("HTTP Status        : " + response.getStatusCode())
HTTP Status        : 200
2026-06-17 09:52:18.413 DEBUG testcase.CovVal_26687                    - 8: println("Response Body      : " + response.getResponseBodyContent())
Response Body      : {"ResponseCode":"00","ResponseDescription":"Success","ResponseException":"","FIDJenisPengajuan":"1","JenisPengajuan":"New","UrutanPengajuan":"1","FIDJenisCovering":"1","JenisCovering":"Conditional Automatic Cover","TanggalMulaiCovering":"31\/07\/2025","TanggalAkhirCovering":"01\/08\/2025","NominalPremi":"30000.00","RemarkPremi":"BRISURF_COV_26687_1000000000000579_01","NomorRekeningGiroPremi":"020601000102311","NamaRekeningGiroPremi":"PT BRI ASURANSI INDONESIA","NominalPertanggungan":"15000000.00","NominalCoverage":"15000000.00","NominalFeeCovering":"4500.00","NominalPajakCovering":"495.00","RemarkFeePremi":"BRISURF_COV_26687_1000000000000579_01","PersentasePertanggungan":"100","PersentaseCoverage":"100","OriginalPremi":"30000.00","DiscountPremi":0,"NominalPremiExtra":0,"NominalPremiBebanNasabah":0,"NominalPremiBebanBRI":0,"Signature":"051a4d51598945b55819c6fcff437c4f"}
2026-06-17 09:52:18.414 DEBUG testcase.CovVal_26687                    - 1: unikKey = data.getValue("ChannelUniqueKeyId", row)
2026-06-17 09:52:18.414 DEBUG testcase.CovVal_26687                    - 2: requestId = currentTimeMillis().toString() + row
2026-06-17 09:52:18.415 DEBUG testcase.CovVal_26687                    - 3: response = sendRequest(findTestObject("API/Posts/CoveringValidation/CovVal_26687", ["ChannelUniqueKeyId":unikKey]))
2026-06-17 09:52:21.527 INFO  c.k.k.core.webservice.common.HarLogger   - HAR: C:\Users\ACER\git\AutoAPI\Reports\20260617_094815\API\Pembukuan\pembukuanAPI\20260617_094815\requests\main\CovVal_26687_79.har
2026-06-17 09:52:21.533 DEBUG testcase.CovVal_26687                    - 4: println("==============================")
==============================
2026-06-17 09:52:21.535 DEBUG testcase.CovVal_26687                    - 5: println("Row                : " + row)
Row                : 80
2026-06-17 09:52:21.537 DEBUG testcase.CovVal_26687                    - 6: println("Channel Unique Key Id     : " + unikKey)
Channel Unique Key Id     : 1000000000000580
2026-06-17 09:52:21.538 DEBUG testcase.CovVal_26687                    - 7: println("HTTP Status        : " + response.getStatusCode())
HTTP Status        : 200
2026-06-17 09:52:21.539 DEBUG testcase.CovVal_26687                    - 8: println("Response Body      : " + response.getResponseBodyContent())
Response Body      : {"ResponseCode":"00","ResponseDescription":"Success","ResponseException":"","FIDJenisPengajuan":"1","JenisPengajuan":"New","UrutanPengajuan":"1","FIDJenisCovering":"1","JenisCovering":"Conditional Automatic Cover","TanggalMulaiCovering":"31\/07\/2025","TanggalAkhirCovering":"01\/08\/2025","NominalPremi":"30000.00","RemarkPremi":"BRISURF_COV_26687_1000000000000580_01","NomorRekeningGiroPremi":"020601000102311","NamaRekeningGiroPremi":"PT BRI ASURANSI INDONESIA","NominalPertanggungan":"15000000.00","NominalCoverage":"15000000.00","NominalFeeCovering":"4500.00","NominalPajakCovering":"495.00","RemarkFeePremi":"BRISURF_COV_26687_1000000000000580_01","PersentasePertanggungan":"100","PersentaseCoverage":"100","OriginalPremi":"30000.00","DiscountPremi":0,"NominalPremiExtra":0,"NominalPremiBebanNasabah":0,"NominalPremiBebanBRI":0,"Signature":"051a4d51598945b55819c6fcff437c4f"}
2026-06-17 09:52:21.541 DEBUG testcase.CovVal_26687                    - 1: unikKey = data.getValue("ChannelUniqueKeyId", row)
2026-06-17 09:52:21.542 DEBUG testcase.CovVal_26687                    - 2: requestId = currentTimeMillis().toString() + row
2026-06-17 09:52:21.543 DEBUG testcase.CovVal_26687                    - 3: response = sendRequest(findTestObject("API/Posts/CoveringValidation/CovVal_26687", ["ChannelUniqueKeyId":unikKey]))
2026-06-17 09:52:24.380 INFO  c.k.k.core.webservice.common.HarLogger   - HAR: C:\Users\ACER\git\AutoAPI\Reports\20260617_094815\API\Pembukuan\pembukuanAPI\20260617_094815\requests\main\CovVal_26687_80.har
2026-06-17 09:52:24.383 DEBUG testcase.CovVal_26687                    - 4: println("==============================")
==============================
2026-06-17 09:52:24.384 DEBUG testcase.CovVal_26687                    - 5: println("Row                : " + row)
Row                : 81
2026-06-17 09:52:24.385 DEBUG testcase.CovVal_26687                    - 6: println("Channel Unique Key Id     : " + unikKey)
Channel Unique Key Id     : 1000000000000581
2026-06-17 09:52:24.386 DEBUG testcase.CovVal_26687                    - 7: println("HTTP Status        : " + response.getStatusCode())
HTTP Status        : 200
2026-06-17 09:52:24.387 DEBUG testcase.CovVal_26687                    - 8: println("Response Body      : " + response.getResponseBodyContent())
Response Body      : {"ResponseCode":"00","ResponseDescription":"Success","ResponseException":"","FIDJenisPengajuan":"1","JenisPengajuan":"New","UrutanPengajuan":"1","FIDJenisCovering":"1","JenisCovering":"Conditional Automatic Cover","TanggalMulaiCovering":"31\/07\/2025","TanggalAkhirCovering":"01\/08\/2025","NominalPremi":"30000.00","RemarkPremi":"BRISURF_COV_26687_1000000000000581_01","NomorRekeningGiroPremi":"020601000102311","NamaRekeningGiroPremi":"PT BRI ASURANSI INDONESIA","NominalPertanggungan":"15000000.00","NominalCoverage":"15000000.00","NominalFeeCovering":"4500.00","NominalPajakCovering":"495.00","RemarkFeePremi":"BRISURF_COV_26687_1000000000000581_01","PersentasePertanggungan":"100","PersentaseCoverage":"100","OriginalPremi":"30000.00","DiscountPremi":0,"NominalPremiExtra":0,"NominalPremiBebanNasabah":0,"NominalPremiBebanBRI":0,"Signature":"051a4d51598945b55819c6fcff437c4f"}
2026-06-17 09:52:24.387 DEBUG testcase.CovVal_26687                    - 1: unikKey = data.getValue("ChannelUniqueKeyId", row)
2026-06-17 09:52:24.388 DEBUG testcase.CovVal_26687                    - 2: requestId = currentTimeMillis().toString() + row
2026-06-17 09:52:24.389 DEBUG testcase.CovVal_26687                    - 3: response = sendRequest(findTestObject("API/Posts/CoveringValidation/CovVal_26687", ["ChannelUniqueKeyId":unikKey]))
2026-06-17 09:52:27.246 INFO  c.k.k.core.webservice.common.HarLogger   - HAR: C:\Users\ACER\git\AutoAPI\Reports\20260617_094815\API\Pembukuan\pembukuanAPI\20260617_094815\requests\main\CovVal_26687_81.har
2026-06-17 09:52:27.249 DEBUG testcase.CovVal_26687                    - 4: println("==============================")
==============================
2026-06-17 09:52:27.250 DEBUG testcase.CovVal_26687                    - 5: println("Row                : " + row)
Row                : 82
2026-06-17 09:52:27.251 DEBUG testcase.CovVal_26687                    - 6: println("Channel Unique Key Id     : " + unikKey)
Channel Unique Key Id     : 1000000000000582
2026-06-17 09:52:27.252 DEBUG testcase.CovVal_26687                    - 7: println("HTTP Status        : " + response.getStatusCode())
HTTP Status        : 200
2026-06-17 09:52:27.253 DEBUG testcase.CovVal_26687                    - 8: println("Response Body      : " + response.getResponseBodyContent())
Response Body      : {"ResponseCode":"00","ResponseDescription":"Success","ResponseException":"","FIDJenisPengajuan":"1","JenisPengajuan":"New","UrutanPengajuan":"1","FIDJenisCovering":"1","JenisCovering":"Conditional Automatic Cover","TanggalMulaiCovering":"31\/07\/2025","TanggalAkhirCovering":"01\/08\/2025","NominalPremi":"30000.00","RemarkPremi":"BRISURF_COV_26687_1000000000000582_01","NomorRekeningGiroPremi":"020601000102311","NamaRekeningGiroPremi":"PT BRI ASURANSI INDONESIA","NominalPertanggungan":"15000000.00","NominalCoverage":"15000000.00","NominalFeeCovering":"4500.00","NominalPajakCovering":"495.00","RemarkFeePremi":"BRISURF_COV_26687_1000000000000582_01","PersentasePertanggungan":"100","PersentaseCoverage":"100","OriginalPremi":"30000.00","DiscountPremi":0,"NominalPremiExtra":0,"NominalPremiBebanNasabah":0,"NominalPremiBebanBRI":0,"Signature":"051a4d51598945b55819c6fcff437c4f"}
2026-06-17 09:52:27.253 DEBUG testcase.CovVal_26687                    - 1: unikKey = data.getValue("ChannelUniqueKeyId", row)
2026-06-17 09:52:27.254 DEBUG testcase.CovVal_26687                    - 2: requestId = currentTimeMillis().toString() + row
2026-06-17 09:52:27.255 DEBUG testcase.CovVal_26687                    - 3: response = sendRequest(findTestObject("API/Posts/CoveringValidation/CovVal_26687", ["ChannelUniqueKeyId":unikKey]))
2026-06-17 09:52:30.111 INFO  c.k.k.core.webservice.common.HarLogger   - HAR: C:\Users\ACER\git\AutoAPI\Reports\20260617_094815\API\Pembukuan\pembukuanAPI\20260617_094815\requests\main\CovVal_26687_82.har
2026-06-17 09:52:30.113 DEBUG testcase.CovVal_26687                    - 4: println("==============================")
==============================
2026-06-17 09:52:30.114 DEBUG testcase.CovVal_26687                    - 5: println("Row                : " + row)
Row                : 83
2026-06-17 09:52:30.114 DEBUG testcase.CovVal_26687                    - 6: println("Channel Unique Key Id     : " + unikKey)
Channel Unique Key Id     : 1000000000000583
2026-06-17 09:52:30.115 DEBUG testcase.CovVal_26687                    - 7: println("HTTP Status        : " + response.getStatusCode())
HTTP Status        : 200
2026-06-17 09:52:30.116 DEBUG testcase.CovVal_26687                    - 8: println("Response Body      : " + response.getResponseBodyContent())
Response Body      : {"ResponseCode":"00","ResponseDescription":"Success","ResponseException":"","FIDJenisPengajuan":"1","JenisPengajuan":"New","UrutanPengajuan":"1","FIDJenisCovering":"1","JenisCovering":"Conditional Automatic Cover","TanggalMulaiCovering":"31\/07\/2025","TanggalAkhirCovering":"01\/08\/2025","NominalPremi":"30000.00","RemarkPremi":"BRISURF_COV_26687_1000000000000583_01","NomorRekeningGiroPremi":"020601000102311","NamaRekeningGiroPremi":"PT BRI ASURANSI INDONESIA","NominalPertanggungan":"15000000.00","NominalCoverage":"15000000.00","NominalFeeCovering":"4500.00","NominalPajakCovering":"495.00","RemarkFeePremi":"BRISURF_COV_26687_1000000000000583_01","PersentasePertanggungan":"100","PersentaseCoverage":"100","OriginalPremi":"30000.00","DiscountPremi":0,"NominalPremiExtra":0,"NominalPremiBebanNasabah":0,"NominalPremiBebanBRI":0,"Signature":"051a4d51598945b55819c6fcff437c4f"}
2026-06-17 09:52:30.117 DEBUG testcase.CovVal_26687                    - 1: unikKey = data.getValue("ChannelUniqueKeyId", row)
2026-06-17 09:52:30.117 DEBUG testcase.CovVal_26687                    - 2: requestId = currentTimeMillis().toString() + row
2026-06-17 09:52:30.118 DEBUG testcase.CovVal_26687                    - 3: response = sendRequest(findTestObject("API/Posts/CoveringValidation/CovVal_26687", ["ChannelUniqueKeyId":unikKey]))
2026-06-17 09:52:33.182 INFO  c.k.k.core.webservice.common.HarLogger   - HAR: C:\Users\ACER\git\AutoAPI\Reports\20260617_094815\API\Pembukuan\pembukuanAPI\20260617_094815\requests\main\CovVal_26687_83.har
2026-06-17 09:52:33.185 DEBUG testcase.CovVal_26687                    - 4: println("==============================")
==============================
2026-06-17 09:52:33.186 DEBUG testcase.CovVal_26687                    - 5: println("Row                : " + row)
Row                : 84
2026-06-17 09:52:33.187 DEBUG testcase.CovVal_26687                    - 6: println("Channel Unique Key Id     : " + unikKey)
Channel Unique Key Id     : 1000000000000584
2026-06-17 09:52:33.187 DEBUG testcase.CovVal_26687                    - 7: println("HTTP Status        : " + response.getStatusCode())
HTTP Status        : 200
2026-06-17 09:52:33.188 DEBUG testcase.CovVal_26687                    - 8: println("Response Body      : " + response.getResponseBodyContent())
Response Body      : {"ResponseCode":"00","ResponseDescription":"Success","ResponseException":"","FIDJenisPengajuan":"1","JenisPengajuan":"New","UrutanPengajuan":"1","FIDJenisCovering":"1","JenisCovering":"Conditional Automatic Cover","TanggalMulaiCovering":"31\/07\/2025","TanggalAkhirCovering":"01\/08\/2025","NominalPremi":"30000.00","RemarkPremi":"BRISURF_COV_26687_1000000000000584_01","NomorRekeningGiroPremi":"020601000102311","NamaRekeningGiroPremi":"PT BRI ASURANSI INDONESIA","NominalPertanggungan":"15000000.00","NominalCoverage":"15000000.00","NominalFeeCovering":"4500.00","NominalPajakCovering":"495.00","RemarkFeePremi":"BRISURF_COV_26687_1000000000000584_01","PersentasePertanggungan":"100","PersentaseCoverage":"100","OriginalPremi":"30000.00","DiscountPremi":0,"NominalPremiExtra":0,"NominalPremiBebanNasabah":0,"NominalPremiBebanBRI":0,"Signature":"051a4d51598945b55819c6fcff437c4f"}
2026-06-17 09:52:33.189 DEBUG testcase.CovVal_26687                    - 1: unikKey = data.getValue("ChannelUniqueKeyId", row)
2026-06-17 09:52:33.189 DEBUG testcase.CovVal_26687                    - 2: requestId = currentTimeMillis().toString() + row
2026-06-17 09:52:33.190 DEBUG testcase.CovVal_26687                    - 3: response = sendRequest(findTestObject("API/Posts/CoveringValidation/CovVal_26687", ["ChannelUniqueKeyId":unikKey]))
2026-06-17 09:52:36.050 INFO  c.k.k.core.webservice.common.HarLogger   - HAR: C:\Users\ACER\git\AutoAPI\Reports\20260617_094815\API\Pembukuan\pembukuanAPI\20260617_094815\requests\main\CovVal_26687_84.har
2026-06-17 09:52:36.053 DEBUG testcase.CovVal_26687                    - 4: println("==============================")
==============================
2026-06-17 09:52:36.055 DEBUG testcase.CovVal_26687                    - 5: println("Row                : " + row)
Row                : 85
2026-06-17 09:52:36.055 DEBUG testcase.CovVal_26687                    - 6: println("Channel Unique Key Id     : " + unikKey)
Channel Unique Key Id     : 1000000000000585
2026-06-17 09:52:36.059 DEBUG testcase.CovVal_26687                    - 7: println("HTTP Status        : " + response.getStatusCode())
HTTP Status        : 200
2026-06-17 09:52:36.060 DEBUG testcase.CovVal_26687                    - 8: println("Response Body      : " + response.getResponseBodyContent())
Response Body      : {"ResponseCode":"00","ResponseDescription":"Success","ResponseException":"","FIDJenisPengajuan":"1","JenisPengajuan":"New","UrutanPengajuan":"1","FIDJenisCovering":"1","JenisCovering":"Conditional Automatic Cover","TanggalMulaiCovering":"31\/07\/2025","TanggalAkhirCovering":"01\/08\/2025","NominalPremi":"30000.00","RemarkPremi":"BRISURF_COV_26687_1000000000000585_01","NomorRekeningGiroPremi":"020601000102311","NamaRekeningGiroPremi":"PT BRI ASURANSI INDONESIA","NominalPertanggungan":"15000000.00","NominalCoverage":"15000000.00","NominalFeeCovering":"4500.00","NominalPajakCovering":"495.00","RemarkFeePremi":"BRISURF_COV_26687_1000000000000585_01","PersentasePertanggungan":"100","PersentaseCoverage":"100","OriginalPremi":"30000.00","DiscountPremi":0,"NominalPremiExtra":0,"NominalPremiBebanNasabah":0,"NominalPremiBebanBRI":0,"Signature":"051a4d51598945b55819c6fcff437c4f"}
2026-06-17 09:52:36.061 DEBUG testcase.CovVal_26687                    - 1: unikKey = data.getValue("ChannelUniqueKeyId", row)
2026-06-17 09:52:36.061 DEBUG testcase.CovVal_26687                    - 2: requestId = currentTimeMillis().toString() + row
2026-06-17 09:52:36.062 DEBUG testcase.CovVal_26687                    - 3: response = sendRequest(findTestObject("API/Posts/CoveringValidation/CovVal_26687", ["ChannelUniqueKeyId":unikKey]))
2026-06-17 09:52:38.919 INFO  c.k.k.core.webservice.common.HarLogger   - HAR: C:\Users\ACER\git\AutoAPI\Reports\20260617_094815\API\Pembukuan\pembukuanAPI\20260617_094815\requests\main\CovVal_26687_85.har
2026-06-17 09:52:38.925 DEBUG testcase.CovVal_26687                    - 4: println("==============================")
==============================
2026-06-17 09:52:38.926 DEBUG testcase.CovVal_26687                    - 5: println("Row                : " + row)
Row                : 86
2026-06-17 09:52:38.927 DEBUG testcase.CovVal_26687                    - 6: println("Channel Unique Key Id     : " + unikKey)
Channel Unique Key Id     : 1000000000000586
2026-06-17 09:52:38.928 DEBUG testcase.CovVal_26687                    - 7: println("HTTP Status        : " + response.getStatusCode())
HTTP Status        : 200
2026-06-17 09:52:38.929 DEBUG testcase.CovVal_26687                    - 8: println("Response Body      : " + response.getResponseBodyContent())
Response Body      : {"ResponseCode":"00","ResponseDescription":"Success","ResponseException":"","FIDJenisPengajuan":"1","JenisPengajuan":"New","UrutanPengajuan":"1","FIDJenisCovering":"1","JenisCovering":"Conditional Automatic Cover","TanggalMulaiCovering":"31\/07\/2025","TanggalAkhirCovering":"01\/08\/2025","NominalPremi":"30000.00","RemarkPremi":"BRISURF_COV_26687_1000000000000586_01","NomorRekeningGiroPremi":"020601000102311","NamaRekeningGiroPremi":"PT BRI ASURANSI INDONESIA","NominalPertanggungan":"15000000.00","NominalCoverage":"15000000.00","NominalFeeCovering":"4500.00","NominalPajakCovering":"495.00","RemarkFeePremi":"BRISURF_COV_26687_1000000000000586_01","PersentasePertanggungan":"100","PersentaseCoverage":"100","OriginalPremi":"30000.00","DiscountPremi":0,"NominalPremiExtra":0,"NominalPremiBebanNasabah":0,"NominalPremiBebanBRI":0,"Signature":"051a4d51598945b55819c6fcff437c4f"}
2026-06-17 09:52:38.929 DEBUG testcase.CovVal_26687                    - 1: unikKey = data.getValue("ChannelUniqueKeyId", row)
2026-06-17 09:52:38.930 DEBUG testcase.CovVal_26687                    - 2: requestId = currentTimeMillis().toString() + row
2026-06-17 09:52:38.931 DEBUG testcase.CovVal_26687                    - 3: response = sendRequest(findTestObject("API/Posts/CoveringValidation/CovVal_26687", ["ChannelUniqueKeyId":unikKey]))
2026-06-17 09:52:41.887 INFO  c.k.k.core.webservice.common.HarLogger   - HAR: C:\Users\ACER\git\AutoAPI\Reports\20260617_094815\API\Pembukuan\pembukuanAPI\20260617_094815\requests\main\CovVal_26687_86.har
2026-06-17 09:52:41.891 DEBUG testcase.CovVal_26687                    - 4: println("==============================")
==============================
2026-06-17 09:52:41.892 DEBUG testcase.CovVal_26687                    - 5: println("Row                : " + row)
Row                : 87
2026-06-17 09:52:41.892 DEBUG testcase.CovVal_26687                    - 6: println("Channel Unique Key Id     : " + unikKey)
Channel Unique Key Id     : 1000000000000587
2026-06-17 09:52:41.893 DEBUG testcase.CovVal_26687                    - 7: println("HTTP Status        : " + response.getStatusCode())
HTTP Status        : 200
2026-06-17 09:52:41.894 DEBUG testcase.CovVal_26687                    - 8: println("Response Body      : " + response.getResponseBodyContent())
Response Body      : {"ResponseCode":"00","ResponseDescription":"Success","ResponseException":"","FIDJenisPengajuan":"1","JenisPengajuan":"New","UrutanPengajuan":"1","FIDJenisCovering":"1","JenisCovering":"Conditional Automatic Cover","TanggalMulaiCovering":"31\/07\/2025","TanggalAkhirCovering":"01\/08\/2025","NominalPremi":"30000.00","RemarkPremi":"BRISURF_COV_26687_1000000000000587_01","NomorRekeningGiroPremi":"020601000102311","NamaRekeningGiroPremi":"PT BRI ASURANSI INDONESIA","NominalPertanggungan":"15000000.00","NominalCoverage":"15000000.00","NominalFeeCovering":"4500.00","NominalPajakCovering":"495.00","RemarkFeePremi":"BRISURF_COV_26687_1000000000000587_01","PersentasePertanggungan":"100","PersentaseCoverage":"100","OriginalPremi":"30000.00","DiscountPremi":0,"NominalPremiExtra":0,"NominalPremiBebanNasabah":0,"NominalPremiBebanBRI":0,"Signature":"051a4d51598945b55819c6fcff437c4f"}
2026-06-17 09:52:41.895 DEBUG testcase.CovVal_26687                    - 1: unikKey = data.getValue("ChannelUniqueKeyId", row)
2026-06-17 09:52:41.896 DEBUG testcase.CovVal_26687                    - 2: requestId = currentTimeMillis().toString() + row
2026-06-17 09:52:41.896 DEBUG testcase.CovVal_26687                    - 3: response = sendRequest(findTestObject("API/Posts/CoveringValidation/CovVal_26687", ["ChannelUniqueKeyId":unikKey]))
2026-06-17 09:52:44.857 INFO  c.k.k.core.webservice.common.HarLogger   - HAR: C:\Users\ACER\git\AutoAPI\Reports\20260617_094815\API\Pembukuan\pembukuanAPI\20260617_094815\requests\main\CovVal_26687_87.har
2026-06-17 09:52:44.859 DEBUG testcase.CovVal_26687                    - 4: println("==============================")
==============================
2026-06-17 09:52:44.860 DEBUG testcase.CovVal_26687                    - 5: println("Row                : " + row)
Row                : 88
2026-06-17 09:52:44.861 DEBUG testcase.CovVal_26687                    - 6: println("Channel Unique Key Id     : " + unikKey)
Channel Unique Key Id     : 1000000000000588
2026-06-17 09:52:44.861 DEBUG testcase.CovVal_26687                    - 7: println("HTTP Status        : " + response.getStatusCode())
HTTP Status        : 200
2026-06-17 09:52:44.862 DEBUG testcase.CovVal_26687                    - 8: println("Response Body      : " + response.getResponseBodyContent())
Response Body      : {"ResponseCode":"00","ResponseDescription":"Success","ResponseException":"","FIDJenisPengajuan":"1","JenisPengajuan":"New","UrutanPengajuan":"1","FIDJenisCovering":"1","JenisCovering":"Conditional Automatic Cover","TanggalMulaiCovering":"31\/07\/2025","TanggalAkhirCovering":"01\/08\/2025","NominalPremi":"30000.00","RemarkPremi":"BRISURF_COV_26687_1000000000000588_01","NomorRekeningGiroPremi":"020601000102311","NamaRekeningGiroPremi":"PT BRI ASURANSI INDONESIA","NominalPertanggungan":"15000000.00","NominalCoverage":"15000000.00","NominalFeeCovering":"4500.00","NominalPajakCovering":"495.00","RemarkFeePremi":"BRISURF_COV_26687_1000000000000588_01","PersentasePertanggungan":"100","PersentaseCoverage":"100","OriginalPremi":"30000.00","DiscountPremi":0,"NominalPremiExtra":0,"NominalPremiBebanNasabah":0,"NominalPremiBebanBRI":0,"Signature":"051a4d51598945b55819c6fcff437c4f"}
2026-06-17 09:52:44.863 DEBUG testcase.CovVal_26687                    - 1: unikKey = data.getValue("ChannelUniqueKeyId", row)
2026-06-17 09:52:44.864 DEBUG testcase.CovVal_26687                    - 2: requestId = currentTimeMillis().toString() + row
2026-06-17 09:52:44.864 DEBUG testcase.CovVal_26687                    - 3: response = sendRequest(findTestObject("API/Posts/CoveringValidation/CovVal_26687", ["ChannelUniqueKeyId":unikKey]))
2026-06-17 09:52:47.723 INFO  c.k.k.core.webservice.common.HarLogger   - HAR: C:\Users\ACER\git\AutoAPI\Reports\20260617_094815\API\Pembukuan\pembukuanAPI\20260617_094815\requests\main\CovVal_26687_88.har
2026-06-17 09:52:47.726 DEBUG testcase.CovVal_26687                    - 4: println("==============================")
==============================
2026-06-17 09:52:47.727 DEBUG testcase.CovVal_26687                    - 5: println("Row                : " + row)
Row                : 89
2026-06-17 09:52:47.727 DEBUG testcase.CovVal_26687                    - 6: println("Channel Unique Key Id     : " + unikKey)
Channel Unique Key Id     : 1000000000000589
2026-06-17 09:52:47.728 DEBUG testcase.CovVal_26687                    - 7: println("HTTP Status        : " + response.getStatusCode())
HTTP Status        : 200
2026-06-17 09:52:47.729 DEBUG testcase.CovVal_26687                    - 8: println("Response Body      : " + response.getResponseBodyContent())
Response Body      : {"ResponseCode":"00","ResponseDescription":"Success","ResponseException":"","FIDJenisPengajuan":"1","JenisPengajuan":"New","UrutanPengajuan":"1","FIDJenisCovering":"1","JenisCovering":"Conditional Automatic Cover","TanggalMulaiCovering":"31\/07\/2025","TanggalAkhirCovering":"01\/08\/2025","NominalPremi":"30000.00","RemarkPremi":"BRISURF_COV_26687_1000000000000589_01","NomorRekeningGiroPremi":"020601000102311","NamaRekeningGiroPremi":"PT BRI ASURANSI INDONESIA","NominalPertanggungan":"15000000.00","NominalCoverage":"15000000.00","NominalFeeCovering":"4500.00","NominalPajakCovering":"495.00","RemarkFeePremi":"BRISURF_COV_26687_1000000000000589_01","PersentasePertanggungan":"100","PersentaseCoverage":"100","OriginalPremi":"30000.00","DiscountPremi":0,"NominalPremiExtra":0,"NominalPremiBebanNasabah":0,"NominalPremiBebanBRI":0,"Signature":"051a4d51598945b55819c6fcff437c4f"}
2026-06-17 09:52:47.730 DEBUG testcase.CovVal_26687                    - 1: unikKey = data.getValue("ChannelUniqueKeyId", row)
2026-06-17 09:52:47.730 DEBUG testcase.CovVal_26687                    - 2: requestId = currentTimeMillis().toString() + row
2026-06-17 09:52:47.731 DEBUG testcase.CovVal_26687                    - 3: response = sendRequest(findTestObject("API/Posts/CoveringValidation/CovVal_26687", ["ChannelUniqueKeyId":unikKey]))
2026-06-17 09:52:50.591 INFO  c.k.k.core.webservice.common.HarLogger   - HAR: C:\Users\ACER\git\AutoAPI\Reports\20260617_094815\API\Pembukuan\pembukuanAPI\20260617_094815\requests\main\CovVal_26687_89.har
2026-06-17 09:52:50.593 DEBUG testcase.CovVal_26687                    - 4: println("==============================")
==============================
2026-06-17 09:52:50.594 DEBUG testcase.CovVal_26687                    - 5: println("Row                : " + row)
Row                : 90
2026-06-17 09:52:50.594 DEBUG testcase.CovVal_26687                    - 6: println("Channel Unique Key Id     : " + unikKey)
Channel Unique Key Id     : 1000000000000590
2026-06-17 09:52:50.595 DEBUG testcase.CovVal_26687                    - 7: println("HTTP Status        : " + response.getStatusCode())
HTTP Status        : 200
2026-06-17 09:52:50.595 DEBUG testcase.CovVal_26687                    - 8: println("Response Body      : " + response.getResponseBodyContent())
Response Body      : {"ResponseCode":"00","ResponseDescription":"Success","ResponseException":"","FIDJenisPengajuan":"1","JenisPengajuan":"New","UrutanPengajuan":"1","FIDJenisCovering":"1","JenisCovering":"Conditional Automatic Cover","TanggalMulaiCovering":"31\/07\/2025","TanggalAkhirCovering":"01\/08\/2025","NominalPremi":"30000.00","RemarkPremi":"BRISURF_COV_26687_1000000000000590_01","NomorRekeningGiroPremi":"020601000102311","NamaRekeningGiroPremi":"PT BRI ASURANSI INDONESIA","NominalPertanggungan":"15000000.00","NominalCoverage":"15000000.00","NominalFeeCovering":"4500.00","NominalPajakCovering":"495.00","RemarkFeePremi":"BRISURF_COV_26687_1000000000000590_01","PersentasePertanggungan":"100","PersentaseCoverage":"100","OriginalPremi":"30000.00","DiscountPremi":0,"NominalPremiExtra":0,"NominalPremiBebanNasabah":0,"NominalPremiBebanBRI":0,"Signature":"051a4d51598945b55819c6fcff437c4f"}
2026-06-17 09:52:50.596 DEBUG testcase.CovVal_26687                    - 1: unikKey = data.getValue("ChannelUniqueKeyId", row)
2026-06-17 09:52:50.597 DEBUG testcase.CovVal_26687                    - 2: requestId = currentTimeMillis().toString() + row
2026-06-17 09:52:50.598 DEBUG testcase.CovVal_26687                    - 3: response = sendRequest(findTestObject("API/Posts/CoveringValidation/CovVal_26687", ["ChannelUniqueKeyId":unikKey]))
2026-06-17 09:52:53.457 INFO  c.k.k.core.webservice.common.HarLogger   - HAR: C:\Users\ACER\git\AutoAPI\Reports\20260617_094815\API\Pembukuan\pembukuanAPI\20260617_094815\requests\main\CovVal_26687_90.har
2026-06-17 09:52:53.459 DEBUG testcase.CovVal_26687                    - 4: println("==============================")
==============================
2026-06-17 09:52:53.460 DEBUG testcase.CovVal_26687                    - 5: println("Row                : " + row)
Row                : 91
2026-06-17 09:52:53.461 DEBUG testcase.CovVal_26687                    - 6: println("Channel Unique Key Id     : " + unikKey)
Channel Unique Key Id     : 1000000000000591
2026-06-17 09:52:53.461 DEBUG testcase.CovVal_26687                    - 7: println("HTTP Status        : " + response.getStatusCode())
HTTP Status        : 200
2026-06-17 09:52:53.462 DEBUG testcase.CovVal_26687                    - 8: println("Response Body      : " + response.getResponseBodyContent())
Response Body      : {"ResponseCode":"00","ResponseDescription":"Success","ResponseException":"","FIDJenisPengajuan":"1","JenisPengajuan":"New","UrutanPengajuan":"1","FIDJenisCovering":"1","JenisCovering":"Conditional Automatic Cover","TanggalMulaiCovering":"31\/07\/2025","TanggalAkhirCovering":"01\/08\/2025","NominalPremi":"30000.00","RemarkPremi":"BRISURF_COV_26687_1000000000000591_01","NomorRekeningGiroPremi":"020601000102311","NamaRekeningGiroPremi":"PT BRI ASURANSI INDONESIA","NominalPertanggungan":"15000000.00","NominalCoverage":"15000000.00","NominalFeeCovering":"4500.00","NominalPajakCovering":"495.00","RemarkFeePremi":"BRISURF_COV_26687_1000000000000591_01","PersentasePertanggungan":"100","PersentaseCoverage":"100","OriginalPremi":"30000.00","DiscountPremi":0,"NominalPremiExtra":0,"NominalPremiBebanNasabah":0,"NominalPremiBebanBRI":0,"Signature":"051a4d51598945b55819c6fcff437c4f"}
2026-06-17 09:52:53.463 DEBUG testcase.CovVal_26687                    - 1: unikKey = data.getValue("ChannelUniqueKeyId", row)
2026-06-17 09:52:53.463 DEBUG testcase.CovVal_26687                    - 2: requestId = currentTimeMillis().toString() + row
2026-06-17 09:52:53.464 DEBUG testcase.CovVal_26687                    - 3: response = sendRequest(findTestObject("API/Posts/CoveringValidation/CovVal_26687", ["ChannelUniqueKeyId":unikKey]))
2026-06-17 09:52:56.325 INFO  c.k.k.core.webservice.common.HarLogger   - HAR: C:\Users\ACER\git\AutoAPI\Reports\20260617_094815\API\Pembukuan\pembukuanAPI\20260617_094815\requests\main\CovVal_26687_91.har
2026-06-17 09:52:56.328 DEBUG testcase.CovVal_26687                    - 4: println("==============================")
==============================
2026-06-17 09:52:56.329 DEBUG testcase.CovVal_26687                    - 5: println("Row                : " + row)
Row                : 92
2026-06-17 09:52:56.329 DEBUG testcase.CovVal_26687                    - 6: println("Channel Unique Key Id     : " + unikKey)
Channel Unique Key Id     : 1000000000000592
2026-06-17 09:52:56.330 DEBUG testcase.CovVal_26687                    - 7: println("HTTP Status        : " + response.getStatusCode())
HTTP Status        : 200
2026-06-17 09:52:56.330 DEBUG testcase.CovVal_26687                    - 8: println("Response Body      : " + response.getResponseBodyContent())
Response Body      : {"ResponseCode":"00","ResponseDescription":"Success","ResponseException":"","FIDJenisPengajuan":"1","JenisPengajuan":"New","UrutanPengajuan":"1","FIDJenisCovering":"1","JenisCovering":"Conditional Automatic Cover","TanggalMulaiCovering":"31\/07\/2025","TanggalAkhirCovering":"01\/08\/2025","NominalPremi":"30000.00","RemarkPremi":"BRISURF_COV_26687_1000000000000592_01","NomorRekeningGiroPremi":"020601000102311","NamaRekeningGiroPremi":"PT BRI ASURANSI INDONESIA","NominalPertanggungan":"15000000.00","NominalCoverage":"15000000.00","NominalFeeCovering":"4500.00","NominalPajakCovering":"495.00","RemarkFeePremi":"BRISURF_COV_26687_1000000000000592_01","PersentasePertanggungan":"100","PersentaseCoverage":"100","OriginalPremi":"30000.00","DiscountPremi":0,"NominalPremiExtra":0,"NominalPremiBebanNasabah":0,"NominalPremiBebanBRI":0,"Signature":"051a4d51598945b55819c6fcff437c4f"}
2026-06-17 09:52:56.331 DEBUG testcase.CovVal_26687                    - 1: unikKey = data.getValue("ChannelUniqueKeyId", row)
2026-06-17 09:52:56.332 DEBUG testcase.CovVal_26687                    - 2: requestId = currentTimeMillis().toString() + row
2026-06-17 09:52:56.333 DEBUG testcase.CovVal_26687                    - 3: response = sendRequest(findTestObject("API/Posts/CoveringValidation/CovVal_26687", ["ChannelUniqueKeyId":unikKey]))
2026-06-17 09:52:59.193 INFO  c.k.k.core.webservice.common.HarLogger   - HAR: C:\Users\ACER\git\AutoAPI\Reports\20260617_094815\API\Pembukuan\pembukuanAPI\20260617_094815\requests\main\CovVal_26687_92.har
2026-06-17 09:52:59.196 DEBUG testcase.CovVal_26687                    - 4: println("==============================")
==============================
2026-06-17 09:52:59.197 DEBUG testcase.CovVal_26687                    - 5: println("Row                : " + row)
Row                : 93
2026-06-17 09:52:59.198 DEBUG testcase.CovVal_26687                    - 6: println("Channel Unique Key Id     : " + unikKey)
Channel Unique Key Id     : 1000000000000593
2026-06-17 09:52:59.198 DEBUG testcase.CovVal_26687                    - 7: println("HTTP Status        : " + response.getStatusCode())
HTTP Status        : 200
2026-06-17 09:52:59.199 DEBUG testcase.CovVal_26687                    - 8: println("Response Body      : " + response.getResponseBodyContent())
Response Body      : {"ResponseCode":"00","ResponseDescription":"Success","ResponseException":"","FIDJenisPengajuan":"1","JenisPengajuan":"New","UrutanPengajuan":"1","FIDJenisCovering":"1","JenisCovering":"Conditional Automatic Cover","TanggalMulaiCovering":"31\/07\/2025","TanggalAkhirCovering":"01\/08\/2025","NominalPremi":"30000.00","RemarkPremi":"BRISURF_COV_26687_1000000000000593_01","NomorRekeningGiroPremi":"020601000102311","NamaRekeningGiroPremi":"PT BRI ASURANSI INDONESIA","NominalPertanggungan":"15000000.00","NominalCoverage":"15000000.00","NominalFeeCovering":"4500.00","NominalPajakCovering":"495.00","RemarkFeePremi":"BRISURF_COV_26687_1000000000000593_01","PersentasePertanggungan":"100","PersentaseCoverage":"100","OriginalPremi":"30000.00","DiscountPremi":0,"NominalPremiExtra":0,"NominalPremiBebanNasabah":0,"NominalPremiBebanBRI":0,"Signature":"051a4d51598945b55819c6fcff437c4f"}
2026-06-17 09:52:59.200 DEBUG testcase.CovVal_26687                    - 1: unikKey = data.getValue("ChannelUniqueKeyId", row)
2026-06-17 09:52:59.204 DEBUG testcase.CovVal_26687                    - 2: requestId = currentTimeMillis().toString() + row
2026-06-17 09:52:59.205 DEBUG testcase.CovVal_26687                    - 3: response = sendRequest(findTestObject("API/Posts/CoveringValidation/CovVal_26687", ["ChannelUniqueKeyId":unikKey]))
2026-06-17 09:53:02.162 INFO  c.k.k.core.webservice.common.HarLogger   - HAR: C:\Users\ACER\git\AutoAPI\Reports\20260617_094815\API\Pembukuan\pembukuanAPI\20260617_094815\requests\main\CovVal_26687_93.har
2026-06-17 09:53:02.165 DEBUG testcase.CovVal_26687                    - 4: println("==============================")
==============================
2026-06-17 09:53:02.168 DEBUG testcase.CovVal_26687                    - 5: println("Row                : " + row)
Row                : 94
2026-06-17 09:53:02.169 DEBUG testcase.CovVal_26687                    - 6: println("Channel Unique Key Id     : " + unikKey)
Channel Unique Key Id     : 1000000000000594
2026-06-17 09:53:02.170 DEBUG testcase.CovVal_26687                    - 7: println("HTTP Status        : " + response.getStatusCode())
HTTP Status        : 200
2026-06-17 09:53:02.171 DEBUG testcase.CovVal_26687                    - 8: println("Response Body      : " + response.getResponseBodyContent())
Response Body      : {"ResponseCode":"00","ResponseDescription":"Success","ResponseException":"","FIDJenisPengajuan":"1","JenisPengajuan":"New","UrutanPengajuan":"1","FIDJenisCovering":"1","JenisCovering":"Conditional Automatic Cover","TanggalMulaiCovering":"31\/07\/2025","TanggalAkhirCovering":"01\/08\/2025","NominalPremi":"30000.00","RemarkPremi":"BRISURF_COV_26687_1000000000000594_01","NomorRekeningGiroPremi":"020601000102311","NamaRekeningGiroPremi":"PT BRI ASURANSI INDONESIA","NominalPertanggungan":"15000000.00","NominalCoverage":"15000000.00","NominalFeeCovering":"4500.00","NominalPajakCovering":"495.00","RemarkFeePremi":"BRISURF_COV_26687_1000000000000594_01","PersentasePertanggungan":"100","PersentaseCoverage":"100","OriginalPremi":"30000.00","DiscountPremi":0,"NominalPremiExtra":0,"NominalPremiBebanNasabah":0,"NominalPremiBebanBRI":0,"Signature":"051a4d51598945b55819c6fcff437c4f"}
2026-06-17 09:53:02.172 DEBUG testcase.CovVal_26687                    - 1: unikKey = data.getValue("ChannelUniqueKeyId", row)
2026-06-17 09:53:02.173 DEBUG testcase.CovVal_26687                    - 2: requestId = currentTimeMillis().toString() + row
2026-06-17 09:53:02.174 DEBUG testcase.CovVal_26687                    - 3: response = sendRequest(findTestObject("API/Posts/CoveringValidation/CovVal_26687", ["ChannelUniqueKeyId":unikKey]))
2026-06-17 09:53:05.235 INFO  c.k.k.core.webservice.common.HarLogger   - HAR: C:\Users\ACER\git\AutoAPI\Reports\20260617_094815\API\Pembukuan\pembukuanAPI\20260617_094815\requests\main\CovVal_26687_94.har
2026-06-17 09:53:05.237 DEBUG testcase.CovVal_26687                    - 4: println("==============================")
==============================
2026-06-17 09:53:05.238 DEBUG testcase.CovVal_26687                    - 5: println("Row                : " + row)
Row                : 95
2026-06-17 09:53:05.239 DEBUG testcase.CovVal_26687                    - 6: println("Channel Unique Key Id     : " + unikKey)
Channel Unique Key Id     : 1000000000000595
2026-06-17 09:53:05.240 DEBUG testcase.CovVal_26687                    - 7: println("HTTP Status        : " + response.getStatusCode())
HTTP Status        : 200
2026-06-17 09:53:05.241 DEBUG testcase.CovVal_26687                    - 8: println("Response Body      : " + response.getResponseBodyContent())
Response Body      : {"ResponseCode":"00","ResponseDescription":"Success","ResponseException":"","FIDJenisPengajuan":"1","JenisPengajuan":"New","UrutanPengajuan":"1","FIDJenisCovering":"1","JenisCovering":"Conditional Automatic Cover","TanggalMulaiCovering":"31\/07\/2025","TanggalAkhirCovering":"01\/08\/2025","NominalPremi":"30000.00","RemarkPremi":"BRISURF_COV_26687_1000000000000595_01","NomorRekeningGiroPremi":"020601000102311","NamaRekeningGiroPremi":"PT BRI ASURANSI INDONESIA","NominalPertanggungan":"15000000.00","NominalCoverage":"15000000.00","NominalFeeCovering":"4500.00","NominalPajakCovering":"495.00","RemarkFeePremi":"BRISURF_COV_26687_1000000000000595_01","PersentasePertanggungan":"100","PersentaseCoverage":"100","OriginalPremi":"30000.00","DiscountPremi":0,"NominalPremiExtra":0,"NominalPremiBebanNasabah":0,"NominalPremiBebanBRI":0,"Signature":"051a4d51598945b55819c6fcff437c4f"}
2026-06-17 09:53:05.241 DEBUG testcase.CovVal_26687                    - 1: unikKey = data.getValue("ChannelUniqueKeyId", row)
2026-06-17 09:53:05.242 DEBUG testcase.CovVal_26687                    - 2: requestId = currentTimeMillis().toString() + row
2026-06-17 09:53:05.243 DEBUG testcase.CovVal_26687                    - 3: response = sendRequest(findTestObject("API/Posts/CoveringValidation/CovVal_26687", ["ChannelUniqueKeyId":unikKey]))
2026-06-17 09:53:08.241 INFO  c.k.k.core.webservice.common.HarLogger   - HAR: C:\Users\ACER\git\AutoAPI\Reports\20260617_094815\API\Pembukuan\pembukuanAPI\20260617_094815\requests\main\CovVal_26687_95.har
2026-06-17 09:53:08.244 DEBUG testcase.CovVal_26687                    - 4: println("==============================")
==============================
2026-06-17 09:53:08.245 DEBUG testcase.CovVal_26687                    - 5: println("Row                : " + row)
Row                : 96
2026-06-17 09:53:08.246 DEBUG testcase.CovVal_26687                    - 6: println("Channel Unique Key Id     : " + unikKey)
Channel Unique Key Id     : 1000000000000596
2026-06-17 09:53:08.246 DEBUG testcase.CovVal_26687                    - 7: println("HTTP Status        : " + response.getStatusCode())
HTTP Status        : 200
2026-06-17 09:53:08.247 DEBUG testcase.CovVal_26687                    - 8: println("Response Body      : " + response.getResponseBodyContent())
Response Body      : {"ResponseCode":"00","ResponseDescription":"Success","ResponseException":"","FIDJenisPengajuan":"1","JenisPengajuan":"New","UrutanPengajuan":"1","FIDJenisCovering":"1","JenisCovering":"Conditional Automatic Cover","TanggalMulaiCovering":"31\/07\/2025","TanggalAkhirCovering":"01\/08\/2025","NominalPremi":"30000.00","RemarkPremi":"BRISURF_COV_26687_1000000000000596_01","NomorRekeningGiroPremi":"020601000102311","NamaRekeningGiroPremi":"PT BRI ASURANSI INDONESIA","NominalPertanggungan":"15000000.00","NominalCoverage":"15000000.00","NominalFeeCovering":"4500.00","NominalPajakCovering":"495.00","RemarkFeePremi":"BRISURF_COV_26687_1000000000000596_01","PersentasePertanggungan":"100","PersentaseCoverage":"100","OriginalPremi":"30000.00","DiscountPremi":0,"NominalPremiExtra":0,"NominalPremiBebanNasabah":0,"NominalPremiBebanBRI":0,"Signature":"051a4d51598945b55819c6fcff437c4f"}
2026-06-17 09:53:08.250 DEBUG testcase.CovVal_26687                    - 1: unikKey = data.getValue("ChannelUniqueKeyId", row)
2026-06-17 09:53:08.251 DEBUG testcase.CovVal_26687                    - 2: requestId = currentTimeMillis().toString() + row
2026-06-17 09:53:08.251 DEBUG testcase.CovVal_26687                    - 3: response = sendRequest(findTestObject("API/Posts/CoveringValidation/CovVal_26687", ["ChannelUniqueKeyId":unikKey]))
2026-06-17 09:53:11.216 INFO  c.k.k.core.webservice.common.HarLogger   - HAR: C:\Users\ACER\git\AutoAPI\Reports\20260617_094815\API\Pembukuan\pembukuanAPI\20260617_094815\requests\main\CovVal_26687_96.har
2026-06-17 09:53:11.218 DEBUG testcase.CovVal_26687                    - 4: println("==============================")
==============================
2026-06-17 09:53:11.220 DEBUG testcase.CovVal_26687                    - 5: println("Row                : " + row)
Row                : 97
2026-06-17 09:53:11.221 DEBUG testcase.CovVal_26687                    - 6: println("Channel Unique Key Id     : " + unikKey)
Channel Unique Key Id     : 1000000000000597
2026-06-17 09:53:11.222 DEBUG testcase.CovVal_26687                    - 7: println("HTTP Status        : " + response.getStatusCode())
HTTP Status        : 200
2026-06-17 09:53:11.223 DEBUG testcase.CovVal_26687                    - 8: println("Response Body      : " + response.getResponseBodyContent())
Response Body      : {"ResponseCode":"00","ResponseDescription":"Success","ResponseException":"","FIDJenisPengajuan":"1","JenisPengajuan":"New","UrutanPengajuan":"1","FIDJenisCovering":"1","JenisCovering":"Conditional Automatic Cover","TanggalMulaiCovering":"31\/07\/2025","TanggalAkhirCovering":"01\/08\/2025","NominalPremi":"30000.00","RemarkPremi":"BRISURF_COV_26687_1000000000000597_01","NomorRekeningGiroPremi":"020601000102311","NamaRekeningGiroPremi":"PT BRI ASURANSI INDONESIA","NominalPertanggungan":"15000000.00","NominalCoverage":"15000000.00","NominalFeeCovering":"4500.00","NominalPajakCovering":"495.00","RemarkFeePremi":"BRISURF_COV_26687_1000000000000597_01","PersentasePertanggungan":"100","PersentaseCoverage":"100","OriginalPremi":"30000.00","DiscountPremi":0,"NominalPremiExtra":0,"NominalPremiBebanNasabah":0,"NominalPremiBebanBRI":0,"Signature":"051a4d51598945b55819c6fcff437c4f"}
2026-06-17 09:53:11.224 DEBUG testcase.CovVal_26687                    - 1: unikKey = data.getValue("ChannelUniqueKeyId", row)
2026-06-17 09:53:11.224 DEBUG testcase.CovVal_26687                    - 2: requestId = currentTimeMillis().toString() + row
2026-06-17 09:53:11.225 DEBUG testcase.CovVal_26687                    - 3: response = sendRequest(findTestObject("API/Posts/CoveringValidation/CovVal_26687", ["ChannelUniqueKeyId":unikKey]))
2026-06-17 09:53:14.143 INFO  c.k.k.core.webservice.common.HarLogger   - HAR: C:\Users\ACER\git\AutoAPI\Reports\20260617_094815\API\Pembukuan\pembukuanAPI\20260617_094815\requests\main\CovVal_26687_97.har
2026-06-17 09:53:14.149 DEBUG testcase.CovVal_26687                    - 4: println("==============================")
==============================
2026-06-17 09:53:14.150 DEBUG testcase.CovVal_26687                    - 5: println("Row                : " + row)
Row                : 98
2026-06-17 09:53:14.151 DEBUG testcase.CovVal_26687                    - 6: println("Channel Unique Key Id     : " + unikKey)
Channel Unique Key Id     : 1000000000000598
2026-06-17 09:53:14.152 DEBUG testcase.CovVal_26687                    - 7: println("HTTP Status        : " + response.getStatusCode())
HTTP Status        : 200
2026-06-17 09:53:14.153 DEBUG testcase.CovVal_26687                    - 8: println("Response Body      : " + response.getResponseBodyContent())
Response Body      : {"ResponseCode":"00","ResponseDescription":"Success","ResponseException":"","FIDJenisPengajuan":"1","JenisPengajuan":"New","UrutanPengajuan":"1","FIDJenisCovering":"1","JenisCovering":"Conditional Automatic Cover","TanggalMulaiCovering":"31\/07\/2025","TanggalAkhirCovering":"01\/08\/2025","NominalPremi":"30000.00","RemarkPremi":"BRISURF_COV_26687_1000000000000598_01","NomorRekeningGiroPremi":"020601000102311","NamaRekeningGiroPremi":"PT BRI ASURANSI INDONESIA","NominalPertanggungan":"15000000.00","NominalCoverage":"15000000.00","NominalFeeCovering":"4500.00","NominalPajakCovering":"495.00","RemarkFeePremi":"BRISURF_COV_26687_1000000000000598_01","PersentasePertanggungan":"100","PersentaseCoverage":"100","OriginalPremi":"30000.00","DiscountPremi":0,"NominalPremiExtra":0,"NominalPremiBebanNasabah":0,"NominalPremiBebanBRI":0,"Signature":"051a4d51598945b55819c6fcff437c4f"}
2026-06-17 09:53:14.154 DEBUG testcase.CovVal_26687                    - 1: unikKey = data.getValue("ChannelUniqueKeyId", row)
2026-06-17 09:53:14.155 DEBUG testcase.CovVal_26687                    - 2: requestId = currentTimeMillis().toString() + row
2026-06-17 09:53:14.156 DEBUG testcase.CovVal_26687                    - 3: response = sendRequest(findTestObject("API/Posts/CoveringValidation/CovVal_26687", ["ChannelUniqueKeyId":unikKey]))
2026-06-17 09:53:17.010 INFO  c.k.k.core.webservice.common.HarLogger   - HAR: C:\Users\ACER\git\AutoAPI\Reports\20260617_094815\API\Pembukuan\pembukuanAPI\20260617_094815\requests\main\CovVal_26687_98.har
2026-06-17 09:53:17.014 DEBUG testcase.CovVal_26687                    - 4: println("==============================")
==============================
2026-06-17 09:53:17.015 DEBUG testcase.CovVal_26687                    - 5: println("Row                : " + row)
Row                : 99
2026-06-17 09:53:17.016 DEBUG testcase.CovVal_26687                    - 6: println("Channel Unique Key Id     : " + unikKey)
Channel Unique Key Id     : 1000000000000599
2026-06-17 09:53:17.016 DEBUG testcase.CovVal_26687                    - 7: println("HTTP Status        : " + response.getStatusCode())
HTTP Status        : 200
2026-06-17 09:53:17.016 DEBUG testcase.CovVal_26687                    - 8: println("Response Body      : " + response.getResponseBodyContent())
Response Body      : {"ResponseCode":"00","ResponseDescription":"Success","ResponseException":"","FIDJenisPengajuan":"1","JenisPengajuan":"New","UrutanPengajuan":"1","FIDJenisCovering":"1","JenisCovering":"Conditional Automatic Cover","TanggalMulaiCovering":"31\/07\/2025","TanggalAkhirCovering":"01\/08\/2025","NominalPremi":"30000.00","RemarkPremi":"BRISURF_COV_26687_1000000000000599_01","NomorRekeningGiroPremi":"020601000102311","NamaRekeningGiroPremi":"PT BRI ASURANSI INDONESIA","NominalPertanggungan":"15000000.00","NominalCoverage":"15000000.00","NominalFeeCovering":"4500.00","NominalPajakCovering":"495.00","RemarkFeePremi":"BRISURF_COV_26687_1000000000000599_01","PersentasePertanggungan":"100","PersentaseCoverage":"100","OriginalPremi":"30000.00","DiscountPremi":0,"NominalPremiExtra":0,"NominalPremiBebanNasabah":0,"NominalPremiBebanBRI":0,"Signature":"051a4d51598945b55819c6fcff437c4f"}
2026-06-17 09:53:17.017 DEBUG testcase.CovVal_26687                    - 1: unikKey = data.getValue("ChannelUniqueKeyId", row)
2026-06-17 09:53:17.018 DEBUG testcase.CovVal_26687                    - 2: requestId = currentTimeMillis().toString() + row
2026-06-17 09:53:17.018 DEBUG testcase.CovVal_26687                    - 3: response = sendRequest(findTestObject("API/Posts/CoveringValidation/CovVal_26687", ["ChannelUniqueKeyId":unikKey]))
2026-06-17 09:53:19.981 INFO  c.k.k.core.webservice.common.HarLogger   - HAR: C:\Users\ACER\git\AutoAPI\Reports\20260617_094815\API\Pembukuan\pembukuanAPI\20260617_094815\requests\main\CovVal_26687_99.har
2026-06-17 09:53:19.984 DEBUG testcase.CovVal_26687                    - 4: println("==============================")
==============================
2026-06-17 09:53:19.984 DEBUG testcase.CovVal_26687                    - 5: println("Row                : " + row)
Row                : 100
2026-06-17 09:53:19.985 DEBUG testcase.CovVal_26687                    - 6: println("Channel Unique Key Id     : " + unikKey)
Channel Unique Key Id     : 1000000000000600
2026-06-17 09:53:19.986 DEBUG testcase.CovVal_26687                    - 7: println("HTTP Status        : " + response.getStatusCode())
HTTP Status        : 200
2026-06-17 09:53:19.987 DEBUG testcase.CovVal_26687                    - 8: println("Response Body      : " + response.getResponseBodyContent())
Response Body      : {"ResponseCode":"00","ResponseDescription":"Success","ResponseException":"","FIDJenisPengajuan":"1","JenisPengajuan":"New","UrutanPengajuan":"1","FIDJenisCovering":"1","JenisCovering":"Conditional Automatic Cover","TanggalMulaiCovering":"31\/07\/2025","TanggalAkhirCovering":"01\/08\/2025","NominalPremi":"30000.00","RemarkPremi":"BRISURF_COV_26687_1000000000000600_01","NomorRekeningGiroPremi":"020601000102311","NamaRekeningGiroPremi":"PT BRI ASURANSI INDONESIA","NominalPertanggungan":"15000000.00","NominalCoverage":"15000000.00","NominalFeeCovering":"4500.00","NominalPajakCovering":"495.00","RemarkFeePremi":"BRISURF_COV_26687_1000000000000600_01","PersentasePertanggungan":"100","PersentaseCoverage":"100","OriginalPremi":"30000.00","DiscountPremi":0,"NominalPremiExtra":0,"NominalPremiBebanNasabah":0,"NominalPremiBebanBRI":0,"Signature":"051a4d51598945b55819c6fcff437c4f"}
2026-06-17 09:53:19.988 DEBUG testcase.CovVal_26687                    - 1: unikKey = data.getValue("ChannelUniqueKeyId", row)
2026-06-17 09:53:19.990 DEBUG testcase.CovVal_26687                    - 2: requestId = currentTimeMillis().toString() + row
2026-06-17 09:53:19.991 DEBUG testcase.CovVal_26687                    - 3: response = sendRequest(findTestObject("API/Posts/CoveringValidation/CovVal_26687", ["ChannelUniqueKeyId":unikKey]))
2026-06-17 09:53:22.848 INFO  c.k.k.core.webservice.common.HarLogger   - HAR: C:\Users\ACER\git\AutoAPI\Reports\20260617_094815\API\Pembukuan\pembukuanAPI\20260617_094815\requests\main\CovVal_26687_100.har
2026-06-17 09:53:22.850 DEBUG testcase.CovVal_26687                    - 4: println("==============================")
==============================
2026-06-17 09:53:22.851 DEBUG testcase.CovVal_26687                    - 5: println("Row                : " + row)
Row                : 101
2026-06-17 09:53:22.851 DEBUG testcase.CovVal_26687                    - 6: println("Channel Unique Key Id     : " + unikKey)
Channel Unique Key Id     : 1000000000000598
2026-06-17 09:53:22.852 DEBUG testcase.CovVal_26687                    - 7: println("HTTP Status        : " + response.getStatusCode())
HTTP Status        : 200
2026-06-17 09:53:22.853 DEBUG testcase.CovVal_26687                    - 8: println("Response Body      : " + response.getResponseBodyContent())
Response Body      : {"ResponseCode":"00","ResponseDescription":"Success","ResponseException":"","FIDJenisPengajuan":"1","JenisPengajuan":"New","UrutanPengajuan":"1","FIDJenisCovering":"1","JenisCovering":"Conditional Automatic Cover","TanggalMulaiCovering":"31\/07\/2025","TanggalAkhirCovering":"01\/08\/2025","NominalPremi":"30000.00","RemarkPremi":"BRISURF_COV_26687_1000000000000598_01","NomorRekeningGiroPremi":"020601000102311","NamaRekeningGiroPremi":"PT BRI ASURANSI INDONESIA","NominalPertanggungan":"15000000.00","NominalCoverage":"15000000.00","NominalFeeCovering":"4500.00","NominalPajakCovering":"495.00","RemarkFeePremi":"BRISURF_COV_26687_1000000000000598_01","PersentasePertanggungan":"100","PersentaseCoverage":"100","OriginalPremi":"30000.00","DiscountPremi":0,"NominalPremiExtra":0,"NominalPremiBebanNasabah":0,"NominalPremiBebanBRI":0,"Signature":"051a4d51598945b55819c6fcff437c4f"}
2026-06-17 09:53:22.853 DEBUG testcase.CovVal_26687                    - 1: unikKey = data.getValue("ChannelUniqueKeyId", row)
2026-06-17 09:53:22.854 DEBUG testcase.CovVal_26687                    - 2: requestId = currentTimeMillis().toString() + row
2026-06-17 09:53:22.855 DEBUG testcase.CovVal_26687                    - 3: response = sendRequest(findTestObject("API/Posts/CoveringValidation/CovVal_26687", ["ChannelUniqueKeyId":unikKey]))
2026-06-17 09:53:25.714 INFO  c.k.k.core.webservice.common.HarLogger   - HAR: C:\Users\ACER\git\AutoAPI\Reports\20260617_094815\API\Pembukuan\pembukuanAPI\20260617_094815\requests\main\CovVal_26687_101.har
2026-06-17 09:53:25.717 DEBUG testcase.CovVal_26687                    - 4: println("==============================")
==============================
2026-06-17 09:53:25.718 DEBUG testcase.CovVal_26687                    - 5: println("Row                : " + row)
Row                : 102
2026-06-17 09:53:25.718 DEBUG testcase.CovVal_26687                    - 6: println("Channel Unique Key Id     : " + unikKey)
Channel Unique Key Id     : 1000000000000599
2026-06-17 09:53:25.719 DEBUG testcase.CovVal_26687                    - 7: println("HTTP Status        : " + response.getStatusCode())
HTTP Status        : 200
2026-06-17 09:53:25.719 DEBUG testcase.CovVal_26687                    - 8: println("Response Body      : " + response.getResponseBodyContent())
Response Body      : {"ResponseCode":"00","ResponseDescription":"Success","ResponseException":"","FIDJenisPengajuan":"1","JenisPengajuan":"New","UrutanPengajuan":"1","FIDJenisCovering":"1","JenisCovering":"Conditional Automatic Cover","TanggalMulaiCovering":"31\/07\/2025","TanggalAkhirCovering":"01\/08\/2025","NominalPremi":"30000.00","RemarkPremi":"BRISURF_COV_26687_1000000000000599_01","NomorRekeningGiroPremi":"020601000102311","NamaRekeningGiroPremi":"PT BRI ASURANSI INDONESIA","NominalPertanggungan":"15000000.00","NominalCoverage":"15000000.00","NominalFeeCovering":"4500.00","NominalPajakCovering":"495.00","RemarkFeePremi":"BRISURF_COV_26687_1000000000000599_01","PersentasePertanggungan":"100","PersentaseCoverage":"100","OriginalPremi":"30000.00","DiscountPremi":0,"NominalPremiExtra":0,"NominalPremiBebanNasabah":0,"NominalPremiBebanBRI":0,"Signature":"051a4d51598945b55819c6fcff437c4f"}
2026-06-17 09:53:25.720 DEBUG testcase.CovVal_26687                    - 1: unikKey = data.getValue("ChannelUniqueKeyId", row)
2026-06-17 09:53:25.721 DEBUG testcase.CovVal_26687                    - 2: requestId = currentTimeMillis().toString() + row
2026-06-17 09:53:25.721 DEBUG testcase.CovVal_26687                    - 3: response = sendRequest(findTestObject("API/Posts/CoveringValidation/CovVal_26687", ["ChannelUniqueKeyId":unikKey]))
2026-06-17 09:53:28.582 INFO  c.k.k.core.webservice.common.HarLogger   - HAR: C:\Users\ACER\git\AutoAPI\Reports\20260617_094815\API\Pembukuan\pembukuanAPI\20260617_094815\requests\main\CovVal_26687_102.har
2026-06-17 09:53:28.585 DEBUG testcase.CovVal_26687                    - 4: println("==============================")
==============================
2026-06-17 09:53:28.585 DEBUG testcase.CovVal_26687                    - 5: println("Row                : " + row)
Row                : 103
2026-06-17 09:53:28.586 DEBUG testcase.CovVal_26687                    - 6: println("Channel Unique Key Id     : " + unikKey)
Channel Unique Key Id     : 1000000000000600
2026-06-17 09:53:28.587 DEBUG testcase.CovVal_26687                    - 7: println("HTTP Status        : " + response.getStatusCode())
HTTP Status        : 200
2026-06-17 09:53:28.588 DEBUG testcase.CovVal_26687                    - 8: println("Response Body      : " + response.getResponseBodyContent())
Response Body      : {"ResponseCode":"00","ResponseDescription":"Success","ResponseException":"","FIDJenisPengajuan":"1","JenisPengajuan":"New","UrutanPengajuan":"1","FIDJenisCovering":"1","JenisCovering":"Conditional Automatic Cover","TanggalMulaiCovering":"31\/07\/2025","TanggalAkhirCovering":"01\/08\/2025","NominalPremi":"30000.00","RemarkPremi":"BRISURF_COV_26687_1000000000000600_01","NomorRekeningGiroPremi":"020601000102311","NamaRekeningGiroPremi":"PT BRI ASURANSI INDONESIA","NominalPertanggungan":"15000000.00","NominalCoverage":"15000000.00","NominalFeeCovering":"4500.00","NominalPajakCovering":"495.00","RemarkFeePremi":"BRISURF_COV_26687_1000000000000600_01","PersentasePertanggungan":"100","PersentaseCoverage":"100","OriginalPremi":"30000.00","DiscountPremi":0,"NominalPremiExtra":0,"NominalPremiBebanNasabah":0,"NominalPremiBebanBRI":0,"Signature":"051a4d51598945b55819c6fcff437c4f"}
2026-06-17 09:53:28.597 INFO  c.k.katalon.core.main.TestCaseExecutor   - END Test Cases/API/CoveringValidation/CovVal_26687
2026-06-17 09:53:28.634 INFO  c.k.katalon.core.main.TestCaseExecutor   - --------------------
2026-06-17 09:53:28.634 INFO  c.k.katalon.core.main.TestCaseExecutor   - START Test Cases/API/CoveringFlag/CovFlag_26687
2026-06-17 09:53:29.031 DEBUG testcase.CovVal_26687                    - 1: data = findTestData("Data Files/CoveringFlag/CoveringFlag")
2026-06-17 09:53:29.169 DEBUG testcase.CovVal_26687                    - 2: totalRow = data.getRowNumbers()
2026-06-17 09:53:29.180 DEBUG testcase.CovVal_26687                    - 3: println("Total Data : " + totalRow)
Total Data : 101
2026-06-17 09:53:29.206 DEBUG testcase.CovVal_26687                    - 4: for ([row = 1, row <= totalRow, (row++)])
2026-06-17 09:53:29.212 DEBUG testcase.CovVal_26687                    - 1: unikKey = data.getValue("ChannelUniqueKeyId", row)
2026-06-17 09:53:29.229 DEBUG testcase.CovVal_26687                    - 2: response = sendRequest(findTestObject("API/Posts/CoveringFlag/CovFlag_26687", ["ChannelUniqueKeyId":unikKey]))
2026-06-17 09:53:30.219 INFO  c.k.k.core.webservice.common.HarLogger   - HAR: C:\Users\ACER\git\AutoAPI\Reports\20260617_094815\API\Pembukuan\pembukuanAPI\20260617_094815\requests\main\CovFlag_26687_103.har
2026-06-17 09:53:30.223 DEBUG testcase.CovVal_26687                    - 3: println("==============================")
==============================
2026-06-17 09:53:30.231 DEBUG testcase.CovVal_26687                    - 4: println("Row                : " + row)
Row                : 1
2026-06-17 09:53:30.233 DEBUG testcase.CovVal_26687                    - 5: println("Channel Unique Key Id     : " + unikKey)
Channel Unique Key Id     : 1000000000000501
2026-06-17 09:53:30.238 DEBUG testcase.CovVal_26687                    - 6: println("HTTP Status        : " + response.getStatusCode())
HTTP Status        : 200
2026-06-17 09:53:30.244 DEBUG testcase.CovVal_26687                    - 7: println("Response Body      : " + response.getResponseBodyContent())
Response Body      : {"ResponseCode":"00","ResponseDescription":"Success - Berhasil melakukan flagging data","ResponseException":"","TanggalMulaiCovering":"01\/01\/1900","TanggalAkhirCovering":"01\/01\/1900","NomorPeserta":"202606126210126687000016","URLDokumenKepesertaan":"https:\/\/dev-brisurf.brins.co.id\/\/CovPr\/ba541ac478851c34","OriginalCoveringFlagSuccessDate":"17\/06\/2026 09:53:29"}
2026-06-17 09:53:30.256 DEBUG testcase.CovVal_26687                    - 8: markPassed("Post API FID 26687 berhasil ditambahkan dan data sesuai")
2026-06-17 09:53:30.284 DEBUG com.kms.katalon.core.util.KeywordUtil    - ✓ Post API FID 26687 berhasil ditambahkan dan data sesuai
2026-06-17 09:53:30.302 DEBUG testcase.CovVal_26687                    - 1: unikKey = data.getValue("ChannelUniqueKeyId", row)
2026-06-17 09:53:30.303 DEBUG testcase.CovVal_26687                    - 2: response = sendRequest(findTestObject("API/Posts/CoveringFlag/CovFlag_26687", ["ChannelUniqueKeyId":unikKey]))
2026-06-17 09:53:31.144 INFO  c.k.k.core.webservice.common.HarLogger   - HAR: C:\Users\ACER\git\AutoAPI\Reports\20260617_094815\API\Pembukuan\pembukuanAPI\20260617_094815\requests\main\CovFlag_26687_104.har
2026-06-17 09:53:31.147 DEBUG testcase.CovVal_26687                    - 3: println("==============================")
==============================
2026-06-17 09:53:31.148 DEBUG testcase.CovVal_26687                    - 4: println("Row                : " + row)
Row                : 2
2026-06-17 09:53:31.149 DEBUG testcase.CovVal_26687                    - 5: println("Channel Unique Key Id     : " + unikKey)
Channel Unique Key Id     : 1000000000000502
2026-06-17 09:53:31.150 DEBUG testcase.CovVal_26687                    - 6: println("HTTP Status        : " + response.getStatusCode())
HTTP Status        : 200
2026-06-17 09:53:31.151 DEBUG testcase.CovVal_26687                    - 7: println("Response Body      : " + response.getResponseBodyContent())
Response Body      : {"ResponseCode":"00","ResponseDescription":"Success - Berhasil melakukan flagging data","ResponseException":"","TanggalMulaiCovering":"01\/01\/1900","TanggalAkhirCovering":"01\/01\/1900","NomorPeserta":"202606126210126687000017","URLDokumenKepesertaan":"https:\/\/dev-brisurf.brins.co.id\/\/CovPr\/ac95f451d7a3e198","OriginalCoveringFlagSuccessDate":"17\/06\/2026 09:53:30"}
2026-06-17 09:53:31.152 DEBUG testcase.CovVal_26687                    - 8: markPassed("Post API FID 26687 berhasil ditambahkan dan data sesuai")
2026-06-17 09:53:31.152 DEBUG com.kms.katalon.core.util.KeywordUtil    - ✓ Post API FID 26687 berhasil ditambahkan dan data sesuai
2026-06-17 09:53:31.153 DEBUG testcase.CovVal_26687                    - 1: unikKey = data.getValue("ChannelUniqueKeyId", row)
2026-06-17 09:53:31.155 DEBUG testcase.CovVal_26687                    - 2: response = sendRequest(findTestObject("API/Posts/CoveringFlag/CovFlag_26687", ["ChannelUniqueKeyId":unikKey]))
2026-06-17 09:53:32.166 INFO  c.k.k.core.webservice.common.HarLogger   - HAR: C:\Users\ACER\git\AutoAPI\Reports\20260617_094815\API\Pembukuan\pembukuanAPI\20260617_094815\requests\main\CovFlag_26687_105.har
2026-06-17 09:53:32.169 DEBUG testcase.CovVal_26687                    - 3: println("==============================")
==============================
2026-06-17 09:53:32.170 DEBUG testcase.CovVal_26687                    - 4: println("Row                : " + row)
Row                : 3
2026-06-17 09:53:32.171 DEBUG testcase.CovVal_26687                    - 5: println("Channel Unique Key Id     : " + unikKey)
Channel Unique Key Id     : 1000000000000503
2026-06-17 09:53:32.172 DEBUG testcase.CovVal_26687                    - 6: println("HTTP Status        : " + response.getStatusCode())
HTTP Status        : 200
2026-06-17 09:53:32.173 DEBUG testcase.CovVal_26687                    - 7: println("Response Body      : " + response.getResponseBodyContent())
Response Body      : {"ResponseCode":"00","ResponseDescription":"Success - Berhasil melakukan flagging data","ResponseException":"","TanggalMulaiCovering":"01\/01\/1900","TanggalAkhirCovering":"01\/01\/1900","NomorPeserta":"202606126210126687000018","URLDokumenKepesertaan":"https:\/\/dev-brisurf.brins.co.id\/\/CovPr\/4f4c320104c8d5a9","OriginalCoveringFlagSuccessDate":"17\/06\/2026 09:53:31"}
2026-06-17 09:53:32.179 DEBUG testcase.CovVal_26687                    - 8: markPassed("Post API FID 26687 berhasil ditambahkan dan data sesuai")
2026-06-17 09:53:32.183 DEBUG com.kms.katalon.core.util.KeywordUtil    - ✓ Post API FID 26687 berhasil ditambahkan dan data sesuai
2026-06-17 09:53:32.184 DEBUG testcase.CovVal_26687                    - 1: unikKey = data.getValue("ChannelUniqueKeyId", row)
2026-06-17 09:53:32.186 DEBUG testcase.CovVal_26687                    - 2: response = sendRequest(findTestObject("API/Posts/CoveringFlag/CovFlag_26687", ["ChannelUniqueKeyId":unikKey]))
2026-06-17 09:53:33.086 INFO  c.k.k.core.webservice.common.HarLogger   - HAR: C:\Users\ACER\git\AutoAPI\Reports\20260617_094815\API\Pembukuan\pembukuanAPI\20260617_094815\requests\main\CovFlag_26687_106.har
2026-06-17 09:53:33.089 DEBUG testcase.CovVal_26687                    - 3: println("==============================")
==============================
2026-06-17 09:53:33.090 DEBUG testcase.CovVal_26687                    - 4: println("Row                : " + row)
Row                : 4
2026-06-17 09:53:33.093 DEBUG testcase.CovVal_26687                    - 5: println("Channel Unique Key Id     : " + unikKey)
Channel Unique Key Id     : 1000000000000504
2026-06-17 09:53:33.094 DEBUG testcase.CovVal_26687                    - 6: println("HTTP Status        : " + response.getStatusCode())
HTTP Status        : 200
2026-06-17 09:53:33.095 DEBUG testcase.CovVal_26687                    - 7: println("Response Body      : " + response.getResponseBodyContent())
Response Body      : {"ResponseCode":"00","ResponseDescription":"Success - Berhasil melakukan flagging data","ResponseException":"","TanggalMulaiCovering":"01\/01\/1900","TanggalAkhirCovering":"01\/01\/1900","NomorPeserta":"202606126210126687000019","URLDokumenKepesertaan":"https:\/\/dev-brisurf.brins.co.id\/\/CovPr\/9d8e5b1a58d3bd8f","OriginalCoveringFlagSuccessDate":"17\/06\/2026 09:53:32"}
2026-06-17 09:53:33.096 DEBUG testcase.CovVal_26687                    - 8: markPassed("Post API FID 26687 berhasil ditambahkan dan data sesuai")
2026-06-17 09:53:33.097 DEBUG com.kms.katalon.core.util.KeywordUtil    - ✓ Post API FID 26687 berhasil ditambahkan dan data sesuai
2026-06-17 09:53:33.098 DEBUG testcase.CovVal_26687                    - 1: unikKey = data.getValue("ChannelUniqueKeyId", row)
2026-06-17 09:53:33.099 DEBUG testcase.CovVal_26687                    - 2: response = sendRequest(findTestObject("API/Posts/CoveringFlag/CovFlag_26687", ["ChannelUniqueKeyId":unikKey]))
2026-06-17 09:53:33.905 INFO  c.k.k.core.webservice.common.HarLogger   - HAR: C:\Users\ACER\git\AutoAPI\Reports\20260617_094815\API\Pembukuan\pembukuanAPI\20260617_094815\requests\main\CovFlag_26687_107.har
2026-06-17 09:53:33.910 DEBUG testcase.CovVal_26687                    - 3: println("==============================")
==============================
2026-06-17 09:53:33.911 DEBUG testcase.CovVal_26687                    - 4: println("Row                : " + row)
Row                : 5
2026-06-17 09:53:33.911 DEBUG testcase.CovVal_26687                    - 5: println("Channel Unique Key Id     : " + unikKey)
Channel Unique Key Id     : 1000000000000505
2026-06-17 09:53:33.912 DEBUG testcase.CovVal_26687                    - 6: println("HTTP Status        : " + response.getStatusCode())
HTTP Status        : 200
2026-06-17 09:53:33.913 DEBUG testcase.CovVal_26687                    - 7: println("Response Body      : " + response.getResponseBodyContent())
Response Body      : {"ResponseCode":"00","ResponseDescription":"Success - Berhasil melakukan flagging data","ResponseException":"","TanggalMulaiCovering":"01\/01\/1900","TanggalAkhirCovering":"01\/01\/1900","NomorPeserta":"202606126210126687000020","URLDokumenKepesertaan":"https:\/\/dev-brisurf.brins.co.id\/\/CovPr\/cf3f400876a827fc","OriginalCoveringFlagSuccessDate":"17\/06\/2026 09:53:33"}
2026-06-17 09:53:33.914 DEBUG testcase.CovVal_26687                    - 8: markPassed("Post API FID 26687 berhasil ditambahkan dan data sesuai")
2026-06-17 09:53:33.916 DEBUG com.kms.katalon.core.util.KeywordUtil    - ✓ Post API FID 26687 berhasil ditambahkan dan data sesuai
2026-06-17 09:53:33.917 DEBUG testcase.CovVal_26687                    - 1: unikKey = data.getValue("ChannelUniqueKeyId", row)
2026-06-17 09:53:33.919 DEBUG testcase.CovVal_26687                    - 2: response = sendRequest(findTestObject("API/Posts/CoveringFlag/CovFlag_26687", ["ChannelUniqueKeyId":unikKey]))
2026-06-17 09:53:34.827 INFO  c.k.k.core.webservice.common.HarLogger   - HAR: C:\Users\ACER\git\AutoAPI\Reports\20260617_094815\API\Pembukuan\pembukuanAPI\20260617_094815\requests\main\CovFlag_26687_108.har
2026-06-17 09:53:34.830 DEBUG testcase.CovVal_26687                    - 3: println("==============================")
==============================
2026-06-17 09:53:34.831 DEBUG testcase.CovVal_26687                    - 4: println("Row                : " + row)
Row                : 6
2026-06-17 09:53:34.831 DEBUG testcase.CovVal_26687                    - 5: println("Channel Unique Key Id     : " + unikKey)
Channel Unique Key Id     : 1000000000000506
2026-06-17 09:53:34.832 DEBUG testcase.CovVal_26687                    - 6: println("HTTP Status        : " + response.getStatusCode())
HTTP Status        : 200
2026-06-17 09:53:34.832 DEBUG testcase.CovVal_26687                    - 7: println("Response Body      : " + response.getResponseBodyContent())
Response Body      : {"ResponseCode":"00","ResponseDescription":"Success - Berhasil melakukan flagging data","ResponseException":"","TanggalMulaiCovering":"01\/01\/1900","TanggalAkhirCovering":"01\/01\/1900","NomorPeserta":"202606126210126687000021","URLDokumenKepesertaan":"https:\/\/dev-brisurf.brins.co.id\/\/CovPr\/999674d7da335762","OriginalCoveringFlagSuccessDate":"17\/06\/2026 09:53:34"}
2026-06-17 09:53:34.833 DEBUG testcase.CovVal_26687                    - 8: markPassed("Post API FID 26687 berhasil ditambahkan dan data sesuai")
2026-06-17 09:53:34.833 DEBUG com.kms.katalon.core.util.KeywordUtil    - ✓ Post API FID 26687 berhasil ditambahkan dan data sesuai
2026-06-17 09:53:34.834 DEBUG testcase.CovVal_26687                    - 1: unikKey = data.getValue("ChannelUniqueKeyId", row)
2026-06-17 09:53:34.835 DEBUG testcase.CovVal_26687                    - 2: response = sendRequest(findTestObject("API/Posts/CoveringFlag/CovFlag_26687", ["ChannelUniqueKeyId":unikKey]))
2026-06-17 09:53:35.751 INFO  c.k.k.core.webservice.common.HarLogger   - HAR: C:\Users\ACER\git\AutoAPI\Reports\20260617_094815\API\Pembukuan\pembukuanAPI\20260617_094815\requests\main\CovFlag_26687_109.har
2026-06-17 09:53:35.754 DEBUG testcase.CovVal_26687                    - 3: println("==============================")
==============================
2026-06-17 09:53:35.755 DEBUG testcase.CovVal_26687                    - 4: println("Row                : " + row)
Row                : 7
2026-06-17 09:53:35.756 DEBUG testcase.CovVal_26687                    - 5: println("Channel Unique Key Id     : " + unikKey)
Channel Unique Key Id     : 1000000000000507
2026-06-17 09:53:35.760 DEBUG testcase.CovVal_26687                    - 6: println("HTTP Status        : " + response.getStatusCode())
HTTP Status        : 200
2026-06-17 09:53:35.761 DEBUG testcase.CovVal_26687                    - 7: println("Response Body      : " + response.getResponseBodyContent())
Response Body      : {"ResponseCode":"00","ResponseDescription":"Success - Berhasil melakukan flagging data","ResponseException":"","TanggalMulaiCovering":"01\/01\/1900","TanggalAkhirCovering":"01\/01\/1900","NomorPeserta":"202606126210126687000022","URLDokumenKepesertaan":"https:\/\/dev-brisurf.brins.co.id\/\/CovPr\/bb06efe3a451e540","OriginalCoveringFlagSuccessDate":"17\/06\/2026 09:53:35"}
2026-06-17 09:53:35.762 DEBUG testcase.CovVal_26687                    - 8: markPassed("Post API FID 26687 berhasil ditambahkan dan data sesuai")
2026-06-17 09:53:35.762 DEBUG com.kms.katalon.core.util.KeywordUtil    - ✓ Post API FID 26687 berhasil ditambahkan dan data sesuai
2026-06-17 09:53:35.764 DEBUG testcase.CovVal_26687                    - 1: unikKey = data.getValue("ChannelUniqueKeyId", row)
2026-06-17 09:53:35.765 DEBUG testcase.CovVal_26687                    - 2: response = sendRequest(findTestObject("API/Posts/CoveringFlag/CovFlag_26687", ["ChannelUniqueKeyId":unikKey]))
2026-06-17 09:53:36.599 INFO  c.k.k.core.webservice.common.HarLogger   - HAR: C:\Users\ACER\git\AutoAPI\Reports\20260617_094815\API\Pembukuan\pembukuanAPI\20260617_094815\requests\main\CovFlag_26687_110.har
2026-06-17 09:53:36.601 DEBUG testcase.CovVal_26687                    - 3: println("==============================")
==============================
2026-06-17 09:53:36.602 DEBUG testcase.CovVal_26687                    - 4: println("Row                : " + row)
Row                : 8
2026-06-17 09:53:36.603 DEBUG testcase.CovVal_26687                    - 5: println("Channel Unique Key Id     : " + unikKey)
Channel Unique Key Id     : 1000000000000508
2026-06-17 09:53:36.603 DEBUG testcase.CovVal_26687                    - 6: println("HTTP Status        : " + response.getStatusCode())
HTTP Status        : 200
2026-06-17 09:53:36.604 DEBUG testcase.CovVal_26687                    - 7: println("Response Body      : " + response.getResponseBodyContent())
Response Body      : {"ResponseCode":"00","ResponseDescription":"Success - Berhasil melakukan flagging data","ResponseException":"","TanggalMulaiCovering":"01\/01\/1900","TanggalAkhirCovering":"01\/01\/1900","NomorPeserta":"202606126210126687000023","URLDokumenKepesertaan":"https:\/\/dev-brisurf.brins.co.id\/\/CovPr\/6ede784f0b6a575a","OriginalCoveringFlagSuccessDate":"17\/06\/2026 09:53:35"}
2026-06-17 09:53:36.605 DEBUG testcase.CovVal_26687                    - 8: markPassed("Post API FID 26687 berhasil ditambahkan dan data sesuai")
2026-06-17 09:53:36.606 DEBUG com.kms.katalon.core.util.KeywordUtil    - ✓ Post API FID 26687 berhasil ditambahkan dan data sesuai
2026-06-17 09:53:36.611 DEBUG testcase.CovVal_26687                    - 1: unikKey = data.getValue("ChannelUniqueKeyId", row)
2026-06-17 09:53:36.612 DEBUG testcase.CovVal_26687                    - 2: response = sendRequest(findTestObject("API/Posts/CoveringFlag/CovFlag_26687", ["ChannelUniqueKeyId":unikKey]))
2026-06-17 09:53:37.491 INFO  c.k.k.core.webservice.common.HarLogger   - HAR: C:\Users\ACER\git\AutoAPI\Reports\20260617_094815\API\Pembukuan\pembukuanAPI\20260617_094815\requests\main\CovFlag_26687_111.har
2026-06-17 09:53:37.493 DEBUG testcase.CovVal_26687                    - 3: println("==============================")
==============================
2026-06-17 09:53:37.494 DEBUG testcase.CovVal_26687                    - 4: println("Row                : " + row)
Row                : 9
2026-06-17 09:53:37.495 DEBUG testcase.CovVal_26687                    - 5: println("Channel Unique Key Id     : " + unikKey)
Channel Unique Key Id     : 1000000000000509
2026-06-17 09:53:37.495 DEBUG testcase.CovVal_26687                    - 6: println("HTTP Status        : " + response.getStatusCode())
HTTP Status        : 200
2026-06-17 09:53:37.496 DEBUG testcase.CovVal_26687                    - 7: println("Response Body      : " + response.getResponseBodyContent())
Response Body      : {"ResponseCode":"00","ResponseDescription":"Success - Berhasil melakukan flagging data","ResponseException":"","TanggalMulaiCovering":"01\/01\/1900","TanggalAkhirCovering":"01\/01\/1900","NomorPeserta":"202606126210126687000024","URLDokumenKepesertaan":"https:\/\/dev-brisurf.brins.co.id\/\/CovPr\/9b91c794bbdc6b1c","OriginalCoveringFlagSuccessDate":"17\/06\/2026 09:53:36"}
2026-06-17 09:53:37.497 DEBUG testcase.CovVal_26687                    - 8: markPassed("Post API FID 26687 berhasil ditambahkan dan data sesuai")
2026-06-17 09:53:37.497 DEBUG com.kms.katalon.core.util.KeywordUtil    - ✓ Post API FID 26687 berhasil ditambahkan dan data sesuai
2026-06-17 09:53:37.498 DEBUG testcase.CovVal_26687                    - 1: unikKey = data.getValue("ChannelUniqueKeyId", row)
2026-06-17 09:53:37.498 DEBUG testcase.CovVal_26687                    - 2: response = sendRequest(findTestObject("API/Posts/CoveringFlag/CovFlag_26687", ["ChannelUniqueKeyId":unikKey]))
2026-06-17 09:53:38.310 INFO  c.k.k.core.webservice.common.HarLogger   - HAR: C:\Users\ACER\git\AutoAPI\Reports\20260617_094815\API\Pembukuan\pembukuanAPI\20260617_094815\requests\main\CovFlag_26687_112.har
2026-06-17 09:53:38.313 DEBUG testcase.CovVal_26687                    - 3: println("==============================")
==============================
2026-06-17 09:53:38.314 DEBUG testcase.CovVal_26687                    - 4: println("Row                : " + row)
Row                : 10
2026-06-17 09:53:38.315 DEBUG testcase.CovVal_26687                    - 5: println("Channel Unique Key Id     : " + unikKey)
Channel Unique Key Id     : 1000000000000510
2026-06-17 09:53:38.315 DEBUG testcase.CovVal_26687                    - 6: println("HTTP Status        : " + response.getStatusCode())
HTTP Status        : 200
2026-06-17 09:53:38.316 DEBUG testcase.CovVal_26687                    - 7: println("Response Body      : " + response.getResponseBodyContent())
Response Body      : {"ResponseCode":"00","ResponseDescription":"Success - Berhasil melakukan flagging data","ResponseException":"","TanggalMulaiCovering":"01\/01\/1900","TanggalAkhirCovering":"01\/01\/1900","NomorPeserta":"202606126210126687000025","URLDokumenKepesertaan":"https:\/\/dev-brisurf.brins.co.id\/\/CovPr\/85438360248ee022","OriginalCoveringFlagSuccessDate":"17\/06\/2026 09:53:37"}
2026-06-17 09:53:38.317 DEBUG testcase.CovVal_26687                    - 8: markPassed("Post API FID 26687 berhasil ditambahkan dan data sesuai")
2026-06-17 09:53:38.318 DEBUG com.kms.katalon.core.util.KeywordUtil    - ✓ Post API FID 26687 berhasil ditambahkan dan data sesuai
2026-06-17 09:53:38.319 DEBUG testcase.CovVal_26687                    - 1: unikKey = data.getValue("ChannelUniqueKeyId", row)
2026-06-17 09:53:38.320 DEBUG testcase.CovVal_26687                    - 2: response = sendRequest(findTestObject("API/Posts/CoveringFlag/CovFlag_26687", ["ChannelUniqueKeyId":unikKey]))
2026-06-17 09:53:39.334 INFO  c.k.k.core.webservice.common.HarLogger   - HAR: C:\Users\ACER\git\AutoAPI\Reports\20260617_094815\API\Pembukuan\pembukuanAPI\20260617_094815\requests\main\CovFlag_26687_113.har
2026-06-17 09:53:39.337 DEBUG testcase.CovVal_26687                    - 3: println("==============================")
==============================
2026-06-17 09:53:39.338 DEBUG testcase.CovVal_26687                    - 4: println("Row                : " + row)
Row                : 11
2026-06-17 09:53:39.339 DEBUG testcase.CovVal_26687                    - 5: println("Channel Unique Key Id     : " + unikKey)
Channel Unique Key Id     : 1000000000000511
2026-06-17 09:53:39.343 DEBUG testcase.CovVal_26687                    - 6: println("HTTP Status        : " + response.getStatusCode())
HTTP Status        : 200
2026-06-17 09:53:39.343 DEBUG testcase.CovVal_26687                    - 7: println("Response Body      : " + response.getResponseBodyContent())
Response Body      : {"ResponseCode":"00","ResponseDescription":"Success - Berhasil melakukan flagging data","ResponseException":"","TanggalMulaiCovering":"01\/01\/1900","TanggalAkhirCovering":"01\/01\/1900","NomorPeserta":"202606126210126687000026","URLDokumenKepesertaan":"https:\/\/dev-brisurf.brins.co.id\/\/CovPr\/19d8a4e8e77bb358","OriginalCoveringFlagSuccessDate":"17\/06\/2026 09:53:38"}
2026-06-17 09:53:39.344 DEBUG testcase.CovVal_26687                    - 8: markPassed("Post API FID 26687 berhasil ditambahkan dan data sesuai")
2026-06-17 09:53:39.345 DEBUG com.kms.katalon.core.util.KeywordUtil    - ✓ Post API FID 26687 berhasil ditambahkan dan data sesuai
2026-06-17 09:53:39.345 DEBUG testcase.CovVal_26687                    - 1: unikKey = data.getValue("ChannelUniqueKeyId", row)
2026-06-17 09:53:39.346 DEBUG testcase.CovVal_26687                    - 2: response = sendRequest(findTestObject("API/Posts/CoveringFlag/CovFlag_26687", ["ChannelUniqueKeyId":unikKey]))
2026-06-17 09:53:40.154 INFO  c.k.k.core.webservice.common.HarLogger   - HAR: C:\Users\ACER\git\AutoAPI\Reports\20260617_094815\API\Pembukuan\pembukuanAPI\20260617_094815\requests\main\CovFlag_26687_114.har
2026-06-17 09:53:40.159 DEBUG testcase.CovVal_26687                    - 3: println("==============================")
==============================
2026-06-17 09:53:40.160 DEBUG testcase.CovVal_26687                    - 4: println("Row                : " + row)
Row                : 12
2026-06-17 09:53:40.161 DEBUG testcase.CovVal_26687                    - 5: println("Channel Unique Key Id     : " + unikKey)
Channel Unique Key Id     : 1000000000000512
2026-06-17 09:53:40.162 DEBUG testcase.CovVal_26687                    - 6: println("HTTP Status        : " + response.getStatusCode())
HTTP Status        : 200
2026-06-17 09:53:40.163 DEBUG testcase.CovVal_26687                    - 7: println("Response Body      : " + response.getResponseBodyContent())
Response Body      : {"ResponseCode":"00","ResponseDescription":"Success - Berhasil melakukan flagging data","ResponseException":"","TanggalMulaiCovering":"01\/01\/1900","TanggalAkhirCovering":"01\/01\/1900","NomorPeserta":"202606126210126687000027","URLDokumenKepesertaan":"https:\/\/dev-brisurf.brins.co.id\/\/CovPr\/0ef4dfcb8ceb65b7","OriginalCoveringFlagSuccessDate":"17\/06\/2026 09:53:39"}
2026-06-17 09:53:40.164 DEBUG testcase.CovVal_26687                    - 8: markPassed("Post API FID 26687 berhasil ditambahkan dan data sesuai")
2026-06-17 09:53:40.164 DEBUG com.kms.katalon.core.util.KeywordUtil    - ✓ Post API FID 26687 berhasil ditambahkan dan data sesuai
2026-06-17 09:53:40.166 DEBUG testcase.CovVal_26687                    - 1: unikKey = data.getValue("ChannelUniqueKeyId", row)
2026-06-17 09:53:40.166 DEBUG testcase.CovVal_26687                    - 2: response = sendRequest(findTestObject("API/Posts/CoveringFlag/CovFlag_26687", ["ChannelUniqueKeyId":unikKey]))
2026-06-17 09:53:40.973 INFO  c.k.k.core.webservice.common.HarLogger   - HAR: C:\Users\ACER\git\AutoAPI\Reports\20260617_094815\API\Pembukuan\pembukuanAPI\20260617_094815\requests\main\CovFlag_26687_115.har
2026-06-17 09:53:40.976 DEBUG testcase.CovVal_26687                    - 3: println("==============================")
==============================
2026-06-17 09:53:40.976 DEBUG testcase.CovVal_26687                    - 4: println("Row                : " + row)
Row                : 13
2026-06-17 09:53:40.977 DEBUG testcase.CovVal_26687                    - 5: println("Channel Unique Key Id     : " + unikKey)
Channel Unique Key Id     : 1000000000000513
2026-06-17 09:53:40.977 DEBUG testcase.CovVal_26687                    - 6: println("HTTP Status        : " + response.getStatusCode())
HTTP Status        : 200
2026-06-17 09:53:40.978 DEBUG testcase.CovVal_26687                    - 7: println("Response Body      : " + response.getResponseBodyContent())
Response Body      : {"ResponseCode":"00","ResponseDescription":"Success - Berhasil melakukan flagging data","ResponseException":"","TanggalMulaiCovering":"01\/01\/1900","TanggalAkhirCovering":"01\/01\/1900","NomorPeserta":"202606126210126687000028","URLDokumenKepesertaan":"https:\/\/dev-brisurf.brins.co.id\/\/CovPr\/f552ec216dc81d16","OriginalCoveringFlagSuccessDate":"17\/06\/2026 09:53:40"}
2026-06-17 09:53:40.978 DEBUG testcase.CovVal_26687                    - 8: markPassed("Post API FID 26687 berhasil ditambahkan dan data sesuai")
2026-06-17 09:53:40.979 DEBUG com.kms.katalon.core.util.KeywordUtil    - ✓ Post API FID 26687 berhasil ditambahkan dan data sesuai
2026-06-17 09:53:40.980 DEBUG testcase.CovVal_26687                    - 1: unikKey = data.getValue("ChannelUniqueKeyId", row)
2026-06-17 09:53:40.980 DEBUG testcase.CovVal_26687                    - 2: response = sendRequest(findTestObject("API/Posts/CoveringFlag/CovFlag_26687", ["ChannelUniqueKeyId":unikKey]))
2026-06-17 09:53:41.382 INFO  c.k.k.core.webservice.common.HarLogger   - HAR: C:\Users\ACER\git\AutoAPI\Reports\20260617_094815\API\Pembukuan\pembukuanAPI\20260617_094815\requests\main\CovFlag_26687_116.har
2026-06-17 09:53:41.384 DEBUG testcase.CovVal_26687                    - 3: println("==============================")
==============================
2026-06-17 09:53:41.385 DEBUG testcase.CovVal_26687                    - 4: println("Row                : " + row)
Row                : 14
2026-06-17 09:53:41.385 DEBUG testcase.CovVal_26687                    - 5: println("Channel Unique Key Id     : " + unikKey)
Channel Unique Key Id     : 1000000000000514
2026-06-17 09:53:41.386 DEBUG testcase.CovVal_26687                    - 6: println("HTTP Status        : " + response.getStatusCode())
HTTP Status        : 200
2026-06-17 09:53:41.387 DEBUG testcase.CovVal_26687                    - 7: println("Response Body      : " + response.getResponseBodyContent())
Response Body      : {"ResponseCode":"08","ResponseDescription":"Exist - Data sudah pernah disubmit","ResponseException":"","TanggalMulaiCovering":"01\/01\/1900","TanggalAkhirCovering":"01\/01\/1900","NomorPeserta":"202605126210126687000009","URLDokumenKepesertaan":"https:\/\/dev-brisurf.brins.co.id\/\/CovPr\/49e8ce9867cd0963","OriginalCoveringFlagSuccessDate":"11\/05\/2026 14:43:12"}
2026-06-17 09:53:41.387 DEBUG testcase.CovVal_26687                    - 8: markPassed("Post API FID 26687 berhasil ditambahkan dan data sesuai")
2026-06-17 09:53:41.388 DEBUG com.kms.katalon.core.util.KeywordUtil    - ✓ Post API FID 26687 berhasil ditambahkan dan data sesuai
2026-06-17 09:53:41.392 DEBUG testcase.CovVal_26687                    - 1: unikKey = data.getValue("ChannelUniqueKeyId", row)
2026-06-17 09:53:41.392 DEBUG testcase.CovVal_26687                    - 2: response = sendRequest(findTestObject("API/Posts/CoveringFlag/CovFlag_26687", ["ChannelUniqueKeyId":unikKey]))
2026-06-17 09:53:42.200 INFO  c.k.k.core.webservice.common.HarLogger   - HAR: C:\Users\ACER\git\AutoAPI\Reports\20260617_094815\API\Pembukuan\pembukuanAPI\20260617_094815\requests\main\CovFlag_26687_117.har
2026-06-17 09:53:42.204 DEBUG testcase.CovVal_26687                    - 3: println("==============================")
==============================
2026-06-17 09:53:42.207 DEBUG testcase.CovVal_26687                    - 4: println("Row                : " + row)
Row                : 15
2026-06-17 09:53:42.208 DEBUG testcase.CovVal_26687                    - 5: println("Channel Unique Key Id     : " + unikKey)
Channel Unique Key Id     : 1000000000000515
2026-06-17 09:53:42.209 DEBUG testcase.CovVal_26687                    - 6: println("HTTP Status        : " + response.getStatusCode())
HTTP Status        : 200
2026-06-17 09:53:42.209 DEBUG testcase.CovVal_26687                    - 7: println("Response Body      : " + response.getResponseBodyContent())
Response Body      : {"ResponseCode":"00","ResponseDescription":"Success - Berhasil melakukan flagging data","ResponseException":"","TanggalMulaiCovering":"01\/01\/1900","TanggalAkhirCovering":"01\/01\/1900","NomorPeserta":"202606126210126687000029","URLDokumenKepesertaan":"https:\/\/dev-brisurf.brins.co.id\/\/CovPr\/5ac334fc639cbedf","OriginalCoveringFlagSuccessDate":"17\/06\/2026 09:53:41"}
2026-06-17 09:53:42.210 DEBUG testcase.CovVal_26687                    - 8: markPassed("Post API FID 26687 berhasil ditambahkan dan data sesuai")
2026-06-17 09:53:42.211 DEBUG com.kms.katalon.core.util.KeywordUtil    - ✓ Post API FID 26687 berhasil ditambahkan dan data sesuai
2026-06-17 09:53:42.213 DEBUG testcase.CovVal_26687                    - 1: unikKey = data.getValue("ChannelUniqueKeyId", row)
2026-06-17 09:53:42.215 DEBUG testcase.CovVal_26687                    - 2: response = sendRequest(findTestObject("API/Posts/CoveringFlag/CovFlag_26687", ["ChannelUniqueKeyId":unikKey]))
2026-06-17 09:53:43.020 INFO  c.k.k.core.webservice.common.HarLogger   - HAR: C:\Users\ACER\git\AutoAPI\Reports\20260617_094815\API\Pembukuan\pembukuanAPI\20260617_094815\requests\main\CovFlag_26687_118.har
2026-06-17 09:53:43.025 DEBUG testcase.CovVal_26687                    - 3: println("==============================")
==============================
2026-06-17 09:53:43.026 DEBUG testcase.CovVal_26687                    - 4: println("Row                : " + row)
Row                : 16
2026-06-17 09:53:43.026 DEBUG testcase.CovVal_26687                    - 5: println("Channel Unique Key Id     : " + unikKey)
Channel Unique Key Id     : 1000000000000516
2026-06-17 09:53:43.027 DEBUG testcase.CovVal_26687                    - 6: println("HTTP Status        : " + response.getStatusCode())
HTTP Status        : 200
2026-06-17 09:53:43.028 DEBUG testcase.CovVal_26687                    - 7: println("Response Body      : " + response.getResponseBodyContent())
Response Body      : {"ResponseCode":"00","ResponseDescription":"Success - Berhasil melakukan flagging data","ResponseException":"","TanggalMulaiCovering":"01\/01\/1900","TanggalAkhirCovering":"01\/01\/1900","NomorPeserta":"202606126210126687000030","URLDokumenKepesertaan":"https:\/\/dev-brisurf.brins.co.id\/\/CovPr\/9b65ffb4d14260ad","OriginalCoveringFlagSuccessDate":"17\/06\/2026 09:53:42"}
2026-06-17 09:53:43.029 DEBUG testcase.CovVal_26687                    - 8: markPassed("Post API FID 26687 berhasil ditambahkan dan data sesuai")
2026-06-17 09:53:43.030 DEBUG com.kms.katalon.core.util.KeywordUtil    - ✓ Post API FID 26687 berhasil ditambahkan dan data sesuai
2026-06-17 09:53:43.031 DEBUG testcase.CovVal_26687                    - 1: unikKey = data.getValue("ChannelUniqueKeyId", row)
2026-06-17 09:53:43.032 DEBUG testcase.CovVal_26687                    - 2: response = sendRequest(findTestObject("API/Posts/CoveringFlag/CovFlag_26687", ["ChannelUniqueKeyId":unikKey]))
2026-06-17 09:53:43.942 INFO  c.k.k.core.webservice.common.HarLogger   - HAR: C:\Users\ACER\git\AutoAPI\Reports\20260617_094815\API\Pembukuan\pembukuanAPI\20260617_094815\requests\main\CovFlag_26687_119.har
2026-06-17 09:53:43.944 DEBUG testcase.CovVal_26687                    - 3: println("==============================")
==============================
2026-06-17 09:53:43.945 DEBUG testcase.CovVal_26687                    - 4: println("Row                : " + row)
Row                : 17
2026-06-17 09:53:43.945 DEBUG testcase.CovVal_26687                    - 5: println("Channel Unique Key Id     : " + unikKey)
Channel Unique Key Id     : 1000000000000517
2026-06-17 09:53:43.946 DEBUG testcase.CovVal_26687                    - 6: println("HTTP Status        : " + response.getStatusCode())
HTTP Status        : 200
2026-06-17 09:53:43.947 DEBUG testcase.CovVal_26687                    - 7: println("Response Body      : " + response.getResponseBodyContent())
Response Body      : {"ResponseCode":"00","ResponseDescription":"Success - Berhasil melakukan flagging data","ResponseException":"","TanggalMulaiCovering":"01\/01\/1900","TanggalAkhirCovering":"01\/01\/1900","NomorPeserta":"202606126210126687000031","URLDokumenKepesertaan":"https:\/\/dev-brisurf.brins.co.id\/\/CovPr\/55624b10852ad761","OriginalCoveringFlagSuccessDate":"17\/06\/2026 09:53:43"}
2026-06-17 09:53:43.947 DEBUG testcase.CovVal_26687                    - 8: markPassed("Post API FID 26687 berhasil ditambahkan dan data sesuai")
2026-06-17 09:53:43.948 DEBUG com.kms.katalon.core.util.KeywordUtil    - ✓ Post API FID 26687 berhasil ditambahkan dan data sesuai
2026-06-17 09:53:43.949 DEBUG testcase.CovVal_26687                    - 1: unikKey = data.getValue("ChannelUniqueKeyId", row)
2026-06-17 09:53:43.949 DEBUG testcase.CovVal_26687                    - 2: response = sendRequest(findTestObject("API/Posts/CoveringFlag/CovFlag_26687", ["ChannelUniqueKeyId":unikKey]))
2026-06-17 09:53:44.761 INFO  c.k.k.core.webservice.common.HarLogger   - HAR: C:\Users\ACER\git\AutoAPI\Reports\20260617_094815\API\Pembukuan\pembukuanAPI\20260617_094815\requests\main\CovFlag_26687_120.har
2026-06-17 09:53:44.763 DEBUG testcase.CovVal_26687                    - 3: println("==============================")
==============================
2026-06-17 09:53:44.763 DEBUG testcase.CovVal_26687                    - 4: println("Row                : " + row)
Row                : 18
2026-06-17 09:53:44.764 DEBUG testcase.CovVal_26687                    - 5: println("Channel Unique Key Id     : " + unikKey)
Channel Unique Key Id     : 1000000000000518
2026-06-17 09:53:44.765 DEBUG testcase.CovVal_26687                    - 6: println("HTTP Status        : " + response.getStatusCode())
HTTP Status        : 200
2026-06-17 09:53:44.766 DEBUG testcase.CovVal_26687                    - 7: println("Response Body      : " + response.getResponseBodyContent())
Response Body      : {"ResponseCode":"00","ResponseDescription":"Success - Berhasil melakukan flagging data","ResponseException":"","TanggalMulaiCovering":"01\/01\/1900","TanggalAkhirCovering":"01\/01\/1900","NomorPeserta":"202606126210126687000032","URLDokumenKepesertaan":"https:\/\/dev-brisurf.brins.co.id\/\/CovPr\/6b08e6858fddac8d","OriginalCoveringFlagSuccessDate":"17\/06\/2026 09:53:44"}
2026-06-17 09:53:44.767 DEBUG testcase.CovVal_26687                    - 8: markPassed("Post API FID 26687 berhasil ditambahkan dan data sesuai")
2026-06-17 09:53:44.767 DEBUG com.kms.katalon.core.util.KeywordUtil    - ✓ Post API FID 26687 berhasil ditambahkan dan data sesuai
2026-06-17 09:53:44.768 DEBUG testcase.CovVal_26687                    - 1: unikKey = data.getValue("ChannelUniqueKeyId", row)
2026-06-17 09:53:44.769 DEBUG testcase.CovVal_26687                    - 2: response = sendRequest(findTestObject("API/Posts/CoveringFlag/CovFlag_26687", ["ChannelUniqueKeyId":unikKey]))
2026-06-17 09:53:45.989 INFO  c.k.k.core.webservice.common.HarLogger   - HAR: C:\Users\ACER\git\AutoAPI\Reports\20260617_094815\API\Pembukuan\pembukuanAPI\20260617_094815\requests\main\CovFlag_26687_121.har
2026-06-17 09:53:45.991 DEBUG testcase.CovVal_26687                    - 3: println("==============================")
==============================
2026-06-17 09:53:45.992 DEBUG testcase.CovVal_26687                    - 4: println("Row                : " + row)
Row                : 19
2026-06-17 09:53:45.993 DEBUG testcase.CovVal_26687                    - 5: println("Channel Unique Key Id     : " + unikKey)
Channel Unique Key Id     : 1000000000000519
2026-06-17 09:53:45.994 DEBUG testcase.CovVal_26687                    - 6: println("HTTP Status        : " + response.getStatusCode())
HTTP Status        : 200
2026-06-17 09:53:45.994 DEBUG testcase.CovVal_26687                    - 7: println("Response Body      : " + response.getResponseBodyContent())
Response Body      : {"ResponseCode":"00","ResponseDescription":"Success - Berhasil melakukan flagging data","ResponseException":"","TanggalMulaiCovering":"01\/01\/1900","TanggalAkhirCovering":"01\/01\/1900","NomorPeserta":"202606126210126687000033","URLDokumenKepesertaan":"https:\/\/dev-brisurf.brins.co.id\/\/CovPr\/08a95a0c604fe569","OriginalCoveringFlagSuccessDate":"17\/06\/2026 09:53:44"}
2026-06-17 09:53:45.995 DEBUG testcase.CovVal_26687                    - 8: markPassed("Post API FID 26687 berhasil ditambahkan dan data sesuai")
2026-06-17 09:53:45.996 DEBUG com.kms.katalon.core.util.KeywordUtil    - ✓ Post API FID 26687 berhasil ditambahkan dan data sesuai
2026-06-17 09:53:45.996 DEBUG testcase.CovVal_26687                    - 1: unikKey = data.getValue("ChannelUniqueKeyId", row)
2026-06-17 09:53:45.998 DEBUG testcase.CovVal_26687                    - 2: response = sendRequest(findTestObject("API/Posts/CoveringFlag/CovFlag_26687", ["ChannelUniqueKeyId":unikKey]))
2026-06-17 09:53:46.911 INFO  c.k.k.core.webservice.common.HarLogger   - HAR: C:\Users\ACER\git\AutoAPI\Reports\20260617_094815\API\Pembukuan\pembukuanAPI\20260617_094815\requests\main\CovFlag_26687_122.har
2026-06-17 09:53:46.914 DEBUG testcase.CovVal_26687                    - 3: println("==============================")
==============================
2026-06-17 09:53:46.915 DEBUG testcase.CovVal_26687                    - 4: println("Row                : " + row)
Row                : 20
2026-06-17 09:53:46.916 DEBUG testcase.CovVal_26687                    - 5: println("Channel Unique Key Id     : " + unikKey)
Channel Unique Key Id     : 1000000000000520
2026-06-17 09:53:46.917 DEBUG testcase.CovVal_26687                    - 6: println("HTTP Status        : " + response.getStatusCode())
HTTP Status        : 200
2026-06-17 09:53:46.918 DEBUG testcase.CovVal_26687                    - 7: println("Response Body      : " + response.getResponseBodyContent())
Response Body      : {"ResponseCode":"00","ResponseDescription":"Success - Berhasil melakukan flagging data","ResponseException":"","TanggalMulaiCovering":"01\/01\/1900","TanggalAkhirCovering":"01\/01\/1900","NomorPeserta":"202606126210126687000034","URLDokumenKepesertaan":"https:\/\/dev-brisurf.brins.co.id\/\/CovPr\/7d9e203ac712a925","OriginalCoveringFlagSuccessDate":"17\/06\/2026 09:53:46"}
2026-06-17 09:53:46.918 DEBUG testcase.CovVal_26687                    - 8: markPassed("Post API FID 26687 berhasil ditambahkan dan data sesuai")
2026-06-17 09:53:46.919 DEBUG com.kms.katalon.core.util.KeywordUtil    - ✓ Post API FID 26687 berhasil ditambahkan dan data sesuai
2026-06-17 09:53:46.922 DEBUG testcase.CovVal_26687                    - 1: unikKey = data.getValue("ChannelUniqueKeyId", row)
2026-06-17 09:53:46.923 DEBUG testcase.CovVal_26687                    - 2: response = sendRequest(findTestObject("API/Posts/CoveringFlag/CovFlag_26687", ["ChannelUniqueKeyId":unikKey]))
2026-06-17 09:53:47.939 INFO  c.k.k.core.webservice.common.HarLogger   - HAR: C:\Users\ACER\git\AutoAPI\Reports\20260617_094815\API\Pembukuan\pembukuanAPI\20260617_094815\requests\main\CovFlag_26687_123.har
2026-06-17 09:53:47.941 DEBUG testcase.CovVal_26687                    - 3: println("==============================")
==============================
2026-06-17 09:53:47.941 DEBUG testcase.CovVal_26687                    - 4: println("Row                : " + row)
Row                : 21
2026-06-17 09:53:47.943 DEBUG testcase.CovVal_26687                    - 5: println("Channel Unique Key Id     : " + unikKey)
Channel Unique Key Id     : 1000000000000521
2026-06-17 09:53:47.944 DEBUG testcase.CovVal_26687                    - 6: println("HTTP Status        : " + response.getStatusCode())
HTTP Status        : 200
2026-06-17 09:53:47.944 DEBUG testcase.CovVal_26687                    - 7: println("Response Body      : " + response.getResponseBodyContent())
Response Body      : {"ResponseCode":"00","ResponseDescription":"Success - Berhasil melakukan flagging data","ResponseException":"","TanggalMulaiCovering":"01\/01\/1900","TanggalAkhirCovering":"01\/01\/1900","NomorPeserta":"202606126210126687000035","URLDokumenKepesertaan":"https:\/\/dev-brisurf.brins.co.id\/\/CovPr\/a189b0e075778fe1","OriginalCoveringFlagSuccessDate":"17\/06\/2026 09:53:47"}
2026-06-17 09:53:47.945 DEBUG testcase.CovVal_26687                    - 8: markPassed("Post API FID 26687 berhasil ditambahkan dan data sesuai")
2026-06-17 09:53:47.946 DEBUG com.kms.katalon.core.util.KeywordUtil    - ✓ Post API FID 26687 berhasil ditambahkan dan data sesuai
2026-06-17 09:53:47.946 DEBUG testcase.CovVal_26687                    - 1: unikKey = data.getValue("ChannelUniqueKeyId", row)
2026-06-17 09:53:47.947 DEBUG testcase.CovVal_26687                    - 2: response = sendRequest(findTestObject("API/Posts/CoveringFlag/CovFlag_26687", ["ChannelUniqueKeyId":unikKey]))
2026-06-17 09:53:48.856 INFO  c.k.k.core.webservice.common.HarLogger   - HAR: C:\Users\ACER\git\AutoAPI\Reports\20260617_094815\API\Pembukuan\pembukuanAPI\20260617_094815\requests\main\CovFlag_26687_124.har
2026-06-17 09:53:48.859 DEBUG testcase.CovVal_26687                    - 3: println("==============================")
==============================
2026-06-17 09:53:48.860 DEBUG testcase.CovVal_26687                    - 4: println("Row                : " + row)
Row                : 22
2026-06-17 09:53:48.860 DEBUG testcase.CovVal_26687                    - 5: println("Channel Unique Key Id     : " + unikKey)
Channel Unique Key Id     : 1000000000000522
2026-06-17 09:53:48.861 DEBUG testcase.CovVal_26687                    - 6: println("HTTP Status        : " + response.getStatusCode())
HTTP Status        : 200
2026-06-17 09:53:48.862 DEBUG testcase.CovVal_26687                    - 7: println("Response Body      : " + response.getResponseBodyContent())
Response Body      : {"ResponseCode":"00","ResponseDescription":"Success - Berhasil melakukan flagging data","ResponseException":"","TanggalMulaiCovering":"01\/01\/1900","TanggalAkhirCovering":"01\/01\/1900","NomorPeserta":"202606126210126687000036","URLDokumenKepesertaan":"https:\/\/dev-brisurf.brins.co.id\/\/CovPr\/d67a6315a1f61065","OriginalCoveringFlagSuccessDate":"17\/06\/2026 09:53:48"}
2026-06-17 09:53:48.862 DEBUG testcase.CovVal_26687                    - 8: markPassed("Post API FID 26687 berhasil ditambahkan dan data sesuai")
2026-06-17 09:53:48.862 DEBUG com.kms.katalon.core.util.KeywordUtil    - ✓ Post API FID 26687 berhasil ditambahkan dan data sesuai
2026-06-17 09:53:48.863 DEBUG testcase.CovVal_26687                    - 1: unikKey = data.getValue("ChannelUniqueKeyId", row)
2026-06-17 09:53:48.864 DEBUG testcase.CovVal_26687                    - 2: response = sendRequest(findTestObject("API/Posts/CoveringFlag/CovFlag_26687", ["ChannelUniqueKeyId":unikKey]))
2026-06-17 09:53:49.778 INFO  c.k.k.core.webservice.common.HarLogger   - HAR: C:\Users\ACER\git\AutoAPI\Reports\20260617_094815\API\Pembukuan\pembukuanAPI\20260617_094815\requests\main\CovFlag_26687_125.har
2026-06-17 09:53:49.781 DEBUG testcase.CovVal_26687                    - 3: println("==============================")
==============================
2026-06-17 09:53:49.782 DEBUG testcase.CovVal_26687                    - 4: println("Row                : " + row)
Row                : 23
2026-06-17 09:53:49.783 DEBUG testcase.CovVal_26687                    - 5: println("Channel Unique Key Id     : " + unikKey)
Channel Unique Key Id     : 1000000000000523
2026-06-17 09:53:49.783 DEBUG testcase.CovVal_26687                    - 6: println("HTTP Status        : " + response.getStatusCode())
HTTP Status        : 200
2026-06-17 09:53:49.784 DEBUG testcase.CovVal_26687                    - 7: println("Response Body      : " + response.getResponseBodyContent())
Response Body      : {"ResponseCode":"00","ResponseDescription":"Success - Berhasil melakukan flagging data","ResponseException":"","TanggalMulaiCovering":"01\/01\/1900","TanggalAkhirCovering":"01\/01\/1900","NomorPeserta":"202606126210126687000037","URLDokumenKepesertaan":"https:\/\/dev-brisurf.brins.co.id\/\/CovPr\/872c23b5cda098c9","OriginalCoveringFlagSuccessDate":"17\/06\/2026 09:53:49"}
2026-06-17 09:53:49.785 DEBUG testcase.CovVal_26687                    - 8: markPassed("Post API FID 26687 berhasil ditambahkan dan data sesuai")
2026-06-17 09:53:49.785 DEBUG com.kms.katalon.core.util.KeywordUtil    - ✓ Post API FID 26687 berhasil ditambahkan dan data sesuai
2026-06-17 09:53:49.789 DEBUG testcase.CovVal_26687                    - 1: unikKey = data.getValue("ChannelUniqueKeyId", row)
2026-06-17 09:53:49.790 DEBUG testcase.CovVal_26687                    - 2: response = sendRequest(findTestObject("API/Posts/CoveringFlag/CovFlag_26687", ["ChannelUniqueKeyId":unikKey]))
2026-06-17 09:53:51.022 INFO  c.k.k.core.webservice.common.HarLogger   - HAR: C:\Users\ACER\git\AutoAPI\Reports\20260617_094815\API\Pembukuan\pembukuanAPI\20260617_094815\requests\main\CovFlag_26687_126.har
2026-06-17 09:53:51.025 DEBUG testcase.CovVal_26687                    - 3: println("==============================")
==============================
2026-06-17 09:53:51.026 DEBUG testcase.CovVal_26687                    - 4: println("Row                : " + row)
Row                : 24
2026-06-17 09:53:51.027 DEBUG testcase.CovVal_26687                    - 5: println("Channel Unique Key Id     : " + unikKey)
Channel Unique Key Id     : 1000000000000524
2026-06-17 09:53:51.028 DEBUG testcase.CovVal_26687                    - 6: println("HTTP Status        : " + response.getStatusCode())
HTTP Status        : 200
2026-06-17 09:53:51.029 DEBUG testcase.CovVal_26687                    - 7: println("Response Body      : " + response.getResponseBodyContent())
Response Body      : {"ResponseCode":"00","ResponseDescription":"Success - Berhasil melakukan flagging data","ResponseException":"","TanggalMulaiCovering":"01\/01\/1900","TanggalAkhirCovering":"01\/01\/1900","NomorPeserta":"202606126210126687000038","URLDokumenKepesertaan":"https:\/\/dev-brisurf.brins.co.id\/\/CovPr\/f7c6391ed1a05c16","OriginalCoveringFlagSuccessDate":"17\/06\/2026 09:53:49"}
2026-06-17 09:53:51.030 DEBUG testcase.CovVal_26687                    - 8: markPassed("Post API FID 26687 berhasil ditambahkan dan data sesuai")
2026-06-17 09:53:51.030 DEBUG com.kms.katalon.core.util.KeywordUtil    - ✓ Post API FID 26687 berhasil ditambahkan dan data sesuai
2026-06-17 09:53:51.031 DEBUG testcase.CovVal_26687                    - 1: unikKey = data.getValue("ChannelUniqueKeyId", row)
2026-06-17 09:53:51.032 DEBUG testcase.CovVal_26687                    - 2: response = sendRequest(findTestObject("API/Posts/CoveringFlag/CovFlag_26687", ["ChannelUniqueKeyId":unikKey]))
2026-06-17 09:53:51.929 INFO  c.k.k.core.webservice.common.HarLogger   - HAR: C:\Users\ACER\git\AutoAPI\Reports\20260617_094815\API\Pembukuan\pembukuanAPI\20260617_094815\requests\main\CovFlag_26687_127.har
2026-06-17 09:53:51.931 DEBUG testcase.CovVal_26687                    - 3: println("==============================")
==============================
2026-06-17 09:53:51.934 DEBUG testcase.CovVal_26687                    - 4: println("Row                : " + row)
Row                : 25
2026-06-17 09:53:51.934 DEBUG testcase.CovVal_26687                    - 5: println("Channel Unique Key Id     : " + unikKey)
Channel Unique Key Id     : 1000000000000525
2026-06-17 09:53:51.938 DEBUG testcase.CovVal_26687                    - 6: println("HTTP Status        : " + response.getStatusCode())
HTTP Status        : 200
2026-06-17 09:53:51.940 DEBUG testcase.CovVal_26687                    - 7: println("Response Body      : " + response.getResponseBodyContent())
Response Body      : {"ResponseCode":"00","ResponseDescription":"Success - Berhasil melakukan flagging data","ResponseException":"","TanggalMulaiCovering":"01\/01\/1900","TanggalAkhirCovering":"01\/01\/1900","NomorPeserta":"202606126210126687000039","URLDokumenKepesertaan":"https:\/\/dev-brisurf.brins.co.id\/\/CovPr\/ea426eef7d5e06b6","OriginalCoveringFlagSuccessDate":"17\/06\/2026 09:53:51"}
2026-06-17 09:53:51.941 DEBUG testcase.CovVal_26687                    - 8: markPassed("Post API FID 26687 berhasil ditambahkan dan data sesuai")
2026-06-17 09:53:51.942 DEBUG com.kms.katalon.core.util.KeywordUtil    - ✓ Post API FID 26687 berhasil ditambahkan dan data sesuai
2026-06-17 09:53:51.944 DEBUG testcase.CovVal_26687                    - 1: unikKey = data.getValue("ChannelUniqueKeyId", row)
2026-06-17 09:53:51.945 DEBUG testcase.CovVal_26687                    - 2: response = sendRequest(findTestObject("API/Posts/CoveringFlag/CovFlag_26687", ["ChannelUniqueKeyId":unikKey]))
2026-06-17 09:53:52.747 INFO  c.k.k.core.webservice.common.HarLogger   - HAR: C:\Users\ACER\git\AutoAPI\Reports\20260617_094815\API\Pembukuan\pembukuanAPI\20260617_094815\requests\main\CovFlag_26687_128.har
2026-06-17 09:53:52.749 DEBUG testcase.CovVal_26687                    - 3: println("==============================")
==============================
2026-06-17 09:53:52.750 DEBUG testcase.CovVal_26687                    - 4: println("Row                : " + row)
Row                : 26
2026-06-17 09:53:52.751 DEBUG testcase.CovVal_26687                    - 5: println("Channel Unique Key Id     : " + unikKey)
Channel Unique Key Id     : 1000000000000526
2026-06-17 09:53:52.755 DEBUG testcase.CovVal_26687                    - 6: println("HTTP Status        : " + response.getStatusCode())
HTTP Status        : 200
2026-06-17 09:53:52.756 DEBUG testcase.CovVal_26687                    - 7: println("Response Body      : " + response.getResponseBodyContent())
Response Body      : {"ResponseCode":"00","ResponseDescription":"Success - Berhasil melakukan flagging data","ResponseException":"","TanggalMulaiCovering":"01\/01\/1900","TanggalAkhirCovering":"01\/01\/1900","NomorPeserta":"202606126210126687000040","URLDokumenKepesertaan":"https:\/\/dev-brisurf.brins.co.id\/\/CovPr\/5a5ad7f69dfc8aeb","OriginalCoveringFlagSuccessDate":"17\/06\/2026 09:53:52"}
2026-06-17 09:53:52.756 DEBUG testcase.CovVal_26687                    - 8: markPassed("Post API FID 26687 berhasil ditambahkan dan data sesuai")
2026-06-17 09:53:52.757 DEBUG com.kms.katalon.core.util.KeywordUtil    - ✓ Post API FID 26687 berhasil ditambahkan dan data sesuai
2026-06-17 09:53:52.758 DEBUG testcase.CovVal_26687                    - 1: unikKey = data.getValue("ChannelUniqueKeyId", row)
2026-06-17 09:53:52.758 DEBUG testcase.CovVal_26687                    - 2: response = sendRequest(findTestObject("API/Posts/CoveringFlag/CovFlag_26687", ["ChannelUniqueKeyId":unikKey]))
2026-06-17 09:53:53.568 INFO  c.k.k.core.webservice.common.HarLogger   - HAR: C:\Users\ACER\git\AutoAPI\Reports\20260617_094815\API\Pembukuan\pembukuanAPI\20260617_094815\requests\main\CovFlag_26687_129.har
2026-06-17 09:53:53.572 DEBUG testcase.CovVal_26687                    - 3: println("==============================")
==============================
2026-06-17 09:53:53.573 DEBUG testcase.CovVal_26687                    - 4: println("Row                : " + row)
Row                : 27
2026-06-17 09:53:53.573 DEBUG testcase.CovVal_26687                    - 5: println("Channel Unique Key Id     : " + unikKey)
Channel Unique Key Id     : 1000000000000527
2026-06-17 09:53:53.574 DEBUG testcase.CovVal_26687                    - 6: println("HTTP Status        : " + response.getStatusCode())
HTTP Status        : 200
2026-06-17 09:53:53.575 DEBUG testcase.CovVal_26687                    - 7: println("Response Body      : " + response.getResponseBodyContent())
Response Body      : {"ResponseCode":"00","ResponseDescription":"Success - Berhasil melakukan flagging data","ResponseException":"","TanggalMulaiCovering":"01\/01\/1900","TanggalAkhirCovering":"01\/01\/1900","NomorPeserta":"202606126210126687000041","URLDokumenKepesertaan":"https:\/\/dev-brisurf.brins.co.id\/\/CovPr\/a057829aea0de48b","OriginalCoveringFlagSuccessDate":"17\/06\/2026 09:53:52"}
2026-06-17 09:53:53.576 DEBUG testcase.CovVal_26687                    - 8: markPassed("Post API FID 26687 berhasil ditambahkan dan data sesuai")
2026-06-17 09:53:53.578 DEBUG com.kms.katalon.core.util.KeywordUtil    - ✓ Post API FID 26687 berhasil ditambahkan dan data sesuai
2026-06-17 09:53:53.579 DEBUG testcase.CovVal_26687                    - 1: unikKey = data.getValue("ChannelUniqueKeyId", row)
2026-06-17 09:53:53.581 DEBUG testcase.CovVal_26687                    - 2: response = sendRequest(findTestObject("API/Posts/CoveringFlag/CovFlag_26687", ["ChannelUniqueKeyId":unikKey]))
2026-06-17 09:53:54.488 INFO  c.k.k.core.webservice.common.HarLogger   - HAR: C:\Users\ACER\git\AutoAPI\Reports\20260617_094815\API\Pembukuan\pembukuanAPI\20260617_094815\requests\main\CovFlag_26687_130.har
2026-06-17 09:53:54.490 DEBUG testcase.CovVal_26687                    - 3: println("==============================")
==============================
2026-06-17 09:53:54.491 DEBUG testcase.CovVal_26687                    - 4: println("Row                : " + row)
Row                : 28
2026-06-17 09:53:54.492 DEBUG testcase.CovVal_26687                    - 5: println("Channel Unique Key Id     : " + unikKey)
Channel Unique Key Id     : 1000000000000528
2026-06-17 09:53:54.492 DEBUG testcase.CovVal_26687                    - 6: println("HTTP Status        : " + response.getStatusCode())
HTTP Status        : 200
2026-06-17 09:53:54.493 DEBUG testcase.CovVal_26687                    - 7: println("Response Body      : " + response.getResponseBodyContent())
Response Body      : {"ResponseCode":"00","ResponseDescription":"Success - Berhasil melakukan flagging data","ResponseException":"","TanggalMulaiCovering":"01\/01\/1900","TanggalAkhirCovering":"01\/01\/1900","NomorPeserta":"202606126210126687000042","URLDokumenKepesertaan":"https:\/\/dev-brisurf.brins.co.id\/\/CovPr\/0da172f27920d3d7","OriginalCoveringFlagSuccessDate":"17\/06\/2026 09:53:53"}
2026-06-17 09:53:54.493 DEBUG testcase.CovVal_26687                    - 8: markPassed("Post API FID 26687 berhasil ditambahkan dan data sesuai")
2026-06-17 09:53:54.494 DEBUG com.kms.katalon.core.util.KeywordUtil    - ✓ Post API FID 26687 berhasil ditambahkan dan data sesuai
2026-06-17 09:53:54.494 DEBUG testcase.CovVal_26687                    - 1: unikKey = data.getValue("ChannelUniqueKeyId", row)
2026-06-17 09:53:54.495 DEBUG testcase.CovVal_26687                    - 2: response = sendRequest(findTestObject("API/Posts/CoveringFlag/CovFlag_26687", ["ChannelUniqueKeyId":unikKey]))
2026-06-17 09:53:55.307 INFO  c.k.k.core.webservice.common.HarLogger   - HAR: C:\Users\ACER\git\AutoAPI\Reports\20260617_094815\API\Pembukuan\pembukuanAPI\20260617_094815\requests\main\CovFlag_26687_131.har
2026-06-17 09:53:55.309 DEBUG testcase.CovVal_26687                    - 3: println("==============================")
==============================
2026-06-17 09:53:55.310 DEBUG testcase.CovVal_26687                    - 4: println("Row                : " + row)
Row                : 29
2026-06-17 09:53:55.310 DEBUG testcase.CovVal_26687                    - 5: println("Channel Unique Key Id     : " + unikKey)
Channel Unique Key Id     : 1000000000000529
2026-06-17 09:53:55.311 DEBUG testcase.CovVal_26687                    - 6: println("HTTP Status        : " + response.getStatusCode())
HTTP Status        : 200
2026-06-17 09:53:55.312 DEBUG testcase.CovVal_26687                    - 7: println("Response Body      : " + response.getResponseBodyContent())
Response Body      : {"ResponseCode":"00","ResponseDescription":"Success - Berhasil melakukan flagging data","ResponseException":"","TanggalMulaiCovering":"01\/01\/1900","TanggalAkhirCovering":"01\/01\/1900","NomorPeserta":"202606126210126687000043","URLDokumenKepesertaan":"https:\/\/dev-brisurf.brins.co.id\/\/CovPr\/6ffa6d6ba8a93737","OriginalCoveringFlagSuccessDate":"17\/06\/2026 09:53:54"}
2026-06-17 09:53:55.312 DEBUG testcase.CovVal_26687                    - 8: markPassed("Post API FID 26687 berhasil ditambahkan dan data sesuai")
2026-06-17 09:53:55.313 DEBUG com.kms.katalon.core.util.KeywordUtil    - ✓ Post API FID 26687 berhasil ditambahkan dan data sesuai
2026-06-17 09:53:55.313 DEBUG testcase.CovVal_26687                    - 1: unikKey = data.getValue("ChannelUniqueKeyId", row)
2026-06-17 09:53:55.314 DEBUG testcase.CovVal_26687                    - 2: response = sendRequest(findTestObject("API/Posts/CoveringFlag/CovFlag_26687", ["ChannelUniqueKeyId":unikKey]))
2026-06-17 09:53:56.230 INFO  c.k.k.core.webservice.common.HarLogger   - HAR: C:\Users\ACER\git\AutoAPI\Reports\20260617_094815\API\Pembukuan\pembukuanAPI\20260617_094815\requests\main\CovFlag_26687_132.har
2026-06-17 09:53:56.232 DEBUG testcase.CovVal_26687                    - 3: println("==============================")
==============================
2026-06-17 09:53:56.232 DEBUG testcase.CovVal_26687                    - 4: println("Row                : " + row)
Row                : 30
2026-06-17 09:53:56.233 DEBUG testcase.CovVal_26687                    - 5: println("Channel Unique Key Id     : " + unikKey)
Channel Unique Key Id     : 1000000000000530
2026-06-17 09:53:56.237 DEBUG testcase.CovVal_26687                    - 6: println("HTTP Status        : " + response.getStatusCode())
HTTP Status        : 200
2026-06-17 09:53:56.238 DEBUG testcase.CovVal_26687                    - 7: println("Response Body      : " + response.getResponseBodyContent())
Response Body      : {"ResponseCode":"00","ResponseDescription":"Success - Berhasil melakukan flagging data","ResponseException":"","TanggalMulaiCovering":"01\/01\/1900","TanggalAkhirCovering":"01\/01\/1900","NomorPeserta":"202606126210126687000044","URLDokumenKepesertaan":"https:\/\/dev-brisurf.brins.co.id\/\/CovPr\/a6823dc68e49436b","OriginalCoveringFlagSuccessDate":"17\/06\/2026 09:53:55"}
2026-06-17 09:53:56.239 DEBUG testcase.CovVal_26687                    - 8: markPassed("Post API FID 26687 berhasil ditambahkan dan data sesuai")
2026-06-17 09:53:56.239 DEBUG com.kms.katalon.core.util.KeywordUtil    - ✓ Post API FID 26687 berhasil ditambahkan dan data sesuai
2026-06-17 09:53:56.240 DEBUG testcase.CovVal_26687                    - 1: unikKey = data.getValue("ChannelUniqueKeyId", row)
2026-06-17 09:53:56.241 DEBUG testcase.CovVal_26687                    - 2: response = sendRequest(findTestObject("API/Posts/CoveringFlag/CovFlag_26687", ["ChannelUniqueKeyId":unikKey]))
2026-06-17 09:53:57.050 INFO  c.k.k.core.webservice.common.HarLogger   - HAR: C:\Users\ACER\git\AutoAPI\Reports\20260617_094815\API\Pembukuan\pembukuanAPI\20260617_094815\requests\main\CovFlag_26687_133.har
2026-06-17 09:53:57.055 DEBUG testcase.CovVal_26687                    - 3: println("==============================")
==============================
2026-06-17 09:53:57.056 DEBUG testcase.CovVal_26687                    - 4: println("Row                : " + row)
Row                : 31
2026-06-17 09:53:57.057 DEBUG testcase.CovVal_26687                    - 5: println("Channel Unique Key Id     : " + unikKey)
Channel Unique Key Id     : 1000000000000531
2026-06-17 09:53:57.057 DEBUG testcase.CovVal_26687                    - 6: println("HTTP Status        : " + response.getStatusCode())
HTTP Status        : 200
2026-06-17 09:53:57.058 DEBUG testcase.CovVal_26687                    - 7: println("Response Body      : " + response.getResponseBodyContent())
Response Body      : {"ResponseCode":"00","ResponseDescription":"Success - Berhasil melakukan flagging data","ResponseException":"","TanggalMulaiCovering":"01\/01\/1900","TanggalAkhirCovering":"01\/01\/1900","NomorPeserta":"202606126210126687000045","URLDokumenKepesertaan":"https:\/\/dev-brisurf.brins.co.id\/\/CovPr\/828fba20dfde5418","OriginalCoveringFlagSuccessDate":"17\/06\/2026 09:53:56"}
2026-06-17 09:53:57.059 DEBUG testcase.CovVal_26687                    - 8: markPassed("Post API FID 26687 berhasil ditambahkan dan data sesuai")
2026-06-17 09:53:57.059 DEBUG com.kms.katalon.core.util.KeywordUtil    - ✓ Post API FID 26687 berhasil ditambahkan dan data sesuai
2026-06-17 09:53:57.060 DEBUG testcase.CovVal_26687                    - 1: unikKey = data.getValue("ChannelUniqueKeyId", row)
2026-06-17 09:53:57.061 DEBUG testcase.CovVal_26687                    - 2: response = sendRequest(findTestObject("API/Posts/CoveringFlag/CovFlag_26687", ["ChannelUniqueKeyId":unikKey]))
2026-06-17 09:53:57.971 INFO  c.k.k.core.webservice.common.HarLogger   - HAR: C:\Users\ACER\git\AutoAPI\Reports\20260617_094815\API\Pembukuan\pembukuanAPI\20260617_094815\requests\main\CovFlag_26687_134.har
2026-06-17 09:53:57.973 DEBUG testcase.CovVal_26687                    - 3: println("==============================")
==============================
2026-06-17 09:53:57.974 DEBUG testcase.CovVal_26687                    - 4: println("Row                : " + row)
Row                : 32
2026-06-17 09:53:57.974 DEBUG testcase.CovVal_26687                    - 5: println("Channel Unique Key Id     : " + unikKey)
Channel Unique Key Id     : 1000000000000532
2026-06-17 09:53:57.975 DEBUG testcase.CovVal_26687                    - 6: println("HTTP Status        : " + response.getStatusCode())
HTTP Status        : 200
2026-06-17 09:53:57.975 DEBUG testcase.CovVal_26687                    - 7: println("Response Body      : " + response.getResponseBodyContent())
Response Body      : {"ResponseCode":"00","ResponseDescription":"Success - Berhasil melakukan flagging data","ResponseException":"","TanggalMulaiCovering":"01\/01\/1900","TanggalAkhirCovering":"01\/01\/1900","NomorPeserta":"202606126210126687000046","URLDokumenKepesertaan":"https:\/\/dev-brisurf.brins.co.id\/\/CovPr\/8c24b99be6725b9e","OriginalCoveringFlagSuccessDate":"17\/06\/2026 09:53:57"}
2026-06-17 09:53:57.976 DEBUG testcase.CovVal_26687                    - 8: markPassed("Post API FID 26687 berhasil ditambahkan dan data sesuai")
2026-06-17 09:53:57.976 DEBUG com.kms.katalon.core.util.KeywordUtil    - ✓ Post API FID 26687 berhasil ditambahkan dan data sesuai
2026-06-17 09:53:57.977 DEBUG testcase.CovVal_26687                    - 1: unikKey = data.getValue("ChannelUniqueKeyId", row)
2026-06-17 09:53:57.978 DEBUG testcase.CovVal_26687                    - 2: response = sendRequest(findTestObject("API/Posts/CoveringFlag/CovFlag_26687", ["ChannelUniqueKeyId":unikKey]))
2026-06-17 09:53:58.790 INFO  c.k.k.core.webservice.common.HarLogger   - HAR: C:\Users\ACER\git\AutoAPI\Reports\20260617_094815\API\Pembukuan\pembukuanAPI\20260617_094815\requests\main\CovFlag_26687_135.har
2026-06-17 09:53:58.792 DEBUG testcase.CovVal_26687                    - 3: println("==============================")
==============================
2026-06-17 09:53:58.793 DEBUG testcase.CovVal_26687                    - 4: println("Row                : " + row)
Row                : 33
2026-06-17 09:53:58.794 DEBUG testcase.CovVal_26687                    - 5: println("Channel Unique Key Id     : " + unikKey)
Channel Unique Key Id     : 1000000000000533
2026-06-17 09:53:58.795 DEBUG testcase.CovVal_26687                    - 6: println("HTTP Status        : " + response.getStatusCode())
HTTP Status        : 200
2026-06-17 09:53:58.796 DEBUG testcase.CovVal_26687                    - 7: println("Response Body      : " + response.getResponseBodyContent())
Response Body      : {"ResponseCode":"00","ResponseDescription":"Success - Berhasil melakukan flagging data","ResponseException":"","TanggalMulaiCovering":"01\/01\/1900","TanggalAkhirCovering":"01\/01\/1900","NomorPeserta":"202606126210126687000047","URLDokumenKepesertaan":"https:\/\/dev-brisurf.brins.co.id\/\/CovPr\/db6c68fbbac272dc","OriginalCoveringFlagSuccessDate":"17\/06\/2026 09:53:58"}
2026-06-17 09:53:58.796 DEBUG testcase.CovVal_26687                    - 8: markPassed("Post API FID 26687 berhasil ditambahkan dan data sesuai")
2026-06-17 09:53:58.797 DEBUG com.kms.katalon.core.util.KeywordUtil    - ✓ Post API FID 26687 berhasil ditambahkan dan data sesuai
2026-06-17 09:53:58.798 DEBUG testcase.CovVal_26687                    - 1: unikKey = data.getValue("ChannelUniqueKeyId", row)
2026-06-17 09:53:58.799 DEBUG testcase.CovVal_26687                    - 2: response = sendRequest(findTestObject("API/Posts/CoveringFlag/CovFlag_26687", ["ChannelUniqueKeyId":unikKey]))
2026-06-17 09:54:00.019 INFO  c.k.k.core.webservice.common.HarLogger   - HAR: C:\Users\ACER\git\AutoAPI\Reports\20260617_094815\API\Pembukuan\pembukuanAPI\20260617_094815\requests\main\CovFlag_26687_136.har
2026-06-17 09:54:00.021 DEBUG testcase.CovVal_26687                    - 3: println("==============================")
==============================
2026-06-17 09:54:00.022 DEBUG testcase.CovVal_26687                    - 4: println("Row                : " + row)
Row                : 34
2026-06-17 09:54:00.022 DEBUG testcase.CovVal_26687                    - 5: println("Channel Unique Key Id     : " + unikKey)
Channel Unique Key Id     : 1000000000000534
2026-06-17 09:54:00.023 DEBUG testcase.CovVal_26687                    - 6: println("HTTP Status        : " + response.getStatusCode())
HTTP Status        : 200
2026-06-17 09:54:00.024 DEBUG testcase.CovVal_26687                    - 7: println("Response Body      : " + response.getResponseBodyContent())
Response Body      : {"ResponseCode":"00","ResponseDescription":"Success - Berhasil melakukan flagging data","ResponseException":"","TanggalMulaiCovering":"01\/01\/1900","TanggalAkhirCovering":"01\/01\/1900","NomorPeserta":"202606126210126687000048","URLDokumenKepesertaan":"https:\/\/dev-brisurf.brins.co.id\/\/CovPr\/ef3782d5962cb6ce","OriginalCoveringFlagSuccessDate":"17\/06\/2026 09:53:58"}
2026-06-17 09:54:00.025 DEBUG testcase.CovVal_26687                    - 8: markPassed("Post API FID 26687 berhasil ditambahkan dan data sesuai")
2026-06-17 09:54:00.026 DEBUG com.kms.katalon.core.util.KeywordUtil    - ✓ Post API FID 26687 berhasil ditambahkan dan data sesuai
2026-06-17 09:54:00.026 DEBUG testcase.CovVal_26687                    - 1: unikKey = data.getValue("ChannelUniqueKeyId", row)
2026-06-17 09:54:00.027 DEBUG testcase.CovVal_26687                    - 2: response = sendRequest(findTestObject("API/Posts/CoveringFlag/CovFlag_26687", ["ChannelUniqueKeyId":unikKey]))
2026-06-17 09:54:00.991 INFO  c.k.k.core.webservice.common.HarLogger   - HAR: C:\Users\ACER\git\AutoAPI\Reports\20260617_094815\API\Pembukuan\pembukuanAPI\20260617_094815\requests\main\CovFlag_26687_137.har
2026-06-17 09:54:00.993 DEBUG testcase.CovVal_26687                    - 3: println("==============================")
==============================
2026-06-17 09:54:00.994 DEBUG testcase.CovVal_26687                    - 4: println("Row                : " + row)
Row                : 35
2026-06-17 09:54:00.995 DEBUG testcase.CovVal_26687                    - 5: println("Channel Unique Key Id     : " + unikKey)
Channel Unique Key Id     : 1000000000000535
2026-06-17 09:54:00.995 DEBUG testcase.CovVal_26687                    - 6: println("HTTP Status        : " + response.getStatusCode())
HTTP Status        : 200
2026-06-17 09:54:00.996 DEBUG testcase.CovVal_26687                    - 7: println("Response Body      : " + response.getResponseBodyContent())
Response Body      : {"ResponseCode":"00","ResponseDescription":"Success - Berhasil melakukan flagging data","ResponseException":"","TanggalMulaiCovering":"01\/01\/1900","TanggalAkhirCovering":"01\/01\/1900","NomorPeserta":"202606126210126687000049","URLDokumenKepesertaan":"https:\/\/dev-brisurf.brins.co.id\/\/CovPr\/fcaa4704ea608ec9","OriginalCoveringFlagSuccessDate":"17\/06\/2026 09:54:00"}
2026-06-17 09:54:00.996 DEBUG testcase.CovVal_26687                    - 8: markPassed("Post API FID 26687 berhasil ditambahkan dan data sesuai")
2026-06-17 09:54:00.997 DEBUG com.kms.katalon.core.util.KeywordUtil    - ✓ Post API FID 26687 berhasil ditambahkan dan data sesuai
2026-06-17 09:54:00.998 DEBUG testcase.CovVal_26687                    - 1: unikKey = data.getValue("ChannelUniqueKeyId", row)
2026-06-17 09:54:00.998 DEBUG testcase.CovVal_26687                    - 2: response = sendRequest(findTestObject("API/Posts/CoveringFlag/CovFlag_26687", ["ChannelUniqueKeyId":unikKey]))
2026-06-17 09:54:02.189 INFO  c.k.k.core.webservice.common.HarLogger   - HAR: C:\Users\ACER\git\AutoAPI\Reports\20260617_094815\API\Pembukuan\pembukuanAPI\20260617_094815\requests\main\CovFlag_26687_138.har
2026-06-17 09:54:02.192 DEBUG testcase.CovVal_26687                    - 3: println("==============================")
==============================
2026-06-17 09:54:02.192 DEBUG testcase.CovVal_26687                    - 4: println("Row                : " + row)
Row                : 36
2026-06-17 09:54:02.193 DEBUG testcase.CovVal_26687                    - 5: println("Channel Unique Key Id     : " + unikKey)
Channel Unique Key Id     : 1000000000000536
2026-06-17 09:54:02.194 DEBUG testcase.CovVal_26687                    - 6: println("HTTP Status        : " + response.getStatusCode())
HTTP Status        : 200
2026-06-17 09:54:02.194 DEBUG testcase.CovVal_26687                    - 7: println("Response Body      : " + response.getResponseBodyContent())
Response Body      : {"ResponseCode":"00","ResponseDescription":"Success - Berhasil melakukan flagging data","ResponseException":"","TanggalMulaiCovering":"01\/01\/1900","TanggalAkhirCovering":"01\/01\/1900","NomorPeserta":"202606126210126687000050","URLDokumenKepesertaan":"https:\/\/dev-brisurf.brins.co.id\/\/CovPr\/2bb38deda33bff74","OriginalCoveringFlagSuccessDate":"17\/06\/2026 09:54:01"}
2026-06-17 09:54:02.195 DEBUG testcase.CovVal_26687                    - 8: markPassed("Post API FID 26687 berhasil ditambahkan dan data sesuai")
2026-06-17 09:54:02.195 DEBUG com.kms.katalon.core.util.KeywordUtil    - ✓ Post API FID 26687 berhasil ditambahkan dan data sesuai
2026-06-17 09:54:02.196 DEBUG testcase.CovVal_26687                    - 1: unikKey = data.getValue("ChannelUniqueKeyId", row)
2026-06-17 09:54:02.197 DEBUG testcase.CovVal_26687                    - 2: response = sendRequest(findTestObject("API/Posts/CoveringFlag/CovFlag_26687", ["ChannelUniqueKeyId":unikKey]))
2026-06-17 09:54:03.090 INFO  c.k.k.core.webservice.common.HarLogger   - HAR: C:\Users\ACER\git\AutoAPI\Reports\20260617_094815\API\Pembukuan\pembukuanAPI\20260617_094815\requests\main\CovFlag_26687_139.har
2026-06-17 09:54:03.092 DEBUG testcase.CovVal_26687                    - 3: println("==============================")
==============================
2026-06-17 09:54:03.093 DEBUG testcase.CovVal_26687                    - 4: println("Row                : " + row)
Row                : 37
2026-06-17 09:54:03.093 DEBUG testcase.CovVal_26687                    - 5: println("Channel Unique Key Id     : " + unikKey)
Channel Unique Key Id     : 1000000000000537
2026-06-17 09:54:03.094 DEBUG testcase.CovVal_26687                    - 6: println("HTTP Status        : " + response.getStatusCode())
HTTP Status        : 200
2026-06-17 09:54:03.095 DEBUG testcase.CovVal_26687                    - 7: println("Response Body      : " + response.getResponseBodyContent())
Response Body      : {"ResponseCode":"00","ResponseDescription":"Success - Berhasil melakukan flagging data","ResponseException":"","TanggalMulaiCovering":"01\/01\/1900","TanggalAkhirCovering":"01\/01\/1900","NomorPeserta":"202606126210126687000051","URLDokumenKepesertaan":"https:\/\/dev-brisurf.brins.co.id\/\/CovPr\/4a2f8eeefa8b748a","OriginalCoveringFlagSuccessDate":"17\/06\/2026 09:54:02"}
2026-06-17 09:54:03.095 DEBUG testcase.CovVal_26687                    - 8: markPassed("Post API FID 26687 berhasil ditambahkan dan data sesuai")
2026-06-17 09:54:03.095 DEBUG com.kms.katalon.core.util.KeywordUtil    - ✓ Post API FID 26687 berhasil ditambahkan dan data sesuai
2026-06-17 09:54:03.096 DEBUG testcase.CovVal_26687                    - 1: unikKey = data.getValue("ChannelUniqueKeyId", row)
2026-06-17 09:54:03.097 DEBUG testcase.CovVal_26687                    - 2: response = sendRequest(findTestObject("API/Posts/CoveringFlag/CovFlag_26687", ["ChannelUniqueKeyId":unikKey]))
2026-06-17 09:54:04.114 INFO  c.k.k.core.webservice.common.HarLogger   - HAR: C:\Users\ACER\git\AutoAPI\Reports\20260617_094815\API\Pembukuan\pembukuanAPI\20260617_094815\requests\main\CovFlag_26687_140.har
2026-06-17 09:54:04.118 DEBUG testcase.CovVal_26687                    - 3: println("==============================")
==============================
2026-06-17 09:54:04.119 DEBUG testcase.CovVal_26687                    - 4: println("Row                : " + row)
Row                : 38
2026-06-17 09:54:04.125 DEBUG testcase.CovVal_26687                    - 5: println("Channel Unique Key Id     : " + unikKey)
Channel Unique Key Id     : 1000000000000538
2026-06-17 09:54:04.126 DEBUG testcase.CovVal_26687                    - 6: println("HTTP Status        : " + response.getStatusCode())
HTTP Status        : 200
2026-06-17 09:54:04.127 DEBUG testcase.CovVal_26687                    - 7: println("Response Body      : " + response.getResponseBodyContent())
Response Body      : {"ResponseCode":"00","ResponseDescription":"Success - Berhasil melakukan flagging data","ResponseException":"","TanggalMulaiCovering":"01\/01\/1900","TanggalAkhirCovering":"01\/01\/1900","NomorPeserta":"202606126210126687000052","URLDokumenKepesertaan":"https:\/\/dev-brisurf.brins.co.id\/\/CovPr\/866c28019baf68e8","OriginalCoveringFlagSuccessDate":"17\/06\/2026 09:54:03"}
2026-06-17 09:54:04.128 DEBUG testcase.CovVal_26687                    - 8: markPassed("Post API FID 26687 berhasil ditambahkan dan data sesuai")
2026-06-17 09:54:04.129 DEBUG com.kms.katalon.core.util.KeywordUtil    - ✓ Post API FID 26687 berhasil ditambahkan dan data sesuai
2026-06-17 09:54:04.129 DEBUG testcase.CovVal_26687                    - 1: unikKey = data.getValue("ChannelUniqueKeyId", row)
2026-06-17 09:54:04.130 DEBUG testcase.CovVal_26687                    - 2: response = sendRequest(findTestObject("API/Posts/CoveringFlag/CovFlag_26687", ["ChannelUniqueKeyId":unikKey]))
2026-06-17 09:54:05.138 INFO  c.k.k.core.webservice.common.HarLogger   - HAR: C:\Users\ACER\git\AutoAPI\Reports\20260617_094815\API\Pembukuan\pembukuanAPI\20260617_094815\requests\main\CovFlag_26687_141.har
2026-06-17 09:54:05.140 DEBUG testcase.CovVal_26687                    - 3: println("==============================")
==============================
2026-06-17 09:54:05.141 DEBUG testcase.CovVal_26687                    - 4: println("Row                : " + row)
Row                : 39
2026-06-17 09:54:05.141 DEBUG testcase.CovVal_26687                    - 5: println("Channel Unique Key Id     : " + unikKey)
Channel Unique Key Id     : 1000000000000539
2026-06-17 09:54:05.142 DEBUG testcase.CovVal_26687                    - 6: println("HTTP Status        : " + response.getStatusCode())
HTTP Status        : 200
2026-06-17 09:54:05.143 DEBUG testcase.CovVal_26687                    - 7: println("Response Body      : " + response.getResponseBodyContent())
Response Body      : {"ResponseCode":"00","ResponseDescription":"Success - Berhasil melakukan flagging data","ResponseException":"","TanggalMulaiCovering":"01\/01\/1900","TanggalAkhirCovering":"01\/01\/1900","NomorPeserta":"202606126210126687000053","URLDokumenKepesertaan":"https:\/\/dev-brisurf.brins.co.id\/\/CovPr\/3e4476b73b830b2d","OriginalCoveringFlagSuccessDate":"17\/06\/2026 09:54:04"}
2026-06-17 09:54:05.143 DEBUG testcase.CovVal_26687                    - 8: markPassed("Post API FID 26687 berhasil ditambahkan dan data sesuai")
2026-06-17 09:54:05.144 DEBUG com.kms.katalon.core.util.KeywordUtil    - ✓ Post API FID 26687 berhasil ditambahkan dan data sesuai
2026-06-17 09:54:05.144 DEBUG testcase.CovVal_26687                    - 1: unikKey = data.getValue("ChannelUniqueKeyId", row)
2026-06-17 09:54:05.145 DEBUG testcase.CovVal_26687                    - 2: response = sendRequest(findTestObject("API/Posts/CoveringFlag/CovFlag_26687", ["ChannelUniqueKeyId":unikKey]))
2026-06-17 09:54:05.957 INFO  c.k.k.core.webservice.common.HarLogger   - HAR: C:\Users\ACER\git\AutoAPI\Reports\20260617_094815\API\Pembukuan\pembukuanAPI\20260617_094815\requests\main\CovFlag_26687_142.har
2026-06-17 09:54:05.959 DEBUG testcase.CovVal_26687                    - 3: println("==============================")
==============================
2026-06-17 09:54:05.960 DEBUG testcase.CovVal_26687                    - 4: println("Row                : " + row)
Row                : 40
2026-06-17 09:54:05.960 DEBUG testcase.CovVal_26687                    - 5: println("Channel Unique Key Id     : " + unikKey)
Channel Unique Key Id     : 1000000000000540
2026-06-17 09:54:05.961 DEBUG testcase.CovVal_26687                    - 6: println("HTTP Status        : " + response.getStatusCode())
HTTP Status        : 200
2026-06-17 09:54:05.962 DEBUG testcase.CovVal_26687                    - 7: println("Response Body      : " + response.getResponseBodyContent())
Response Body      : {"ResponseCode":"00","ResponseDescription":"Success - Berhasil melakukan flagging data","ResponseException":"","TanggalMulaiCovering":"01\/01\/1900","TanggalAkhirCovering":"01\/01\/1900","NomorPeserta":"202606126210126687000054","URLDokumenKepesertaan":"https:\/\/dev-brisurf.brins.co.id\/\/CovPr\/c2e44b212781f894","OriginalCoveringFlagSuccessDate":"17\/06\/2026 09:54:05"}
2026-06-17 09:54:05.962 DEBUG testcase.CovVal_26687                    - 8: markPassed("Post API FID 26687 berhasil ditambahkan dan data sesuai")
2026-06-17 09:54:05.963 DEBUG com.kms.katalon.core.util.KeywordUtil    - ✓ Post API FID 26687 berhasil ditambahkan dan data sesuai
2026-06-17 09:54:05.963 DEBUG testcase.CovVal_26687                    - 1: unikKey = data.getValue("ChannelUniqueKeyId", row)
2026-06-17 09:54:05.964 DEBUG testcase.CovVal_26687                    - 2: response = sendRequest(findTestObject("API/Posts/CoveringFlag/CovFlag_26687", ["ChannelUniqueKeyId":unikKey]))
2026-06-17 09:54:06.878 INFO  c.k.k.core.webservice.common.HarLogger   - HAR: C:\Users\ACER\git\AutoAPI\Reports\20260617_094815\API\Pembukuan\pembukuanAPI\20260617_094815\requests\main\CovFlag_26687_143.har
2026-06-17 09:54:06.880 DEBUG testcase.CovVal_26687                    - 3: println("==============================")
==============================
2026-06-17 09:54:06.883 DEBUG testcase.CovVal_26687                    - 4: println("Row                : " + row)
Row                : 41
2026-06-17 09:54:06.884 DEBUG testcase.CovVal_26687                    - 5: println("Channel Unique Key Id     : " + unikKey)
Channel Unique Key Id     : 1000000000000541
2026-06-17 09:54:06.884 DEBUG testcase.CovVal_26687                    - 6: println("HTTP Status        : " + response.getStatusCode())
HTTP Status        : 200
2026-06-17 09:54:06.885 DEBUG testcase.CovVal_26687                    - 7: println("Response Body      : " + response.getResponseBodyContent())
Response Body      : {"ResponseCode":"00","ResponseDescription":"Success - Berhasil melakukan flagging data","ResponseException":"","TanggalMulaiCovering":"01\/01\/1900","TanggalAkhirCovering":"01\/01\/1900","NomorPeserta":"202606126210126687000055","URLDokumenKepesertaan":"https:\/\/dev-brisurf.brins.co.id\/\/CovPr\/111fee3a7b87911a","OriginalCoveringFlagSuccessDate":"17\/06\/2026 09:54:06"}
2026-06-17 09:54:06.885 DEBUG testcase.CovVal_26687                    - 8: markPassed("Post API FID 26687 berhasil ditambahkan dan data sesuai")
2026-06-17 09:54:06.886 DEBUG com.kms.katalon.core.util.KeywordUtil    - ✓ Post API FID 26687 berhasil ditambahkan dan data sesuai
2026-06-17 09:54:06.888 DEBUG testcase.CovVal_26687                    - 1: unikKey = data.getValue("ChannelUniqueKeyId", row)
2026-06-17 09:54:06.889 DEBUG testcase.CovVal_26687                    - 2: response = sendRequest(findTestObject("API/Posts/CoveringFlag/CovFlag_26687", ["ChannelUniqueKeyId":unikKey]))
2026-06-17 09:54:07.289 INFO  c.k.k.core.webservice.common.HarLogger   - HAR: C:\Users\ACER\git\AutoAPI\Reports\20260617_094815\API\Pembukuan\pembukuanAPI\20260617_094815\requests\main\CovFlag_26687_144.har
2026-06-17 09:54:07.291 DEBUG testcase.CovVal_26687                    - 3: println("==============================")
==============================
2026-06-17 09:54:07.292 DEBUG testcase.CovVal_26687                    - 4: println("Row                : " + row)
Row                : 42
2026-06-17 09:54:07.292 DEBUG testcase.CovVal_26687                    - 5: println("Channel Unique Key Id     : " + unikKey)
Channel Unique Key Id     : 1000000000000542
2026-06-17 09:54:07.293 DEBUG testcase.CovVal_26687                    - 6: println("HTTP Status        : " + response.getStatusCode())
HTTP Status        : 200
2026-06-17 09:54:07.293 DEBUG testcase.CovVal_26687                    - 7: println("Response Body      : " + response.getResponseBodyContent())
Response Body      : {"ResponseCode":"08","ResponseDescription":"Exist - Data sudah pernah disubmit","ResponseException":"","TanggalMulaiCovering":"01\/01\/1900","TanggalAkhirCovering":"01\/01\/1900","NomorPeserta":"202605126210126687000022","URLDokumenKepesertaan":"https:\/\/dev-brisurf.brins.co.id\/\/CovPr\/3cdf0d73fe7e3ef2","OriginalCoveringFlagSuccessDate":"13\/05\/2026 09:39:39"}
2026-06-17 09:54:07.294 DEBUG testcase.CovVal_26687                    - 8: markPassed("Post API FID 26687 berhasil ditambahkan dan data sesuai")
2026-06-17 09:54:07.294 DEBUG com.kms.katalon.core.util.KeywordUtil    - ✓ Post API FID 26687 berhasil ditambahkan dan data sesuai
2026-06-17 09:54:07.295 DEBUG testcase.CovVal_26687                    - 1: unikKey = data.getValue("ChannelUniqueKeyId", row)
2026-06-17 09:54:07.296 DEBUG testcase.CovVal_26687                    - 2: response = sendRequest(findTestObject("API/Posts/CoveringFlag/CovFlag_26687", ["ChannelUniqueKeyId":unikKey]))
2026-06-17 09:54:08.211 INFO  c.k.k.core.webservice.common.HarLogger   - HAR: C:\Users\ACER\git\AutoAPI\Reports\20260617_094815\API\Pembukuan\pembukuanAPI\20260617_094815\requests\main\CovFlag_26687_145.har
2026-06-17 09:54:08.213 DEBUG testcase.CovVal_26687                    - 3: println("==============================")
==============================
2026-06-17 09:54:08.214 DEBUG testcase.CovVal_26687                    - 4: println("Row                : " + row)
Row                : 43
2026-06-17 09:54:08.214 DEBUG testcase.CovVal_26687                    - 5: println("Channel Unique Key Id     : " + unikKey)
Channel Unique Key Id     : 1000000000000543
2026-06-17 09:54:08.218 DEBUG testcase.CovVal_26687                    - 6: println("HTTP Status        : " + response.getStatusCode())
HTTP Status        : 200
2026-06-17 09:54:08.219 DEBUG testcase.CovVal_26687                    - 7: println("Response Body      : " + response.getResponseBodyContent())
Response Body      : {"ResponseCode":"00","ResponseDescription":"Success - Berhasil melakukan flagging data","ResponseException":"","TanggalMulaiCovering":"01\/01\/1900","TanggalAkhirCovering":"01\/01\/1900","NomorPeserta":"202606126210126687000056","URLDokumenKepesertaan":"https:\/\/dev-brisurf.brins.co.id\/\/CovPr\/1f4046109a25182d","OriginalCoveringFlagSuccessDate":"17\/06\/2026 09:54:07"}
2026-06-17 09:54:08.219 DEBUG testcase.CovVal_26687                    - 8: markPassed("Post API FID 26687 berhasil ditambahkan dan data sesuai")
2026-06-17 09:54:08.220 DEBUG com.kms.katalon.core.util.KeywordUtil    - ✓ Post API FID 26687 berhasil ditambahkan dan data sesuai
2026-06-17 09:54:08.221 DEBUG testcase.CovVal_26687                    - 1: unikKey = data.getValue("ChannelUniqueKeyId", row)
2026-06-17 09:54:08.222 DEBUG testcase.CovVal_26687                    - 2: response = sendRequest(findTestObject("API/Posts/CoveringFlag/CovFlag_26687", ["ChannelUniqueKeyId":unikKey]))
2026-06-17 09:54:09.029 INFO  c.k.k.core.webservice.common.HarLogger   - HAR: C:\Users\ACER\git\AutoAPI\Reports\20260617_094815\API\Pembukuan\pembukuanAPI\20260617_094815\requests\main\CovFlag_26687_146.har
2026-06-17 09:54:09.035 DEBUG testcase.CovVal_26687                    - 3: println("==============================")
==============================
2026-06-17 09:54:09.036 DEBUG testcase.CovVal_26687                    - 4: println("Row                : " + row)
Row                : 44
2026-06-17 09:54:09.037 DEBUG testcase.CovVal_26687                    - 5: println("Channel Unique Key Id     : " + unikKey)
Channel Unique Key Id     : 1000000000000544
2026-06-17 09:54:09.038 DEBUG testcase.CovVal_26687                    - 6: println("HTTP Status        : " + response.getStatusCode())
HTTP Status        : 200
2026-06-17 09:54:09.038 DEBUG testcase.CovVal_26687                    - 7: println("Response Body      : " + response.getResponseBodyContent())
Response Body      : {"ResponseCode":"00","ResponseDescription":"Success - Berhasil melakukan flagging data","ResponseException":"","TanggalMulaiCovering":"01\/01\/1900","TanggalAkhirCovering":"01\/01\/1900","NomorPeserta":"202606126210126687000057","URLDokumenKepesertaan":"https:\/\/dev-brisurf.brins.co.id\/\/CovPr\/e302d1c30fa872aa","OriginalCoveringFlagSuccessDate":"17\/06\/2026 09:54:08"}
2026-06-17 09:54:09.039 DEBUG testcase.CovVal_26687                    - 8: markPassed("Post API FID 26687 berhasil ditambahkan dan data sesuai")
2026-06-17 09:54:09.040 DEBUG com.kms.katalon.core.util.KeywordUtil    - ✓ Post API FID 26687 berhasil ditambahkan dan data sesuai
2026-06-17 09:54:09.029 INFO  c.k.k.core.webservice.common.HarLogger   - HAR: C:\Users\ACER\git\AutoAPI\Reports\20260617_094815\API\Pembukuan\pembukuanAPI\20260617_094815\requests\main\CovFlag_26687_146.har
2026-06-17 09:54:09.035 DEBUG testcase.CovVal_26687                    - 3: println("==============================")
==============================
2026-06-17 09:54:09.036 DEBUG testcase.CovVal_26687                    - 4: println("Row                : " + row)
Row                : 44
2026-06-17 09:54:09.037 DEBUG testcase.CovVal_26687                    - 5: println("Channel Unique Key Id     : " + unikKey)
Channel Unique Key Id     : 1000000000000544
2026-06-17 09:54:09.038 DEBUG testcase.CovVal_26687                    - 6: println("HTTP Status        : " + response.getStatusCode())
HTTP Status        : 200
2026-06-17 09:54:09.038 DEBUG testcase.CovVal_26687                    - 7: println("Response Body      : " + response.getResponseBodyContent())
Response Body      : {"ResponseCode":"00","ResponseDescription":"Success - Berhasil melakukan flagging data","ResponseException":"","TanggalMulaiCovering":"01\/01\/1900","TanggalAkhirCovering":"01\/01\/1900","NomorPeserta":"202606126210126687000057","URLDokumenKepesertaan":"https:\/\/dev-brisurf.brins.co.id\/\/CovPr\/e302d1c30fa872aa","OriginalCoveringFlagSuccessDate":"17\/06\/2026 09:54:08"}
2026-06-17 09:54:09.039 DEBUG testcase.CovVal_26687                    - 8: markPassed("Post API FID 26687 berhasil ditambahkan dan data sesuai")
2026-06-17 09:54:09.040 DEBUG com.kms.katalon.core.util.KeywordUtil    - ✓ Post API FID 26687 berhasil ditambahkan dan data sesuai
2026-06-17 09:54:09.041 DEBUG testcase.CovVal_26687                    - 1: unikKey = data.getValue("ChannelUniqueKeyId", row)
2026-06-17 09:54:09.042 DEBUG testcase.CovVal_26687                    - 2: response = sendRequest(findTestObject("API/Posts/CoveringFlag/CovFlag_26687", ["ChannelUniqueKeyId":unikKey]))
2026-06-17 09:54:09.917 INFO  c.k.k.core.webservice.common.HarLogger   - HAR: C:\Users\ACER\git\AutoAPI\Reports\20260617_094815\API\Pembukuan\pembukuanAPI\20260617_094815\requests\main\CovFlag_26687_147.har
2026-06-17 09:54:09.920 DEBUG testcase.CovVal_26687                    - 3: println("==============================")
==============================
2026-06-17 09:54:09.921 DEBUG testcase.CovVal_26687                    - 4: println("Row                : " + row)
Row                : 45
2026-06-17 09:54:09.922 DEBUG testcase.CovVal_26687                    - 5: println("Channel Unique Key Id     : " + unikKey)
Channel Unique Key Id     : 1000000000000545
2026-06-17 09:54:09.923 DEBUG testcase.CovVal_26687                    - 6: println("HTTP Status        : " + response.getStatusCode())
HTTP Status        : 200
2026-06-17 09:54:09.924 DEBUG testcase.CovVal_26687                    - 7: println("Response Body      : " + response.getResponseBodyContent())
Response Body      : {"ResponseCode":"00","ResponseDescription":"Success - Berhasil melakukan flagging data","ResponseException":"","TanggalMulaiCovering":"01\/01\/1900","TanggalAkhirCovering":"01\/01\/1900","NomorPeserta":"202606126210126687000058","URLDokumenKepesertaan":"https:\/\/dev-brisurf.brins.co.id\/\/CovPr\/daeead5c9856d264","OriginalCoveringFlagSuccessDate":"17\/06\/2026 09:54:09"}
2026-06-17 09:54:09.924 DEBUG testcase.CovVal_26687                    - 8: markPassed("Post API FID 26687 berhasil ditambahkan dan data sesuai")
2026-06-17 09:54:09.925 DEBUG com.kms.katalon.core.util.KeywordUtil    - ✓ Post API FID 26687 berhasil ditambahkan dan data sesuai
2026-06-17 09:54:09.926 DEBUG testcase.CovVal_26687                    - 1: unikKey = data.getValue("ChannelUniqueKeyId", row)
2026-06-17 09:54:09.927 DEBUG testcase.CovVal_26687                    - 2: response = sendRequest(findTestObject("API/Posts/CoveringFlag/CovFlag_26687", ["ChannelUniqueKeyId":unikKey]))
2026-06-17 09:54:10.771 INFO  c.k.k.core.webservice.common.HarLogger   - HAR: C:\Users\ACER\git\AutoAPI\Reports\20260617_094815\API\Pembukuan\pembukuanAPI\20260617_094815\requests\main\CovFlag_26687_148.har
2026-06-17 09:54:10.773 DEBUG testcase.CovVal_26687                    - 3: println("==============================")
==============================
2026-06-17 09:54:10.773 DEBUG testcase.CovVal_26687                    - 4: println("Row                : " + row)
Row                : 46
2026-06-17 09:54:10.774 DEBUG testcase.CovVal_26687                    - 5: println("Channel Unique Key Id     : " + unikKey)
Channel Unique Key Id     : 1000000000000546
2026-06-17 09:54:10.774 DEBUG testcase.CovVal_26687                    - 6: println("HTTP Status        : " + response.getStatusCode())
HTTP Status        : 200
2026-06-17 09:54:10.775 DEBUG testcase.CovVal_26687                    - 7: println("Response Body      : " + response.getResponseBodyContent())
Response Body      : {"ResponseCode":"00","ResponseDescription":"Success - Berhasil melakukan flagging data","ResponseException":"","TanggalMulaiCovering":"01\/01\/1900","TanggalAkhirCovering":"01\/01\/1900","NomorPeserta":"202606126210126687000059","URLDokumenKepesertaan":"https:\/\/dev-brisurf.brins.co.id\/\/CovPr\/69c2af4cb04260c5","OriginalCoveringFlagSuccessDate":"17\/06\/2026 09:54:10"}
2026-06-17 09:54:10.775 DEBUG testcase.CovVal_26687                    - 8: markPassed("Post API FID 26687 berhasil ditambahkan dan data sesuai")
2026-06-17 09:54:10.776 DEBUG com.kms.katalon.core.util.KeywordUtil    - ✓ Post API FID 26687 berhasil ditambahkan dan data sesuai
2026-06-17 09:54:10.777 DEBUG testcase.CovVal_26687                    - 1: unikKey = data.getValue("ChannelUniqueKeyId", row)
2026-06-17 09:54:10.778 DEBUG testcase.CovVal_26687                    - 2: response = sendRequest(findTestObject("API/Posts/CoveringFlag/CovFlag_26687", ["ChannelUniqueKeyId":unikKey]))
2026-06-17 09:54:11.693 INFO  c.k.k.core.webservice.common.HarLogger   - HAR: C:\Users\ACER\git\AutoAPI\Reports\20260617_094815\API\Pembukuan\pembukuanAPI\20260617_094815\requests\main\CovFlag_26687_149.har
2026-06-17 09:54:11.695 DEBUG testcase.CovVal_26687                    - 3: println("==============================")
==============================
2026-06-17 09:54:11.695 DEBUG testcase.CovVal_26687                    - 4: println("Row                : " + row)
Row                : 47
2026-06-17 09:54:11.696 DEBUG testcase.CovVal_26687                    - 5: println("Channel Unique Key Id     : " + unikKey)
Channel Unique Key Id     : 1000000000000547
2026-06-17 09:54:11.699 DEBUG testcase.CovVal_26687                    - 6: println("HTTP Status        : " + response.getStatusCode())
HTTP Status        : 200
2026-06-17 09:54:11.700 DEBUG testcase.CovVal_26687                    - 7: println("Response Body      : " + response.getResponseBodyContent())
Response Body      : {"ResponseCode":"00","ResponseDescription":"Success - Berhasil melakukan flagging data","ResponseException":"","TanggalMulaiCovering":"01\/01\/1900","TanggalAkhirCovering":"01\/01\/1900","NomorPeserta":"202606126210126687000060","URLDokumenKepesertaan":"https:\/\/dev-brisurf.brins.co.id\/\/CovPr\/3c18edb505e57662","OriginalCoveringFlagSuccessDate":"17\/06\/2026 09:54:10"}
2026-06-17 09:54:11.700 DEBUG testcase.CovVal_26687                    - 8: markPassed("Post API FID 26687 berhasil ditambahkan dan data sesuai")
2026-06-17 09:54:11.701 DEBUG com.kms.katalon.core.util.KeywordUtil    - ✓ Post API FID 26687 berhasil ditambahkan dan data sesuai
2026-06-17 09:54:11.702 DEBUG testcase.CovVal_26687                    - 1: unikKey = data.getValue("ChannelUniqueKeyId", row)
2026-06-17 09:54:11.703 DEBUG testcase.CovVal_26687                    - 2: response = sendRequest(findTestObject("API/Posts/CoveringFlag/CovFlag_26687", ["ChannelUniqueKeyId":unikKey]))
2026-06-17 09:54:12.551 INFO  c.k.k.core.webservice.common.HarLogger   - HAR: C:\Users\ACER\git\AutoAPI\Reports\20260617_094815\API\Pembukuan\pembukuanAPI\20260617_094815\requests\main\CovFlag_26687_150.har
2026-06-17 09:54:12.553 DEBUG testcase.CovVal_26687                    - 3: println("==============================")
==============================
2026-06-17 09:54:12.554 DEBUG testcase.CovVal_26687                    - 4: println("Row                : " + row)
Row                : 48
2026-06-17 09:54:12.555 DEBUG testcase.CovVal_26687                    - 5: println("Channel Unique Key Id     : " + unikKey)
Channel Unique Key Id     : 1000000000000548
2026-06-17 09:54:12.556 DEBUG testcase.CovVal_26687                    - 6: println("HTTP Status        : " + response.getStatusCode())
HTTP Status        : 200
2026-06-17 09:54:12.556 DEBUG testcase.CovVal_26687                    - 7: println("Response Body      : " + response.getResponseBodyContent())
Response Body      : {"ResponseCode":"00","ResponseDescription":"Success - Berhasil melakukan flagging data","ResponseException":"","TanggalMulaiCovering":"01\/01\/1900","TanggalAkhirCovering":"01\/01\/1900","NomorPeserta":"202606126210126687000061","URLDokumenKepesertaan":"https:\/\/dev-brisurf.brins.co.id\/\/CovPr\/98438bd8d9c661e0","OriginalCoveringFlagSuccessDate":"17\/06\/2026 09:54:11"}
2026-06-17 09:54:12.557 DEBUG testcase.CovVal_26687                    - 8: markPassed("Post API FID 26687 berhasil ditambahkan dan data sesuai")
2026-06-17 09:54:12.557 DEBUG com.kms.katalon.core.util.KeywordUtil    - ✓ Post API FID 26687 berhasil ditambahkan dan data sesuai
2026-06-17 09:54:12.558 DEBUG testcase.CovVal_26687                    - 1: unikKey = data.getValue("ChannelUniqueKeyId", row)
2026-06-17 09:54:12.559 DEBUG testcase.CovVal_26687                    - 2: response = sendRequest(findTestObject("API/Posts/CoveringFlag/CovFlag_26687", ["ChannelUniqueKeyId":unikKey]))
2026-06-17 09:54:13.434 INFO  c.k.k.core.webservice.common.HarLogger   - HAR: C:\Users\ACER\git\AutoAPI\Reports\20260617_094815\API\Pembukuan\pembukuanAPI\20260617_094815\requests\main\CovFlag_26687_151.har
2026-06-17 09:54:13.437 DEBUG testcase.CovVal_26687                    - 3: println("==============================")
==============================
2026-06-17 09:54:13.437 DEBUG testcase.CovVal_26687                    - 4: println("Row                : " + row)
Row                : 49
2026-06-17 09:54:13.438 DEBUG testcase.CovVal_26687                    - 5: println("Channel Unique Key Id     : " + unikKey)
Channel Unique Key Id     : 1000000000000549
2026-06-17 09:54:13.439 DEBUG testcase.CovVal_26687                    - 6: println("HTTP Status        : " + response.getStatusCode())
HTTP Status        : 200
2026-06-17 09:54:13.439 DEBUG testcase.CovVal_26687                    - 7: println("Response Body      : " + response.getResponseBodyContent())
Response Body      : {"ResponseCode":"00","ResponseDescription":"Success - Berhasil melakukan flagging data","ResponseException":"","TanggalMulaiCovering":"01\/01\/1900","TanggalAkhirCovering":"01\/01\/1900","NomorPeserta":"202606126210126687000062","URLDokumenKepesertaan":"https:\/\/dev-brisurf.brins.co.id\/\/CovPr\/9e593518a692a8d2","OriginalCoveringFlagSuccessDate":"17\/06\/2026 09:54:12"}
2026-06-17 09:54:13.440 DEBUG testcase.CovVal_26687                    - 8: markPassed("Post API FID 26687 berhasil ditambahkan dan data sesuai")
2026-06-17 09:54:13.440 DEBUG com.kms.katalon.core.util.KeywordUtil    - ✓ Post API FID 26687 berhasil ditambahkan dan data sesuai
2026-06-17 09:54:13.441 DEBUG testcase.CovVal_26687                    - 1: unikKey = data.getValue("ChannelUniqueKeyId", row)
2026-06-17 09:54:13.441 DEBUG testcase.CovVal_26687                    - 2: response = sendRequest(findTestObject("API/Posts/CoveringFlag/CovFlag_26687", ["ChannelUniqueKeyId":unikKey]))
2026-06-17 09:54:14.354 INFO  c.k.k.core.webservice.common.HarLogger   - HAR: C:\Users\ACER\git\AutoAPI\Reports\20260617_094815\API\Pembukuan\pembukuanAPI\20260617_094815\requests\main\CovFlag_26687_152.har
2026-06-17 09:54:14.357 DEBUG testcase.CovVal_26687                    - 3: println("==============================")
==============================
2026-06-17 09:54:14.358 DEBUG testcase.CovVal_26687                    - 4: println("Row                : " + row)
Row                : 50
2026-06-17 09:54:14.359 DEBUG testcase.CovVal_26687                    - 5: println("Channel Unique Key Id     : " + unikKey)
Channel Unique Key Id     : 1000000000000550
2026-06-17 09:54:14.360 DEBUG testcase.CovVal_26687                    - 6: println("HTTP Status        : " + response.getStatusCode())
HTTP Status        : 200
2026-06-17 09:54:14.361 DEBUG testcase.CovVal_26687                    - 7: println("Response Body      : " + response.getResponseBodyContent())
Response Body      : {"ResponseCode":"00","ResponseDescription":"Success - Berhasil melakukan flagging data","ResponseException":"","TanggalMulaiCovering":"01\/01\/1900","TanggalAkhirCovering":"01\/01\/1900","NomorPeserta":"202606126210126687000063","URLDokumenKepesertaan":"https:\/\/dev-brisurf.brins.co.id\/\/CovPr\/f8841ec0fb52b56c","OriginalCoveringFlagSuccessDate":"17\/06\/2026 09:54:13"}
2026-06-17 09:54:14.362 DEBUG testcase.CovVal_26687                    - 8: markPassed("Post API FID 26687 berhasil ditambahkan dan data sesuai")
2026-06-17 09:54:14.365 DEBUG com.kms.katalon.core.util.KeywordUtil    - ✓ Post API FID 26687 berhasil ditambahkan dan data sesuai
2026-06-17 09:54:14.366 DEBUG testcase.CovVal_26687                    - 1: unikKey = data.getValue("ChannelUniqueKeyId", row)
2026-06-17 09:54:14.367 DEBUG testcase.CovVal_26687                    - 2: response = sendRequest(findTestObject("API/Posts/CoveringFlag/CovFlag_26687", ["ChannelUniqueKeyId":unikKey]))
2026-06-17 09:54:15.174 INFO  c.k.k.core.webservice.common.HarLogger   - HAR: C:\Users\ACER\git\AutoAPI\Reports\20260617_094815\API\Pembukuan\pembukuanAPI\20260617_094815\requests\main\CovFlag_26687_153.har
2026-06-17 09:54:15.176 DEBUG testcase.CovVal_26687                    - 3: println("==============================")
==============================
2026-06-17 09:54:15.177 DEBUG testcase.CovVal_26687                    - 4: println("Row                : " + row)
Row                : 51
2026-06-17 09:54:15.177 DEBUG testcase.CovVal_26687                    - 5: println("Channel Unique Key Id     : " + unikKey)
Channel Unique Key Id     : 1000000000000551
2026-06-17 09:54:15.178 DEBUG testcase.CovVal_26687                    - 6: println("HTTP Status        : " + response.getStatusCode())
HTTP Status        : 200
2026-06-17 09:54:15.178 DEBUG testcase.CovVal_26687                    - 7: println("Response Body      : " + response.getResponseBodyContent())
Response Body      : {"ResponseCode":"00","ResponseDescription":"Success - Berhasil melakukan flagging data","ResponseException":"","TanggalMulaiCovering":"01\/01\/1900","TanggalAkhirCovering":"01\/01\/1900","NomorPeserta":"202606126210126687000064","URLDokumenKepesertaan":"https:\/\/dev-brisurf.brins.co.id\/\/CovPr\/63a564cf55217c52","OriginalCoveringFlagSuccessDate":"17\/06\/2026 09:54:14"}
2026-06-17 09:54:15.181 DEBUG testcase.CovVal_26687                    - 8: markPassed("Post API FID 26687 berhasil ditambahkan dan data sesuai")
2026-06-17 09:54:15.182 DEBUG com.kms.katalon.core.util.KeywordUtil    - ✓ Post API FID 26687 berhasil ditambahkan dan data sesuai
2026-06-17 09:54:15.182 DEBUG testcase.CovVal_26687                    - 1: unikKey = data.getValue("ChannelUniqueKeyId", row)
2026-06-17 09:54:15.183 DEBUG testcase.CovVal_26687                    - 2: response = sendRequest(findTestObject("API/Posts/CoveringFlag/CovFlag_26687", ["ChannelUniqueKeyId":unikKey]))
2026-06-17 09:54:16.095 INFO  c.k.k.core.webservice.common.HarLogger   - HAR: C:\Users\ACER\git\AutoAPI\Reports\20260617_094815\API\Pembukuan\pembukuanAPI\20260617_094815\requests\main\CovFlag_26687_154.har
2026-06-17 09:54:16.100 DEBUG testcase.CovVal_26687                    - 3: println("==============================")
==============================
2026-06-17 09:54:16.101 DEBUG testcase.CovVal_26687                    - 4: println("Row                : " + row)
Row                : 52
2026-06-17 09:54:16.102 DEBUG testcase.CovVal_26687                    - 5: println("Channel Unique Key Id     : " + unikKey)
Channel Unique Key Id     : 1000000000000552
2026-06-17 09:54:16.102 DEBUG testcase.CovVal_26687                    - 6: println("HTTP Status        : " + response.getStatusCode())
HTTP Status        : 200
2026-06-17 09:54:16.104 DEBUG testcase.CovVal_26687                    - 7: println("Response Body      : " + response.getResponseBodyContent())
Response Body      : {"ResponseCode":"00","ResponseDescription":"Success - Berhasil melakukan flagging data","ResponseException":"","TanggalMulaiCovering":"01\/01\/1900","TanggalAkhirCovering":"01\/01\/1900","NomorPeserta":"202606126210126687000065","URLDokumenKepesertaan":"https:\/\/dev-brisurf.brins.co.id\/\/CovPr\/c67239d565d9b961","OriginalCoveringFlagSuccessDate":"17\/06\/2026 09:54:15"}
2026-06-17 09:54:16.105 DEBUG testcase.CovVal_26687                    - 8: markPassed("Post API FID 26687 berhasil ditambahkan dan data sesuai")
2026-06-17 09:54:16.106 DEBUG com.kms.katalon.core.util.KeywordUtil    - ✓ Post API FID 26687 berhasil ditambahkan dan data sesuai
2026-06-17 09:54:16.106 DEBUG testcase.CovVal_26687                    - 1: unikKey = data.getValue("ChannelUniqueKeyId", row)
2026-06-17 09:54:16.107 DEBUG testcase.CovVal_26687                    - 2: response = sendRequest(findTestObject("API/Posts/CoveringFlag/CovFlag_26687", ["ChannelUniqueKeyId":unikKey]))
2026-06-17 09:54:17.393 INFO  c.k.k.core.webservice.common.HarLogger   - HAR: C:\Users\ACER\git\AutoAPI\Reports\20260617_094815\API\Pembukuan\pembukuanAPI\20260617_094815\requests\main\CovFlag_26687_155.har
2026-06-17 09:54:17.397 DEBUG testcase.CovVal_26687                    - 3: println("==============================")
==============================
2026-06-17 09:54:17.398 DEBUG testcase.CovVal_26687                    - 4: println("Row                : " + row)
Row                : 53
2026-06-17 09:54:17.399 DEBUG testcase.CovVal_26687                    - 5: println("Channel Unique Key Id     : " + unikKey)
Channel Unique Key Id     : 1000000000000553
2026-06-17 09:54:17.399 DEBUG testcase.CovVal_26687                    - 6: println("HTTP Status        : " + response.getStatusCode())
HTTP Status        : 200
2026-06-17 09:54:17.400 DEBUG testcase.CovVal_26687                    - 7: println("Response Body      : " + response.getResponseBodyContent())
Response Body      : {"ResponseCode":"00","ResponseDescription":"Success - Berhasil melakukan flagging data","ResponseException":"","TanggalMulaiCovering":"01\/01\/1900","TanggalAkhirCovering":"01\/01\/1900","NomorPeserta":"202606126210126687000066","URLDokumenKepesertaan":"https:\/\/dev-brisurf.brins.co.id\/\/CovPr\/7f1d5bbf1f7cbb35","OriginalCoveringFlagSuccessDate":"17\/06\/2026 09:54:16"}
2026-06-17 09:54:17.400 DEBUG testcase.CovVal_26687                    - 8: markPassed("Post API FID 26687 berhasil ditambahkan dan data sesuai")
2026-06-17 09:54:17.401 DEBUG com.kms.katalon.core.util.KeywordUtil    - ✓ Post API FID 26687 berhasil ditambahkan dan data sesuai
2026-06-17 09:54:17.401 DEBUG testcase.CovVal_26687                    - 1: unikKey = data.getValue("ChannelUniqueKeyId", row)
2026-06-17 09:54:17.402 DEBUG testcase.CovVal_26687                    - 2: response = sendRequest(findTestObject("API/Posts/CoveringFlag/CovFlag_26687", ["ChannelUniqueKeyId":unikKey]))
2026-06-17 09:54:18.348 INFO  c.k.k.core.webservice.common.HarLogger   - HAR: C:\Users\ACER\git\AutoAPI\Reports\20260617_094815\API\Pembukuan\pembukuanAPI\20260617_094815\requests\main\CovFlag_26687_156.har
2026-06-17 09:54:18.350 DEBUG testcase.CovVal_26687                    - 3: println("==============================")
==============================
2026-06-17 09:54:18.351 DEBUG testcase.CovVal_26687                    - 4: println("Row                : " + row)
Row                : 54
2026-06-17 09:54:18.351 DEBUG testcase.CovVal_26687                    - 5: println("Channel Unique Key Id     : " + unikKey)
Channel Unique Key Id     : 1000000000000554
2026-06-17 09:54:18.352 DEBUG testcase.CovVal_26687                    - 6: println("HTTP Status        : " + response.getStatusCode())
HTTP Status        : 200
2026-06-17 09:54:18.352 DEBUG testcase.CovVal_26687                    - 7: println("Response Body      : " + response.getResponseBodyContent())
Response Body      : {"ResponseCode":"00","ResponseDescription":"Success - Berhasil melakukan flagging data","ResponseException":"","TanggalMulaiCovering":"01\/01\/1900","TanggalAkhirCovering":"01\/01\/1900","NomorPeserta":"202606126210126687000067","URLDokumenKepesertaan":"https:\/\/dev-brisurf.brins.co.id\/\/CovPr\/732892db4c94891c","OriginalCoveringFlagSuccessDate":"17\/06\/2026 09:54:17"}
2026-06-17 09:54:18.353 DEBUG testcase.CovVal_26687                    - 8: markPassed("Post API FID 26687 berhasil ditambahkan dan data sesuai")
2026-06-17 09:54:18.353 DEBUG com.kms.katalon.core.util.KeywordUtil    - ✓ Post API FID 26687 berhasil ditambahkan dan data sesuai
2026-06-17 09:54:18.354 DEBUG testcase.CovVal_26687                    - 1: unikKey = data.getValue("ChannelUniqueKeyId", row)
2026-06-17 09:54:18.355 DEBUG testcase.CovVal_26687                    - 2: response = sendRequest(findTestObject("API/Posts/CoveringFlag/CovFlag_26687", ["ChannelUniqueKeyId":unikKey]))
2026-06-17 09:54:19.269 INFO  c.k.k.core.webservice.common.HarLogger   - HAR: C:\Users\ACER\git\AutoAPI\Reports\20260617_094815\API\Pembukuan\pembukuanAPI\20260617_094815\requests\main\CovFlag_26687_157.har
2026-06-17 09:54:19.272 DEBUG testcase.CovVal_26687                    - 3: println("==============================")
==============================
2026-06-17 09:54:19.273 DEBUG testcase.CovVal_26687                    - 4: println("Row                : " + row)
Row                : 55
2026-06-17 09:54:19.273 DEBUG testcase.CovVal_26687                    - 5: println("Channel Unique Key Id     : " + unikKey)
Channel Unique Key Id     : 1000000000000555
2026-06-17 09:54:19.274 DEBUG testcase.CovVal_26687                    - 6: println("HTTP Status        : " + response.getStatusCode())
HTTP Status        : 200
2026-06-17 09:54:19.274 DEBUG testcase.CovVal_26687                    - 7: println("Response Body      : " + response.getResponseBodyContent())
Response Body      : {"ResponseCode":"00","ResponseDescription":"Success - Berhasil melakukan flagging data","ResponseException":"","TanggalMulaiCovering":"01\/01\/1900","TanggalAkhirCovering":"01\/01\/1900","NomorPeserta":"202606126210126687000068","URLDokumenKepesertaan":"https:\/\/dev-brisurf.brins.co.id\/\/CovPr\/10711cf6741218b2","OriginalCoveringFlagSuccessDate":"17\/06\/2026 09:54:18"}
2026-06-17 09:54:19.275 DEBUG testcase.CovVal_26687                    - 8: markPassed("Post API FID 26687 berhasil ditambahkan dan data sesuai")
2026-06-17 09:54:19.276 DEBUG com.kms.katalon.core.util.KeywordUtil    - ✓ Post API FID 26687 berhasil ditambahkan dan data sesuai
2026-06-17 09:54:19.276 DEBUG testcase.CovVal_26687                    - 1: unikKey = data.getValue("ChannelUniqueKeyId", row)
2026-06-17 09:54:19.277 DEBUG testcase.CovVal_26687                    - 2: response = sendRequest(findTestObject("API/Posts/CoveringFlag/CovFlag_26687", ["ChannelUniqueKeyId":unikKey]))
2026-06-17 09:54:20.163 INFO  c.k.k.core.webservice.common.HarLogger   - HAR: C:\Users\ACER\git\AutoAPI\Reports\20260617_094815\API\Pembukuan\pembukuanAPI\20260617_094815\requests\main\CovFlag_26687_158.har
2026-06-17 09:54:20.165 DEBUG testcase.CovVal_26687                    - 3: println("==============================")
==============================
2026-06-17 09:54:20.166 DEBUG testcase.CovVal_26687                    - 4: println("Row                : " + row)
Row                : 56
2026-06-17 09:54:20.166 DEBUG testcase.CovVal_26687                    - 5: println("Channel Unique Key Id     : " + unikKey)
Channel Unique Key Id     : 1000000000000556
2026-06-17 09:54:20.167 DEBUG testcase.CovVal_26687                    - 6: println("HTTP Status        : " + response.getStatusCode())
HTTP Status        : 200
2026-06-17 09:54:20.168 DEBUG testcase.CovVal_26687                    - 7: println("Response Body      : " + response.getResponseBodyContent())
Response Body      : {"ResponseCode":"00","ResponseDescription":"Success - Berhasil melakukan flagging data","ResponseException":"","TanggalMulaiCovering":"01\/01\/1900","TanggalAkhirCovering":"01\/01\/1900","NomorPeserta":"202606126210126687000069","URLDokumenKepesertaan":"https:\/\/dev-brisurf.brins.co.id\/\/CovPr\/f106f53926dd3ce5","OriginalCoveringFlagSuccessDate":"17\/06\/2026 09:54:19"}
2026-06-17 09:54:20.169 DEBUG testcase.CovVal_26687                    - 8: markPassed("Post API FID 26687 berhasil ditambahkan dan data sesuai")
2026-06-17 09:54:20.170 DEBUG com.kms.katalon.core.util.KeywordUtil    - ✓ Post API FID 26687 berhasil ditambahkan dan data sesuai
2026-06-17 09:54:20.170 DEBUG testcase.CovVal_26687                    - 1: unikKey = data.getValue("ChannelUniqueKeyId", row)
2026-06-17 09:54:20.171 DEBUG testcase.CovVal_26687                    - 2: response = sendRequest(findTestObject("API/Posts/CoveringFlag/CovFlag_26687", ["ChannelUniqueKeyId":unikKey]))
2026-06-17 09:54:21.013 INFO  c.k.k.core.webservice.common.HarLogger   - HAR: C:\Users\ACER\git\AutoAPI\Reports\20260617_094815\API\Pembukuan\pembukuanAPI\20260617_094815\requests\main\CovFlag_26687_159.har
2026-06-17 09:54:21.015 DEBUG testcase.CovVal_26687                    - 3: println("==============================")
==============================
2026-06-17 09:54:21.016 DEBUG testcase.CovVal_26687                    - 4: println("Row                : " + row)
Row                : 57
2026-06-17 09:54:21.017 DEBUG testcase.CovVal_26687                    - 5: println("Channel Unique Key Id     : " + unikKey)
Channel Unique Key Id     : 1000000000000557
2026-06-17 09:54:21.017 DEBUG testcase.CovVal_26687                    - 6: println("HTTP Status        : " + response.getStatusCode())
HTTP Status        : 200
2026-06-17 09:54:21.018 DEBUG testcase.CovVal_26687                    - 7: println("Response Body      : " + response.getResponseBodyContent())
Response Body      : {"ResponseCode":"00","ResponseDescription":"Success - Berhasil melakukan flagging data","ResponseException":"","TanggalMulaiCovering":"01\/01\/1900","TanggalAkhirCovering":"01\/01\/1900","NomorPeserta":"202606126210126687000070","URLDokumenKepesertaan":"https:\/\/dev-brisurf.brins.co.id\/\/CovPr\/73eb0835244cb907","OriginalCoveringFlagSuccessDate":"17\/06\/2026 09:54:20"}
2026-06-17 09:54:21.018 DEBUG testcase.CovVal_26687                    - 8: markPassed("Post API FID 26687 berhasil ditambahkan dan data sesuai")
2026-06-17 09:54:21.019 DEBUG com.kms.katalon.core.util.KeywordUtil    - ✓ Post API FID 26687 berhasil ditambahkan dan data sesuai
2026-06-17 09:54:21.020 DEBUG testcase.CovVal_26687                    - 1: unikKey = data.getValue("ChannelUniqueKeyId", row)
2026-06-17 09:54:21.020 DEBUG testcase.CovVal_26687                    - 2: response = sendRequest(findTestObject("API/Posts/CoveringFlag/CovFlag_26687", ["ChannelUniqueKeyId":unikKey]))
2026-06-17 09:54:21.932 INFO  c.k.k.core.webservice.common.HarLogger   - HAR: C:\Users\ACER\git\AutoAPI\Reports\20260617_094815\API\Pembukuan\pembukuanAPI\20260617_094815\requests\main\CovFlag_26687_160.har
2026-06-17 09:54:21.935 DEBUG testcase.CovVal_26687                    - 3: println("==============================")
==============================
2026-06-17 09:54:21.936 DEBUG testcase.CovVal_26687                    - 4: println("Row                : " + row)
Row                : 58
2026-06-17 09:54:21.937 DEBUG testcase.CovVal_26687                    - 5: println("Channel Unique Key Id     : " + unikKey)
Channel Unique Key Id     : 1000000000000558
2026-06-17 09:54:21.938 DEBUG testcase.CovVal_26687                    - 6: println("HTTP Status        : " + response.getStatusCode())
HTTP Status        : 200
2026-06-17 09:54:21.938 DEBUG testcase.CovVal_26687                    - 7: println("Response Body      : " + response.getResponseBodyContent())
Response Body      : {"ResponseCode":"00","ResponseDescription":"Success - Berhasil melakukan flagging data","ResponseException":"","TanggalMulaiCovering":"01\/01\/1900","TanggalAkhirCovering":"01\/01\/1900","NomorPeserta":"202606126210126687000071","URLDokumenKepesertaan":"https:\/\/dev-brisurf.brins.co.id\/\/CovPr\/bfe477c9bd0cc893","OriginalCoveringFlagSuccessDate":"17\/06\/2026 09:54:21"}
2026-06-17 09:54:21.939 DEBUG testcase.CovVal_26687                    - 8: markPassed("Post API FID 26687 berhasil ditambahkan dan data sesuai")
2026-06-17 09:54:21.940 DEBUG com.kms.katalon.core.util.KeywordUtil    - ✓ Post API FID 26687 berhasil ditambahkan dan data sesuai
2026-06-17 09:54:21.941 DEBUG testcase.CovVal_26687                    - 1: unikKey = data.getValue("ChannelUniqueKeyId", row)
2026-06-17 09:54:21.942 DEBUG testcase.CovVal_26687                    - 2: response = sendRequest(findTestObject("API/Posts/CoveringFlag/CovFlag_26687", ["ChannelUniqueKeyId":unikKey]))
2026-06-17 09:54:22.854 INFO  c.k.k.core.webservice.common.HarLogger   - HAR: C:\Users\ACER\git\AutoAPI\Reports\20260617_094815\API\Pembukuan\pembukuanAPI\20260617_094815\requests\main\CovFlag_26687_161.har
2026-06-17 09:54:22.856 DEBUG testcase.CovVal_26687                    - 3: println("==============================")
==============================
2026-06-17 09:54:22.857 DEBUG testcase.CovVal_26687                    - 4: println("Row                : " + row)
Row                : 59
2026-06-17 09:54:22.858 DEBUG testcase.CovVal_26687                    - 5: println("Channel Unique Key Id     : " + unikKey)
Channel Unique Key Id     : 1000000000000559
2026-06-17 09:54:22.859 DEBUG testcase.CovVal_26687                    - 6: println("HTTP Status        : " + response.getStatusCode())
HTTP Status        : 200
2026-06-17 09:54:22.859 DEBUG testcase.CovVal_26687                    - 7: println("Response Body      : " + response.getResponseBodyContent())
Response Body      : {"ResponseCode":"00","ResponseDescription":"Success - Berhasil melakukan flagging data","ResponseException":"","TanggalMulaiCovering":"01\/01\/1900","TanggalAkhirCovering":"01\/01\/1900","NomorPeserta":"202606126210126687000072","URLDokumenKepesertaan":"https:\/\/dev-brisurf.brins.co.id\/\/CovPr\/9e7a7cbdf2f37fe3","OriginalCoveringFlagSuccessDate":"17\/06\/2026 09:54:22"}
2026-06-17 09:54:22.862 DEBUG testcase.CovVal_26687                    - 8: markPassed("Post API FID 26687 berhasil ditambahkan dan data sesuai")
2026-06-17 09:54:22.862 DEBUG com.kms.katalon.core.util.KeywordUtil    - ✓ Post API FID 26687 berhasil ditambahkan dan data sesuai
2026-06-17 09:54:22.863 DEBUG testcase.CovVal_26687                    - 1: unikKey = data.getValue("ChannelUniqueKeyId", row)
2026-06-17 09:54:22.864 DEBUG testcase.CovVal_26687                    - 2: response = sendRequest(findTestObject("API/Posts/CoveringFlag/CovFlag_26687", ["ChannelUniqueKeyId":unikKey]))
2026-06-17 09:54:23.774 INFO  c.k.k.core.webservice.common.HarLogger   - HAR: C:\Users\ACER\git\AutoAPI\Reports\20260617_094815\API\Pembukuan\pembukuanAPI\20260617_094815\requests\main\CovFlag_26687_162.har
2026-06-17 09:54:23.778 DEBUG testcase.CovVal_26687                    - 3: println("==============================")
==============================
2026-06-17 09:54:23.779 DEBUG testcase.CovVal_26687                    - 4: println("Row                : " + row)
Row                : 60
2026-06-17 09:54:23.779 DEBUG testcase.CovVal_26687                    - 5: println("Channel Unique Key Id     : " + unikKey)
Channel Unique Key Id     : 1000000000000560
2026-06-17 09:54:23.780 DEBUG testcase.CovVal_26687                    - 6: println("HTTP Status        : " + response.getStatusCode())
HTTP Status        : 200
2026-06-17 09:54:23.780 DEBUG testcase.CovVal_26687                    - 7: println("Response Body      : " + response.getResponseBodyContent())
Response Body      : {"ResponseCode":"00","ResponseDescription":"Success - Berhasil melakukan flagging data","ResponseException":"","TanggalMulaiCovering":"01\/01\/1900","TanggalAkhirCovering":"01\/01\/1900","NomorPeserta":"202606126210126687000073","URLDokumenKepesertaan":"https:\/\/dev-brisurf.brins.co.id\/\/CovPr\/d42a5bee8f6e9127","OriginalCoveringFlagSuccessDate":"17\/06\/2026 09:54:23"}
2026-06-17 09:54:23.781 DEBUG testcase.CovVal_26687                    - 8: markPassed("Post API FID 26687 berhasil ditambahkan dan data sesuai")
2026-06-17 09:54:23.781 DEBUG com.kms.katalon.core.util.KeywordUtil    - ✓ Post API FID 26687 berhasil ditambahkan dan data sesuai
2026-06-17 09:54:23.782 DEBUG testcase.CovVal_26687                    - 1: unikKey = data.getValue("ChannelUniqueKeyId", row)
2026-06-17 09:54:23.782 DEBUG testcase.CovVal_26687                    - 2: response = sendRequest(findTestObject("API/Posts/CoveringFlag/CovFlag_26687", ["ChannelUniqueKeyId":unikKey]))
2026-06-17 09:54:24.800 INFO  c.k.k.core.webservice.common.HarLogger   - HAR: C:\Users\ACER\git\AutoAPI\Reports\20260617_094815\API\Pembukuan\pembukuanAPI\20260617_094815\requests\main\CovFlag_26687_163.har
2026-06-17 09:54:24.801 DEBUG testcase.CovVal_26687                    - 3: println("==============================")
==============================
2026-06-17 09:54:24.802 DEBUG testcase.CovVal_26687                    - 4: println("Row                : " + row)
Row                : 61
2026-06-17 09:54:24.803 DEBUG testcase.CovVal_26687                    - 5: println("Channel Unique Key Id     : " + unikKey)
Channel Unique Key Id     : 1000000000000561
2026-06-17 09:54:24.804 DEBUG testcase.CovVal_26687                    - 6: println("HTTP Status        : " + response.getStatusCode())
HTTP Status        : 200
2026-06-17 09:54:24.805 DEBUG testcase.CovVal_26687                    - 7: println("Response Body      : " + response.getResponseBodyContent())
Response Body      : {"ResponseCode":"00","ResponseDescription":"Success - Berhasil melakukan flagging data","ResponseException":"","TanggalMulaiCovering":"01\/01\/1900","TanggalAkhirCovering":"01\/01\/1900","NomorPeserta":"202606126210126687000074","URLDokumenKepesertaan":"https:\/\/dev-brisurf.brins.co.id\/\/CovPr\/13dc57b1a5ae825f","OriginalCoveringFlagSuccessDate":"17\/06\/2026 09:54:23"}
2026-06-17 09:54:24.805 DEBUG testcase.CovVal_26687                    - 8: markPassed("Post API FID 26687 berhasil ditambahkan dan data sesuai")
2026-06-17 09:54:24.806 DEBUG com.kms.katalon.core.util.KeywordUtil    - ✓ Post API FID 26687 berhasil ditambahkan dan data sesuai
2026-06-17 09:54:24.807 DEBUG testcase.CovVal_26687                    - 1: unikKey = data.getValue("ChannelUniqueKeyId", row)
2026-06-17 09:54:24.807 DEBUG testcase.CovVal_26687                    - 2: response = sendRequest(findTestObject("API/Posts/CoveringFlag/CovFlag_26687", ["ChannelUniqueKeyId":unikKey]))
2026-06-17 09:54:25.618 INFO  c.k.k.core.webservice.common.HarLogger   - HAR: C:\Users\ACER\git\AutoAPI\Reports\20260617_094815\API\Pembukuan\pembukuanAPI\20260617_094815\requests\main\CovFlag_26687_164.har
2026-06-17 09:54:25.620 DEBUG testcase.CovVal_26687                    - 3: println("==============================")
==============================
2026-06-17 09:54:25.621 DEBUG testcase.CovVal_26687                    - 4: println("Row                : " + row)
Row                : 62
2026-06-17 09:54:25.621 DEBUG testcase.CovVal_26687                    - 5: println("Channel Unique Key Id     : " + unikKey)
Channel Unique Key Id     : 1000000000000562
2026-06-17 09:54:25.622 DEBUG testcase.CovVal_26687                    - 6: println("HTTP Status        : " + response.getStatusCode())
HTTP Status        : 200
2026-06-17 09:54:25.623 DEBUG testcase.CovVal_26687                    - 7: println("Response Body      : " + response.getResponseBodyContent())
Response Body      : {"ResponseCode":"00","ResponseDescription":"Success - Berhasil melakukan flagging data","ResponseException":"","TanggalMulaiCovering":"01\/01\/1900","TanggalAkhirCovering":"01\/01\/1900","NomorPeserta":"202606126210126687000075","URLDokumenKepesertaan":"https:\/\/dev-brisurf.brins.co.id\/\/CovPr\/1ed12ccf004d5e63","OriginalCoveringFlagSuccessDate":"17\/06\/2026 09:54:24"}
2026-06-17 09:54:25.624 DEBUG testcase.CovVal_26687                    - 8: markPassed("Post API FID 26687 berhasil ditambahkan dan data sesuai")
2026-06-17 09:54:25.624 DEBUG com.kms.katalon.core.util.KeywordUtil    - ✓ Post API FID 26687 berhasil ditambahkan dan data sesuai
2026-06-17 09:54:25.625 DEBUG testcase.CovVal_26687                    - 1: unikKey = data.getValue("ChannelUniqueKeyId", row)
2026-06-17 09:54:25.626 DEBUG testcase.CovVal_26687                    - 2: response = sendRequest(findTestObject("API/Posts/CoveringFlag/CovFlag_26687", ["ChannelUniqueKeyId":unikKey]))
2026-06-17 09:54:26.642 INFO  c.k.k.core.webservice.common.HarLogger   - HAR: C:\Users\ACER\git\AutoAPI\Reports\20260617_094815\API\Pembukuan\pembukuanAPI\20260617_094815\requests\main\CovFlag_26687_165.har
2026-06-17 09:54:26.646 DEBUG testcase.CovVal_26687                    - 3: println("==============================")
==============================
2026-06-17 09:54:26.647 DEBUG testcase.CovVal_26687                    - 4: println("Row                : " + row)
Row                : 63
2026-06-17 09:54:26.648 DEBUG testcase.CovVal_26687                    - 5: println("Channel Unique Key Id     : " + unikKey)
Channel Unique Key Id     : 1000000000000563
2026-06-17 09:54:26.649 DEBUG testcase.CovVal_26687                    - 6: println("HTTP Status        : " + response.getStatusCode())
HTTP Status        : 200
2026-06-17 09:54:26.650 DEBUG testcase.CovVal_26687                    - 7: println("Response Body      : " + response.getResponseBodyContent())
Response Body      : {"ResponseCode":"00","ResponseDescription":"Success - Berhasil melakukan flagging data","ResponseException":"","TanggalMulaiCovering":"01\/01\/1900","TanggalAkhirCovering":"01\/01\/1900","NomorPeserta":"202606126210126687000076","URLDokumenKepesertaan":"https:\/\/dev-brisurf.brins.co.id\/\/CovPr\/8a4303463d669c43","OriginalCoveringFlagSuccessDate":"17\/06\/2026 09:54:25"}
2026-06-17 09:54:26.651 DEBUG testcase.CovVal_26687                    - 8: markPassed("Post API FID 26687 berhasil ditambahkan dan data sesuai")
2026-06-17 09:54:26.651 DEBUG com.kms.katalon.core.util.KeywordUtil    - ✓ Post API FID 26687 berhasil ditambahkan dan data sesuai
2026-06-17 09:54:26.652 DEBUG testcase.CovVal_26687                    - 1: unikKey = data.getValue("ChannelUniqueKeyId", row)
2026-06-17 09:54:26.653 DEBUG testcase.CovVal_26687                    - 2: response = sendRequest(findTestObject("API/Posts/CoveringFlag/CovFlag_26687", ["ChannelUniqueKeyId":unikKey]))
2026-06-17 09:54:27.667 INFO  c.k.k.core.webservice.common.HarLogger   - HAR: C:\Users\ACER\git\AutoAPI\Reports\20260617_094815\API\Pembukuan\pembukuanAPI\20260617_094815\requests\main\CovFlag_26687_166.har
2026-06-17 09:54:27.669 DEBUG testcase.CovVal_26687                    - 3: println("==============================")
==============================
2026-06-17 09:54:27.669 DEBUG testcase.CovVal_26687                    - 4: println("Row                : " + row)
Row                : 64
2026-06-17 09:54:27.670 DEBUG testcase.CovVal_26687                    - 5: println("Channel Unique Key Id     : " + unikKey)
Channel Unique Key Id     : 1000000000000564
2026-06-17 09:54:27.670 DEBUG testcase.CovVal_26687                    - 6: println("HTTP Status        : " + response.getStatusCode())
HTTP Status        : 200
2026-06-17 09:54:27.671 DEBUG testcase.CovVal_26687                    - 7: println("Response Body      : " + response.getResponseBodyContent())
Response Body      : {"ResponseCode":"00","ResponseDescription":"Success - Berhasil melakukan flagging data","ResponseException":"","TanggalMulaiCovering":"01\/01\/1900","TanggalAkhirCovering":"01\/01\/1900","NomorPeserta":"202606126210126687000077","URLDokumenKepesertaan":"https:\/\/dev-brisurf.brins.co.id\/\/CovPr\/a097d37ad4b980cf","OriginalCoveringFlagSuccessDate":"17\/06\/2026 09:54:26"}
2026-06-17 09:54:27.672 DEBUG testcase.CovVal_26687                    - 8: markPassed("Post API FID 26687 berhasil ditambahkan dan data sesuai")
2026-06-17 09:54:27.672 DEBUG com.kms.katalon.core.util.KeywordUtil    - ✓ Post API FID 26687 berhasil ditambahkan dan data sesuai
2026-06-17 09:54:27.673 DEBUG testcase.CovVal_26687                    - 1: unikKey = data.getValue("ChannelUniqueKeyId", row)
2026-06-17 09:54:27.674 DEBUG testcase.CovVal_26687                    - 2: response = sendRequest(findTestObject("API/Posts/CoveringFlag/CovFlag_26687", ["ChannelUniqueKeyId":unikKey]))
2026-06-17 09:54:28.588 INFO  c.k.k.core.webservice.common.HarLogger   - HAR: C:\Users\ACER\git\AutoAPI\Reports\20260617_094815\API\Pembukuan\pembukuanAPI\20260617_094815\requests\main\CovFlag_26687_167.har
2026-06-17 09:54:28.590 DEBUG testcase.CovVal_26687                    - 3: println("==============================")
==============================
2026-06-17 09:54:28.591 DEBUG testcase.CovVal_26687                    - 4: println("Row                : " + row)
Row                : 65
2026-06-17 09:54:28.591 DEBUG testcase.CovVal_26687                    - 5: println("Channel Unique Key Id     : " + unikKey)
Channel Unique Key Id     : 1000000000000565
2026-06-17 09:54:28.592 DEBUG testcase.CovVal_26687                    - 6: println("HTTP Status        : " + response.getStatusCode())
HTTP Status        : 200
2026-06-17 09:54:28.595 DEBUG testcase.CovVal_26687                    - 7: println("Response Body      : " + response.getResponseBodyContent())
Response Body      : {"ResponseCode":"00","ResponseDescription":"Success - Berhasil melakukan flagging data","ResponseException":"","TanggalMulaiCovering":"01\/01\/1900","TanggalAkhirCovering":"01\/01\/1900","NomorPeserta":"202606126210126687000078","URLDokumenKepesertaan":"https:\/\/dev-brisurf.brins.co.id\/\/CovPr\/6034ad15f374a397","OriginalCoveringFlagSuccessDate":"17\/06\/2026 09:54:27"}
2026-06-17 09:54:28.595 DEBUG testcase.CovVal_26687                    - 8: markPassed("Post API FID 26687 berhasil ditambahkan dan data sesuai")
2026-06-17 09:54:28.596 DEBUG com.kms.katalon.core.util.KeywordUtil    - ✓ Post API FID 26687 berhasil ditambahkan dan data sesuai
2026-06-17 09:54:28.596 DEBUG testcase.CovVal_26687                    - 1: unikKey = data.getValue("ChannelUniqueKeyId", row)
2026-06-17 09:54:28.597 DEBUG testcase.CovVal_26687                    - 2: response = sendRequest(findTestObject("API/Posts/CoveringFlag/CovFlag_26687", ["ChannelUniqueKeyId":unikKey]))
2026-06-17 09:54:29.407 INFO  c.k.k.core.webservice.common.HarLogger   - HAR: C:\Users\ACER\git\AutoAPI\Reports\20260617_094815\API\Pembukuan\pembukuanAPI\20260617_094815\requests\main\CovFlag_26687_168.har
2026-06-17 09:54:29.411 DEBUG testcase.CovVal_26687                    - 3: println("==============================")
==============================
2026-06-17 09:54:29.411 DEBUG testcase.CovVal_26687                    - 4: println("Row                : " + row)
Row                : 66
2026-06-17 09:54:29.412 DEBUG testcase.CovVal_26687                    - 5: println("Channel Unique Key Id     : " + unikKey)
Channel Unique Key Id     : 1000000000000566
2026-06-17 09:54:29.412 DEBUG testcase.CovVal_26687                    - 6: println("HTTP Status        : " + response.getStatusCode())
HTTP Status        : 200
2026-06-17 09:54:29.413 DEBUG testcase.CovVal_26687                    - 7: println("Response Body      : " + response.getResponseBodyContent())
Response Body      : {"ResponseCode":"00","ResponseDescription":"Success - Berhasil melakukan flagging data","ResponseException":"","TanggalMulaiCovering":"01\/01\/1900","TanggalAkhirCovering":"01\/01\/1900","NomorPeserta":"202606126210126687000079","URLDokumenKepesertaan":"https:\/\/dev-brisurf.brins.co.id\/\/CovPr\/b6110c04d6f05ff3","OriginalCoveringFlagSuccessDate":"17\/06\/2026 09:54:28"}
2026-06-17 09:54:29.413 DEBUG testcase.CovVal_26687                    - 8: markPassed("Post API FID 26687 berhasil ditambahkan dan data sesuai")
2026-06-17 09:54:29.414 DEBUG com.kms.katalon.core.util.KeywordUtil    - ✓ Post API FID 26687 berhasil ditambahkan dan data sesuai
2026-06-17 09:54:29.414 DEBUG testcase.CovVal_26687                    - 1: unikKey = data.getValue("ChannelUniqueKeyId", row)
2026-06-17 09:54:29.415 DEBUG testcase.CovVal_26687                    - 2: response = sendRequest(findTestObject("API/Posts/CoveringFlag/CovFlag_26687", ["ChannelUniqueKeyId":unikKey]))
2026-06-17 09:54:30.328 INFO  c.k.k.core.webservice.common.HarLogger   - HAR: C:\Users\ACER\git\AutoAPI\Reports\20260617_094815\API\Pembukuan\pembukuanAPI\20260617_094815\requests\main\CovFlag_26687_169.har
2026-06-17 09:54:30.330 DEBUG testcase.CovVal_26687                    - 3: println("==============================")
==============================
2026-06-17 09:54:30.331 DEBUG testcase.CovVal_26687                    - 4: println("Row                : " + row)
Row                : 67
2026-06-17 09:54:30.332 DEBUG testcase.CovVal_26687                    - 5: println("Channel Unique Key Id     : " + unikKey)
Channel Unique Key Id     : 1000000000000567
2026-06-17 09:54:30.332 DEBUG testcase.CovVal_26687                    - 6: println("HTTP Status        : " + response.getStatusCode())
HTTP Status        : 200
2026-06-17 09:54:30.333 DEBUG testcase.CovVal_26687                    - 7: println("Response Body      : " + response.getResponseBodyContent())
Response Body      : {"ResponseCode":"00","ResponseDescription":"Success - Berhasil melakukan flagging data","ResponseException":"","TanggalMulaiCovering":"01\/01\/1900","TanggalAkhirCovering":"01\/01\/1900","NomorPeserta":"202606126210126687000080","URLDokumenKepesertaan":"https:\/\/dev-brisurf.brins.co.id\/\/CovPr\/eb2a997593793ad9","OriginalCoveringFlagSuccessDate":"17\/06\/2026 09:54:29"}
2026-06-17 09:54:30.334 DEBUG testcase.CovVal_26687                    - 8: markPassed("Post API FID 26687 berhasil ditambahkan dan data sesuai")
2026-06-17 09:54:30.334 DEBUG com.kms.katalon.core.util.KeywordUtil    - ✓ Post API FID 26687 berhasil ditambahkan dan data sesuai
2026-06-17 09:54:30.335 DEBUG testcase.CovVal_26687                    - 1: unikKey = data.getValue("ChannelUniqueKeyId", row)
2026-06-17 09:54:30.336 DEBUG testcase.CovVal_26687                    - 2: response = sendRequest(findTestObject("API/Posts/CoveringFlag/CovFlag_26687", ["ChannelUniqueKeyId":unikKey]))
2026-06-17 09:54:31.148 INFO  c.k.k.core.webservice.common.HarLogger   - HAR: C:\Users\ACER\git\AutoAPI\Reports\20260617_094815\API\Pembukuan\pembukuanAPI\20260617_094815\requests\main\CovFlag_26687_170.har
2026-06-17 09:54:31.150 DEBUG testcase.CovVal_26687                    - 3: println("==============================")
==============================
2026-06-17 09:54:31.151 DEBUG testcase.CovVal_26687                    - 4: println("Row                : " + row)
Row                : 68
2026-06-17 09:54:31.152 DEBUG testcase.CovVal_26687                    - 5: println("Channel Unique Key Id     : " + unikKey)
Channel Unique Key Id     : 1000000000000568
2026-06-17 09:54:31.153 DEBUG testcase.CovVal_26687                    - 6: println("HTTP Status        : " + response.getStatusCode())
HTTP Status        : 200
2026-06-17 09:54:31.154 DEBUG testcase.CovVal_26687                    - 7: println("Response Body      : " + response.getResponseBodyContent())
Response Body      : {"ResponseCode":"00","ResponseDescription":"Success - Berhasil melakukan flagging data","ResponseException":"","TanggalMulaiCovering":"01\/01\/1900","TanggalAkhirCovering":"01\/01\/1900","NomorPeserta":"202606126210126687000081","URLDokumenKepesertaan":"https:\/\/dev-brisurf.brins.co.id\/\/CovPr\/2973d597c0135221","OriginalCoveringFlagSuccessDate":"17\/06\/2026 09:54:30"}
2026-06-17 09:54:31.155 DEBUG testcase.CovVal_26687                    - 8: markPassed("Post API FID 26687 berhasil ditambahkan dan data sesuai")
2026-06-17 09:54:31.156 DEBUG com.kms.katalon.core.util.KeywordUtil    - ✓ Post API FID 26687 berhasil ditambahkan dan data sesuai
2026-06-17 09:54:31.157 DEBUG testcase.CovVal_26687                    - 1: unikKey = data.getValue("ChannelUniqueKeyId", row)
2026-06-17 09:54:31.158 DEBUG testcase.CovVal_26687                    - 2: response = sendRequest(findTestObject("API/Posts/CoveringFlag/CovFlag_26687", ["ChannelUniqueKeyId":unikKey]))
2026-06-17 09:54:32.069 INFO  c.k.k.core.webservice.common.HarLogger   - HAR: C:\Users\ACER\git\AutoAPI\Reports\20260617_094815\API\Pembukuan\pembukuanAPI\20260617_094815\requests\main\CovFlag_26687_171.har
2026-06-17 09:54:32.071 DEBUG testcase.CovVal_26687                    - 3: println("==============================")
==============================
2026-06-17 09:54:32.072 DEBUG testcase.CovVal_26687                    - 4: println("Row                : " + row)
Row                : 69
2026-06-17 09:54:32.072 DEBUG testcase.CovVal_26687                    - 5: println("Channel Unique Key Id     : " + unikKey)
Channel Unique Key Id     : 1000000000000569
2026-06-17 09:54:32.073 DEBUG testcase.CovVal_26687                    - 6: println("HTTP Status        : " + response.getStatusCode())
HTTP Status        : 200
2026-06-17 09:54:32.076 DEBUG testcase.CovVal_26687                    - 7: println("Response Body      : " + response.getResponseBodyContent())
Response Body      : {"ResponseCode":"00","ResponseDescription":"Success - Berhasil melakukan flagging data","ResponseException":"","TanggalMulaiCovering":"01\/01\/1900","TanggalAkhirCovering":"01\/01\/1900","NomorPeserta":"202606126210126687000082","URLDokumenKepesertaan":"https:\/\/dev-brisurf.brins.co.id\/\/CovPr\/dcc414539dc80cc0","OriginalCoveringFlagSuccessDate":"17\/06\/2026 09:54:31"}
2026-06-17 09:54:32.077 DEBUG testcase.CovVal_26687                    - 8: markPassed("Post API FID 26687 berhasil ditambahkan dan data sesuai")
2026-06-17 09:54:32.078 DEBUG com.kms.katalon.core.util.KeywordUtil    - ✓ Post API FID 26687 berhasil ditambahkan dan data sesuai
2026-06-17 09:54:32.079 DEBUG testcase.CovVal_26687                    - 1: unikKey = data.getValue("ChannelUniqueKeyId", row)
2026-06-17 09:54:32.079 DEBUG testcase.CovVal_26687                    - 2: response = sendRequest(findTestObject("API/Posts/CoveringFlag/CovFlag_26687", ["ChannelUniqueKeyId":unikKey]))
2026-06-17 09:54:32.983 INFO  c.k.k.core.webservice.common.HarLogger   - HAR: C:\Users\ACER\git\AutoAPI\Reports\20260617_094815\API\Pembukuan\pembukuanAPI\20260617_094815\requests\main\CovFlag_26687_172.har
2026-06-17 09:54:32.986 DEBUG testcase.CovVal_26687                    - 3: println("==============================")
==============================
2026-06-17 09:54:32.987 DEBUG testcase.CovVal_26687                    - 4: println("Row                : " + row)
Row                : 70
2026-06-17 09:54:32.988 DEBUG testcase.CovVal_26687                    - 5: println("Channel Unique Key Id     : " + unikKey)
Channel Unique Key Id     : 1000000000000570
2026-06-17 09:54:32.989 DEBUG testcase.CovVal_26687                    - 6: println("HTTP Status        : " + response.getStatusCode())
HTTP Status        : 200
2026-06-17 09:54:32.989 DEBUG testcase.CovVal_26687                    - 7: println("Response Body      : " + response.getResponseBodyContent())
Response Body      : {"ResponseCode":"00","ResponseDescription":"Success - Berhasil melakukan flagging data","ResponseException":"","TanggalMulaiCovering":"01\/01\/1900","TanggalAkhirCovering":"01\/01\/1900","NomorPeserta":"202606126210126687000083","URLDokumenKepesertaan":"https:\/\/dev-brisurf.brins.co.id\/\/CovPr\/29304a5cbf263216","OriginalCoveringFlagSuccessDate":"17\/06\/2026 09:54:32"}
2026-06-17 09:54:32.990 DEBUG testcase.CovVal_26687                    - 8: markPassed("Post API FID 26687 berhasil ditambahkan dan data sesuai")
2026-06-17 09:54:32.991 DEBUG com.kms.katalon.core.util.KeywordUtil    - ✓ Post API FID 26687 berhasil ditambahkan dan data sesuai
2026-06-17 09:54:32.996 DEBUG testcase.CovVal_26687                    - 1: unikKey = data.getValue("ChannelUniqueKeyId", row)
2026-06-17 09:54:32.997 DEBUG testcase.CovVal_26687                    - 2: response = sendRequest(findTestObject("API/Posts/CoveringFlag/CovFlag_26687", ["ChannelUniqueKeyId":unikKey]))
2026-06-17 09:54:33.810 INFO  c.k.k.core.webservice.common.HarLogger   - HAR: C:\Users\ACER\git\AutoAPI\Reports\20260617_094815\API\Pembukuan\pembukuanAPI\20260617_094815\requests\main\CovFlag_26687_173.har
2026-06-17 09:54:33.812 DEBUG testcase.CovVal_26687                    - 3: println("==============================")
==============================
2026-06-17 09:54:33.813 DEBUG testcase.CovVal_26687                    - 4: println("Row                : " + row)
Row                : 71
2026-06-17 09:54:33.814 DEBUG testcase.CovVal_26687                    - 5: println("Channel Unique Key Id     : " + unikKey)
Channel Unique Key Id     : 1000000000000571
2026-06-17 09:54:33.815 DEBUG testcase.CovVal_26687                    - 6: println("HTTP Status        : " + response.getStatusCode())
HTTP Status        : 200
2026-06-17 09:54:33.816 DEBUG testcase.CovVal_26687                    - 7: println("Response Body      : " + response.getResponseBodyContent())
Response Body      : {"ResponseCode":"00","ResponseDescription":"Success - Berhasil melakukan flagging data","ResponseException":"","TanggalMulaiCovering":"01\/01\/1900","TanggalAkhirCovering":"01\/01\/1900","NomorPeserta":"202606126210126687000084","URLDokumenKepesertaan":"https:\/\/dev-brisurf.brins.co.id\/\/CovPr\/4871793e616be9dc","OriginalCoveringFlagSuccessDate":"17\/06\/2026 09:54:33"}
2026-06-17 09:54:33.816 DEBUG testcase.CovVal_26687                    - 8: markPassed("Post API FID 26687 berhasil ditambahkan dan data sesuai")
2026-06-17 09:54:33.817 DEBUG com.kms.katalon.core.util.KeywordUtil    - ✓ Post API FID 26687 berhasil ditambahkan dan data sesuai
2026-06-17 09:54:33.817 DEBUG testcase.CovVal_26687                    - 1: unikKey = data.getValue("ChannelUniqueKeyId", row)
2026-06-17 09:54:33.818 DEBUG testcase.CovVal_26687                    - 2: response = sendRequest(findTestObject("API/Posts/CoveringFlag/CovFlag_26687", ["ChannelUniqueKeyId":unikKey]))
2026-06-17 09:54:34.621 INFO  c.k.k.core.webservice.common.HarLogger   - HAR: C:\Users\ACER\git\AutoAPI\Reports\20260617_094815\API\Pembukuan\pembukuanAPI\20260617_094815\requests\main\CovFlag_26687_174.har
2026-06-17 09:54:34.626 DEBUG testcase.CovVal_26687                    - 3: println("==============================")
==============================
2026-06-17 09:54:34.627 DEBUG testcase.CovVal_26687                    - 4: println("Row                : " + row)
Row                : 72
2026-06-17 09:54:34.628 DEBUG testcase.CovVal_26687                    - 5: println("Channel Unique Key Id     : " + unikKey)
Channel Unique Key Id     : 1000000000000572
2026-06-17 09:54:34.629 DEBUG testcase.CovVal_26687                    - 6: println("HTTP Status        : " + response.getStatusCode())
HTTP Status        : 200
2026-06-17 09:54:34.629 DEBUG testcase.CovVal_26687                    - 7: println("Response Body      : " + response.getResponseBodyContent())
Response Body      : {"ResponseCode":"00","ResponseDescription":"Success - Berhasil melakukan flagging data","ResponseException":"","TanggalMulaiCovering":"01\/01\/1900","TanggalAkhirCovering":"01\/01\/1900","NomorPeserta":"202606126210126687000085","URLDokumenKepesertaan":"https:\/\/dev-brisurf.brins.co.id\/\/CovPr\/70b33dd85d85bc8e","OriginalCoveringFlagSuccessDate":"17\/06\/2026 09:54:33"}
2026-06-17 09:54:34.630 DEBUG testcase.CovVal_26687                    - 8: markPassed("Post API FID 26687 berhasil ditambahkan dan data sesuai")
2026-06-17 09:54:34.631 DEBUG com.kms.katalon.core.util.KeywordUtil    - ✓ Post API FID 26687 berhasil ditambahkan dan data sesuai
2026-06-17 09:54:34.632 DEBUG testcase.CovVal_26687                    - 1: unikKey = data.getValue("ChannelUniqueKeyId", row)
2026-06-17 09:54:34.632 DEBUG testcase.CovVal_26687                    - 2: response = sendRequest(findTestObject("API/Posts/CoveringFlag/CovFlag_26687", ["ChannelUniqueKeyId":unikKey]))
2026-06-17 09:54:35.551 INFO  c.k.k.core.webservice.common.HarLogger   - HAR: C:\Users\ACER\git\AutoAPI\Reports\20260617_094815\API\Pembukuan\pembukuanAPI\20260617_094815\requests\main\CovFlag_26687_175.har
2026-06-17 09:54:35.554 DEBUG testcase.CovVal_26687                    - 3: println("==============================")
==============================
2026-06-17 09:54:35.555 DEBUG testcase.CovVal_26687                    - 4: println("Row                : " + row)
Row                : 73
2026-06-17 09:54:35.556 DEBUG testcase.CovVal_26687                    - 5: println("Channel Unique Key Id     : " + unikKey)
Channel Unique Key Id     : 1000000000000573
2026-06-17 09:54:35.559 DEBUG testcase.CovVal_26687                    - 6: println("HTTP Status        : " + response.getStatusCode())
HTTP Status        : 200
2026-06-17 09:54:35.560 DEBUG testcase.CovVal_26687                    - 7: println("Response Body      : " + response.getResponseBodyContent())
Response Body      : {"ResponseCode":"00","ResponseDescription":"Success - Berhasil melakukan flagging data","ResponseException":"","TanggalMulaiCovering":"01\/01\/1900","TanggalAkhirCovering":"01\/01\/1900","NomorPeserta":"202606126210126687000086","URLDokumenKepesertaan":"https:\/\/dev-brisurf.brins.co.id\/\/CovPr\/068df52a427ad730","OriginalCoveringFlagSuccessDate":"17\/06\/2026 09:54:34"}
2026-06-17 09:54:35.561 DEBUG testcase.CovVal_26687                    - 8: markPassed("Post API FID 26687 berhasil ditambahkan dan data sesuai")
2026-06-17 09:54:35.562 DEBUG com.kms.katalon.core.util.KeywordUtil    - ✓ Post API FID 26687 berhasil ditambahkan dan data sesuai
2026-06-17 09:54:35.562 DEBUG testcase.CovVal_26687                    - 1: unikKey = data.getValue("ChannelUniqueKeyId", row)
2026-06-17 09:54:35.563 DEBUG testcase.CovVal_26687                    - 2: response = sendRequest(findTestObject("API/Posts/CoveringFlag/CovFlag_26687", ["ChannelUniqueKeyId":unikKey]))
2026-06-17 09:54:36.472 INFO  c.k.k.core.webservice.common.HarLogger   - HAR: C:\Users\ACER\git\AutoAPI\Reports\20260617_094815\API\Pembukuan\pembukuanAPI\20260617_094815\requests\main\CovFlag_26687_176.har
2026-06-17 09:54:36.477 DEBUG testcase.CovVal_26687                    - 3: println("==============================")
==============================
2026-06-17 09:54:36.478 DEBUG testcase.CovVal_26687                    - 4: println("Row                : " + row)
Row                : 74
2026-06-17 09:54:36.478 DEBUG testcase.CovVal_26687                    - 5: println("Channel Unique Key Id     : " + unikKey)
Channel Unique Key Id     : 1000000000000574
2026-06-17 09:54:36.479 DEBUG testcase.CovVal_26687                    - 6: println("HTTP Status        : " + response.getStatusCode())
HTTP Status        : 200
2026-06-17 09:54:36.480 DEBUG testcase.CovVal_26687                    - 7: println("Response Body      : " + response.getResponseBodyContent())
Response Body      : {"ResponseCode":"00","ResponseDescription":"Success - Berhasil melakukan flagging data","ResponseException":"","TanggalMulaiCovering":"01\/01\/1900","TanggalAkhirCovering":"01\/01\/1900","NomorPeserta":"202606126210126687000087","URLDokumenKepesertaan":"https:\/\/dev-brisurf.brins.co.id\/\/CovPr\/e719d56cf53db476","OriginalCoveringFlagSuccessDate":"17\/06\/2026 09:54:35"}
2026-06-17 09:54:36.480 DEBUG testcase.CovVal_26687                    - 8: markPassed("Post API FID 26687 berhasil ditambahkan dan data sesuai")
2026-06-17 09:54:36.481 DEBUG com.kms.katalon.core.util.KeywordUtil    - ✓ Post API FID 26687 berhasil ditambahkan dan data sesuai
2026-06-17 09:54:36.483 DEBUG testcase.CovVal_26687                    - 1: unikKey = data.getValue("ChannelUniqueKeyId", row)
2026-06-17 09:54:36.484 DEBUG testcase.CovVal_26687                    - 2: response = sendRequest(findTestObject("API/Posts/CoveringFlag/CovFlag_26687", ["ChannelUniqueKeyId":unikKey]))
2026-06-17 09:54:37.394 INFO  c.k.k.core.webservice.common.HarLogger   - HAR: C:\Users\ACER\git\AutoAPI\Reports\20260617_094815\API\Pembukuan\pembukuanAPI\20260617_094815\requests\main\CovFlag_26687_177.har
2026-06-17 09:54:37.402 DEBUG testcase.CovVal_26687                    - 3: println("==============================")
==============================
2026-06-17 09:54:37.403 DEBUG testcase.CovVal_26687                    - 4: println("Row                : " + row)
Row                : 75
2026-06-17 09:54:37.403 DEBUG testcase.CovVal_26687                    - 5: println("Channel Unique Key Id     : " + unikKey)
Channel Unique Key Id     : 1000000000000575
2026-06-17 09:54:37.404 DEBUG testcase.CovVal_26687                    - 6: println("HTTP Status        : " + response.getStatusCode())
HTTP Status        : 200
2026-06-17 09:54:37.406 DEBUG testcase.CovVal_26687                    - 7: println("Response Body      : " + response.getResponseBodyContent())
Response Body      : {"ResponseCode":"00","ResponseDescription":"Success - Berhasil melakukan flagging data","ResponseException":"","TanggalMulaiCovering":"01\/01\/1900","TanggalAkhirCovering":"01\/01\/1900","NomorPeserta":"202606126210126687000088","URLDokumenKepesertaan":"https:\/\/dev-brisurf.brins.co.id\/\/CovPr\/752c52f2edd97104","OriginalCoveringFlagSuccessDate":"17\/06\/2026 09:54:36"}
2026-06-17 09:54:37.410 DEBUG testcase.CovVal_26687                    - 8: markPassed("Post API FID 26687 berhasil ditambahkan dan data sesuai")
2026-06-17 09:54:37.411 DEBUG com.kms.katalon.core.util.KeywordUtil    - ✓ Post API FID 26687 berhasil ditambahkan dan data sesuai
2026-06-17 09:54:37.412 DEBUG testcase.CovVal_26687                    - 1: unikKey = data.getValue("ChannelUniqueKeyId", row)
2026-06-17 09:54:37.413 DEBUG testcase.CovVal_26687                    - 2: response = sendRequest(findTestObject("API/Posts/CoveringFlag/CovFlag_26687", ["ChannelUniqueKeyId":unikKey]))
2026-06-17 09:54:38.201 INFO  c.k.k.core.webservice.common.HarLogger   - HAR: C:\Users\ACER\git\AutoAPI\Reports\20260617_094815\API\Pembukuan\pembukuanAPI\20260617_094815\requests\main\CovFlag_26687_178.har
2026-06-17 09:54:38.203 DEBUG testcase.CovVal_26687                    - 3: println("==============================")
==============================
2026-06-17 09:54:38.204 DEBUG testcase.CovVal_26687                    - 4: println("Row                : " + row)
Row                : 76
2026-06-17 09:54:38.205 DEBUG testcase.CovVal_26687                    - 5: println("Channel Unique Key Id     : " + unikKey)
Channel Unique Key Id     : 1000000000000576
2026-06-17 09:54:38.209 DEBUG testcase.CovVal_26687                    - 6: println("HTTP Status        : " + response.getStatusCode())
HTTP Status        : 200
2026-06-17 09:54:38.210 DEBUG testcase.CovVal_26687                    - 7: println("Response Body      : " + response.getResponseBodyContent())
Response Body      : {"ResponseCode":"00","ResponseDescription":"Success - Berhasil melakukan flagging data","ResponseException":"","TanggalMulaiCovering":"01\/01\/1900","TanggalAkhirCovering":"01\/01\/1900","NomorPeserta":"202606126210126687000089","URLDokumenKepesertaan":"https:\/\/dev-brisurf.brins.co.id\/\/CovPr\/6944f70f1afc827e","OriginalCoveringFlagSuccessDate":"17\/06\/2026 09:54:37"}
2026-06-17 09:54:38.210 DEBUG testcase.CovVal_26687                    - 8: markPassed("Post API FID 26687 berhasil ditambahkan dan data sesuai")
2026-06-17 09:54:38.211 DEBUG com.kms.katalon.core.util.KeywordUtil    - ✓ Post API FID 26687 berhasil ditambahkan dan data sesuai
2026-06-17 09:54:38.212 DEBUG testcase.CovVal_26687                    - 1: unikKey = data.getValue("ChannelUniqueKeyId", row)
2026-06-17 09:54:38.213 DEBUG testcase.CovVal_26687                    - 2: response = sendRequest(findTestObject("API/Posts/CoveringFlag/CovFlag_26687", ["ChannelUniqueKeyId":unikKey]))
2026-06-17 09:54:39.136 INFO  c.k.k.core.webservice.common.HarLogger   - HAR: C:\Users\ACER\git\AutoAPI\Reports\20260617_094815\API\Pembukuan\pembukuanAPI\20260617_094815\requests\main\CovFlag_26687_179.har
2026-06-17 09:54:39.138 DEBUG testcase.CovVal_26687                    - 3: println("==============================")
==============================
2026-06-17 09:54:39.139 DEBUG testcase.CovVal_26687                    - 4: println("Row                : " + row)
Row                : 77
2026-06-17 09:54:39.142 DEBUG testcase.CovVal_26687                    - 5: println("Channel Unique Key Id     : " + unikKey)
Channel Unique Key Id     : 1000000000000577
2026-06-17 09:54:39.143 DEBUG testcase.CovVal_26687                    - 6: println("HTTP Status        : " + response.getStatusCode())
HTTP Status        : 200
2026-06-17 09:54:39.143 DEBUG testcase.CovVal_26687                    - 7: println("Response Body      : " + response.getResponseBodyContent())
Response Body      : {"ResponseCode":"00","ResponseDescription":"Success - Berhasil melakukan flagging data","ResponseException":"","TanggalMulaiCovering":"01\/01\/1900","TanggalAkhirCovering":"01\/01\/1900","NomorPeserta":"202606126210126687000090","URLDokumenKepesertaan":"https:\/\/dev-brisurf.brins.co.id\/\/CovPr\/948ce8f1c1533258","OriginalCoveringFlagSuccessDate":"17\/06\/2026 09:54:38"}
2026-06-17 09:54:39.144 DEBUG testcase.CovVal_26687                    - 8: markPassed("Post API FID 26687 berhasil ditambahkan dan data sesuai")
2026-06-17 09:54:39.145 DEBUG com.kms.katalon.core.util.KeywordUtil    - ✓ Post API FID 26687 berhasil ditambahkan dan data sesuai
2026-06-17 09:54:39.146 DEBUG testcase.CovVal_26687                    - 1: unikKey = data.getValue("ChannelUniqueKeyId", row)
2026-06-17 09:54:39.147 DEBUG testcase.CovVal_26687                    - 2: response = sendRequest(findTestObject("API/Posts/CoveringFlag/CovFlag_26687", ["ChannelUniqueKeyId":unikKey]))
2026-06-17 09:54:40.058 INFO  c.k.k.core.webservice.common.HarLogger   - HAR: C:\Users\ACER\git\AutoAPI\Reports\20260617_094815\API\Pembukuan\pembukuanAPI\20260617_094815\requests\main\CovFlag_26687_180.har
2026-06-17 09:54:40.060 DEBUG testcase.CovVal_26687                    - 3: println("==============================")
==============================
2026-06-17 09:54:40.061 DEBUG testcase.CovVal_26687                    - 4: println("Row                : " + row)
Row                : 78
2026-06-17 09:54:40.061 DEBUG testcase.CovVal_26687                    - 5: println("Channel Unique Key Id     : " + unikKey)
Channel Unique Key Id     : 1000000000000578
2026-06-17 09:54:40.062 DEBUG testcase.CovVal_26687                    - 6: println("HTTP Status        : " + response.getStatusCode())
HTTP Status        : 200
2026-06-17 09:54:40.062 DEBUG testcase.CovVal_26687                    - 7: println("Response Body      : " + response.getResponseBodyContent())
Response Body      : {"ResponseCode":"00","ResponseDescription":"Success - Berhasil melakukan flagging data","ResponseException":"","TanggalMulaiCovering":"01\/01\/1900","TanggalAkhirCovering":"01\/01\/1900","NomorPeserta":"202606126210126687000091","URLDokumenKepesertaan":"https:\/\/dev-brisurf.brins.co.id\/\/CovPr\/ca43b2225dd43ce8","OriginalCoveringFlagSuccessDate":"17\/06\/2026 09:54:39"}
2026-06-17 09:54:40.063 DEBUG testcase.CovVal_26687                    - 8: markPassed("Post API FID 26687 berhasil ditambahkan dan data sesuai")
2026-06-17 09:54:40.064 DEBUG com.kms.katalon.core.util.KeywordUtil    - ✓ Post API FID 26687 berhasil ditambahkan dan data sesuai
2026-06-17 09:54:40.065 DEBUG testcase.CovVal_26687                    - 1: unikKey = data.getValue("ChannelUniqueKeyId", row)
2026-06-17 09:54:40.065 DEBUG testcase.CovVal_26687                    - 2: response = sendRequest(findTestObject("API/Posts/CoveringFlag/CovFlag_26687", ["ChannelUniqueKeyId":unikKey]))
2026-06-17 09:54:40.876 INFO  c.k.k.core.webservice.common.HarLogger   - HAR: C:\Users\ACER\git\AutoAPI\Reports\20260617_094815\API\Pembukuan\pembukuanAPI\20260617_094815\requests\main\CovFlag_26687_181.har
2026-06-17 09:54:40.878 DEBUG testcase.CovVal_26687                    - 3: println("==============================")
==============================
2026-06-17 09:54:40.878 DEBUG testcase.CovVal_26687                    - 4: println("Row                : " + row)
Row                : 79
2026-06-17 09:54:40.879 DEBUG testcase.CovVal_26687                    - 5: println("Channel Unique Key Id     : " + unikKey)
Channel Unique Key Id     : 1000000000000579
2026-06-17 09:54:40.880 DEBUG testcase.CovVal_26687                    - 6: println("HTTP Status        : " + response.getStatusCode())
HTTP Status        : 200
2026-06-17 09:54:40.880 DEBUG testcase.CovVal_26687                    - 7: println("Response Body      : " + response.getResponseBodyContent())
Response Body      : {"ResponseCode":"00","ResponseDescription":"Success - Berhasil melakukan flagging data","ResponseException":"","TanggalMulaiCovering":"01\/01\/1900","TanggalAkhirCovering":"01\/01\/1900","NomorPeserta":"202606126210126687000092","URLDokumenKepesertaan":"https:\/\/dev-brisurf.brins.co.id\/\/CovPr\/69d15c68f28707c9","OriginalCoveringFlagSuccessDate":"17\/06\/2026 09:54:40"}
2026-06-17 09:54:40.881 DEBUG testcase.CovVal_26687                    - 8: markPassed("Post API FID 26687 berhasil ditambahkan dan data sesuai")
2026-06-17 09:54:40.882 DEBUG com.kms.katalon.core.util.KeywordUtil    - ✓ Post API FID 26687 berhasil ditambahkan dan data sesuai
2026-06-17 09:54:40.882 DEBUG testcase.CovVal_26687                    - 1: unikKey = data.getValue("ChannelUniqueKeyId", row)
2026-06-17 09:54:40.883 DEBUG testcase.CovVal_26687                    - 2: response = sendRequest(findTestObject("API/Posts/CoveringFlag/CovFlag_26687", ["ChannelUniqueKeyId":unikKey]))
2026-06-17 09:54:42.106 INFO  c.k.k.core.webservice.common.HarLogger   - HAR: C:\Users\ACER\git\AutoAPI\Reports\20260617_094815\API\Pembukuan\pembukuanAPI\20260617_094815\requests\main\CovFlag_26687_182.har
2026-06-17 09:54:42.109 DEBUG testcase.CovVal_26687                    - 3: println("==============================")
==============================
2026-06-17 09:54:42.110 DEBUG testcase.CovVal_26687                    - 4: println("Row                : " + row)
Row                : 80
2026-06-17 09:54:42.111 DEBUG testcase.CovVal_26687                    - 5: println("Channel Unique Key Id     : " + unikKey)
Channel Unique Key Id     : 1000000000000580
2026-06-17 09:54:42.111 DEBUG testcase.CovVal_26687                    - 6: println("HTTP Status        : " + response.getStatusCode())
HTTP Status        : 200
2026-06-17 09:54:42.112 DEBUG testcase.CovVal_26687                    - 7: println("Response Body      : " + response.getResponseBodyContent())
Response Body      : {"ResponseCode":"00","ResponseDescription":"Success - Berhasil melakukan flagging data","ResponseException":"","TanggalMulaiCovering":"01\/01\/1900","TanggalAkhirCovering":"01\/01\/1900","NomorPeserta":"202606126210126687000093","URLDokumenKepesertaan":"https:\/\/dev-brisurf.brins.co.id\/\/CovPr\/b629f3fd8b97efd1","OriginalCoveringFlagSuccessDate":"17\/06\/2026 09:54:41"}
2026-06-17 09:54:42.113 DEBUG testcase.CovVal_26687                    - 8: markPassed("Post API FID 26687 berhasil ditambahkan dan data sesuai")
2026-06-17 09:54:42.114 DEBUG com.kms.katalon.core.util.KeywordUtil    - ✓ Post API FID 26687 berhasil ditambahkan dan data sesuai
2026-06-17 09:54:42.115 DEBUG testcase.CovVal_26687                    - 1: unikKey = data.getValue("ChannelUniqueKeyId", row)
2026-06-17 09:54:42.115 DEBUG testcase.CovVal_26687                    - 2: response = sendRequest(findTestObject("API/Posts/CoveringFlag/CovFlag_26687", ["ChannelUniqueKeyId":unikKey]))
2026-06-17 09:54:42.925 INFO  c.k.k.core.webservice.common.HarLogger   - HAR: C:\Users\ACER\git\AutoAPI\Reports\20260617_094815\API\Pembukuan\pembukuanAPI\20260617_094815\requests\main\CovFlag_26687_183.har
2026-06-17 09:54:42.927 DEBUG testcase.CovVal_26687                    - 3: println("==============================")
==============================
2026-06-17 09:54:42.928 DEBUG testcase.CovVal_26687                    - 4: println("Row                : " + row)
Row                : 81
2026-06-17 09:54:42.928 DEBUG testcase.CovVal_26687                    - 5: println("Channel Unique Key Id     : " + unikKey)
Channel Unique Key Id     : 1000000000000581
2026-06-17 09:54:42.929 DEBUG testcase.CovVal_26687                    - 6: println("HTTP Status        : " + response.getStatusCode())
HTTP Status        : 200
2026-06-17 09:54:42.929 DEBUG testcase.CovVal_26687                    - 7: println("Response Body      : " + response.getResponseBodyContent())
Response Body      : {"ResponseCode":"00","ResponseDescription":"Success - Berhasil melakukan flagging data","ResponseException":"","TanggalMulaiCovering":"01\/01\/1900","TanggalAkhirCovering":"01\/01\/1900","NomorPeserta":"202606126210126687000094","URLDokumenKepesertaan":"https:\/\/dev-brisurf.brins.co.id\/\/CovPr\/8036f77a0bac8541","OriginalCoveringFlagSuccessDate":"17\/06\/2026 09:54:42"}
2026-06-17 09:54:42.930 DEBUG testcase.CovVal_26687                    - 8: markPassed("Post API FID 26687 berhasil ditambahkan dan data sesuai")
2026-06-17 09:54:42.930 DEBUG com.kms.katalon.core.util.KeywordUtil    - ✓ Post API FID 26687 berhasil ditambahkan dan data sesuai
2026-06-17 09:54:42.931 DEBUG testcase.CovVal_26687                    - 1: unikKey = data.getValue("ChannelUniqueKeyId", row)
2026-06-17 09:54:42.932 DEBUG testcase.CovVal_26687                    - 2: response = sendRequest(findTestObject("API/Posts/CoveringFlag/CovFlag_26687", ["ChannelUniqueKeyId":unikKey]))
2026-06-17 09:54:43.825 INFO  c.k.k.core.webservice.common.HarLogger   - HAR: C:\Users\ACER\git\AutoAPI\Reports\20260617_094815\API\Pembukuan\pembukuanAPI\20260617_094815\requests\main\CovFlag_26687_184.har
2026-06-17 09:54:43.827 DEBUG testcase.CovVal_26687                    - 3: println("==============================")
==============================
2026-06-17 09:54:43.827 DEBUG testcase.CovVal_26687                    - 4: println("Row                : " + row)
Row                : 82
2026-06-17 09:54:43.828 DEBUG testcase.CovVal_26687                    - 5: println("Channel Unique Key Id     : " + unikKey)
Channel Unique Key Id     : 1000000000000582
2026-06-17 09:54:43.829 DEBUG testcase.CovVal_26687                    - 6: println("HTTP Status        : " + response.getStatusCode())
HTTP Status        : 200
2026-06-17 09:54:43.829 DEBUG testcase.CovVal_26687                    - 7: println("Response Body      : " + response.getResponseBodyContent())
Response Body      : {"ResponseCode":"00","ResponseDescription":"Success - Berhasil melakukan flagging data","ResponseException":"","TanggalMulaiCovering":"01\/01\/1900","TanggalAkhirCovering":"01\/01\/1900","NomorPeserta":"202606126210126687000095","URLDokumenKepesertaan":"https:\/\/dev-brisurf.brins.co.id\/\/CovPr\/96b447aea3219561","OriginalCoveringFlagSuccessDate":"17\/06\/2026 09:54:43"}
2026-06-17 09:54:43.830 DEBUG testcase.CovVal_26687                    - 8: markPassed("Post API FID 26687 berhasil ditambahkan dan data sesuai")
2026-06-17 09:54:43.830 DEBUG com.kms.katalon.core.util.KeywordUtil    - ✓ Post API FID 26687 berhasil ditambahkan dan data sesuai
2026-06-17 09:54:43.831 DEBUG testcase.CovVal_26687                    - 1: unikKey = data.getValue("ChannelUniqueKeyId", row)
2026-06-17 09:54:43.832 DEBUG testcase.CovVal_26687                    - 2: response = sendRequest(findTestObject("API/Posts/CoveringFlag/CovFlag_26687", ["ChannelUniqueKeyId":unikKey]))
2026-06-17 09:54:44.666 INFO  c.k.k.core.webservice.common.HarLogger   - HAR: C:\Users\ACER\git\AutoAPI\Reports\20260617_094815\API\Pembukuan\pembukuanAPI\20260617_094815\requests\main\CovFlag_26687_185.har
2026-06-17 09:54:44.668 DEBUG testcase.CovVal_26687                    - 3: println("==============================")
==============================
2026-06-17 09:54:44.669 DEBUG testcase.CovVal_26687                    - 4: println("Row                : " + row)
Row                : 83
2026-06-17 09:54:44.669 DEBUG testcase.CovVal_26687                    - 5: println("Channel Unique Key Id     : " + unikKey)
Channel Unique Key Id     : 1000000000000583
2026-06-17 09:54:44.670 DEBUG testcase.CovVal_26687                    - 6: println("HTTP Status        : " + response.getStatusCode())
HTTP Status        : 200
2026-06-17 09:54:44.670 DEBUG testcase.CovVal_26687                    - 7: println("Response Body      : " + response.getResponseBodyContent())
Response Body      : {"ResponseCode":"00","ResponseDescription":"Success - Berhasil melakukan flagging data","ResponseException":"","TanggalMulaiCovering":"01\/01\/1900","TanggalAkhirCovering":"01\/01\/1900","NomorPeserta":"202606126210126687000096","URLDokumenKepesertaan":"https:\/\/dev-brisurf.brins.co.id\/\/CovPr\/09ddd3e573ffdcd1","OriginalCoveringFlagSuccessDate":"17\/06\/2026 09:54:43"}
2026-06-17 09:54:44.673 DEBUG testcase.CovVal_26687                    - 8: markPassed("Post API FID 26687 berhasil ditambahkan dan data sesuai")
2026-06-17 09:54:44.674 DEBUG com.kms.katalon.core.util.KeywordUtil    - ✓ Post API FID 26687 berhasil ditambahkan dan data sesuai
2026-06-17 09:54:44.674 DEBUG testcase.CovVal_26687                    - 1: unikKey = data.getValue("ChannelUniqueKeyId", row)
2026-06-17 09:54:44.675 DEBUG testcase.CovVal_26687                    - 2: response = sendRequest(findTestObject("API/Posts/CoveringFlag/CovFlag_26687", ["ChannelUniqueKeyId":unikKey]))
2026-06-17 09:54:45.894 INFO  c.k.k.core.webservice.common.HarLogger   - HAR: C:\Users\ACER\git\AutoAPI\Reports\20260617_094815\API\Pembukuan\pembukuanAPI\20260617_094815\requests\main\CovFlag_26687_186.har
2026-06-17 09:54:45.897 DEBUG testcase.CovVal_26687                    - 3: println("==============================")
==============================
2026-06-17 09:54:45.898 DEBUG testcase.CovVal_26687                    - 4: println("Row                : " + row)
Row                : 84
2026-06-17 09:54:45.899 DEBUG testcase.CovVal_26687                    - 5: println("Channel Unique Key Id     : " + unikKey)
Channel Unique Key Id     : 1000000000000584
2026-06-17 09:54:45.899 DEBUG testcase.CovVal_26687                    - 6: println("HTTP Status        : " + response.getStatusCode())
HTTP Status        : 200
2026-06-17 09:54:45.900 DEBUG testcase.CovVal_26687                    - 7: println("Response Body      : " + response.getResponseBodyContent())
Response Body      : {"ResponseCode":"00","ResponseDescription":"Success - Berhasil melakukan flagging data","ResponseException":"","TanggalMulaiCovering":"01\/01\/1900","TanggalAkhirCovering":"01\/01\/1900","NomorPeserta":"202606126210126687000097","URLDokumenKepesertaan":"https:\/\/dev-brisurf.brins.co.id\/\/CovPr\/14c51902ce9339c9","OriginalCoveringFlagSuccessDate":"17\/06\/2026 09:54:44"}
2026-06-17 09:54:45.901 DEBUG testcase.CovVal_26687                    - 8: markPassed("Post API FID 26687 berhasil ditambahkan dan data sesuai")
2026-06-17 09:54:45.902 DEBUG com.kms.katalon.core.util.KeywordUtil    - ✓ Post API FID 26687 berhasil ditambahkan dan data sesuai
2026-06-17 09:54:45.903 DEBUG testcase.CovVal_26687                    - 1: unikKey = data.getValue("ChannelUniqueKeyId", row)
2026-06-17 09:54:45.904 DEBUG testcase.CovVal_26687                    - 2: response = sendRequest(findTestObject("API/Posts/CoveringFlag/CovFlag_26687", ["ChannelUniqueKeyId":unikKey]))
2026-06-17 09:54:46.816 INFO  c.k.k.core.webservice.common.HarLogger   - HAR: C:\Users\ACER\git\AutoAPI\Reports\20260617_094815\API\Pembukuan\pembukuanAPI\20260617_094815\requests\main\CovFlag_26687_187.har
2026-06-17 09:54:46.819 DEBUG testcase.CovVal_26687                    - 3: println("==============================")
==============================
2026-06-17 09:54:46.820 DEBUG testcase.CovVal_26687                    - 4: println("Row                : " + row)
Row                : 85
2026-06-17 09:54:46.823 DEBUG testcase.CovVal_26687                    - 5: println("Channel Unique Key Id     : " + unikKey)
Channel Unique Key Id     : 1000000000000585
2026-06-17 09:54:46.824 DEBUG testcase.CovVal_26687                    - 6: println("HTTP Status        : " + response.getStatusCode())
HTTP Status        : 200
2026-06-17 09:54:46.824 DEBUG testcase.CovVal_26687                    - 7: println("Response Body      : " + response.getResponseBodyContent())
Response Body      : {"ResponseCode":"00","ResponseDescription":"Success - Berhasil melakukan flagging data","ResponseException":"","TanggalMulaiCovering":"01\/01\/1900","TanggalAkhirCovering":"01\/01\/1900","NomorPeserta":"202606126210126687000098","URLDokumenKepesertaan":"https:\/\/dev-brisurf.brins.co.id\/\/CovPr\/55b9a5164abc9309","OriginalCoveringFlagSuccessDate":"17\/06\/2026 09:54:46"}
2026-06-17 09:54:46.825 DEBUG testcase.CovVal_26687                    - 8: markPassed("Post API FID 26687 berhasil ditambahkan dan data sesuai")
2026-06-17 09:54:46.825 DEBUG com.kms.katalon.core.util.KeywordUtil    - ✓ Post API FID 26687 berhasil ditambahkan dan data sesuai
2026-06-17 09:54:46.826 DEBUG testcase.CovVal_26687                    - 1: unikKey = data.getValue("ChannelUniqueKeyId", row)
2026-06-17 09:54:46.827 DEBUG testcase.CovVal_26687                    - 2: response = sendRequest(findTestObject("API/Posts/CoveringFlag/CovFlag_26687", ["ChannelUniqueKeyId":unikKey]))
2026-06-17 09:54:47.737 INFO  c.k.k.core.webservice.common.HarLogger   - HAR: C:\Users\ACER\git\AutoAPI\Reports\20260617_094815\API\Pembukuan\pembukuanAPI\20260617_094815\requests\main\CovFlag_26687_188.har
2026-06-17 09:54:47.741 DEBUG testcase.CovVal_26687                    - 3: println("==============================")
==============================
2026-06-17 09:54:47.741 DEBUG testcase.CovVal_26687                    - 4: println("Row                : " + row)
Row                : 86
2026-06-17 09:54:47.742 DEBUG testcase.CovVal_26687                    - 5: println("Channel Unique Key Id     : " + unikKey)
Channel Unique Key Id     : 1000000000000586
2026-06-17 09:54:47.742 DEBUG testcase.CovVal_26687                    - 6: println("HTTP Status        : " + response.getStatusCode())
HTTP Status        : 200
2026-06-17 09:54:47.743 DEBUG testcase.CovVal_26687                    - 7: println("Response Body      : " + response.getResponseBodyContent())
Response Body      : {"ResponseCode":"00","ResponseDescription":"Success - Berhasil melakukan flagging data","ResponseException":"","TanggalMulaiCovering":"01\/01\/1900","TanggalAkhirCovering":"01\/01\/1900","NomorPeserta":"202606126210126687000099","URLDokumenKepesertaan":"https:\/\/dev-brisurf.brins.co.id\/\/CovPr\/f072633b550b0239","OriginalCoveringFlagSuccessDate":"17\/06\/2026 09:54:46"}
2026-06-17 09:54:47.744 DEBUG testcase.CovVal_26687                    - 8: markPassed("Post API FID 26687 berhasil ditambahkan dan data sesuai")
2026-06-17 09:54:47.744 DEBUG com.kms.katalon.core.util.KeywordUtil    - ✓ Post API FID 26687 berhasil ditambahkan dan data sesuai
2026-06-17 09:54:47.745 DEBUG testcase.CovVal_26687                    - 1: unikKey = data.getValue("ChannelUniqueKeyId", row)
2026-06-17 09:54:47.746 DEBUG testcase.CovVal_26687                    - 2: response = sendRequest(findTestObject("API/Posts/CoveringFlag/CovFlag_26687", ["ChannelUniqueKeyId":unikKey]))
2026-06-17 09:54:48.761 INFO  c.k.k.core.webservice.common.HarLogger   - HAR: C:\Users\ACER\git\AutoAPI\Reports\20260617_094815\API\Pembukuan\pembukuanAPI\20260617_094815\requests\main\CovFlag_26687_189.har
2026-06-17 09:54:48.763 DEBUG testcase.CovVal_26687                    - 3: println("==============================")
==============================
2026-06-17 09:54:48.764 DEBUG testcase.CovVal_26687                    - 4: println("Row                : " + row)
Row                : 87
2026-06-17 09:54:48.764 DEBUG testcase.CovVal_26687                    - 5: println("Channel Unique Key Id     : " + unikKey)
Channel Unique Key Id     : 1000000000000587
2026-06-17 09:54:48.765 DEBUG testcase.CovVal_26687                    - 6: println("HTTP Status        : " + response.getStatusCode())
HTTP Status        : 200
2026-06-17 09:54:48.766 DEBUG testcase.CovVal_26687                    - 7: println("Response Body      : " + response.getResponseBodyContent())
Response Body      : {"ResponseCode":"00","ResponseDescription":"Success - Berhasil melakukan flagging data","ResponseException":"","TanggalMulaiCovering":"01\/01\/1900","TanggalAkhirCovering":"01\/01\/1900","NomorPeserta":"202606126210126687000100","URLDokumenKepesertaan":"https:\/\/dev-brisurf.brins.co.id\/\/CovPr\/8cf14c34414d2131","OriginalCoveringFlagSuccessDate":"17\/06\/2026 09:54:47"}
2026-06-17 09:54:48.766 DEBUG testcase.CovVal_26687                    - 8: markPassed("Post API FID 26687 berhasil ditambahkan dan data sesuai")
2026-06-17 09:54:48.767 DEBUG com.kms.katalon.core.util.KeywordUtil    - ✓ Post API FID 26687 berhasil ditambahkan dan data sesuai
2026-06-17 09:54:48.767 DEBUG testcase.CovVal_26687                    - 1: unikKey = data.getValue("ChannelUniqueKeyId", row)
2026-06-17 09:54:48.768 DEBUG testcase.CovVal_26687                    - 2: response = sendRequest(findTestObject("API/Posts/CoveringFlag/CovFlag_26687", ["ChannelUniqueKeyId":unikKey]))
2026-06-17 09:54:49.682 INFO  c.k.k.core.webservice.common.HarLogger   - HAR: C:\Users\ACER\git\AutoAPI\Reports\20260617_094815\API\Pembukuan\pembukuanAPI\20260617_094815\requests\main\CovFlag_26687_190.har
2026-06-17 09:54:49.684 DEBUG testcase.CovVal_26687                    - 3: println("==============================")
==============================
2026-06-17 09:54:49.685 DEBUG testcase.CovVal_26687                    - 4: println("Row                : " + row)
Row                : 88
2026-06-17 09:54:49.688 DEBUG testcase.CovVal_26687                    - 5: println("Channel Unique Key Id     : " + unikKey)
Channel Unique Key Id     : 1000000000000588
2026-06-17 09:54:49.689 DEBUG testcase.CovVal_26687                    - 6: println("HTTP Status        : " + response.getStatusCode())
HTTP Status        : 200
2026-06-17 09:54:49.690 DEBUG testcase.CovVal_26687                    - 7: println("Response Body      : " + response.getResponseBodyContent())
Response Body      : {"ResponseCode":"00","ResponseDescription":"Success - Berhasil melakukan flagging data","ResponseException":"","TanggalMulaiCovering":"01\/01\/1900","TanggalAkhirCovering":"01\/01\/1900","NomorPeserta":"202606126210126687000101","URLDokumenKepesertaan":"https:\/\/dev-brisurf.brins.co.id\/\/CovPr\/b120ccd9efebb989","OriginalCoveringFlagSuccessDate":"17\/06\/2026 09:54:48"}
2026-06-17 09:54:49.691 DEBUG testcase.CovVal_26687                    - 8: markPassed("Post API FID 26687 berhasil ditambahkan dan data sesuai")
2026-06-17 09:54:49.691 DEBUG com.kms.katalon.core.util.KeywordUtil    - ✓ Post API FID 26687 berhasil ditambahkan dan data sesuai
2026-06-17 09:54:49.692 DEBUG testcase.CovVal_26687                    - 1: unikKey = data.getValue("ChannelUniqueKeyId", row)
2026-06-17 09:54:49.692 DEBUG testcase.CovVal_26687                    - 2: response = sendRequest(findTestObject("API/Posts/CoveringFlag/CovFlag_26687", ["ChannelUniqueKeyId":unikKey]))
2026-06-17 09:54:50.502 INFO  c.k.k.core.webservice.common.HarLogger   - HAR: C:\Users\ACER\git\AutoAPI\Reports\20260617_094815\API\Pembukuan\pembukuanAPI\20260617_094815\requests\main\CovFlag_26687_191.har
2026-06-17 09:54:50.509 DEBUG testcase.CovVal_26687                    - 3: println("==============================")
==============================
2026-06-17 09:54:50.510 DEBUG testcase.CovVal_26687                    - 4: println("Row                : " + row)
Row                : 89
2026-06-17 09:54:50.510 DEBUG testcase.CovVal_26687                    - 5: println("Channel Unique Key Id     : " + unikKey)
Channel Unique Key Id     : 1000000000000589
2026-06-17 09:54:50.511 DEBUG testcase.CovVal_26687                    - 6: println("HTTP Status        : " + response.getStatusCode())
HTTP Status        : 200
2026-06-17 09:54:50.511 DEBUG testcase.CovVal_26687                    - 7: println("Response Body      : " + response.getResponseBodyContent())
Response Body      : {"ResponseCode":"00","ResponseDescription":"Success - Berhasil melakukan flagging data","ResponseException":"","TanggalMulaiCovering":"01\/01\/1900","TanggalAkhirCovering":"01\/01\/1900","NomorPeserta":"202606126210126687000102","URLDokumenKepesertaan":"https:\/\/dev-brisurf.brins.co.id\/\/CovPr\/e60e870f1c6811ce","OriginalCoveringFlagSuccessDate":"17\/06\/2026 09:54:49"}
2026-06-17 09:54:50.512 DEBUG testcase.CovVal_26687                    - 8: markPassed("Post API FID 26687 berhasil ditambahkan dan data sesuai")
2026-06-17 09:54:50.513 DEBUG com.kms.katalon.core.util.KeywordUtil    - ✓ Post API FID 26687 berhasil ditambahkan dan data sesuai
2026-06-17 09:54:50.513 DEBUG testcase.CovVal_26687                    - 1: unikKey = data.getValue("ChannelUniqueKeyId", row)
2026-06-17 09:54:50.514 DEBUG testcase.CovVal_26687                    - 2: response = sendRequest(findTestObject("API/Posts/CoveringFlag/CovFlag_26687", ["ChannelUniqueKeyId":unikKey]))
2026-06-17 09:54:51.423 INFO  c.k.k.core.webservice.common.HarLogger   - HAR: C:\Users\ACER\git\AutoAPI\Reports\20260617_094815\API\Pembukuan\pembukuanAPI\20260617_094815\requests\main\CovFlag_26687_192.har
2026-06-17 09:54:51.425 DEBUG testcase.CovVal_26687                    - 3: println("==============================")
==============================
2026-06-17 09:54:51.426 DEBUG testcase.CovVal_26687                    - 4: println("Row                : " + row)
Row                : 90
2026-06-17 09:54:51.426 DEBUG testcase.CovVal_26687                    - 5: println("Channel Unique Key Id     : " + unikKey)
Channel Unique Key Id     : 1000000000000590
2026-06-17 09:54:51.426 DEBUG testcase.CovVal_26687                    - 6: println("HTTP Status        : " + response.getStatusCode())
HTTP Status        : 200
2026-06-17 09:54:51.427 DEBUG testcase.CovVal_26687                    - 7: println("Response Body      : " + response.getResponseBodyContent())
Response Body      : {"ResponseCode":"00","ResponseDescription":"Success - Berhasil melakukan flagging data","ResponseException":"","TanggalMulaiCovering":"01\/01\/1900","TanggalAkhirCovering":"01\/01\/1900","NomorPeserta":"202606126210126687000103","URLDokumenKepesertaan":"https:\/\/dev-brisurf.brins.co.id\/\/CovPr\/9682d9af47de312a","OriginalCoveringFlagSuccessDate":"17\/06\/2026 09:54:50"}
2026-06-17 09:54:51.428 DEBUG testcase.CovVal_26687                    - 8: markPassed("Post API FID 26687 berhasil ditambahkan dan data sesuai")
2026-06-17 09:54:51.428 DEBUG com.kms.katalon.core.util.KeywordUtil    - ✓ Post API FID 26687 berhasil ditambahkan dan data sesuai
2026-06-17 09:54:51.429 DEBUG testcase.CovVal_26687                    - 1: unikKey = data.getValue("ChannelUniqueKeyId", row)
2026-06-17 09:54:51.429 DEBUG testcase.CovVal_26687                    - 2: response = sendRequest(findTestObject("API/Posts/CoveringFlag/CovFlag_26687", ["ChannelUniqueKeyId":unikKey]))
2026-06-17 09:54:52.227 INFO  c.k.k.core.webservice.common.HarLogger   - HAR: C:\Users\ACER\git\AutoAPI\Reports\20260617_094815\API\Pembukuan\pembukuanAPI\20260617_094815\requests\main\CovFlag_26687_193.har
2026-06-17 09:54:52.228 DEBUG testcase.CovVal_26687                    - 3: println("==============================")
==============================
2026-06-17 09:54:52.229 DEBUG testcase.CovVal_26687                    - 4: println("Row                : " + row)
Row                : 91
2026-06-17 09:54:52.229 DEBUG testcase.CovVal_26687                    - 5: println("Channel Unique Key Id     : " + unikKey)
Channel Unique Key Id     : 1000000000000591
2026-06-17 09:54:52.230 DEBUG testcase.CovVal_26687                    - 6: println("HTTP Status        : " + response.getStatusCode())
HTTP Status        : 200
2026-06-17 09:54:52.231 DEBUG testcase.CovVal_26687                    - 7: println("Response Body      : " + response.getResponseBodyContent())
Response Body      : {"ResponseCode":"00","ResponseDescription":"Success - Berhasil melakukan flagging data","ResponseException":"","TanggalMulaiCovering":"01\/01\/1900","TanggalAkhirCovering":"01\/01\/1900","NomorPeserta":"202606126210126687000104","URLDokumenKepesertaan":"https:\/\/dev-brisurf.brins.co.id\/\/CovPr\/aab5a3ae4b79bbca","OriginalCoveringFlagSuccessDate":"17\/06\/2026 09:54:51"}
2026-06-17 09:54:52.231 DEBUG testcase.CovVal_26687                    - 8: markPassed("Post API FID 26687 berhasil ditambahkan dan data sesuai")
2026-06-17 09:54:52.231 DEBUG com.kms.katalon.core.util.KeywordUtil    - ✓ Post API FID 26687 berhasil ditambahkan dan data sesuai
2026-06-17 09:54:52.232 DEBUG testcase.CovVal_26687                    - 1: unikKey = data.getValue("ChannelUniqueKeyId", row)
2026-06-17 09:54:52.232 DEBUG testcase.CovVal_26687                    - 2: response = sendRequest(findTestObject("API/Posts/CoveringFlag/CovFlag_26687", ["ChannelUniqueKeyId":unikKey]))
2026-06-17 09:54:53.061 INFO  c.k.k.core.webservice.common.HarLogger   - HAR: C:\Users\ACER\git\AutoAPI\Reports\20260617_094815\API\Pembukuan\pembukuanAPI\20260617_094815\requests\main\CovFlag_26687_194.har
2026-06-17 09:54:53.063 DEBUG testcase.CovVal_26687                    - 3: println("==============================")
==============================
2026-06-17 09:54:53.064 DEBUG testcase.CovVal_26687                    - 4: println("Row                : " + row)
Row                : 92
2026-06-17 09:54:53.064 DEBUG testcase.CovVal_26687                    - 5: println("Channel Unique Key Id     : " + unikKey)
Channel Unique Key Id     : 1000000000000592
2026-06-17 09:54:53.065 DEBUG testcase.CovVal_26687                    - 6: println("HTTP Status        : " + response.getStatusCode())
HTTP Status        : 200
2026-06-17 09:54:53.066 DEBUG testcase.CovVal_26687                    - 7: println("Response Body      : " + response.getResponseBodyContent())
Response Body      : {"ResponseCode":"00","ResponseDescription":"Success - Berhasil melakukan flagging data","ResponseException":"","TanggalMulaiCovering":"01\/01\/1900","TanggalAkhirCovering":"01\/01\/1900","NomorPeserta":"202606126210126687000105","URLDokumenKepesertaan":"https:\/\/dev-brisurf.brins.co.id\/\/CovPr\/64c67209ff73ba21","OriginalCoveringFlagSuccessDate":"17\/06\/2026 09:54:52"}
2026-06-17 09:54:53.066 DEBUG testcase.CovVal_26687                    - 8: markPassed("Post API FID 26687 berhasil ditambahkan dan data sesuai")
2026-06-17 09:54:53.067 DEBUG com.kms.katalon.core.util.KeywordUtil    - ✓ Post API FID 26687 berhasil ditambahkan dan data sesuai
2026-06-17 09:54:53.067 DEBUG testcase.CovVal_26687                    - 1: unikKey = data.getValue("ChannelUniqueKeyId", row)
2026-06-17 09:54:53.067 DEBUG testcase.CovVal_26687                    - 2: response = sendRequest(findTestObject("API/Posts/CoveringFlag/CovFlag_26687", ["ChannelUniqueKeyId":unikKey]))
2026-06-17 09:54:53.881 INFO  c.k.k.core.webservice.common.HarLogger   - HAR: C:\Users\ACER\git\AutoAPI\Reports\20260617_094815\API\Pembukuan\pembukuanAPI\20260617_094815\requests\main\CovFlag_26687_195.har
2026-06-17 09:54:53.883 DEBUG testcase.CovVal_26687                    - 3: println("==============================")
==============================
2026-06-17 09:54:53.883 DEBUG testcase.CovVal_26687                    - 4: println("Row                : " + row)
Row                : 93
2026-06-17 09:54:53.884 DEBUG testcase.CovVal_26687                    - 5: println("Channel Unique Key Id     : " + unikKey)
Channel Unique Key Id     : 1000000000000593
2026-06-17 09:54:53.884 DEBUG testcase.CovVal_26687                    - 6: println("HTTP Status        : " + response.getStatusCode())
HTTP Status        : 200
2026-06-17 09:54:53.888 DEBUG testcase.CovVal_26687                    - 7: println("Response Body      : " + response.getResponseBodyContent())
Response Body      : {"ResponseCode":"00","ResponseDescription":"Success - Berhasil melakukan flagging data","ResponseException":"","TanggalMulaiCovering":"01\/01\/1900","TanggalAkhirCovering":"01\/01\/1900","NomorPeserta":"202606126210126687000106","URLDokumenKepesertaan":"https:\/\/dev-brisurf.brins.co.id\/\/CovPr\/7a65fd7f0a20556f","OriginalCoveringFlagSuccessDate":"17\/06\/2026 09:54:53"}
2026-06-17 09:54:53.889 DEBUG testcase.CovVal_26687                    - 8: markPassed("Post API FID 26687 berhasil ditambahkan dan data sesuai")
2026-06-17 09:54:53.889 DEBUG com.kms.katalon.core.util.KeywordUtil    - ✓ Post API FID 26687 berhasil ditambahkan dan data sesuai
2026-06-17 09:54:53.890 DEBUG testcase.CovVal_26687                    - 1: unikKey = data.getValue("ChannelUniqueKeyId", row)
2026-06-17 09:54:53.891 DEBUG testcase.CovVal_26687                    - 2: response = sendRequest(findTestObject("API/Posts/CoveringFlag/CovFlag_26687", ["ChannelUniqueKeyId":unikKey]))
2026-06-17 09:54:54.904 INFO  c.k.k.core.webservice.common.HarLogger   - HAR: C:\Users\ACER\git\AutoAPI\Reports\20260617_094815\API\Pembukuan\pembukuanAPI\20260617_094815\requests\main\CovFlag_26687_196.har
2026-06-17 09:54:54.906 DEBUG testcase.CovVal_26687                    - 3: println("==============================")
==============================
2026-06-17 09:54:54.906 DEBUG testcase.CovVal_26687                    - 4: println("Row                : " + row)
Row                : 94
2026-06-17 09:54:54.907 DEBUG testcase.CovVal_26687                    - 5: println("Channel Unique Key Id     : " + unikKey)
Channel Unique Key Id     : 1000000000000594
2026-06-17 09:54:54.907 DEBUG testcase.CovVal_26687                    - 6: println("HTTP Status        : " + response.getStatusCode())
HTTP Status        : 200
2026-06-17 09:54:54.908 DEBUG testcase.CovVal_26687                    - 7: println("Response Body      : " + response.getResponseBodyContent())
Response Body      : {"ResponseCode":"00","ResponseDescription":"Success - Berhasil melakukan flagging data","ResponseException":"","TanggalMulaiCovering":"01\/01\/1900","TanggalAkhirCovering":"01\/01\/1900","NomorPeserta":"202606126210126687000107","URLDokumenKepesertaan":"https:\/\/dev-brisurf.brins.co.id\/\/CovPr\/18361105dabb0eed","OriginalCoveringFlagSuccessDate":"17\/06\/2026 09:54:54"}
2026-06-17 09:54:54.908 DEBUG testcase.CovVal_26687                    - 8: markPassed("Post API FID 26687 berhasil ditambahkan dan data sesuai")
2026-06-17 09:54:54.909 DEBUG com.kms.katalon.core.util.KeywordUtil    - ✓ Post API FID 26687 berhasil ditambahkan dan data sesuai
2026-06-17 09:54:54.910 DEBUG testcase.CovVal_26687                    - 1: unikKey = data.getValue("ChannelUniqueKeyId", row)
2026-06-17 09:54:54.910 DEBUG testcase.CovVal_26687                    - 2: response = sendRequest(findTestObject("API/Posts/CoveringFlag/CovFlag_26687", ["ChannelUniqueKeyId":unikKey]))
2026-06-17 09:54:55.929 INFO  c.k.k.core.webservice.common.HarLogger   - HAR: C:\Users\ACER\git\AutoAPI\Reports\20260617_094815\API\Pembukuan\pembukuanAPI\20260617_094815\requests\main\CovFlag_26687_197.har
2026-06-17 09:54:55.932 DEBUG testcase.CovVal_26687                    - 3: println("==============================")
==============================
2026-06-17 09:54:55.933 DEBUG testcase.CovVal_26687                    - 4: println("Row                : " + row)
Row                : 95
2026-06-17 09:54:55.934 DEBUG testcase.CovVal_26687                    - 5: println("Channel Unique Key Id     : " + unikKey)
Channel Unique Key Id     : 1000000000000595
2026-06-17 09:54:55.938 DEBUG testcase.CovVal_26687                    - 6: println("HTTP Status        : " + response.getStatusCode())
HTTP Status        : 200
2026-06-17 09:54:55.939 DEBUG testcase.CovVal_26687                    - 7: println("Response Body      : " + response.getResponseBodyContent())
Response Body      : {"ResponseCode":"00","ResponseDescription":"Success - Berhasil melakukan flagging data","ResponseException":"","TanggalMulaiCovering":"01\/01\/1900","TanggalAkhirCovering":"01\/01\/1900","NomorPeserta":"202606126210126687000108","URLDokumenKepesertaan":"https:\/\/dev-brisurf.brins.co.id\/\/CovPr\/a742e225d667f457","OriginalCoveringFlagSuccessDate":"17\/06\/2026 09:54:55"}
2026-06-17 09:54:55.940 DEBUG testcase.CovVal_26687                    - 8: markPassed("Post API FID 26687 berhasil ditambahkan dan data sesuai")
2026-06-17 09:54:55.940 DEBUG com.kms.katalon.core.util.KeywordUtil    - ✓ Post API FID 26687 berhasil ditambahkan dan data sesuai
2026-06-17 09:54:55.941 DEBUG testcase.CovVal_26687                    - 1: unikKey = data.getValue("ChannelUniqueKeyId", row)
2026-06-17 09:54:55.942 DEBUG testcase.CovVal_26687                    - 2: response = sendRequest(findTestObject("API/Posts/CoveringFlag/CovFlag_26687", ["ChannelUniqueKeyId":unikKey]))
2026-06-17 09:54:56.747 INFO  c.k.k.core.webservice.common.HarLogger   - HAR: C:\Users\ACER\git\AutoAPI\Reports\20260617_094815\API\Pembukuan\pembukuanAPI\20260617_094815\requests\main\CovFlag_26687_198.har
2026-06-17 09:54:56.750 DEBUG testcase.CovVal_26687                    - 3: println("==============================")
==============================
2026-06-17 09:54:56.753 DEBUG testcase.CovVal_26687                    - 4: println("Row                : " + row)
Row                : 96
2026-06-17 09:54:56.754 DEBUG testcase.CovVal_26687                    - 5: println("Channel Unique Key Id     : " + unikKey)
Channel Unique Key Id     : 1000000000000596
2026-06-17 09:54:56.754 DEBUG testcase.CovVal_26687                    - 6: println("HTTP Status        : " + response.getStatusCode())
HTTP Status        : 200
2026-06-17 09:54:56.755 DEBUG testcase.CovVal_26687                    - 7: println("Response Body      : " + response.getResponseBodyContent())
Response Body      : {"ResponseCode":"00","ResponseDescription":"Success - Berhasil melakukan flagging data","ResponseException":"","TanggalMulaiCovering":"01\/01\/1900","TanggalAkhirCovering":"01\/01\/1900","NomorPeserta":"202606126210126687000109","URLDokumenKepesertaan":"https:\/\/dev-brisurf.brins.co.id\/\/CovPr\/b2436bdf07596e39","OriginalCoveringFlagSuccessDate":"17\/06\/2026 09:54:56"}
2026-06-17 09:54:56.756 DEBUG testcase.CovVal_26687                    - 8: markPassed("Post API FID 26687 berhasil ditambahkan dan data sesuai")
2026-06-17 09:54:56.756 DEBUG com.kms.katalon.core.util.KeywordUtil    - ✓ Post API FID 26687 berhasil ditambahkan dan data sesuai
2026-06-17 09:54:56.760 DEBUG testcase.CovVal_26687                    - 1: unikKey = data.getValue("ChannelUniqueKeyId", row)
2026-06-17 09:54:56.762 DEBUG testcase.CovVal_26687                    - 2: response = sendRequest(findTestObject("API/Posts/CoveringFlag/CovFlag_26687", ["ChannelUniqueKeyId":unikKey]))
2026-06-17 09:54:57.670 INFO  c.k.k.core.webservice.common.HarLogger   - HAR: C:\Users\ACER\git\AutoAPI\Reports\20260617_094815\API\Pembukuan\pembukuanAPI\20260617_094815\requests\main\CovFlag_26687_199.har
2026-06-17 09:54:57.672 DEBUG testcase.CovVal_26687                    - 3: println("==============================")
==============================
2026-06-17 09:54:57.673 DEBUG testcase.CovVal_26687                    - 4: println("Row                : " + row)
Row                : 97
2026-06-17 09:54:57.674 DEBUG testcase.CovVal_26687                    - 5: println("Channel Unique Key Id     : " + unikKey)
Channel Unique Key Id     : 1000000000000597
2026-06-17 09:54:57.674 DEBUG testcase.CovVal_26687                    - 6: println("HTTP Status        : " + response.getStatusCode())
HTTP Status        : 200
2026-06-17 09:54:57.675 DEBUG testcase.CovVal_26687                    - 7: println("Response Body      : " + response.getResponseBodyContent())
Response Body      : {"ResponseCode":"00","ResponseDescription":"Success - Berhasil melakukan flagging data","ResponseException":"","TanggalMulaiCovering":"01\/01\/1900","TanggalAkhirCovering":"01\/01\/1900","NomorPeserta":"202606126210126687000110","URLDokumenKepesertaan":"https:\/\/dev-brisurf.brins.co.id\/\/CovPr\/88e9dafe67bdefec","OriginalCoveringFlagSuccessDate":"17\/06\/2026 09:54:56"}
2026-06-17 09:54:57.675 DEBUG testcase.CovVal_26687                    - 8: markPassed("Post API FID 26687 berhasil ditambahkan dan data sesuai")
2026-06-17 09:54:57.676 DEBUG com.kms.katalon.core.util.KeywordUtil    - ✓ Post API FID 26687 berhasil ditambahkan dan data sesuai
2026-06-17 09:54:57.677 DEBUG testcase.CovVal_26687                    - 1: unikKey = data.getValue("ChannelUniqueKeyId", row)
2026-06-17 09:54:57.677 DEBUG testcase.CovVal_26687                    - 2: response = sendRequest(findTestObject("API/Posts/CoveringFlag/CovFlag_26687", ["ChannelUniqueKeyId":unikKey]))
2026-06-17 09:54:58.489 INFO  c.k.k.core.webservice.common.HarLogger   - HAR: C:\Users\ACER\git\AutoAPI\Reports\20260617_094815\API\Pembukuan\pembukuanAPI\20260617_094815\requests\main\CovFlag_26687_200.har
2026-06-17 09:54:58.492 DEBUG testcase.CovVal_26687                    - 3: println("==============================")
==============================
2026-06-17 09:54:58.493 DEBUG testcase.CovVal_26687                    - 4: println("Row                : " + row)
Row                : 98
2026-06-17 09:54:58.494 DEBUG testcase.CovVal_26687                    - 5: println("Channel Unique Key Id     : " + unikKey)
Channel Unique Key Id     : 1000000000000598
2026-06-17 09:54:58.494 DEBUG testcase.CovVal_26687                    - 6: println("HTTP Status        : " + response.getStatusCode())
HTTP Status        : 200
2026-06-17 09:54:58.495 DEBUG testcase.CovVal_26687                    - 7: println("Response Body      : " + response.getResponseBodyContent())
Response Body      : {"ResponseCode":"00","ResponseDescription":"Success - Berhasil melakukan flagging data","ResponseException":"","TanggalMulaiCovering":"01\/01\/1900","TanggalAkhirCovering":"01\/01\/1900","NomorPeserta":"202606126210126687000111","URLDokumenKepesertaan":"https:\/\/dev-brisurf.brins.co.id\/\/CovPr\/3962d0246cc16ea2","OriginalCoveringFlagSuccessDate":"17\/06\/2026 09:54:57"}
2026-06-17 09:54:58.496 DEBUG testcase.CovVal_26687                    - 8: markPassed("Post API FID 26687 berhasil ditambahkan dan data sesuai")
2026-06-17 09:54:58.497 DEBUG com.kms.katalon.core.util.KeywordUtil    - ✓ Post API FID 26687 berhasil ditambahkan dan data sesuai
2026-06-17 09:54:58.497 DEBUG testcase.CovVal_26687                    - 1: unikKey = data.getValue("ChannelUniqueKeyId", row)
2026-06-17 09:54:58.498 DEBUG testcase.CovVal_26687                    - 2: response = sendRequest(findTestObject("API/Posts/CoveringFlag/CovFlag_26687", ["ChannelUniqueKeyId":unikKey]))
2026-06-17 09:54:59.577 INFO  c.k.k.core.webservice.common.HarLogger   - HAR: C:\Users\ACER\git\AutoAPI\Reports\20260617_094815\API\Pembukuan\pembukuanAPI\20260617_094815\requests\main\CovFlag_26687_201.har
2026-06-17 09:54:59.579 DEBUG testcase.CovVal_26687                    - 3: println("==============================")
==============================
2026-06-17 09:54:59.580 DEBUG testcase.CovVal_26687                    - 4: println("Row                : " + row)
Row                : 99
2026-06-17 09:54:59.581 DEBUG testcase.CovVal_26687                    - 5: println("Channel Unique Key Id     : " + unikKey)
Channel Unique Key Id     : 1000000000000599
2026-06-17 09:54:59.582 DEBUG testcase.CovVal_26687                    - 6: println("HTTP Status        : " + response.getStatusCode())
HTTP Status        : 200
2026-06-17 09:54:59.587 DEBUG testcase.CovVal_26687                    - 7: println("Response Body      : " + response.getResponseBodyContent())
Response Body      : {"ResponseCode":"00","ResponseDescription":"Success - Berhasil melakukan flagging data","ResponseException":"","TanggalMulaiCovering":"01\/01\/1900","TanggalAkhirCovering":"01\/01\/1900","NomorPeserta":"202606126210126687000112","URLDokumenKepesertaan":"https:\/\/dev-brisurf.brins.co.id\/\/CovPr\/121667803e658018","OriginalCoveringFlagSuccessDate":"17\/06\/2026 09:54:58"}
2026-06-17 09:54:59.589 DEBUG testcase.CovVal_26687                    - 8: markPassed("Post API FID 26687 berhasil ditambahkan dan data sesuai")
2026-06-17 09:54:59.590 DEBUG com.kms.katalon.core.util.KeywordUtil    - ✓ Post API FID 26687 berhasil ditambahkan dan data sesuai
2026-06-17 09:54:59.591 DEBUG testcase.CovVal_26687                    - 1: unikKey = data.getValue("ChannelUniqueKeyId", row)
2026-06-17 09:54:59.592 DEBUG testcase.CovVal_26687                    - 2: response = sendRequest(findTestObject("API/Posts/CoveringFlag/CovFlag_26687", ["ChannelUniqueKeyId":unikKey]))
2026-06-17 09:55:00.436 INFO  c.k.k.core.webservice.common.HarLogger   - HAR: C:\Users\ACER\git\AutoAPI\Reports\20260617_094815\API\Pembukuan\pembukuanAPI\20260617_094815\requests\main\CovFlag_26687_202.har
2026-06-17 09:55:00.439 DEBUG testcase.CovVal_26687                    - 3: println("==============================")
==============================
2026-06-17 09:55:00.439 DEBUG testcase.CovVal_26687                    - 4: println("Row                : " + row)
Row                : 100
2026-06-17 09:55:00.440 DEBUG testcase.CovVal_26687                    - 5: println("Channel Unique Key Id     : " + unikKey)
Channel Unique Key Id     : 1000000000000600
2026-06-17 09:55:00.441 DEBUG testcase.CovVal_26687                    - 6: println("HTTP Status        : " + response.getStatusCode())
HTTP Status        : 200
2026-06-17 09:55:00.442 DEBUG testcase.CovVal_26687                    - 7: println("Response Body      : " + response.getResponseBodyContent())
Response Body      : {"ResponseCode":"00","ResponseDescription":"Success - Berhasil melakukan flagging data","ResponseException":"","TanggalMulaiCovering":"01\/01\/1900","TanggalAkhirCovering":"01\/01\/1900","NomorPeserta":"202606126210126687000113","URLDokumenKepesertaan":"https:\/\/dev-brisurf.brins.co.id\/\/CovPr\/c197261bc548ded2","OriginalCoveringFlagSuccessDate":"17\/06\/2026 09:54:59"}
2026-06-17 09:55:00.442 DEBUG testcase.CovVal_26687                    - 8: markPassed("Post API FID 26687 berhasil ditambahkan dan data sesuai")
2026-06-17 09:55:00.443 DEBUG com.kms.katalon.core.util.KeywordUtil    - ✓ Post API FID 26687 berhasil ditambahkan dan data sesuai
2026-06-17 09:55:00.444 DEBUG testcase.CovVal_26687                    - 1: unikKey = data.getValue("ChannelUniqueKeyId", row)
2026-06-17 09:55:00.444 DEBUG testcase.CovVal_26687                    - 2: response = sendRequest(findTestObject("API/Posts/CoveringFlag/CovFlag_26687", ["ChannelUniqueKeyId":unikKey]))
2026-06-17 09:55:00.947 INFO  c.k.k.core.webservice.common.HarLogger   - HAR: C:\Users\ACER\git\AutoAPI\Reports\20260617_094815\API\Pembukuan\pembukuanAPI\20260617_094815\requests\main\CovFlag_26687_203.har
2026-06-17 09:55:00.951 DEBUG testcase.CovVal_26687                    - 3: println("==============================")
==============================
2026-06-17 09:55:00.952 DEBUG testcase.CovVal_26687                    - 4: println("Row                : " + row)
Row                : 101
2026-06-17 09:55:00.953 DEBUG testcase.CovVal_26687                    - 5: println("Channel Unique Key Id     : " + unikKey)
Channel Unique Key Id     : 1000000000000600
2026-06-17 09:55:00.954 DEBUG testcase.CovVal_26687                    - 6: println("HTTP Status        : " + response.getStatusCode())
HTTP Status        : 200
2026-06-17 09:55:00.954 DEBUG testcase.CovVal_26687                    - 7: println("Response Body      : " + response.getResponseBodyContent())
Response Body      : {"ResponseCode":"08","ResponseDescription":"Exist - Data sudah pernah disubmit","ResponseException":"","TanggalMulaiCovering":"01\/01\/1900","TanggalAkhirCovering":"01\/01\/1900","NomorPeserta":"202606126210126687000113","URLDokumenKepesertaan":"https:\/\/dev-brisurf.brins.co.id\/\/CovPr\/c197261bc548ded2","OriginalCoveringFlagSuccessDate":"17\/06\/2026 09:54:59"}
2026-06-17 09:55:00.955 DEBUG testcase.CovVal_26687                    - 8: markPassed("Post API FID 26687 berhasil ditambahkan dan data sesuai")
2026-06-17 09:55:00.955 DEBUG com.kms.katalon.core.util.KeywordUtil    - ✓ Post API FID 26687 berhasil ditambahkan dan data sesuai
2026-06-17 09:55:00.958 INFO  c.k.katalon.core.main.TestCaseExecutor   - END Test Cases/API/CoveringFlag/CovFlag_26687
2026-06-17 09:55:01.075 INFO  c.k.katalon.core.main.TestSuiteExecutor  - --------------------
2026-06-17 09:55:01.075 INFO  c.k.katalon.core.main.TestSuiteExecutor  - END Test Suites/API/Pembukuan/pembukuanAPI
2026-06-17 09:55:01.075 INFO  c.k.katalon.core.main.TestSuiteExecutor  - ====================
